solid generated_mesh
  facet normal 4.651065e-03 -9.243341e-01 3.815559e-01
    outer loop
      vertex 4.700000e+01 -4.700000e+01 0.000000e+00
      vertex 4.632943e+01 -4.632943e+01 1.632653e+00
      vertex 4.401296e+01 -4.634109e+01 1.632653e+00
    endloop
  endfacet
  facet normal 0.000000e+00 9.273262e-01 -3.742540e-01
    outer loop
      vertex 4.700000e+01 -4.700000e+01 0.000000e+00
      vertex 4.465000e+01 -4.700000e+01 0.000000e+00
      vertex 4.401296e+01 -4.634109e+01 1.632653e+00
    endloop
  endfacet
  facet normal 9.431513e-03 -9.236084e-01 3.832212e-01
    outer loop
      vertex 4.632943e+01 -4.632943e+01 1.632653e+00
      vertex 4.565886e+01 -4.565886e+01 3.265306e+00
      vertex 4.337592e+01 -4.568218e+01 3.265306e+00
    endloop
  endfacet
  facet normal -4.662887e-03 9.266835e-01 -3.758138e-01
    outer loop
      vertex 4.632943e+01 -4.632943e+01 1.632653e+00
      vertex 4.401296e+01 -4.634109e+01 1.632653e+00
      vertex 4.337592e+01 -4.568218e+01 3.265306e+00
    endloop
  endfacet
  facet normal 1.434662e-02 -9.228371e-01 3.849232e-01
    outer loop
      vertex 4.565886e+01 -4.565886e+01 3.265306e+00
      vertex 4.498829e+01 -4.498829e+01 4.897959e+00
      vertex 4.273888e+01 -4.502326e+01 4.897959e+00
    endloop
  endfacet
  facet normal -9.455926e-03 9.259991e-01 -3.774072e-01
    outer loop
      vertex 4.565886e+01 -4.565886e+01 3.265306e+00
      vertex 4.337592e+01 -4.568218e+01 3.265306e+00
      vertex 4.273888e+01 -4.502326e+01 4.897959e+00
    endloop
  endfacet
  facet normal 1.940193e-02 -9.220171e-01 3.866627e-01
    outer loop
      vertex 4.498829e+01 -4.498829e+01 4.897959e+00
      vertex 4.431773e+01 -4.431773e+01 6.530612e+00
      vertex 4.210184e+01 -4.436435e+01 6.530612e+00
    endloop
  endfacet
  facet normal -1.438445e-02 9.252704e-01 -3.790353e-01
    outer loop
      vertex 4.498829e+01 -4.498829e+01 4.897959e+00
      vertex 4.273888e+01 -4.502326e+01 4.897959e+00
      vertex 4.210184e+01 -4.436435e+01 6.530612e+00
    endloop
  endfacet
  facet normal 2.460331e-02 -9.211451e-01 3.884409e-01
    outer loop
      vertex 4.431773e+01 -4.431773e+01 6.530612e+00
      vertex 4.364716e+01 -4.364716e+01 8.163265e+00
      vertex 4.146480e+01 -4.370545e+01 8.163265e+00
    endloop
  endfacet
  facet normal -1.945406e-02 9.244943e-01 -3.806991e-01
    outer loop
      vertex 4.431773e+01 -4.431773e+01 6.530612e+00
      vertex 4.210184e+01 -4.436435e+01 6.530612e+00
      vertex 4.146480e+01 -4.370545e+01 8.163265e+00
    endloop
  endfacet
  facet normal 2.995690e-02 -9.202177e-01 3.902589e-01
    outer loop
      vertex 4.364716e+01 -4.364716e+01 8.163265e+00
      vertex 4.297659e+01 -4.297659e+01 9.795918e+00
      vertex 4.082776e+01 -4.304654e+01 9.795918e+00
    endloop
  endfacet
  facet normal -2.467068e-02 9.236677e-01 -3.823994e-01
    outer loop
      vertex 4.364716e+01 -4.364716e+01 8.163265e+00
      vertex 4.146480e+01 -4.370545e+01 8.163265e+00
      vertex 4.082776e+01 -4.304654e+01 9.795918e+00
    endloop
  endfacet
  facet normal 3.546923e-02 -9.192310e-01 3.921176e-01
    outer loop
      vertex 4.297659e+01 -4.297659e+01 9.795918e+00
      vertex 4.230602e+01 -4.230602e+01 1.142857e+01
      vertex 4.019072e+01 -4.238764e+01 1.142857e+01
    endloop
  endfacet
  facet normal -3.004055e-02 9.227872e-01 -3.841372e-01
    outer loop
      vertex 4.297659e+01 -4.297659e+01 9.795918e+00
      vertex 4.082776e+01 -4.304654e+01 9.795918e+00
      vertex 4.019072e+01 -4.238764e+01 1.142857e+01
    endloop
  endfacet
  facet normal 4.114715e-02 -9.181810e-01 3.940184e-01
    outer loop
      vertex 4.230602e+01 -4.230602e+01 1.142857e+01
      vertex 4.163545e+01 -4.163545e+01 1.306122e+01
      vertex 3.955368e+01 -4.172874e+01 1.306122e+01
    endloop
  endfacet
  facet normal -3.557024e-02 9.218489e-01 -3.859137e-01
    outer loop
      vertex 4.230602e+01 -4.230602e+01 1.142857e+01
      vertex 4.019072e+01 -4.238764e+01 1.142857e+01
      vertex 3.955368e+01 -4.172874e+01 1.306122e+01
    endloop
  endfacet
  facet normal 4.699789e-02 -9.170632e-01 3.959624e-01
    outer loop
      vertex 4.163545e+01 -4.163545e+01 1.306122e+01
      vertex 4.096488e+01 -4.096488e+01 1.469388e+01
      vertex 3.891664e+01 -4.106985e+01 1.469388e+01
    endloop
  endfacet
  facet normal -4.126670e-02 9.208489e-01 -3.877298e-01
    outer loop
      vertex 4.163545e+01 -4.163545e+01 1.306122e+01
      vertex 3.955368e+01 -4.172874e+01 1.306122e+01
      vertex 3.891664e+01 -4.106985e+01 1.469388e+01
    endloop
  endfacet
  facet normal 5.302912e-02 -9.158729e-01 3.979506e-01
    outer loop
      vertex 4.096488e+01 -4.096488e+01 1.469388e+01
      vertex 4.029431e+01 -4.029431e+01 1.632653e+01
      vertex 3.827960e+01 -4.041097e+01 1.632653e+01
    endloop
  endfacet
  facet normal -4.713726e-02 9.197828e-01 -3.895866e-01
    outer loop
      vertex 4.096488e+01 -4.096488e+01 1.469388e+01
      vertex 3.891664e+01 -4.106985e+01 1.469388e+01
      vertex 3.827960e+01 -4.041097e+01 1.632653e+01
    endloop
  endfacet
  facet normal 5.924891e-02 -9.146048e-01 3.999844e-01
    outer loop
      vertex 4.029431e+01 -4.029431e+01 1.632653e+01
      vertex 3.962374e+01 -3.962374e+01 1.795918e+01
      vertex 3.764256e+01 -3.975209e+01 1.795918e+01
    endloop
  endfacet
  facet normal -5.318968e-02 9.186459e-01 -3.914851e-01
    outer loop
      vertex 4.029431e+01 -4.029431e+01 1.632653e+01
      vertex 3.827960e+01 -4.041097e+01 1.632653e+01
      vertex 3.764256e+01 -3.975209e+01 1.795918e+01
    endloop
  endfacet
  facet normal 6.566582e-02 -9.132534e-01 4.020649e-01
    outer loop
      vertex 3.962374e+01 -3.962374e+01 1.795918e+01
      vertex 3.895318e+01 -3.895318e+01 1.959184e+01
      vertex 3.700552e+01 -3.909322e+01 1.959184e+01
    endloop
  endfacet
  facet normal -5.943213e-02 9.174331e-01 -3.934264e-01
    outer loop
      vertex 3.962374e+01 -3.962374e+01 1.795918e+01
      vertex 3.764256e+01 -3.975209e+01 1.795918e+01
      vertex 3.700552e+01 -3.909322e+01 1.959184e+01
    endloop
  endfacet
  facet normal 7.228889e-02 -9.118125e-01 4.041934e-01
    outer loop
      vertex 3.895318e+01 -3.895318e+01 1.959184e+01
      vertex 3.828261e+01 -3.828261e+01 2.122449e+01
      vertex 3.636848e+01 -3.843436e+01 2.122449e+01
    endloop
  endfacet
  facet normal -6.587330e-02 9.161389e-01 -3.954115e-01
    outer loop
      vertex 3.895318e+01 -3.895318e+01 1.959184e+01
      vertex 3.700552e+01 -3.909322e+01 1.959184e+01
      vertex 3.636848e+01 -3.843436e+01 2.122449e+01
    endloop
  endfacet
  facet normal 7.912769e-02 -9.102755e-01 4.063709e-01
    outer loop
      vertex 3.828261e+01 -3.828261e+01 2.122449e+01
      vertex 3.761204e+01 -3.761204e+01 2.285714e+01
      vertex 3.573144e+01 -3.777551e+01 2.285714e+01
    endloop
  endfacet
  facet normal -7.252235e-02 9.147572e-01 -3.974415e-01
    outer loop
      vertex 3.828261e+01 -3.828261e+01 2.122449e+01
      vertex 3.636848e+01 -3.843436e+01 2.122449e+01
      vertex 3.573144e+01 -3.777551e+01 2.285714e+01
    endloop
  endfacet
  facet normal 8.619237e-02 -9.086352e-01 4.085989e-01
    outer loop
      vertex 3.761204e+01 -3.761204e+01 2.285714e+01
      vertex 3.694147e+01 -3.694147e+01 2.448980e+01
      vertex 3.509440e+01 -3.711668e+01 2.448980e+01
    endloop
  endfacet
  facet normal -7.938900e-02 9.132816e-01 -3.995174e-01
    outer loop
      vertex 3.761204e+01 -3.761204e+01 2.285714e+01
      vertex 3.573144e+01 -3.777551e+01 2.285714e+01
      vertex 3.509440e+01 -3.711668e+01 2.448980e+01
    endloop
  endfacet
  facet normal 9.349366e-02 -9.068837e-01 4.108783e-01
    outer loop
      vertex 3.694147e+01 -3.694147e+01 2.448980e+01
      vertex 3.627090e+01 -3.627090e+01 2.612245e+01
      vertex 3.445736e+01 -3.645787e+01 2.612245e+01
    endloop
  endfacet
  facet normal -8.648355e-02 9.117048e-01 -4.016403e-01
    outer loop
      vertex 3.694147e+01 -3.694147e+01 2.448980e+01
      vertex 3.509440e+01 -3.711668e+01 2.448980e+01
      vertex 3.445736e+01 -3.645787e+01 2.612245e+01
    endloop
  endfacet
  facet normal 1.010430e-01 -9.050124e-01 4.132104e-01
    outer loop
      vertex 3.627090e+01 -3.627090e+01 2.612245e+01
      vertex 3.560033e+01 -3.560033e+01 2.775510e+01
      vertex 3.382032e+01 -3.579907e+01 2.775510e+01
    endloop
  endfacet
  facet normal -9.381691e-02 9.100192e-01 -4.038112e-01
    outer loop
      vertex 3.627090e+01 -3.627090e+01 2.612245e+01
      vertex 3.445736e+01 -3.645787e+01 2.612245e+01
      vertex 3.382032e+01 -3.579907e+01 2.775510e+01
    endloop
  endfacet
  facet normal 1.088524e-01 -9.030121e-01 4.155963e-01
    outer loop
      vertex 3.560033e+01 -3.560033e+01 2.775510e+01
      vertex 3.492976e+01 -3.492976e+01 2.938776e+01
      vertex 3.318328e+01 -3.514029e+01 2.938776e+01
    endloop
  endfacet
  facet normal -1.014007e-01 9.082163e-01 -4.060309e-01
    outer loop
      vertex 3.560033e+01 -3.560033e+01 2.775510e+01
      vertex 3.382032e+01 -3.579907e+01 2.775510e+01
      vertex 3.318328e+01 -3.514029e+01 2.938776e+01
    endloop
  endfacet
  facet normal 1.169347e-01 -9.008725e-01 4.180371e-01
    outer loop
      vertex 3.492976e+01 -3.492976e+01 2.938776e+01
      vertex 3.425920e+01 -3.425920e+01 3.102041e+01
      vertex 3.254624e+01 -3.448154e+01 3.102041e+01
    endloop
  endfacet
  facet normal -1.092471e-01 9.062868e-01 -4.083004e-01
    outer loop
      vertex 3.492976e+01 -3.492976e+01 2.938776e+01
      vertex 3.318328e+01 -3.514029e+01 2.938776e+01
      vertex 3.254624e+01 -3.448154e+01 3.102041e+01
    endloop
  endfacet
  facet normal 1.253035e-01 -8.985824e-01 4.205338e-01
    outer loop
      vertex 3.425920e+01 -3.425920e+01 3.102041e+01
      vertex 3.358863e+01 -3.358863e+01 3.265306e+01
      vertex 3.190920e+01 -3.382282e+01 3.265306e+01
    endloop
  endfacet
  facet normal -1.173693e-01 9.042208e-01 -4.106205e-01
    outer loop
      vertex 3.425920e+01 -3.425920e+01 3.102041e+01
      vertex 3.254624e+01 -3.448154e+01 3.102041e+01
      vertex 3.190920e+01 -3.382282e+01 3.265306e+01
    endloop
  endfacet
  facet normal 1.339733e-01 -8.961296e-01 4.230873e-01
    outer loop
      vertex 3.358863e+01 -3.358863e+01 3.265306e+01
      vertex 3.291806e+01 -3.291806e+01 3.428571e+01
      vertex 3.127216e+01 -3.316412e+01 3.428571e+01
    endloop
  endfacet
  facet normal -1.257810e-01 9.020071e-01 -4.129920e-01
    outer loop
      vertex 3.358863e+01 -3.358863e+01 3.265306e+01
      vertex 3.190920e+01 -3.382282e+01 3.265306e+01
      vertex 3.127216e+01 -3.316412e+01 3.428571e+01
    endloop
  endfacet
  facet normal 1.429594e-01 -8.935007e-01 4.256983e-01
    outer loop
      vertex 3.291806e+01 -3.291806e+01 3.428571e+01
      vertex 3.224749e+01 -3.224749e+01 3.591837e+01
      vertex 3.063511e+01 -3.250547e+01 3.591837e+01
    endloop
  endfacet
  facet normal -1.344971e-01 8.996336e-01 -4.154153e-01
    outer loop
      vertex 3.291806e+01 -3.291806e+01 3.428571e+01
      vertex 3.127216e+01 -3.316412e+01 3.428571e+01
      vertex 3.063511e+01 -3.250547e+01 3.591837e+01
    endloop
  endfacet
  facet normal 1.522783e-01 -8.906809e-01 4.283676e-01
    outer loop
      vertex 3.224749e+01 -3.224749e+01 3.591837e+01
      vertex 3.157692e+01 -3.157692e+01 3.755102e+01
      vertex 2.999807e+01 -3.184685e+01 3.755102e+01
    endloop
  endfacet
  facet normal -1.435333e-01 8.970871e-01 -4.178911e-01
    outer loop
      vertex 3.224749e+01 -3.224749e+01 3.591837e+01
      vertex 3.063511e+01 -3.250547e+01 3.591837e+01
      vertex 2.999807e+01 -3.184685e+01 3.755102e+01
    endloop
  endfacet
  facet normal 1.619471e-01 -8.876540e-01 4.310957e-01
    outer loop
      vertex 3.157692e+01 -3.157692e+01 3.755102e+01
      vertex 3.090635e+01 -3.090635e+01 3.918367e+01
      vertex 2.936103e+01 -3.118829e+01 3.918367e+01
    endloop
  endfacet
  facet normal -1.529061e-01 8.943530e-01 -4.204195e-01
    outer loop
      vertex 3.157692e+01 -3.157692e+01 3.755102e+01
      vertex 2.999807e+01 -3.184685e+01 3.755102e+01
      vertex 2.936103e+01 -3.118829e+01 3.918367e+01
    endloop
  endfacet
  facet normal 1.719845e-01 -8.844022e-01 4.338826e-01
    outer loop
      vertex 3.090635e+01 -3.090635e+01 3.918367e+01
      vertex 3.023578e+01 -3.023578e+01 4.081633e+01
      vertex 2.872399e+01 -3.052977e+01 4.081633e+01
    endloop
  endfacet
  facet normal -1.626333e-01 8.914151e-01 -4.230005e-01
    outer loop
      vertex 3.090635e+01 -3.090635e+01 3.918367e+01
      vertex 2.936103e+01 -3.118829e+01 3.918367e+01
      vertex 2.872399e+01 -3.052977e+01 4.081633e+01
    endloop
  endfacet
  facet normal 1.824100e-01 -8.809057e-01 4.367285e-01
    outer loop
      vertex 3.023578e+01 -3.023578e+01 4.081633e+01
      vertex 2.956521e+01 -2.956521e+01 4.244898e+01
      vertex 2.808695e+01 -2.987132e+01 4.244898e+01
    endloop
  endfacet
  facet normal -1.727339e-01 8.882559e-01 -4.256341e-01
    outer loop
      vertex 3.023578e+01 -3.023578e+01 4.081633e+01
      vertex 2.872399e+01 -3.052977e+01 4.081633e+01
      vertex 2.808695e+01 -2.987132e+01 4.244898e+01
    endloop
  endfacet
  facet normal 1.932446e-01 -8.771427e-01 4.396330e-01
    outer loop
      vertex 2.956521e+01 -2.956521e+01 4.244898e+01
      vertex 2.889465e+01 -2.889465e+01 4.408163e+01
      vertex 2.744991e+01 -2.921294e+01 4.408163e+01
    endloop
  endfacet
  facet normal -1.832280e-01 8.848558e-01 -4.283196e-01
    outer loop
      vertex 2.956521e+01 -2.956521e+01 4.244898e+01
      vertex 2.808695e+01 -2.987132e+01 4.244898e+01
      vertex 2.744991e+01 -2.921294e+01 4.408163e+01
    endloop
  endfacet
  facet normal 2.045104e-01 -8.730893e-01 4.425953e-01
    outer loop
      vertex 2.889465e+01 -2.889465e+01 4.408163e+01
      vertex 2.822408e+01 -2.822408e+01 4.571429e+01
      vertex 2.681287e+01 -2.855463e+01 4.571429e+01
    endloop
  endfacet
  facet normal -1.941370e-01 8.811933e-01 -4.310560e-01
    outer loop
      vertex 2.889465e+01 -2.889465e+01 4.408163e+01
      vertex 2.744991e+01 -2.921294e+01 4.408163e+01
      vertex 2.681287e+01 -2.855463e+01 4.571429e+01
    endloop
  endfacet
  facet normal 2.162311e-01 -8.687187e-01 4.456142e-01
    outer loop
      vertex 2.822408e+01 -2.822408e+01 4.571429e+01
      vertex 2.755351e+01 -2.755351e+01 4.734694e+01
      vertex 2.617583e+01 -2.789642e+01 4.734694e+01
    endloop
  endfacet
  facet normal -2.054837e-01 8.772443e-01 -4.338419e-01
    outer loop
      vertex 2.822408e+01 -2.822408e+01 4.571429e+01
      vertex 2.681287e+01 -2.855463e+01 4.571429e+01
      vertex 2.617583e+01 -2.789642e+01 4.734694e+01
    endloop
  endfacet
  facet normal 2.284320e-01 -8.640012e-01 4.486878e-01
    outer loop
      vertex 2.755351e+01 -2.755351e+01 4.734694e+01
      vertex 2.688294e+01 -2.688294e+01 4.897959e+01
      vertex 2.553879e+01 -2.723832e+01 4.897959e+01
    endloop
  endfacet
  facet normal -2.172925e-01 8.729826e-01 -4.366754e-01
    outer loop
      vertex 2.755351e+01 -2.755351e+01 4.734694e+01
      vertex 2.617583e+01 -2.789642e+01 4.734694e+01
      vertex 2.553879e+01 -2.723832e+01 4.897959e+01
    endloop
  endfacet
  facet normal 2.411395e-01 -8.589041e-01 4.518136e-01
    outer loop
      vertex 2.688294e+01 -2.688294e+01 4.897959e+01
      vertex 2.621237e+01 -2.621237e+01 5.061224e+01
      vertex 2.490175e+01 -2.658033e+01 5.061224e+01
    endloop
  endfacet
  facet normal -2.295893e-01 8.683786e-01 -4.395536e-01
    outer loop
      vertex 2.688294e+01 -2.688294e+01 4.897959e+01
      vertex 2.553879e+01 -2.723832e+01 4.897959e+01
      vertex 2.490175e+01 -2.658033e+01 5.061224e+01
    endloop
  endfacet
  facet normal 2.543823e-01 -8.533906e-01 4.549881e-01
    outer loop
      vertex 2.621237e+01 -2.621237e+01 5.061224e+01
      vertex 2.554180e+01 -2.554180e+01 5.224490e+01
      vertex 2.426471e+01 -2.592248e+01 5.224490e+01
    endloop
  endfacet
  facet normal -2.424017e-01 8.633996e-01 -4.424731e-01
    outer loop
      vertex 2.621237e+01 -2.621237e+01 5.061224e+01
      vertex 2.490175e+01 -2.658033e+01 5.061224e+01
      vertex 2.426471e+01 -2.592248e+01 5.224490e+01
    endloop
  endfacet
  facet normal 2.681903e-01 -8.474197e-01 4.582071e-01
    outer loop
      vertex 2.554180e+01 -2.554180e+01 5.224490e+01
      vertex 2.487123e+01 -2.487123e+01 5.387755e+01
      vertex 2.362767e+01 -2.526480e+01 5.387755e+01
    endloop
  endfacet
  facet normal -2.557591e-01 8.580093e-01 -4.454293e-01
    outer loop
      vertex 2.554180e+01 -2.554180e+01 5.224490e+01
      vertex 2.426471e+01 -2.592248e+01 5.224490e+01
      vertex 2.362767e+01 -2.526480e+01 5.387755e+01
    endloop
  endfacet
  facet normal 2.825956e-01 -8.409459e-01 4.614647e-01
    outer loop
      vertex 2.487123e+01 -2.487123e+01 5.387755e+01
      vertex 2.420067e+01 -2.420067e+01 5.551020e+01
      vertex 2.299063e+01 -2.460729e+01 5.551020e+01
    endloop
  endfacet
  facet normal -2.696927e-01 8.521670e-01 -4.484164e-01
    outer loop
      vertex 2.487123e+01 -2.487123e+01 5.387755e+01
      vertex 2.362767e+01 -2.526480e+01 5.387755e+01
      vertex 2.299063e+01 -2.460729e+01 5.551020e+01
    endloop
  endfacet
  facet normal 2.976318e-01 -8.339180e-01 4.647539e-01
    outer loop
      vertex 2.420067e+01 -2.420067e+01 5.551020e+01
      vertex 2.353010e+01 -2.353010e+01 5.714286e+01
      vertex 2.235359e+01 -2.395000e+01 5.714286e+01
    endloop
  endfacet
  facet normal -2.842359e-01 8.458271e-01 -4.514271e-01
    outer loop
      vertex 2.420067e+01 -2.420067e+01 5.551020e+01
      vertex 2.299063e+01 -2.460729e+01 5.551020e+01
      vertex 2.235359e+01 -2.395000e+01 5.714286e+01
    endloop
  endfacet
  facet normal 3.133345e-01 -8.262784e-01 4.680656e-01
    outer loop
      vertex 2.353010e+01 -2.353010e+01 5.714286e+01
      vertex 2.285953e+01 -2.285953e+01 5.877551e+01
      vertex 2.171655e+01 -2.329296e+01 5.877551e+01
    endloop
  endfacet
  facet normal -2.994238e-01 8.389388e-01 -4.544525e-01
    outer loop
      vertex 2.353010e+01 -2.353010e+01 5.714286e+01
      vertex 2.235359e+01 -2.395000e+01 5.714286e+01
      vertex 2.171655e+01 -2.329296e+01 5.877551e+01
    endloop
  endfacet
  facet normal 3.297414e-01 -8.179628e-01 4.713889e-01
    outer loop
      vertex 2.285953e+01 -2.285953e+01 5.877551e+01
      vertex 2.218896e+01 -2.218896e+01 6.040816e+01
      vertex 2.107951e+01 -2.263621e+01 6.040816e+01
    endloop
  endfacet
  facet normal -3.152937e-01 8.314449e-01 -4.574813e-01
    outer loop
      vertex 2.285953e+01 -2.285953e+01 5.877551e+01
      vertex 2.171655e+01 -2.329296e+01 5.877551e+01
      vertex 2.107951e+01 -2.263621e+01 6.040816e+01
    endloop
  endfacet
  facet normal 3.468915e-01 -8.088985e-01 4.747099e-01
    outer loop
      vertex 2.218896e+01 -2.218896e+01 6.040816e+01
      vertex 2.151839e+01 -2.151839e+01 6.204082e+01
      vertex 2.044247e+01 -2.197979e+01 6.204082e+01
    endloop
  endfacet
  facet normal -3.318853e-01 8.232811e-01 -4.605001e-01
    outer loop
      vertex 2.218896e+01 -2.218896e+01 6.040816e+01
      vertex 2.107951e+01 -2.263621e+01 6.040816e+01
      vertex 2.044247e+01 -2.197979e+01 6.204082e+01
    endloop
  endfacet
  facet normal 3.648258e-01 -7.990036e-01 4.780119e-01
    outer loop
      vertex 2.151839e+01 -2.151839e+01 6.204082e+01
      vertex 2.084782e+01 -2.084782e+01 6.367347e+01
      vertex 1.980543e+01 -2.132378e+01 6.367347e+01
    endloop
  endfacet
  facet normal -3.492401e-01 8.143751e-01 -4.634918e-01
    outer loop
      vertex 2.151839e+01 -2.151839e+01 6.204082e+01
      vertex 2.044247e+01 -2.197979e+01 6.204082e+01
      vertex 1.980543e+01 -2.132378e+01 6.367347e+01
    endloop
  endfacet
  facet normal 3.835868e-01 -7.881855e-01 4.812742e-01
    outer loop
      vertex 2.084782e+01 -2.084782e+01 6.367347e+01
      vertex 2.017725e+01 -2.017725e+01 6.530612e+01
      vertex 1.916839e+01 -2.066824e+01 6.530612e+01
    endloop
  endfacet
  facet normal -3.674017e-01 8.046450e-01 -4.664359e-01
    outer loop
      vertex 2.084782e+01 -2.084782e+01 6.367347e+01
      vertex 1.980543e+01 -2.132378e+01 6.367347e+01
      vertex 1.916839e+01 -2.066824e+01 6.530612e+01
    endloop
  endfacet
  facet normal 4.032177e-01 -7.763394e-01 4.844716e-01
    outer loop
      vertex 2.017725e+01 -2.017725e+01 6.530612e+01
      vertex 1.950668e+01 -1.950668e+01 6.693878e+01
      vertex 1.853135e+01 -2.001326e+01 6.693878e+01
    endloop
  endfacet
  facet normal -3.864158e-01 7.939985e-01 -4.693071e-01
    outer loop
      vertex 2.017725e+01 -2.017725e+01 6.530612e+01
      vertex 1.916839e+01 -2.066824e+01 6.530612e+01
      vertex 1.853135e+01 -2.001326e+01 6.693878e+01
    endloop
  endfacet
  facet normal 4.237625e-01 -7.633463e-01 4.875733e-01
    outer loop
      vertex 1.950668e+01 -1.950668e+01 6.693878e+01
      vertex 1.883612e+01 -1.883612e+01 6.857143e+01
      vertex 1.789431e+01 -1.935895e+01 6.857143e+01
    endloop
  endfacet
  facet normal -4.063296e-01 7.823309e-01 -4.720748e-01
    outer loop
      vertex 1.950668e+01 -1.950668e+01 6.693878e+01
      vertex 1.853135e+01 -2.001326e+01 6.693878e+01
      vertex 1.789431e+01 -1.935895e+01 6.857143e+01
    endloop
  endfacet
  facet normal 4.452650e-01 -7.490714e-01 4.905418e-01
    outer loop
      vertex 1.883612e+01 -1.883612e+01 6.857143e+01
      vertex 1.816555e+01 -1.816555e+01 7.020408e+01
      vertex 1.725727e+01 -1.870545e+01 7.020408e+01
    endloop
  endfacet
  facet normal -4.271917e-01 7.695234e-01 -4.747010e-01
    outer loop
      vertex 1.883612e+01 -1.883612e+01 6.857143e+01
      vertex 1.789431e+01 -1.935895e+01 6.857143e+01
      vertex 1.725727e+01 -1.870545e+01 7.020408e+01
    endloop
  endfacet
  facet normal 4.677672e-01 -7.333608e-01 4.933313e-01
    outer loop
      vertex 1.816555e+01 -1.816555e+01 7.020408e+01
      vertex 1.749498e+01 -1.749498e+01 7.183673e+01
      vertex 1.662023e+01 -1.805293e+01 7.183673e+01
    endloop
  endfacet
  facet normal -4.490512e-01 7.554409e-01 -4.771395e-01
    outer loop
      vertex 1.816555e+01 -1.816555e+01 7.020408e+01
      vertex 1.725727e+01 -1.870545e+01 7.020408e+01
      vertex 1.662023e+01 -1.805293e+01 7.183673e+01
    endloop
  endfacet
  facet normal 4.913083e-01 -7.160399e-01 4.958861e-01
    outer loop
      vertex 1.749498e+01 -1.749498e+01 7.183673e+01
      vertex 1.682441e+01 -1.682441e+01 7.346939e+01
      vertex 1.598319e+01 -1.740161e+01 7.346939e+01
    endloop
  endfacet
  facet normal -4.719570e-01 7.399297e-01 -4.793335e-01
    outer loop
      vertex 1.749498e+01 -1.749498e+01 7.183673e+01
      vertex 1.662023e+01 -1.805293e+01 7.183673e+01
      vertex 1.598319e+01 -1.740161e+01 7.346939e+01
    endloop
  endfacet
  facet normal 5.159222e-01 -6.969093e-01 4.981382e-01
    outer loop
      vertex 1.682441e+01 -1.682441e+01 7.346939e+01
      vertex 1.615384e+01 -1.615384e+01 7.510204e+01
      vertex 1.534615e+01 -1.675178e+01 7.510204e+01
    endloop
  endfacet
  facet normal -4.959567e-01 7.228145e-01 -4.812132e-01
    outer loop
      vertex 1.682441e+01 -1.682441e+01 7.346939e+01
      vertex 1.598319e+01 -1.740161e+01 7.346939e+01
      vertex 1.534615e+01 -1.675178e+01 7.510204e+01
    endloop
  endfacet
  facet normal 5.416340e-01 -6.757424e-01 5.000049e-01
    outer loop
      vertex 1.615384e+01 -1.615384e+01 7.510204e+01
      vertex 1.548327e+01 -1.548327e+01 7.673469e+01
      vertex 1.470911e+01 -1.610380e+01 7.673469e+01
    endloop
  endfacet
  facet normal -5.210942e-01 7.038956e-01 -4.826922e-01
    outer loop
      vertex 1.615384e+01 -1.615384e+01 7.510204e+01
      vertex 1.534615e+01 -1.675178e+01 7.510204e+01
      vertex 1.470911e+01 -1.610380e+01 7.673469e+01
    endloop
  endfacet
  facet normal 5.684558e-01 -6.522813e-01 5.013852e-01
    outer loop
      vertex 1.548327e+01 -1.548327e+01 7.673469e+01
      vertex 1.481270e+01 -1.481270e+01 7.836735e+01
      vertex 1.407207e+01 -1.545816e+01 7.836735e+01
    endloop
  endfacet
  facet normal -5.474076e-01 6.829454e-01 -4.836636e-01
    outer loop
      vertex 1.548327e+01 -1.548327e+01 7.673469e+01
      vertex 1.470911e+01 -1.610380e+01 7.673469e+01
      vertex 1.407207e+01 -1.545816e+01 7.836735e+01
    endloop
  endfacet
  facet normal 5.963801e-01 -6.262346e-01 5.021563e-01
    outer loop
      vertex 1.481270e+01 -1.481270e+01 7.836735e+01
      vertex 1.414214e+01 -1.414214e+01 8.000000e+01
      vertex 1.343503e+01 -1.481553e+01 8.000000e+01
    endloop
  endfacet
  facet normal -5.749253e-01 6.597048e-01 -4.839943e-01
    outer loop
      vertex 1.481270e+01 -1.481270e+01 7.836735e+01
      vertex 1.407207e+01 -1.545816e+01 7.836735e+01
      vertex 1.343503e+01 -1.481553e+01 8.000000e+01
    endloop
  endfacet
  facet normal 4.423919e-03 -9.267169e-01 3.757343e-01
    outer loop
      vertex 4.465000e+01 -4.700000e+01 0.000000e+00
      vertex 4.401296e+01 -4.634109e+01 1.632653e+00
      vertex 4.169649e+01 -4.635215e+01 1.632653e+00
    endloop
  endfacet
  facet normal 0.000000e+00 9.294954e-01 -3.688338e-01
    outer loop
      vertex 4.465000e+01 -4.700000e+01 0.000000e+00
      vertex 4.230000e+01 -4.700000e+01 0.000000e+00
      vertex 4.169649e+01 -4.635215e+01 1.632653e+00
    endloop
  endfacet
  facet normal 8.971639e-03 -9.260692e-01 3.772471e-01
    outer loop
      vertex 4.401296e+01 -4.634109e+01 1.632653e+00
      vertex 4.337592e+01 -4.568218e+01 3.265306e+00
      vertex 4.109298e+01 -4.570429e+01 3.265306e+00
    endloop
  endfacet
  facet normal -4.434452e-03 9.289233e-01 -3.702456e-01
    outer loop
      vertex 4.401296e+01 -4.634109e+01 1.632653e+00
      vertex 4.169649e+01 -4.635215e+01 1.632653e+00
      vertex 4.109298e+01 -4.570429e+01 3.265306e+00
    endloop
  endfacet
  facet normal 1.364824e-02 -9.253806e-01 3.787934e-01
    outer loop
      vertex 4.337592e+01 -4.568218e+01 3.265306e+00
      vertex 4.273888e+01 -4.502326e+01 4.897959e+00
      vertex 4.048946e+01 -4.505644e+01 4.897959e+00
    endloop
  endfacet
  facet normal -8.993387e-03 9.283141e-01 -3.716881e-01
    outer loop
      vertex 4.337592e+01 -4.568218e+01 3.265306e+00
      vertex 4.109298e+01 -4.570429e+01 3.265306e+00
      vertex 4.048946e+01 -4.505644e+01 4.897959e+00
    endloop
  endfacet
  facet normal 1.845908e-02 -9.246484e-01 3.803742e-01
    outer loop
      vertex 4.273888e+01 -4.502326e+01 4.897959e+00
      vertex 4.210184e+01 -4.436435e+01 6.530612e+00
      vertex 3.988595e+01 -4.440859e+01 6.530612e+00
    endloop
  endfacet
  facet normal -1.368194e-02 9.276652e-01 -3.731623e-01
    outer loop
      vertex 4.273888e+01 -4.502326e+01 4.897959e+00
      vertex 4.048946e+01 -4.505644e+01 4.897959e+00
      vertex 3.988595e+01 -4.440859e+01 6.530612e+00
    endloop
  endfacet
  facet normal 2.340980e-02 -9.238697e-01 3.819905e-01
    outer loop
      vertex 4.210184e+01 -4.436435e+01 6.530612e+00
      vertex 4.146480e+01 -4.370545e+01 8.163265e+00
      vertex 3.928244e+01 -4.376074e+01 8.163265e+00
    endloop
  endfacet
  facet normal -1.850551e-02 9.269739e-01 -3.746690e-01
    outer loop
      vertex 4.210184e+01 -4.436435e+01 6.530612e+00
      vertex 3.988595e+01 -4.440859e+01 6.530612e+00
      vertex 3.928244e+01 -4.376074e+01 8.163265e+00
    endloop
  endfacet
  facet normal 2.850635e-02 -9.230413e-01 3.836432e-01
    outer loop
      vertex 4.146480e+01 -4.370545e+01 8.163265e+00
      vertex 4.082776e+01 -4.304654e+01 9.795918e+00
      vertex 3.867893e+01 -4.311290e+01 9.795918e+00
    endloop
  endfacet
  facet normal -2.346980e-02 9.262375e-01 -3.762091e-01
    outer loop
      vertex 4.146480e+01 -4.370545e+01 8.163265e+00
      vertex 3.928244e+01 -4.376074e+01 8.163265e+00
      vertex 3.867893e+01 -4.311290e+01 9.795918e+00
    endloop
  endfacet
  facet normal 3.375500e-02 -9.221598e-01 3.853334e-01
    outer loop
      vertex 4.082776e+01 -4.304654e+01 9.795918e+00
      vertex 4.019072e+01 -4.238764e+01 1.142857e+01
      vertex 3.807542e+01 -4.246507e+01 1.142857e+01
    endloop
  endfacet
  facet normal -2.858082e-02 9.254527e-01 -3.777835e-01
    outer loop
      vertex 4.082776e+01 -4.304654e+01 9.795918e+00
      vertex 3.867893e+01 -4.311290e+01 9.795918e+00
      vertex 3.807542e+01 -4.246507e+01 1.142857e+01
    endloop
  endfacet
  facet normal 3.916238e-02 -9.212216e-01 3.870622e-01
    outer loop
      vertex 4.019072e+01 -4.238764e+01 1.142857e+01
      vertex 3.955368e+01 -4.172874e+01 1.306122e+01
      vertex 3.747191e+01 -4.181724e+01 1.306122e+01
    endloop
  endfacet
  facet normal -3.384492e-02 9.246163e-01 -3.793932e-01
    outer loop
      vertex 4.019072e+01 -4.238764e+01 1.142857e+01
      vertex 3.807542e+01 -4.246507e+01 1.142857e+01
      vertex 3.747191e+01 -4.181724e+01 1.306122e+01
    endloop
  endfacet
  facet normal 4.473548e-02 -9.202226e-01 3.888305e-01
    outer loop
      vertex 3.955368e+01 -4.172874e+01 1.306122e+01
      vertex 3.891664e+01 -4.106985e+01 1.469388e+01
      vertex 3.686839e+01 -4.116942e+01 1.469388e+01
    endloop
  endfacet
  facet normal -3.926879e-02 9.237246e-01 -3.810390e-01
    outer loop
      vertex 3.955368e+01 -4.172874e+01 1.306122e+01
      vertex 3.747191e+01 -4.181724e+01 1.306122e+01
      vertex 3.686839e+01 -4.116942e+01 1.469388e+01
    endloop
  endfacet
  facet normal 5.048170e-02 -9.191585e-01 3.906396e-01
    outer loop
      vertex 3.891664e+01 -4.106985e+01 1.469388e+01
      vertex 3.827960e+01 -4.041097e+01 1.632653e+01
      vertex 3.626488e+01 -4.052162e+01 1.632653e+01
    endloop
  endfacet
  facet normal -4.485950e-02 9.227738e-01 -3.827220e-01
    outer loop
      vertex 3.891664e+01 -4.106985e+01 1.469388e+01
      vertex 3.686839e+01 -4.116942e+01 1.469388e+01
      vertex 3.626488e+01 -4.052162e+01 1.632653e+01
    endloop
  endfacet
  facet normal 5.640886e-02 -9.180247e-01 3.924905e-01
    outer loop
      vertex 3.827960e+01 -4.041097e+01 1.632653e+01
      vertex 3.764256e+01 -3.975209e+01 1.795918e+01
      vertex 3.566137e+01 -3.987382e+01 1.795918e+01
    endloop
  endfacet
  facet normal -5.062455e-02 9.217595e-01 -3.844432e-01
    outer loop
      vertex 3.827960e+01 -4.041097e+01 1.632653e+01
      vertex 3.626488e+01 -4.052162e+01 1.632653e+01
      vertex 3.566137e+01 -3.987382e+01 1.795918e+01
    endloop
  endfacet
  facet normal 6.252522e-02 -9.168160e-01 3.943842e-01
    outer loop
      vertex 3.764256e+01 -3.975209e+01 1.795918e+01
      vertex 3.700552e+01 -3.909322e+01 1.959184e+01
      vertex 3.505786e+01 -3.922605e+01 1.959184e+01
    endloop
  endfacet
  facet normal -5.657185e-02 9.206772e-01 -3.862034e-01
    outer loop
      vertex 3.764256e+01 -3.975209e+01 1.795918e+01
      vertex 3.566137e+01 -3.987382e+01 1.795918e+01
      vertex 3.505786e+01 -3.922605e+01 1.959184e+01
    endloop
  endfacet
  facet normal 6.883955e-02 -9.155272e-01 3.963220e-01
    outer loop
      vertex 3.700552e+01 -3.909322e+01 1.959184e+01
      vertex 3.636848e+01 -3.843436e+01 2.122449e+01
      vertex 3.445435e+01 -3.857829e+01 2.122449e+01
    endloop
  endfacet
  facet normal -6.270976e-02 9.195220e-01 -3.880036e-01
    outer loop
      vertex 3.700552e+01 -3.909322e+01 1.959184e+01
      vertex 3.505786e+01 -3.922605e+01 1.959184e+01
      vertex 3.445435e+01 -3.857829e+01 2.122449e+01
    endloop
  endfacet
  facet normal 7.536111e-02 -9.141520e-01 3.983049e-01
    outer loop
      vertex 3.636848e+01 -3.843436e+01 2.122449e+01
      vertex 3.573144e+01 -3.777551e+01 2.285714e+01
      vertex 3.385083e+01 -3.793055e+01 2.285714e+01
    endloop
  endfacet
  facet normal -6.904716e-02 9.182883e-01 -3.898449e-01
    outer loop
      vertex 3.636848e+01 -3.843436e+01 2.122449e+01
      vertex 3.445435e+01 -3.857829e+01 2.122449e+01
      vertex 3.385083e+01 -3.793055e+01 2.285714e+01
    endloop
  endfacet
  facet normal 8.209973e-02 -9.126841e-01 4.003340e-01
    outer loop
      vertex 3.573144e+01 -3.777551e+01 2.285714e+01
      vertex 3.509440e+01 -3.711668e+01 2.448980e+01
      vertex 3.324732e+01 -3.728283e+01 2.448980e+01
    endloop
  endfacet
  facet normal -7.559345e-02 9.169704e-01 -3.917281e-01
    outer loop
      vertex 3.573144e+01 -3.777551e+01 2.285714e+01
      vertex 3.385083e+01 -3.793055e+01 2.285714e+01
      vertex 3.324732e+01 -3.728283e+01 2.448980e+01
    endloop
  endfacet
  facet normal 8.906582e-02 -9.111164e-01 4.024105e-01
    outer loop
      vertex 3.509440e+01 -3.711668e+01 2.448980e+01
      vertex 3.445736e+01 -3.645787e+01 2.612245e+01
      vertex 3.264381e+01 -3.663515e+01 2.612245e+01
    endloop
  endfacet
  facet normal -8.235859e-02 9.155618e-01 -3.936541e-01
    outer loop
      vertex 3.509440e+01 -3.711668e+01 2.448980e+01
      vertex 3.324732e+01 -3.728283e+01 2.448980e+01
      vertex 3.264381e+01 -3.663515e+01 2.612245e+01
    endloop
  endfacet
  facet normal 9.627043e-02 -9.094412e-01 4.045352e-01
    outer loop
      vertex 3.445736e+01 -3.645787e+01 2.612245e+01
      vertex 3.382032e+01 -3.579907e+01 2.775510e+01
      vertex 3.204030e+01 -3.598749e+01 2.775510e+01
    endloop
  endfacet
  facet normal -8.935314e-02 9.140556e-01 -3.956240e-01
    outer loop
      vertex 3.445736e+01 -3.645787e+01 2.612245e+01
      vertex 3.264381e+01 -3.663515e+01 2.612245e+01
      vertex 3.204030e+01 -3.598749e+01 2.775510e+01
    endloop
  endfacet
  facet normal 1.037253e-01 -9.076500e-01 4.067094e-01
    outer loop
      vertex 3.382032e+01 -3.579907e+01 2.775510e+01
      vertex 3.318328e+01 -3.514029e+01 2.938776e+01
      vertex 3.143679e+01 -3.533988e+01 2.938776e+01
    endloop
  endfacet
  facet normal -9.658832e-02 9.124442e-01 -3.976385e-01
    outer loop
      vertex 3.382032e+01 -3.579907e+01 2.775510e+01
      vertex 3.204030e+01 -3.598749e+01 2.775510e+01
      vertex 3.143679e+01 -3.533988e+01 2.938776e+01
    endloop
  endfacet
  facet normal 1.114429e-01 -9.057337e-01 4.089340e-01
    outer loop
      vertex 3.318328e+01 -3.514029e+01 2.938776e+01
      vertex 3.254624e+01 -3.448154e+01 3.102041e+01
      vertex 3.083328e+01 -3.469231e+01 3.102041e+01
    endloop
  endfacet
  facet normal -1.040760e-01 9.107192e-01 -3.996983e-01
    outer loop
      vertex 3.318328e+01 -3.514029e+01 2.938776e+01
      vertex 3.143679e+01 -3.533988e+01 2.938776e+01
      vertex 3.083328e+01 -3.469231e+01 3.102041e+01
    endloop
  endfacet
  facet normal 1.194363e-01 -9.036822e-01 4.112098e-01
    outer loop
      vertex 3.254624e+01 -3.448154e+01 3.102041e+01
      vertex 3.190920e+01 -3.382282e+01 3.265306e+01
      vertex 3.022976e+01 -3.404478e+01 3.265306e+01
    endloop
  endfacet
  facet normal -1.118289e-01 9.088716e-01 -4.018043e-01
    outer loop
      vertex 3.254624e+01 -3.448154e+01 3.102041e+01
      vertex 3.083328e+01 -3.469231e+01 3.102041e+01
      vertex 3.022976e+01 -3.404478e+01 3.265306e+01
    endloop
  endfacet
  facet normal 1.277198e-01 -9.014845e-01 4.135376e-01
    outer loop
      vertex 3.190920e+01 -3.382282e+01 3.265306e+01
      vertex 3.127216e+01 -3.316412e+01 3.428571e+01
      vertex 2.962625e+01 -3.339731e+01 3.428571e+01
    endloop
  endfacet
  facet normal -1.198605e-01 9.068915e-01 -4.039571e-01
    outer loop
      vertex 3.190920e+01 -3.382282e+01 3.265306e+01
      vertex 3.022976e+01 -3.404478e+01 3.265306e+01
      vertex 2.962625e+01 -3.339731e+01 3.428571e+01
    endloop
  endfacet
  facet normal 1.363082e-01 -8.991285e-01 4.159182e-01
    outer loop
      vertex 3.127216e+01 -3.316412e+01 3.428571e+01
      vertex 3.063511e+01 -3.250547e+01 3.591837e+01
      vertex 2.902274e+01 -3.274990e+01 3.591837e+01
    endloop
  endfacet
  facet normal -1.281850e-01 9.047679e-01 -4.061571e-01
    outer loop
      vertex 3.127216e+01 -3.316412e+01 3.428571e+01
      vertex 2.962625e+01 -3.339731e+01 3.428571e+01
      vertex 2.902274e+01 -3.274990e+01 3.591837e+01
    endloop
  endfacet
  facet normal 1.452174e-01 -8.966010e-01 4.183521e-01
    outer loop
      vertex 3.063511e+01 -3.250547e+01 3.591837e+01
      vertex 2.999807e+01 -3.184685e+01 3.755102e+01
      vertex 2.841923e+01 -3.210257e+01 3.755102e+01
    endloop
  endfacet
  facet normal -1.368177e-01 9.024891e-01 -4.084047e-01
    outer loop
      vertex 3.063511e+01 -3.250547e+01 3.591837e+01
      vertex 2.902274e+01 -3.274990e+01 3.591837e+01
      vertex 2.841923e+01 -3.210257e+01 3.755102e+01
    endloop
  endfacet
  facet normal 1.544644e-01 -8.938874e-01 4.208397e-01
    outer loop
      vertex 2.999807e+01 -3.184685e+01 3.755102e+01
      vertex 2.936103e+01 -3.118829e+01 3.918367e+01
      vertex 2.781572e+01 -3.145532e+01 3.918367e+01
    endloop
  endfacet
  facet normal -1.457747e-01 9.000417e-01 -4.107002e-01
    outer loop
      vertex 2.999807e+01 -3.184685e+01 3.755102e+01
      vertex 2.841923e+01 -3.210257e+01 3.755102e+01
      vertex 2.781572e+01 -3.145532e+01 3.918367e+01
    endloop
  endfacet
  facet normal 1.640671e-01 -8.909716e-01 4.233811e-01
    outer loop
      vertex 2.936103e+01 -3.118829e+01 3.918367e+01
      vertex 2.872399e+01 -3.052977e+01 4.081633e+01
      vertex 2.721221e+01 -3.080816e+01 4.081633e+01
    endloop
  endfacet
  facet normal -1.550734e-01 8.974115e-01 -4.130433e-01
    outer loop
      vertex 2.936103e+01 -3.118829e+01 3.918367e+01
      vertex 2.781572e+01 -3.145532e+01 3.918367e+01
      vertex 2.721221e+01 -3.080816e+01 4.081633e+01
    endloop
  endfacet
  facet normal 1.740446e-01 -8.878360e-01 4.259762e-01
    outer loop
      vertex 2.872399e+01 -3.052977e+01 4.081633e+01
      vertex 2.808695e+01 -2.987132e+01 4.244898e+01
      vertex 2.660869e+01 -3.016111e+01 4.244898e+01
    endloop
  endfacet
  facet normal -1.647320e-01 8.945826e-01 -4.154339e-01
    outer loop
      vertex 2.872399e+01 -3.052977e+01 4.081633e+01
      vertex 2.721221e+01 -3.080816e+01 4.081633e+01
      vertex 2.660869e+01 -3.016111e+01 4.244898e+01
    endloop
  endfacet
  facet normal 1.844175e-01 -8.844610e-01 4.286245e-01
    outer loop
      vertex 2.808695e+01 -2.987132e+01 4.244898e+01
      vertex 2.744991e+01 -2.921294e+01 4.408163e+01
      vertex 2.600518e+01 -2.951418e+01 4.408163e+01
    endloop
  endfacet
  facet normal -1.747702e-01 8.915374e-01 -4.178713e-01
    outer loop
      vertex 2.808695e+01 -2.987132e+01 4.244898e+01
      vertex 2.660869e+01 -3.016111e+01 4.244898e+01
      vertex 2.600518e+01 -2.951418e+01 4.408163e+01
    endloop
  endfacet
  facet normal 1.952073e-01 -8.808250e-01 4.313251e-01
    outer loop
      vertex 2.744991e+01 -2.921294e+01 4.408163e+01
      vertex 2.681287e+01 -2.855463e+01 4.571429e+01
      vertex 2.540167e+01 -2.886738e+01 4.571429e+01
    endloop
  endfacet
  facet normal -1.852089e-01 8.882566e-01 -4.203545e-01
    outer loop
      vertex 2.744991e+01 -2.921294e+01 4.408163e+01
      vertex 2.600518e+01 -2.951418e+01 4.408163e+01
      vertex 2.540167e+01 -2.886738e+01 4.571429e+01
    endloop
  endfacet
  facet normal 2.064372e-01 -8.769042e-01 4.340769e-01
    outer loop
      vertex 2.681287e+01 -2.855463e+01 4.571429e+01
      vertex 2.617583e+01 -2.789642e+01 4.734694e+01
      vertex 2.479816e+01 -2.822075e+01 4.734694e+01
    endloop
  endfacet
  facet normal -1.960702e-01 8.847188e-01 -4.228820e-01
    outer loop
      vertex 2.681287e+01 -2.855463e+01 4.571429e+01
      vertex 2.540167e+01 -2.886738e+01 4.571429e+01
      vertex 2.479816e+01 -2.822075e+01 4.734694e+01
    endloop
  endfacet
  facet normal 2.181318e-01 -8.726720e-01 4.368777e-01
    outer loop
      vertex 2.617583e+01 -2.789642e+01 4.734694e+01
      vertex 2.553879e+01 -2.723832e+01 4.897959e+01
      vertex 2.419465e+01 -2.757430e+01 4.897959e+01
    endloop
  endfacet
  facet normal -2.073780e-01 8.809003e-01 -4.254516e-01
    outer loop
      vertex 2.617583e+01 -2.789642e+01 4.734694e+01
      vertex 2.479816e+01 -2.822075e+01 4.734694e+01
      vertex 2.419465e+01 -2.757430e+01 4.897959e+01
    endloop
  endfacet
  facet normal 2.303172e-01 -8.680990e-01 4.397250e-01
    outer loop
      vertex 2.553879e+01 -2.723832e+01 4.897959e+01
      vertex 2.490175e+01 -2.658033e+01 5.061224e+01
      vertex 2.359113e+01 -2.692805e+01 5.061224e+01
    endloop
  endfacet
  facet normal -2.191573e-01 8.767748e-01 -4.280607e-01
    outer loop
      vertex 2.553879e+01 -2.723832e+01 4.897959e+01
      vertex 2.419465e+01 -2.757430e+01 4.897959e+01
      vertex 2.359113e+01 -2.692805e+01 5.061224e+01
    endloop
  endfacet
  facet normal 2.430211e-01 -8.631526e-01 4.426153e-01
    outer loop
      vertex 2.490175e+01 -2.658033e+01 5.061224e+01
      vertex 2.426471e+01 -2.592248e+01 5.224490e+01
      vertex 2.298762e+01 -2.628205e+01 5.224490e+01
    endloop
  endfacet
  facet normal -2.314352e-01 8.723133e-01 -4.307056e-01
    outer loop
      vertex 2.490175e+01 -2.658033e+01 5.061224e+01
      vertex 2.359113e+01 -2.692805e+01 5.061224e+01
      vertex 2.298762e+01 -2.628205e+01 5.224490e+01
    endloop
  endfacet
  facet normal 2.562731e-01 -8.577964e-01 4.455441e-01
    outer loop
      vertex 2.426471e+01 -2.592248e+01 5.224490e+01
      vertex 2.362767e+01 -2.526480e+01 5.387755e+01
      vertex 2.238411e+01 -2.563632e+01 5.387755e+01
    endloop
  endfacet
  facet normal -2.442403e-01 8.674831e-01 -4.333818e-01
    outer loop
      vertex 2.426471e+01 -2.592248e+01 5.224490e+01
      vertex 2.298762e+01 -2.628205e+01 5.224490e+01
      vertex 2.238411e+01 -2.563632e+01 5.387755e+01
    endloop
  endfacet
  facet normal 2.701044e-01 -8.519896e-01 4.485056e-01
    outer loop
      vertex 2.362767e+01 -2.526480e+01 5.387755e+01
      vertex 2.299063e+01 -2.460729e+01 5.551020e+01
      vertex 2.178060e+01 -2.499091e+01 5.551020e+01
    endloop
  endfacet
  facet normal -2.576031e-01 8.622482e-01 -4.360834e-01
    outer loop
      vertex 2.362767e+01 -2.526480e+01 5.387755e+01
      vertex 2.238411e+01 -2.563632e+01 5.387755e+01
      vertex 2.178060e+01 -2.499091e+01 5.551020e+01
    endloop
  endfacet
  facet normal 2.845481e-01 -8.456872e-01 4.514926e-01
    outer loop
      vertex 2.299063e+01 -2.460729e+01 5.551020e+01
      vertex 2.235359e+01 -2.395000e+01 5.714286e+01
      vertex 2.117709e+01 -2.434586e+01 5.714286e+01
    endloop
  endfacet
  facet normal -2.715560e-01 8.565682e-01 -4.388033e-01
    outer loop
      vertex 2.299063e+01 -2.460729e+01 5.551020e+01
      vertex 2.178060e+01 -2.499091e+01 5.551020e+01
      vertex 2.117709e+01 -2.434586e+01 5.714286e+01
    endloop
  endfacet
  facet normal 2.996392e-01 -8.388383e-01 4.544960e-01
    outer loop
      vertex 2.235359e+01 -2.395000e+01 5.714286e+01
      vertex 2.171655e+01 -2.329296e+01 5.877551e+01
      vertex 2.057358e+01 -2.370124e+01 5.877551e+01
    endloop
  endfacet
  facet normal -2.861332e-01 8.503981e-01 -4.415324e-01
    outer loop
      vertex 2.235359e+01 -2.395000e+01 5.714286e+01
      vertex 2.117709e+01 -2.434586e+01 5.714286e+01
      vertex 2.057358e+01 -2.370124e+01 5.877551e+01
    endloop
  endfacet
  facet normal 3.154142e-01 -8.313864e-01 4.575048e-01
    outer loop
      vertex 2.171655e+01 -2.329296e+01 5.877551e+01
      vertex 2.107951e+01 -2.263621e+01 6.040816e+01
      vertex 1.997006e+01 -2.305711e+01 6.040816e+01
    endloop
  endfacet
  facet normal -3.013713e-01 8.436875e-01 -4.442598e-01
    outer loop
      vertex 2.171655e+01 -2.329296e+01 5.877551e+01
      vertex 2.057358e+01 -2.370124e+01 5.877551e+01
      vertex 1.997006e+01 -2.305711e+01 6.040816e+01
    endloop
  endfacet
  facet normal 3.319117e-01 -8.232677e-01 4.605050e-01
    outer loop
      vertex 2.107951e+01 -2.263621e+01 6.040816e+01
      vertex 2.044247e+01 -2.197979e+01 6.204082e+01
      vertex 1.936655e+01 -2.241356e+01 6.204082e+01
    endloop
  endfacet
  facet normal -3.173087e-01 8.363800e-01 -4.469717e-01
    outer loop
      vertex 2.107951e+01 -2.263621e+01 6.040816e+01
      vertex 1.997006e+01 -2.305711e+01 6.040816e+01
      vertex 1.936655e+01 -2.241356e+01 6.204082e+01
    endloop
  endfacet
  facet normal 3.491719e-01 -8.144112e-01 4.634797e-01
    outer loop
      vertex 2.044247e+01 -2.197979e+01 6.204082e+01
      vertex 1.980543e+01 -2.132378e+01 6.367347e+01
      vertex 1.876304e+01 -2.177070e+01 6.367347e+01
    endloop
  endfacet
  facet normal -3.339858e-01 8.284123e-01 -4.496516e-01
    outer loop
      vertex 2.044247e+01 -2.197979e+01 6.204082e+01
      vertex 1.936655e+01 -2.241356e+01 6.204082e+01
      vertex 1.876304e+01 -2.177070e+01 6.367347e+01
    endloop
  endfacet
  facet normal 3.672361e-01 -8.047367e-01 4.664081e-01
    outer loop
      vertex 1.980543e+01 -2.132378e+01 6.367347e+01
      vertex 1.916839e+01 -2.066824e+01 6.530612e+01
      vertex 1.815953e+01 -2.112862e+01 6.530612e+01
    endloop
  endfacet
  facet normal -3.514451e-01 8.197133e-01 -4.522791e-01
    outer loop
      vertex 1.980543e+01 -2.132378e+01 6.367347e+01
      vertex 1.876304e+01 -2.177070e+01 6.367347e+01
      vertex 1.815953e+01 -2.112862e+01 6.530612e+01
    endloop
  endfacet
  facet normal 3.861468e-01 -7.941544e-01 4.692647e-01
    outer loop
      vertex 1.916839e+01 -2.066824e+01 6.530612e+01
      vertex 1.853135e+01 -2.001326e+01 6.693878e+01
      vertex 1.755602e+01 -2.048750e+01 6.693878e+01
    endloop
  endfacet
  facet normal -3.697307e-01 8.102034e-01 -4.548292e-01
    outer loop
      vertex 1.916839e+01 -2.066824e+01 6.530612e+01
      vertex 1.815953e+01 -2.112862e+01 6.530612e+01
      vertex 1.755602e+01 -2.048750e+01 6.693878e+01
    endloop
  endfacet
  facet normal 4.059469e-01 -7.825634e-01 4.720186e-01
    outer loop
      vertex 1.853135e+01 -2.001326e+01 6.693878e+01
      vertex 1.789431e+01 -1.935895e+01 6.857143e+01
      vertex 1.695250e+01 -1.984750e+01 6.857143e+01
    endloop
  endfacet
  facet normal -3.888884e-01 7.997928e-01 -4.572715e-01
    outer loop
      vertex 1.853135e+01 -2.001326e+01 6.693878e+01
      vertex 1.755602e+01 -2.048750e+01 6.693878e+01
      vertex 1.695250e+01 -1.984750e+01 6.857143e+01
    endloop
  endfacet
  facet normal 4.266790e-01 -7.698504e-01 4.746318e-01
    outer loop
      vertex 1.789431e+01 -1.935895e+01 6.857143e+01
      vertex 1.725727e+01 -1.870545e+01 7.020408e+01
      vertex 1.634899e+01 -1.920885e+01 7.020408e+01
    endloop
  endfacet
  facet normal -4.089647e-01 7.883809e-01 -4.595687e-01
    outer loop
      vertex 1.789431e+01 -1.935895e+01 6.857143e+01
      vertex 1.695250e+01 -1.984750e+01 6.857143e+01
      vertex 1.634899e+01 -1.920885e+01 7.020408e+01
    endloop
  endfacet
  facet normal 4.483839e-01 -7.558886e-01 4.770580e-01
    outer loop
      vertex 1.725727e+01 -1.870545e+01 7.020408e+01
      vertex 1.662023e+01 -1.805293e+01 7.183673e+01
      vertex 1.574548e+01 -1.857182e+01 7.183673e+01
    endloop
  endfacet
  facet normal -4.300066e-01 7.758545e-01 -4.616754e-01
    outer loop
      vertex 1.725727e+01 -1.870545e+01 7.020408e+01
      vertex 1.634899e+01 -1.920885e+01 7.020408e+01
      vertex 1.574548e+01 -1.857182e+01 7.183673e+01
    endloop
  endfacet
  facet normal 4.710994e-01 -7.405360e-01 4.792408e-01
    outer loop
      vertex 1.662023e+01 -1.805293e+01 7.183673e+01
      vertex 1.598319e+01 -1.740161e+01 7.346939e+01
      vertex 1.514197e+01 -1.793676e+01 7.346939e+01
    endloop
  endfacet
  facet normal -4.520605e-01 7.620866e-01 -4.635357e-01
    outer loop
      vertex 1.662023e+01 -1.805293e+01 7.183673e+01
      vertex 1.574548e+01 -1.857182e+01 7.183673e+01
      vertex 1.514197e+01 -1.793676e+01 7.346939e+01
    endloop
  endfacet
  facet normal 4.948577e-01 -7.236353e-01 4.811111e-01
    outer loop
      vertex 1.598319e+01 -1.740161e+01 7.346939e+01
      vertex 1.534615e+01 -1.675178e+01 7.510204e+01
      vertex 1.453846e+01 -1.730412e+01 7.510204e+01
    endloop
  endfacet
  facet normal -4.751704e-01 7.469354e-01 -4.650812e-01
    outer loop
      vertex 1.598319e+01 -1.740161e+01 7.346939e+01
      vertex 1.514197e+01 -1.793676e+01 7.346939e+01
      vertex 1.453846e+01 -1.730412e+01 7.510204e+01
    endloop
  endfacet
  facet normal 5.196821e-01 -7.050126e-01 4.825845e-01
    outer loop
      vertex 1.534615e+01 -1.675178e+01 7.510204e+01
      vertex 1.470911e+01 -1.610380e+01 7.673469e+01
      vertex 1.393495e+01 -1.667445e+01 7.673469e+01
    endloop
  endfacet
  facet normal -4.993763e-01 7.302430e-01 -4.662279e-01
    outer loop
      vertex 1.534615e+01 -1.675178e+01 7.510204e+01
      vertex 1.453846e+01 -1.730412e+01 7.510204e+01
      vertex 1.393495e+01 -1.667445e+01 7.673469e+01
    endloop
  endfacet
  facet normal 5.455827e-01 -6.844789e-01 4.835579e-01
    outer loop
      vertex 1.470911e+01 -1.610380e+01 7.673469e+01
      vertex 1.407207e+01 -1.545816e+01 7.836735e+01
      vertex 1.333143e+01 -1.604850e+01 7.836735e+01
    endloop
  endfacet
  facet normal -5.247109e-01 7.118348e-01 -4.668722e-01
    outer loop
      vertex 1.470911e+01 -1.610380e+01 7.673469e+01
      vertex 1.393495e+01 -1.667445e+01 7.673469e+01
      vertex 1.333143e+01 -1.604850e+01 7.836735e+01
    endloop
  endfacet
  facet normal 5.725498e-01 -6.618328e-01 4.839050e-01
    outer loop
      vertex 1.407207e+01 -1.545816e+01 7.836735e+01
      vertex 1.343503e+01 -1.481553e+01 8.000000e+01
      vertex 1.272792e+01 -1.542725e+01 8.000000e+01
    endloop
  endfacet
  facet normal -5.511955e-01 6.915206e-01 -4.668862e-01
    outer loop
      vertex 1.407207e+01 -1.545816e+01 7.836735e+01
      vertex 1.333143e+01 -1.604850e+01 7.836735e+01
      vertex 1.272792e+01 -1.542725e+01 8.000000e+01
    endloop
  endfacet
  facet normal 4.194888e-03 -9.289546e-01 3.701699e-01
    outer loop
      vertex 4.230000e+01 -4.700000e+01 0.000000e+00
      vertex 4.169649e+01 -4.635215e+01 1.632653e+00
      vertex 3.938002e+01 -4.636261e+01 1.632653e+00
    endloop
  endfacet
  facet normal 0.000000e+00 9.315272e-01 -3.636717e-01
    outer loop
      vertex 4.230000e+01 -4.700000e+01 0.000000e+00
      vertex 3.995000e+01 -4.700000e+01 0.000000e+00
      vertex 3.938002e+01 -4.636261e+01 1.632653e+00
    endloop
  endfacet
  facet normal 8.507818e-03 -9.283797e-01 3.715356e-01
    outer loop
      vertex 4.169649e+01 -4.635215e+01 1.632653e+00
      vertex 4.109298e+01 -4.570429e+01 3.265306e+00
      vertex 3.881003e+01 -4.572521e+01 3.265306e+00
    endloop
  endfacet
  facet normal -4.204219e-03 9.310210e-01 -3.649413e-01
    outer loop
      vertex 4.169649e+01 -4.635215e+01 1.632653e+00
      vertex 3.938002e+01 -4.636261e+01 1.632653e+00
      vertex 3.881003e+01 -4.572521e+01 3.265306e+00
    endloop
  endfacet
  facet normal 1.294367e-02 -9.277685e-01 3.729318e-01
    outer loop
      vertex 4.109298e+01 -4.570429e+01 3.265306e+00
      vertex 4.048946e+01 -4.505644e+01 4.897959e+00
      vertex 3.824005e+01 -4.508782e+01 4.897959e+00
    endloop
  endfacet
  facet normal -8.527082e-03 9.304818e-01 -3.662388e-01
    outer loop
      vertex 4.109298e+01 -4.570429e+01 3.265306e+00
      vertex 3.881003e+01 -4.572521e+01 3.265306e+00
      vertex 3.824005e+01 -4.508782e+01 4.897959e+00
    endloop
  endfacet
  facet normal 1.750757e-02 -9.271184e-01 3.743595e-01
    outer loop
      vertex 4.048946e+01 -4.505644e+01 4.897959e+00
      vertex 3.988595e+01 -4.440859e+01 6.530612e+00
      vertex 3.767007e+01 -4.445044e+01 6.530612e+00
    endloop
  endfacet
  facet normal -1.297351e-02 9.299074e-01 -3.675649e-01
    outer loop
      vertex 4.048946e+01 -4.505644e+01 4.897959e+00
      vertex 3.824005e+01 -4.508782e+01 4.897959e+00
      vertex 3.767007e+01 -4.445044e+01 6.530612e+00
    endloop
  endfacet
  facet normal 2.220495e-02 -9.264269e-01 3.758194e-01
    outer loop
      vertex 3.988595e+01 -4.440859e+01 6.530612e+00
      vertex 3.928244e+01 -4.376074e+01 8.163265e+00
      vertex 3.710008e+01 -4.381305e+01 8.163265e+00
    endloop
  endfacet
  facet normal -1.754868e-02 9.292953e-01 -3.689205e-01
    outer loop
      vertex 3.988595e+01 -4.440859e+01 6.530612e+00
      vertex 3.767007e+01 -4.445044e+01 6.530612e+00
      vertex 3.710008e+01 -4.381305e+01 8.163265e+00
    endloop
  endfacet
  facet normal 2.704152e-02 -9.256911e-01 3.773126e-01
    outer loop
      vertex 3.928244e+01 -4.376074e+01 8.163265e+00
      vertex 3.867893e+01 -4.311290e+01 9.795918e+00
      vertex 3.653010e+01 -4.317568e+01 9.795918e+00
    endloop
  endfacet
  facet normal -2.225807e-02 9.286430e-01 -3.703064e-01
    outer loop
      vertex 3.928244e+01 -4.376074e+01 8.163265e+00
      vertex 3.710008e+01 -4.381305e+01 8.163265e+00
      vertex 3.653010e+01 -4.317568e+01 9.795918e+00
    endloop
  endfacet
  facet normal 3.202331e-02 -9.249080e-01 3.788399e-01
    outer loop
      vertex 3.867893e+01 -4.311290e+01 9.795918e+00
      vertex 3.807542e+01 -4.246507e+01 1.142857e+01
      vertex 3.596012e+01 -4.253831e+01 1.142857e+01
    endloop
  endfacet
  facet normal -2.710744e-02 9.279477e-01 -3.717234e-01
    outer loop
      vertex 3.867893e+01 -4.311290e+01 9.795918e+00
      vertex 3.653010e+01 -4.317568e+01 9.795918e+00
      vertex 3.596012e+01 -4.253831e+01 1.142857e+01
    endloop
  endfacet
  facet normal 3.715668e-02 -9.240744e-01 3.804023e-01
    outer loop
      vertex 3.807542e+01 -4.246507e+01 1.142857e+01
      vertex 3.747191e+01 -4.181724e+01 1.306122e+01
      vertex 3.539013e+01 -4.190095e+01 1.306122e+01
    endloop
  endfacet
  facet normal -3.210289e-02 9.272064e-01 -3.731724e-01
    outer loop
      vertex 3.807542e+01 -4.246507e+01 1.142857e+01
      vertex 3.596012e+01 -4.253831e+01 1.142857e+01
      vertex 3.539013e+01 -4.190095e+01 1.306122e+01
    endloop
  endfacet
  facet normal 4.244837e-02 -9.231866e-01 3.820009e-01
    outer loop
      vertex 3.747191e+01 -4.181724e+01 1.306122e+01
      vertex 3.686839e+01 -4.116942e+01 1.469388e+01
      vertex 3.482015e+01 -4.126360e+01 1.469388e+01
    endloop
  endfacet
  facet normal -3.725084e-02 9.264160e-01 -3.746541e-01
    outer loop
      vertex 3.747191e+01 -4.181724e+01 1.306122e+01
      vertex 3.539013e+01 -4.190095e+01 1.306122e+01
      vertex 3.482015e+01 -4.126360e+01 1.469388e+01
    endloop
  endfacet
  facet normal 4.790550e-02 -9.222408e-01 3.836365e-01
    outer loop
      vertex 3.686839e+01 -4.116942e+01 1.469388e+01
      vertex 3.626488e+01 -4.052162e+01 1.632653e+01
      vertex 3.425017e+01 -4.062627e+01 1.632653e+01
    endloop
  endfacet
  facet normal -4.255810e-02 9.255729e-01 -3.761696e-01
    outer loop
      vertex 3.686839e+01 -4.116942e+01 1.469388e+01
      vertex 3.482015e+01 -4.126360e+01 1.469388e+01
      vertex 3.425017e+01 -4.062627e+01 1.632653e+01
    endloop
  endfacet
  facet normal 5.353557e-02 -9.212328e-01 3.853103e-01
    outer loop
      vertex 3.626488e+01 -4.052162e+01 1.632653e+01
      vertex 3.566137e+01 -3.987382e+01 1.795918e+01
      vertex 3.368018e+01 -3.998896e+01 1.795918e+01
    endloop
  endfacet
  facet normal -4.803185e-02 9.246734e-01 -3.777196e-01
    outer loop
      vertex 3.626488e+01 -4.052162e+01 1.632653e+01
      vertex 3.425017e+01 -4.062627e+01 1.632653e+01
      vertex 3.368018e+01 -3.998896e+01 1.795918e+01
    endloop
  endfacet
  facet normal 5.934657e-02 -9.201582e-01 3.870231e-01
    outer loop
      vertex 3.566137e+01 -3.987382e+01 1.795918e+01
      vertex 3.505786e+01 -3.922605e+01 1.959184e+01
      vertex 3.311020e+01 -3.935166e+01 1.959184e+01
    endloop
  endfacet
  facet normal -5.367972e-02 9.237132e-01 -3.793051e-01
    outer loop
      vertex 3.566137e+01 -3.987382e+01 1.795918e+01
      vertex 3.368018e+01 -3.998896e+01 1.795918e+01
      vertex 3.311020e+01 -3.935166e+01 1.959184e+01
    endloop
  endfacet
  facet normal 6.534692e-02 -9.190119e-01 3.887761e-01
    outer loop
      vertex 3.505786e+01 -3.922605e+01 1.959184e+01
      vertex 3.445435e+01 -3.857829e+01 2.122449e+01
      vertex 3.254022e+01 -3.871439e+01 2.122449e+01
    endloop
  endfacet
  facet normal -5.950974e-02 9.226881e-01 -3.809269e-01
    outer loop
      vertex 3.505786e+01 -3.922605e+01 1.959184e+01
      vertex 3.311020e+01 -3.935166e+01 1.959184e+01
      vertex 3.254022e+01 -3.871439e+01 2.122449e+01
    endloop
  endfacet
  facet normal 7.154557e-02 -9.177887e-01 3.905702e-01
    outer loop
      vertex 3.445435e+01 -3.857829e+01 2.122449e+01
      vertex 3.385083e+01 -3.793055e+01 2.285714e+01
      vertex 3.197023e+01 -3.807715e+01 2.285714e+01
    endloop
  endfacet
  facet normal -6.553046e-02 9.215931e-01 -3.825858e-01
    outer loop
      vertex 3.445435e+01 -3.857829e+01 2.122449e+01
      vertex 3.254022e+01 -3.871439e+01 2.122449e+01
      vertex 3.197023e+01 -3.807715e+01 2.285714e+01
    endloop
  endfacet
  facet normal 7.795197e-02 -9.164828e-01 3.924064e-01
    outer loop
      vertex 3.385083e+01 -3.793055e+01 2.285714e+01
      vertex 3.324732e+01 -3.728283e+01 2.448980e+01
      vertex 3.140025e+01 -3.743994e+01 2.448980e+01
    endloop
  endfacet
  facet normal -7.175092e-02 9.204230e-01 -3.842828e-01
    outer loop
      vertex 3.385083e+01 -3.793055e+01 2.285714e+01
      vertex 3.197023e+01 -3.807715e+01 2.285714e+01
      vertex 3.140025e+01 -3.743994e+01 2.448980e+01
    endloop
  endfacet
  facet normal 8.457618e-02 -9.150877e-01 3.942858e-01
    outer loop
      vertex 3.324732e+01 -3.728283e+01 2.448980e+01
      vertex 3.264381e+01 -3.663515e+01 2.612245e+01
      vertex 3.083027e+01 -3.680276e+01 2.612245e+01
    endloop
  endfacet
  facet normal -7.818071e-02 9.191721e-01 -3.860186e-01
    outer loop
      vertex 3.324732e+01 -3.728283e+01 2.448980e+01
      vertex 3.140025e+01 -3.743994e+01 2.448980e+01
      vertex 3.083027e+01 -3.680276e+01 2.612245e+01
    endloop
  endfacet
  facet normal 9.142887e-02 -9.135967e-01 3.962093e-01
    outer loop
      vertex 3.264381e+01 -3.663515e+01 2.612245e+01
      vertex 3.204030e+01 -3.598749e+01 2.775510e+01
      vertex 3.026028e+01 -3.616563e+01 2.775510e+01
    endloop
  endfacet
  facet normal -8.483002e-02 9.178342e-01 -3.877941e-01
    outer loop
      vertex 3.264381e+01 -3.663515e+01 2.612245e+01
      vertex 3.083027e+01 -3.680276e+01 2.612245e+01
      vertex 3.026028e+01 -3.616563e+01 2.775510e+01
    endloop
  endfacet
  facet normal 9.852136e-02 -9.120022e-01 3.981777e-01
    outer loop
      vertex 3.204030e+01 -3.598749e+01 2.775510e+01
      vertex 3.143679e+01 -3.533988e+01 2.938776e+01
      vertex 2.969030e+01 -3.552855e+01 2.938776e+01
    endloop
  endfacet
  facet normal -9.170965e-02 9.164024e-01 -3.896100e-01
    outer loop
      vertex 3.204030e+01 -3.598749e+01 2.775510e+01
      vertex 3.026028e+01 -3.616563e+01 2.775510e+01
      vertex 2.969030e+01 -3.552855e+01 2.938776e+01
    endloop
  endfacet
  facet normal 1.058657e-01 -9.102960e-01 4.001920e-01
    outer loop
      vertex 3.143679e+01 -3.533988e+01 2.938776e+01
      vertex 3.083328e+01 -3.469231e+01 3.102041e+01
      vertex 2.912032e+01 -3.489152e+01 3.102041e+01
    endloop
  endfacet
  facet normal -9.883109e-02 9.148694e-01 -3.914670e-01
    outer loop
      vertex 3.143679e+01 -3.533988e+01 2.938776e+01
      vertex 2.969030e+01 -3.552855e+01 2.938776e+01
      vertex 2.912032e+01 -3.489152e+01 3.102041e+01
    endloop
  endfacet
  facet normal 1.134746e-01 -9.084691e-01 4.022530e-01
    outer loop
      vertex 3.083328e+01 -3.469231e+01 3.102041e+01
      vertex 3.022976e+01 -3.404478e+01 3.265306e+01
      vertex 2.855033e+01 -3.425455e+01 3.265306e+01
    endloop
  endfacet
  facet normal -1.062065e-01 9.132270e-01 -3.933658e-01
    outer loop
      vertex 3.083328e+01 -3.469231e+01 3.102041e+01
      vertex 2.912032e+01 -3.489152e+01 3.102041e+01
      vertex 2.855033e+01 -3.425455e+01 3.265306e+01
    endloop
  endfacet
  facet normal 1.213617e-01 -9.065116e-01 4.043614e-01
    outer loop
      vertex 3.022976e+01 -3.404478e+01 3.265306e+01
      vertex 2.962625e+01 -3.339731e+01 3.428571e+01
      vertex 2.798035e+01 -3.361766e+01 3.428571e+01
    endloop
  endfacet
  facet normal -1.138490e-01 9.114664e-01 -3.953068e-01
    outer loop
      vertex 3.022976e+01 -3.404478e+01 3.265306e+01
      vertex 2.855033e+01 -3.425455e+01 3.265306e+01
      vertex 2.798035e+01 -3.361766e+01 3.428571e+01
    endloop
  endfacet
  facet normal 1.295415e-01 -9.044127e-01 4.065177e-01
    outer loop
      vertex 2.962625e+01 -3.339731e+01 3.428571e+01
      vertex 2.902274e+01 -3.274990e+01 3.591837e+01
      vertex 2.741037e+01 -3.298085e+01 3.591837e+01
    endloop
  endfacet
  facet normal -1.217722e-01 9.095778e-01 -3.972905e-01
    outer loop
      vertex 2.962625e+01 -3.339731e+01 3.428571e+01
      vertex 2.798035e+01 -3.361766e+01 3.428571e+01
      vertex 2.741037e+01 -3.298085e+01 3.591837e+01
    endloop
  endfacet
  facet normal 1.380293e-01 -9.021607e-01 4.087224e-01
    outer loop
      vertex 2.902274e+01 -3.274990e+01 3.591837e+01
      vertex 2.841923e+01 -3.210257e+01 3.755102e+01
      vertex 2.684038e+01 -3.234413e+01 3.755102e+01
    endloop
  endfacet
  facet normal -1.299909e-01 9.075506e-01 -3.993172e-01
    outer loop
      vertex 2.902274e+01 -3.274990e+01 3.591837e+01
      vertex 2.741037e+01 -3.298085e+01 3.591837e+01
      vertex 2.684038e+01 -3.234413e+01 3.755102e+01
    endloop
  endfacet
  facet normal 1.468416e-01 -8.997424e-01 4.109759e-01
    outer loop
      vertex 2.841923e+01 -3.210257e+01 3.755102e+01
      vertex 2.781572e+01 -3.145532e+01 3.918367e+01
      vertex 2.627040e+01 -3.170752e+01 3.918367e+01
    endloop
  endfacet
  facet normal -1.385208e-01 9.053731e-01 -4.013869e-01
    outer loop
      vertex 2.841923e+01 -3.210257e+01 3.755102e+01
      vertex 2.684038e+01 -3.234413e+01 3.755102e+01
      vertex 2.627040e+01 -3.170752e+01 3.918367e+01
    endloop
  endfacet
  facet normal 1.559957e-01 -8.971436e-01 4.132781e-01
    outer loop
      vertex 2.781572e+01 -3.145532e+01 3.918367e+01
      vertex 2.721221e+01 -3.080816e+01 4.081633e+01
      vertex 2.570042e+01 -3.107103e+01 4.081633e+01
    endloop
  endfacet
  facet normal -1.473785e-01 9.030325e-01 -4.034996e-01
    outer loop
      vertex 2.781572e+01 -3.145532e+01 3.918367e+01
      vertex 2.627040e+01 -3.170752e+01 3.918367e+01
      vertex 2.570042e+01 -3.107103e+01 4.081633e+01
    endloop
  endfacet
  facet normal 1.655103e-01 -8.943484e-01 4.156288e-01
    outer loop
      vertex 2.721221e+01 -3.080816e+01 4.081633e+01
      vertex 2.660869e+01 -3.016111e+01 4.244898e+01
      vertex 2.513043e+01 -3.043468e+01 4.244898e+01
    endloop
  endfacet
  facet normal -1.565818e-01 9.005145e-01 -4.056548e-01
    outer loop
      vertex 2.721221e+01 -3.080816e+01 4.081633e+01
      vertex 2.570042e+01 -3.107103e+01 4.081633e+01
      vertex 2.513043e+01 -3.043468e+01 4.244898e+01
    endloop
  endfacet
  facet normal 1.754050e-01 -8.913395e-01 4.180276e-01
    outer loop
      vertex 2.660869e+01 -3.016111e+01 4.244898e+01
      vertex 2.600518e+01 -2.951418e+01 4.408163e+01
      vertex 2.456045e+01 -2.979848e+01 4.408163e+01
    endloop
  endfacet
  facet normal -1.661497e-01 8.978035e-01 -4.078520e-01
    outer loop
      vertex 2.660869e+01 -3.016111e+01 4.244898e+01
      vertex 2.513043e+01 -3.043468e+01 4.244898e+01
      vertex 2.456045e+01 -2.979848e+01 4.408163e+01
    endloop
  endfacet
  facet normal 1.857011e-01 -8.880975e-01 4.204735e-01
    outer loop
      vertex 2.600518e+01 -2.951418e+01 4.408163e+01
      vertex 2.540167e+01 -2.886738e+01 4.571429e+01
      vertex 2.399047e+01 -2.916247e+01 4.571429e+01
    endloop
  endfacet
  facet normal -1.761022e-01 8.948823e-01 -4.100899e-01
    outer loop
      vertex 2.600518e+01 -2.951418e+01 4.408163e+01
      vertex 2.456045e+01 -2.979848e+01 4.408163e+01
      vertex 2.399047e+01 -2.916247e+01 4.571429e+01
    endloop
  endfacet
  facet normal 1.964208e-01 -8.846013e-01 4.229650e-01
    outer loop
      vertex 2.540167e+01 -2.886738e+01 4.571429e+01
      vertex 2.479816e+01 -2.822075e+01 4.734694e+01
      vertex 2.342048e+01 -2.852666e+01 4.734694e+01
    endloop
  endfacet
  facet normal -1.864610e-01 8.917318e-01 -4.123672e-01
    outer loop
      vertex 2.540167e+01 -2.886738e+01 4.571429e+01
      vertex 2.399047e+01 -2.916247e+01 4.571429e+01
      vertex 2.342048e+01 -2.852666e+01 4.734694e+01
    endloop
  endfacet
  facet normal 2.075881e-01 -8.808272e-01 4.255004e-01
    outer loop
      vertex 2.479816e+01 -2.822075e+01 4.734694e+01
      vertex 2.419465e+01 -2.757430e+01 4.897959e+01
      vertex 2.285050e+01 -2.789108e+01 4.897959e+01
    endloop
  endfacet
  facet normal -1.972490e-01 8.883310e-01 -4.146816e-01
    outer loop
      vertex 2.479816e+01 -2.822075e+01 4.734694e+01
      vertex 2.342048e+01 -2.852666e+01 4.734694e+01
      vertex 2.285050e+01 -2.789108e+01 4.897959e+01
    endloop
  endfacet
  facet normal 2.192284e-01 -8.767492e-01 4.280768e-01
    outer loop
      vertex 2.419465e+01 -2.757430e+01 4.897959e+01
      vertex 2.359113e+01 -2.692805e+01 5.061224e+01
      vertex 2.228052e+01 -2.725577e+01 5.061224e+01
    endloop
  endfacet
  facet normal -2.084906e-01 8.846566e-01 -4.170305e-01
    outer loop
      vertex 2.419465e+01 -2.757430e+01 4.897959e+01
      vertex 2.285050e+01 -2.789108e+01 4.897959e+01
      vertex 2.228052e+01 -2.725577e+01 5.061224e+01
    endloop
  endfacet
  facet normal 2.313686e-01 -8.723382e-01 4.306908e-01
    outer loop
      vertex 2.359113e+01 -2.692805e+01 5.061224e+01
      vertex 2.298762e+01 -2.628205e+01 5.224490e+01
      vertex 2.171053e+01 -2.662077e+01 5.224490e+01
    endloop
  endfacet
  facet normal -2.202119e-01 8.806825e-01 -4.194103e-01
    outer loop
      vertex 2.359113e+01 -2.692805e+01 5.061224e+01
      vertex 2.228052e+01 -2.725577e+01 5.061224e+01
      vertex 2.171053e+01 -2.662077e+01 5.224490e+01
    endloop
  endfacet
  facet normal 2.440374e-01 -8.675621e-01 4.333380e-01
    outer loop
      vertex 2.298762e+01 -2.628205e+01 5.224490e+01
      vertex 2.238411e+01 -2.563632e+01 5.387755e+01
      vertex 2.114055e+01 -2.598612e+01 5.387755e+01
    endloop
  endfacet
  facet normal -2.324406e-01 8.763802e-01 -4.218165e-01
    outer loop
      vertex 2.298762e+01 -2.628205e+01 5.224490e+01
      vertex 2.171053e+01 -2.662077e+01 5.224490e+01
      vertex 2.114055e+01 -2.598612e+01 5.387755e+01
    endloop
  endfacet
  facet normal 2.572652e-01 -8.623849e-01 4.360125e-01
    outer loop
      vertex 2.238411e+01 -2.563632e+01 5.387755e+01
      vertex 2.178060e+01 -2.499091e+01 5.551020e+01
      vertex 2.057057e+01 -2.535188e+01 5.551020e+01
    endloop
  endfacet
  facet normal -2.452063e-01 8.717175e-01 -4.242434e-01
    outer loop
      vertex 2.238411e+01 -2.563632e+01 5.387755e+01
      vertex 2.114055e+01 -2.598612e+01 5.387755e+01
      vertex 2.057057e+01 -2.535188e+01 5.551020e+01
    endloop
  endfacet
  facet normal 2.710841e-01 -8.567668e-01 4.387073e-01
    outer loop
      vertex 2.178060e+01 -2.499091e+01 5.551020e+01
      vertex 2.117709e+01 -2.434586e+01 5.714286e+01
      vertex 2.000058e+01 -2.471811e+01 5.714286e+01
    endloop
  endfacet
  facet normal -2.585402e-01 8.666589e-01 -4.266840e-01
    outer loop
      vertex 2.178060e+01 -2.499091e+01 5.551020e+01
      vertex 2.057057e+01 -2.535188e+01 5.551020e+01
      vertex 2.000058e+01 -2.471811e+01 5.714286e+01
    endloop
  endfacet
  facet normal 2.855281e-01 -8.506632e-01 4.414134e-01
    outer loop
      vertex 2.117709e+01 -2.434586e+01 5.714286e+01
      vertex 2.057358e+01 -2.370124e+01 5.877551e+01
      vertex 1.943060e+01 -2.408488e+01 5.877551e+01
    endloop
  endfacet
  facet normal -2.724757e-01 8.611648e-01 -4.291296e-01
    outer loop
      vertex 2.117709e+01 -2.434586e+01 5.714286e+01
      vertex 2.000058e+01 -2.471811e+01 5.714286e+01
      vertex 1.943060e+01 -2.408488e+01 5.877551e+01
    endloop
  endfacet
  facet normal 3.006329e-01 -8.440246e-01 4.441198e-01
    outer loop
      vertex 2.057358e+01 -2.370124e+01 5.877551e+01
      vertex 1.997006e+01 -2.305711e+01 6.040816e+01
      vertex 1.886062e+01 -2.345229e+01 6.040816e+01
    endloop
  endfacet
  facet normal -2.870479e-01 8.551909e-01 -4.315692e-01
    outer loop
      vertex 2.057358e+01 -2.370124e+01 5.877551e+01
      vertex 1.943060e+01 -2.408488e+01 5.877551e+01
      vertex 1.886062e+01 -2.345229e+01 6.040816e+01
    endloop
  endfacet
  facet normal 3.164357e-01 -8.367955e-01 4.468128e-01
    outer loop
      vertex 1.997006e+01 -2.305711e+01 6.040816e+01
      vertex 1.936655e+01 -2.241356e+01 6.204082e+01
      vertex 1.829063e+01 -2.282043e+01 6.204082e+01
    endloop
  endfacet
  facet normal -3.022939e-01 8.486879e-01 -4.339899e-01
    outer loop
      vertex 1.997006e+01 -2.305711e+01 6.040816e+01
      vertex 1.886062e+01 -2.345229e+01 6.040816e+01
      vertex 1.829063e+01 -2.282043e+01 6.204082e+01
    endloop
  endfacet
  facet normal 3.329755e-01 -8.289142e-01 4.494758e-01
    outer loop
      vertex 1.936655e+01 -2.241356e+01 6.204082e+01
      vertex 1.876304e+01 -2.177070e+01 6.367347e+01
      vertex 1.772065e+01 -2.218942e+01 6.367347e+01
    endloop
  endfacet
  facet normal -3.182528e-01 8.416007e-01 -4.363753e-01
    outer loop
      vertex 1.936655e+01 -2.241356e+01 6.204082e+01
      vertex 1.829063e+01 -2.282043e+01 6.204082e+01
      vertex 1.772065e+01 -2.218942e+01 6.367347e+01
    endloop
  endfacet
  facet normal 3.502924e-01 -8.203118e-01 4.520884e-01
    outer loop
      vertex 1.876304e+01 -2.177070e+01 6.367347e+01
      vertex 1.815953e+01 -2.112862e+01 6.530612e+01
      vertex 1.715067e+01 -2.155943e+01 6.530612e+01
    endloop
  endfacet
  facet normal -3.349653e-01 8.338678e-01 -4.387058e-01
    outer loop
      vertex 1.876304e+01 -2.177070e+01 6.367347e+01
      vertex 1.772065e+01 -2.218942e+01 6.367347e+01
      vertex 1.715067e+01 -2.155943e+01 6.530612e+01
    endloop
  endfacet
  facet normal 3.684274e-01 -8.109112e-01 4.546254e-01
    outer loop
      vertex 1.815953e+01 -2.112862e+01 6.530612e+01
      vertex 1.755602e+01 -2.048750e+01 6.693878e+01
      vertex 1.658068e+01 -2.093063e+01 6.693878e+01
    endloop
  endfacet
  facet normal -3.524739e-01 8.254204e-01 -4.409572e-01
    outer loop
      vertex 1.815953e+01 -2.112862e+01 6.530612e+01
      vertex 1.715067e+01 -2.155943e+01 6.530612e+01
      vertex 1.658068e+01 -2.093063e+01 6.693878e+01
    endloop
  endfacet
  facet normal 3.874217e-01 -8.006272e-01 4.570564e-01
    outer loop
      vertex 1.755602e+01 -2.048750e+01 6.693878e+01
      vertex 1.695250e+01 -1.984750e+01 6.857143e+01
      vertex 1.601070e+01 -2.030324e+01 6.857143e+01
    endloop
  endfacet
  facet normal -3.708221e-01 8.161821e-01 -4.431003e-01
    outer loop
      vertex 1.755602e+01 -2.048750e+01 6.693878e+01
      vertex 1.658068e+01 -2.093063e+01 6.693878e+01
      vertex 1.601070e+01 -2.030324e+01 6.857143e+01
    endloop
  endfacet
  facet normal 4.073162e-01 -7.893646e-01 4.593442e-01
    outer loop
      vertex 1.695250e+01 -1.984750e+01 6.857143e+01
      vertex 1.634899e+01 -1.920885e+01 7.020408e+01
      vertex 1.544072e+01 -1.967752e+01 7.020408e+01
    endloop
  endfacet
  facet normal -3.900542e-01 8.060673e-01 -4.450990e-01
    outer loop
      vertex 1.695250e+01 -1.984750e+01 6.857143e+01
      vertex 1.601070e+01 -2.030324e+01 6.857143e+01
      vertex 1.544072e+01 -1.967752e+01 7.020408e+01
    endloop
  endfacet
  facet normal 4.281496e-01 -7.770187e-01 4.614432e-01
    outer loop
      vertex 1.634899e+01 -1.920885e+01 7.020408e+01
      vertex 1.574548e+01 -1.857182e+01 7.183673e+01
      vertex 1.487073e+01 -1.905382e+01 7.183673e+01
    endloop
  endfacet
  facet normal -4.102145e-01 7.949815e-01 -4.469098e-01
    outer loop
      vertex 1.634899e+01 -1.920885e+01 7.020408e+01
      vertex 1.544072e+01 -1.967752e+01 7.020408e+01
      vertex 1.487073e+01 -1.905382e+01 7.183673e+01
    endloop
  endfacet
  facet normal 4.499573e-01 -7.634745e-01 4.632981e-01
    outer loop
      vertex 1.574548e+01 -1.857182e+01 7.183673e+01
      vertex 1.514197e+01 -1.793676e+01 7.346939e+01
      vertex 1.430075e+01 -1.843254e+01 7.346939e+01
    endloop
  endfacet
  facet normal -4.313461e-01 7.828198e-01 -4.484794e-01
    outer loop
      vertex 1.574548e+01 -1.857182e+01 7.183673e+01
      vertex 1.487073e+01 -1.905382e+01 7.183673e+01
      vertex 1.430075e+01 -1.843254e+01 7.346939e+01
    endloop
  endfacet
  facet normal 4.727687e-01 -7.486070e-01 4.648412e-01
    outer loop
      vertex 1.514197e+01 -1.793676e+01 7.346939e+01
      vertex 1.453846e+01 -1.730412e+01 7.510204e+01
      vertex 1.373077e+01 -1.781420e+01 7.510204e+01
    endloop
  endfacet
  facet normal -4.534890e-01 7.694670e-01 -4.497424e-01
    outer loop
      vertex 1.514197e+01 -1.793676e+01 7.346939e+01
      vertex 1.430075e+01 -1.843254e+01 7.346939e+01
      vertex 1.373077e+01 -1.781420e+01 7.510204e+01
    endloop
  endfacet
  facet normal 4.966040e-01 -7.322827e-01 4.659898e-01
    outer loop
      vertex 1.453846e+01 -1.730412e+01 7.510204e+01
      vertex 1.393495e+01 -1.667445e+01 7.673469e+01
      vertex 1.316078e+01 -1.719946e+01 7.673469e+01
    endloop
  endfacet
  facet normal -4.766784e-01 7.547978e-01 -4.506194e-01
    outer loop
      vertex 1.453846e+01 -1.730412e+01 7.510204e+01
      vertex 1.373077e+01 -1.781420e+01 7.510204e+01
      vertex 1.316078e+01 -1.719946e+01 7.673469e+01
    endloop
  endfacet
  facet normal 5.214692e-01 -7.143627e-01 4.666431e-01
    outer loop
      vertex 1.393495e+01 -1.667445e+01 7.673469e+01
      vertex 1.333143e+01 -1.604850e+01 7.836735e+01
      vertex 1.259080e+01 -1.658915e+01 7.836735e+01
    endloop
  endfacet
  facet normal -5.009411e-01 7.386781e-01 -4.510129e-01
    outer loop
      vertex 1.393495e+01 -1.667445e+01 7.673469e+01
      vertex 1.316078e+01 -1.719946e+01 7.673469e+01
      vertex 1.259080e+01 -1.658915e+01 7.836735e+01
    endloop
  endfacet
  facet normal 5.473502e-01 -6.947083e-01 4.666778e-01
    outer loop
      vertex 1.333143e+01 -1.604850e+01 7.836735e+01
      vertex 1.272792e+01 -1.542725e+01 8.000000e+01
      vertex 1.202082e+01 -1.598437e+01 8.000000e+01
    endloop
  endfacet
  facet normal -5.262906e-01 7.209676e-01 -4.508037e-01
    outer loop
      vertex 1.333143e+01 -1.604850e+01 7.836735e+01
      vertex 1.259080e+01 -1.658915e+01 7.836735e+01
      vertex 1.202082e+01 -1.598437e+01 8.000000e+01
    endloop
  endfacet
  facet normal 3.964098e-03 -9.310503e-01 3.648694e-01
    outer loop
      vertex 3.995000e+01 -4.700000e+01 0.000000e+00
      vertex 3.938002e+01 -4.636261e+01 1.632653e+00
      vertex 3.706355e+01 -4.637247e+01 1.632653e+00
    endloop
  endfacet
  facet normal 0.000000e+00 9.334246e-01 -3.587737e-01
    outer loop
      vertex 3.995000e+01 -4.700000e+01 0.000000e+00
      vertex 3.760000e+01 -4.700000e+01 0.000000e+00
      vertex 3.706355e+01 -4.637247e+01 1.632653e+00
    endloop
  endfacet
  facet normal 8.040312e-03 -9.305432e-01 3.660940e-01
    outer loop
      vertex 3.938002e+01 -4.636261e+01 1.632653e+00
      vertex 3.881003e+01 -4.572521e+01 3.265306e+00
      vertex 3.652709e+01 -4.574494e+01 3.265306e+00
    endloop
  endfacet
  facet normal -3.972313e-03 9.329796e-01 -3.599072e-01
    outer loop
      vertex 3.938002e+01 -4.636261e+01 1.632653e+00
      vertex 3.706355e+01 -4.637247e+01 1.632653e+00
      vertex 3.652709e+01 -4.574494e+01 3.265306e+00
    endloop
  endfacet
  facet normal 1.223330e-02 -9.300039e-01 3.673461e-01
    outer loop
      vertex 3.881003e+01 -4.572521e+01 3.265306e+00
      vertex 3.824005e+01 -4.508782e+01 4.897959e+00
      vertex 3.599064e+01 -4.511741e+01 4.897959e+00
    endloop
  endfacet
  facet normal -8.057268e-03 9.325055e-01 -3.610658e-01
    outer loop
      vertex 3.881003e+01 -4.572521e+01 3.265306e+00
      vertex 3.652709e+01 -4.574494e+01 3.265306e+00
      vertex 3.599064e+01 -4.511741e+01 4.897959e+00
    endloop
  endfacet
  facet normal 1.654797e-02 -9.294303e-01 3.686265e-01
    outer loop
      vertex 3.824005e+01 -4.508782e+01 4.897959e+00
      vertex 3.767007e+01 -4.445044e+01 6.530612e+00
      vertex 3.545418e+01 -4.448989e+01 6.530612e+00
    endloop
  endfacet
  facet normal -1.225956e-02 9.320003e-01 -3.622502e-01
    outer loop
      vertex 3.824005e+01 -4.508782e+01 4.897959e+00
      vertex 3.599064e+01 -4.511741e+01 4.897959e+00
      vertex 3.545418e+01 -4.448989e+01 6.530612e+00
    endloop
  endfacet
  facet normal 2.098951e-02 -9.288200e-01 3.699362e-01
    outer loop
      vertex 3.767007e+01 -4.445044e+01 6.530612e+00
      vertex 3.710008e+01 -4.381305e+01 8.163265e+00
      vertex 3.491773e+01 -4.386237e+01 8.163265e+00
    endloop
  endfacet
  facet normal -1.658414e-02 9.314617e-01 -3.634611e-01
    outer loop
      vertex 3.767007e+01 -4.445044e+01 6.530612e+00
      vertex 3.545418e+01 -4.448989e+01 6.530612e+00
      vertex 3.491773e+01 -4.386237e+01 8.163265e+00
    endloop
  endfacet
  facet normal 2.556337e-02 -9.281706e-01 3.712759e-01
    outer loop
      vertex 3.710008e+01 -4.381305e+01 8.163265e+00
      vertex 3.653010e+01 -4.317568e+01 9.795918e+00
      vertex 3.438127e+01 -4.323486e+01 9.795918e+00
    endloop
  endfacet
  facet normal -2.103624e-02 9.308877e-01 -3.646992e-01
    outer loop
      vertex 3.710008e+01 -4.381305e+01 8.163265e+00
      vertex 3.491773e+01 -4.386237e+01 8.163265e+00
      vertex 3.438127e+01 -4.323486e+01 9.795918e+00
    endloop
  endfacet
  facet normal 3.027533e-02 -9.274794e-01 3.726465e-01
    outer loop
      vertex 3.653010e+01 -4.317568e+01 9.795918e+00
      vertex 3.596012e+01 -4.253831e+01 1.142857e+01
      vertex 3.384482e+01 -4.260736e+01 1.142857e+01
    endloop
  endfacet
  facet normal -2.562135e-02 9.302757e-01 -3.659654e-01
    outer loop
      vertex 3.653010e+01 -4.317568e+01 9.795918e+00
      vertex 3.438127e+01 -4.323486e+01 9.795918e+00
      vertex 3.384482e+01 -4.260736e+01 1.142857e+01
    endloop
  endfacet
  facet normal 3.513148e-02 -9.267433e-01 3.740489e-01
    outer loop
      vertex 3.596012e+01 -4.253831e+01 1.142857e+01
      vertex 3.539013e+01 -4.190095e+01 1.306122e+01
      vertex 3.330836e+01 -4.197987e+01 1.306122e+01
    endloop
  endfacet
  facet normal -3.034531e-02 9.296231e-01 -3.672602e-01
    outer loop
      vertex 3.596012e+01 -4.253831e+01 1.142857e+01
      vertex 3.384482e+01 -4.260736e+01 1.142857e+01
      vertex 3.330836e+01 -4.197987e+01 1.306122e+01
    endloop
  endfacet
  facet normal 4.013825e-02 -9.259594e-01 3.754839e-01
    outer loop
      vertex 3.539013e+01 -4.190095e+01 1.306122e+01
      vertex 3.482015e+01 -4.126360e+01 1.469388e+01
      vertex 3.277191e+01 -4.135239e+01 1.469388e+01
    endloop
  endfacet
  facet normal -3.521425e-02 9.289270e-01 -3.685846e-01
    outer loop
      vertex 3.539013e+01 -4.190095e+01 1.306122e+01
      vertex 3.330836e+01 -4.197987e+01 1.306122e+01
      vertex 3.277191e+01 -4.135239e+01 1.469388e+01
    endloop
  endfacet
  facet normal 4.530247e-02 -9.251240e-01 3.769525e-01
    outer loop
      vertex 3.482015e+01 -4.126360e+01 1.469388e+01
      vertex 3.425017e+01 -4.062627e+01 1.632653e+01
      vertex 3.223545e+01 -4.072493e+01 1.632653e+01
    endloop
  endfacet
  facet normal -4.023470e-02 9.281843e-01 -3.699393e-01
    outer loop
      vertex 3.482015e+01 -4.126360e+01 1.469388e+01
      vertex 3.277191e+01 -4.135239e+01 1.469388e+01
      vertex 3.223545e+01 -4.072493e+01 1.632653e+01
    endloop
  endfacet
  facet normal 5.063133e-02 -9.242337e-01 3.784555e-01
    outer loop
      vertex 3.425017e+01 -4.062627e+01 1.632653e+01
      vertex 3.368018e+01 -3.998896e+01 1.795918e+01
      vertex 3.169900e+01 -4.009749e+01 1.795918e+01
    endloop
  endfacet
  facet normal -4.541351e-02 9.273917e-01 -3.713250e-01
    outer loop
      vertex 3.425017e+01 -4.062627e+01 1.632653e+01
      vertex 3.223545e+01 -4.072493e+01 1.632653e+01
      vertex 3.169900e+01 -4.009749e+01 1.795918e+01
    endloop
  endfacet
  facet normal 5.613248e-02 -9.232842e-01 3.799939e-01
    outer loop
      vertex 3.368018e+01 -3.998896e+01 1.795918e+01
      vertex 3.311020e+01 -3.935166e+01 1.959184e+01
      vertex 3.116254e+01 -3.947007e+01 1.959184e+01
    endloop
  endfacet
  facet normal -5.075798e-02 9.265455e-01 -3.727426e-01
    outer loop
      vertex 3.368018e+01 -3.998896e+01 1.795918e+01
      vertex 3.169900e+01 -4.009749e+01 1.795918e+01
      vertex 3.116254e+01 -3.947007e+01 1.959184e+01
    endloop
  endfacet
  facet normal 6.181399e-02 -9.222713e-01 3.815687e-01
    outer loop
      vertex 3.311020e+01 -3.935166e+01 1.959184e+01
      vertex 3.254022e+01 -3.871439e+01 2.122449e+01
      vertex 3.062609e+01 -3.884268e+01 2.122449e+01
    endloop
  endfacet
  facet normal -5.627581e-02 9.256418e-01 -3.741929e-01
    outer loop
      vertex 3.311020e+01 -3.935166e+01 1.959184e+01
      vertex 3.116254e+01 -3.947007e+01 1.959184e+01
      vertex 3.062609e+01 -3.884268e+01 2.122449e+01
    endloop
  endfacet
  facet normal 6.768443e-02 -9.211902e-01 3.831806e-01
    outer loop
      vertex 3.254022e+01 -3.871439e+01 2.122449e+01
      vertex 3.197023e+01 -3.807715e+01 2.285714e+01
      vertex 3.008963e+01 -3.821533e+01 2.285714e+01
    endloop
  endfacet
  facet normal -6.197517e-02 9.246762e-01 -3.756767e-01
    outer loop
      vertex 3.254022e+01 -3.871439e+01 2.122449e+01
      vertex 3.062609e+01 -3.884268e+01 2.122449e+01
      vertex 3.008963e+01 -3.821533e+01 2.285714e+01
    endloop
  endfacet
  facet normal 7.375290e-02 -9.200358e-01 3.848306e-01
    outer loop
      vertex 3.197023e+01 -3.807715e+01 2.285714e+01
      vertex 3.140025e+01 -3.743994e+01 2.448980e+01
      vertex 2.955318e+01 -3.758800e+01 2.448980e+01
    endloop
  endfacet
  facet normal -6.786474e-02 9.236442e-01 -3.771946e-01
    outer loop
      vertex 3.197023e+01 -3.807715e+01 2.285714e+01
      vertex 3.008963e+01 -3.821533e+01 2.285714e+01
      vertex 2.955318e+01 -3.758800e+01 2.448980e+01
    endloop
  endfacet
  facet normal 8.002903e-02 -9.188024e-01 3.865196e-01
    outer loop
      vertex 3.140025e+01 -3.743994e+01 2.448980e+01
      vertex 3.083027e+01 -3.680276e+01 2.612245e+01
      vertex 2.901672e+01 -3.696073e+01 2.612245e+01
    endloop
  endfacet
  facet normal -7.395369e-02 9.225407e-01 -3.787474e-01
    outer loop
      vertex 3.140025e+01 -3.743994e+01 2.448980e+01
      vertex 2.955318e+01 -3.758800e+01 2.448980e+01
      vertex 2.901672e+01 -3.696073e+01 2.612245e+01
    endloop
  endfacet
  facet normal 8.652307e-02 -9.174840e-01 3.882485e-01
    outer loop
      vertex 3.083027e+01 -3.680276e+01 2.612245e+01
      vertex 3.026028e+01 -3.616563e+01 2.775510e+01
      vertex 2.848027e+01 -3.633350e+01 2.775510e+01
    endloop
  endfacet
  facet normal -8.025180e-02 9.213600e-01 -3.803359e-01
    outer loop
      vertex 3.083027e+01 -3.680276e+01 2.612245e+01
      vertex 2.901672e+01 -3.696073e+01 2.612245e+01
      vertex 2.848027e+01 -3.633350e+01 2.775510e+01
    endloop
  endfacet
  facet normal 9.324588e-02 -9.160737e-01 3.900181e-01
    outer loop
      vertex 3.026028e+01 -3.616563e+01 2.775510e+01
      vertex 2.969030e+01 -3.552855e+01 2.938776e+01
      vertex 2.794381e+01 -3.570632e+01 2.938776e+01
    endloop
  endfacet
  facet normal -8.676942e-02 9.200963e-01 -3.819607e-01
    outer loop
      vertex 3.026028e+01 -3.616563e+01 2.775510e+01
      vertex 2.848027e+01 -3.633350e+01 2.775510e+01
      vertex 2.794381e+01 -3.570632e+01 2.938776e+01
    endloop
  endfacet
  facet normal 1.002090e-01 -9.145644e-01 3.918291e-01
    outer loop
      vertex 2.969030e+01 -3.552855e+01 2.938776e+01
      vertex 2.912032e+01 -3.489152e+01 3.102041e+01
      vertex 2.740736e+01 -3.507921e+01 3.102041e+01
    endloop
  endfacet
  facet normal -9.351756e-02 9.187428e-01 -3.836224e-01
    outer loop
      vertex 2.969030e+01 -3.552855e+01 2.938776e+01
      vertex 2.794381e+01 -3.570632e+01 2.938776e+01
      vertex 2.740736e+01 -3.507921e+01 3.102041e+01
    endloop
  endfacet
  facet normal 1.074248e-01 -9.129481e-01 3.936823e-01
    outer loop
      vertex 2.912032e+01 -3.489152e+01 3.102041e+01
      vertex 2.855033e+01 -3.425455e+01 3.265306e+01
      vertex 2.687090e+01 -3.445217e+01 3.265306e+01
    endloop
  endfacet
  facet normal -1.005079e-01 9.172925e-01 -3.853215e-01
    outer loop
      vertex 2.912032e+01 -3.489152e+01 3.102041e+01
      vertex 2.740736e+01 -3.507921e+01 3.102041e+01
      vertex 2.687090e+01 -3.445217e+01 3.265306e+01
    endloop
  endfacet
  facet normal 1.149063e-01 -9.112159e-01 3.955782e-01
    outer loop
      vertex 2.855033e+01 -3.425455e+01 3.265306e+01
      vertex 2.798035e+01 -3.361766e+01 3.428571e+01
      vertex 2.633445e+01 -3.382521e+01 3.428571e+01
    endloop
  endfacet
  facet normal -1.077530e-01 9.157374e-01 -3.870586e-01
    outer loop
      vertex 2.855033e+01 -3.425455e+01 3.265306e+01
      vertex 2.687090e+01 -3.445217e+01 3.265306e+01
      vertex 2.633445e+01 -3.382521e+01 3.428571e+01
    endloop
  endfacet
  facet normal 1.226674e-01 -9.093583e-01 3.975174e-01
    outer loop
      vertex 2.798035e+01 -3.361766e+01 3.428571e+01
      vertex 2.741037e+01 -3.298085e+01 3.591837e+01
      vertex 2.579799e+01 -3.319835e+01 3.591837e+01
    endloop
  endfacet
  facet normal -1.152661e-01 9.140689e-01 -3.888339e-01
    outer loop
      vertex 2.798035e+01 -3.361766e+01 3.428571e+01
      vertex 2.633445e+01 -3.382521e+01 3.428571e+01
      vertex 2.579799e+01 -3.319835e+01 3.591837e+01
    endloop
  endfacet
  facet normal 1.307229e-01 -9.073649e-01 3.995003e-01
    outer loop
      vertex 2.741037e+01 -3.298085e+01 3.591837e+01
      vertex 2.684038e+01 -3.234413e+01 3.755102e+01
      vertex 2.526154e+01 -3.257159e+01 3.755102e+01
    endloop
  endfacet
  facet normal -1.230612e-01 9.122776e-01 -3.906477e-01
    outer loop
      vertex 2.741037e+01 -3.298085e+01 3.591837e+01
      vertex 2.579799e+01 -3.319835e+01 3.591837e+01
      vertex 2.526154e+01 -3.257159e+01 3.755102e+01
    endloop
  endfacet
  facet normal 1.390886e-01 -9.052240e-01 4.015270e-01
    outer loop
      vertex 2.684038e+01 -3.234413e+01 3.755102e+01
      vertex 2.627040e+01 -3.170752e+01 3.918367e+01
      vertex 2.472508e+01 -3.194496e+01 3.918367e+01
    endloop
  endfacet
  facet normal -1.311534e-01 9.103530e-01 -3.924999e-01
    outer loop
      vertex 2.684038e+01 -3.234413e+01 3.755102e+01
      vertex 2.526154e+01 -3.257159e+01 3.755102e+01
      vertex 2.472508e+01 -3.194496e+01 3.918367e+01
    endloop
  endfacet
  facet normal 1.477813e-01 -9.029229e-01 4.035975e-01
    outer loop
      vertex 2.627040e+01 -3.170752e+01 3.918367e+01
      vertex 2.570042e+01 -3.107103e+01 4.081633e+01
      vertex 2.418863e+01 -3.131846e+01 4.081633e+01
    endloop
  endfacet
  facet normal -1.395588e-01 9.082838e-01 -3.943905e-01
    outer loop
      vertex 2.627040e+01 -3.170752e+01 3.918367e+01
      vertex 2.472508e+01 -3.194496e+01 3.918367e+01
      vertex 2.418863e+01 -3.131846e+01 4.081633e+01
    endloop
  endfacet
  facet normal 1.568189e-01 -9.004476e-01 4.057116e-01
    outer loop
      vertex 2.570042e+01 -3.107103e+01 4.081633e+01
      vertex 2.513043e+01 -3.043468e+01 4.244898e+01
      vertex 2.365217e+01 -3.069213e+01 4.244898e+01
    endloop
  endfacet
  facet normal -1.482944e-01 9.060574e-01 -3.963190e-01
    outer loop
      vertex 2.570042e+01 -3.107103e+01 4.081633e+01
      vertex 2.418863e+01 -3.131846e+01 4.081633e+01
      vertex 2.365217e+01 -3.069213e+01 4.244898e+01
    endloop
  endfacet
  facet normal 1.662205e-01 -8.977828e-01 4.078686e-01
    outer loop
      vertex 2.513043e+01 -3.043468e+01 4.244898e+01
      vertex 2.456045e+01 -2.979848e+01 4.408163e+01
      vertex 2.311572e+01 -3.006597e+01 4.408163e+01
    endloop
  endfacet
  facet normal -1.573784e-01 9.036600e-01 -3.982846e-01
    outer loop
      vertex 2.513043e+01 -3.043468e+01 4.244898e+01
      vertex 2.365217e+01 -3.069213e+01 4.244898e+01
      vertex 2.311572e+01 -3.006597e+01 4.408163e+01
    endloop
  endfacet
  facet normal 1.760063e-01 -8.949113e-01 4.100677e-01
    outer loop
      vertex 2.456045e+01 -2.979848e+01 4.408163e+01
      vertex 2.399047e+01 -2.916247e+01 4.571429e+01
      vertex 2.257926e+01 -2.944001e+01 4.571429e+01
    endloop
  endfacet
  facet normal -1.668302e-01 9.010763e-01 -4.002864e-01
    outer loop
      vertex 2.456045e+01 -2.979848e+01 4.408163e+01
      vertex 2.311572e+01 -3.006597e+01 4.408163e+01
      vertex 2.257926e+01 -2.944001e+01 4.571429e+01
    endloop
  endfacet
  facet normal 1.861979e-01 -8.918144e-01 4.123075e-01
    outer loop
      vertex 2.399047e+01 -2.916247e+01 4.571429e+01
      vertex 2.342048e+01 -2.852666e+01 4.734694e+01
      vertex 2.204281e+01 -2.881429e+01 4.734694e+01
    endloop
  endfacet
  facet normal -1.766706e-01 8.982894e-01 -4.023228e-01
    outer loop
      vertex 2.399047e+01 -2.916247e+01 4.571429e+01
      vertex 2.257926e+01 -2.944001e+01 4.571429e+01
      vertex 2.204281e+01 -2.881429e+01 4.734694e+01
    endloop
  endfacet
  facet normal 1.968186e-01 -8.884712e-01 4.145859e-01
    outer loop
      vertex 2.342048e+01 -2.852666e+01 4.734694e+01
      vertex 2.285050e+01 -2.789108e+01 4.897959e+01
      vertex 2.150635e+01 -2.818884e+01 4.897959e+01
    endloop
  endfacet
  facet normal -1.869217e-01 8.952808e-01 -4.043917e-01
    outer loop
      vertex 2.342048e+01 -2.852666e+01 4.734694e+01
      vertex 2.204281e+01 -2.881429e+01 4.734694e+01
      vertex 2.150635e+01 -2.818884e+01 4.897959e+01
    endloop
  endfacet
  facet normal 2.078926e-01 -8.848586e-01 4.169003e-01
    outer loop
      vertex 2.285050e+01 -2.789108e+01 4.897959e+01
      vertex 2.228052e+01 -2.725577e+01 5.061224e+01
      vertex 2.096990e+01 -2.756369e+01 5.061224e+01
    endloop
  endfacet
  facet normal -1.976069e-01 8.920297e-01 -4.064905e-01
    outer loop
      vertex 2.285050e+01 -2.789108e+01 4.897959e+01
      vertex 2.150635e+01 -2.818884e+01 4.897959e+01
      vertex 2.096990e+01 -2.756369e+01 5.061224e+01
    endloop
  endfacet
  facet normal 2.194461e-01 -8.809512e-01 4.192474e-01
    outer loop
      vertex 2.228052e+01 -2.725577e+01 5.061224e+01
      vertex 2.171053e+01 -2.662077e+01 5.224490e+01
      vertex 2.043344e+01 -2.693889e+01 5.224490e+01
    endloop
  endfacet
  facet normal -2.087513e-01 8.885134e-01 -4.086158e-01
    outer loop
      vertex 2.228052e+01 -2.725577e+01 5.061224e+01
      vertex 2.096990e+01 -2.756369e+01 5.061224e+01
      vertex 2.043344e+01 -2.693889e+01 5.224490e+01
    endloop
  endfacet
  facet normal 2.315067e-01 -8.767205e-01 4.216228e-01
    outer loop
      vertex 2.171053e+01 -2.662077e+01 5.224490e+01
      vertex 2.114055e+01 -2.598612e+01 5.387755e+01
      vertex 1.989699e+01 -2.631450e+01 5.387755e+01
    endloop
  endfacet
  facet normal -2.203815e-01 8.847065e-01 -4.107631e-01
    outer loop
      vertex 2.171053e+01 -2.662077e+01 5.224490e+01
      vertex 2.043344e+01 -2.693889e+01 5.224490e+01
      vertex 1.989699e+01 -2.631450e+01 5.387755e+01
    endloop
  endfacet
  facet normal 2.441038e-01 -8.721351e-01 4.240208e-01
    outer loop
      vertex 2.114055e+01 -2.598612e+01 5.387755e+01
      vertex 2.057057e+01 -2.535188e+01 5.551020e+01
      vertex 1.936053e+01 -2.569056e+01 5.551020e+01
    endloop
  endfacet
  facet normal -2.325261e-01 8.805810e-01 -4.129271e-01
    outer loop
      vertex 2.114055e+01 -2.598612e+01 5.387755e+01
      vertex 1.989699e+01 -2.631450e+01 5.387755e+01
      vertex 1.936053e+01 -2.569056e+01 5.551020e+01
    endloop
  endfacet
  facet normal 2.572683e-01 -8.671601e-01 4.264345e-01
    outer loop
      vertex 2.057057e+01 -2.535188e+01 5.551020e+01
      vertex 2.000058e+01 -2.471811e+01 5.714286e+01
      vertex 1.882408e+01 -2.506715e+01 5.714286e+01
    endloop
  endfacet
  facet normal -2.452151e-01 8.761055e-01 -4.151009e-01
    outer loop
      vertex 2.057057e+01 -2.535188e+01 5.551020e+01
      vertex 1.936053e+01 -2.569056e+01 5.551020e+01
      vertex 1.882408e+01 -2.506715e+01 5.714286e+01
    endloop
  endfacet
  facet normal 2.710330e-01 -8.617564e-01 4.288554e-01
    outer loop
      vertex 2.000058e+01 -2.471811e+01 5.714286e+01
      vertex 1.943060e+01 -2.408488e+01 5.877551e+01
      vertex 1.828762e+01 -2.444436e+01 5.877551e+01
    endloop
  endfacet
  facet normal -2.584803e-01 8.712453e-01 -4.172762e-01
    outer loop
      vertex 2.000058e+01 -2.471811e+01 5.714286e+01
      vertex 1.882408e+01 -2.506715e+01 5.714286e+01
      vertex 1.828762e+01 -2.444436e+01 5.877551e+01
    endloop
  endfacet
  facet normal 2.854323e-01 -8.558810e-01 4.312726e-01
    outer loop
      vertex 1.943060e+01 -2.408488e+01 5.877551e+01
      vertex 1.886062e+01 -2.345229e+01 6.040816e+01
      vertex 1.775117e+01 -2.382228e+01 6.040816e+01
    endloop
  endfacet
  facet normal -2.723557e-01 8.659619e-01 -4.194428e-01
    outer loop
      vertex 1.943060e+01 -2.408488e+01 5.877551e+01
      vertex 1.828762e+01 -2.444436e+01 5.877551e+01
      vertex 1.775117e+01 -2.382228e+01 6.040816e+01
    endloop
  endfacet
  facet normal 3.005020e-01 -8.494858e-01 4.336731e-01
    outer loop
      vertex 1.886062e+01 -2.345229e+01 6.040816e+01
      vertex 1.829063e+01 -2.282043e+01 6.204082e+01
      vertex 1.721471e+01 -2.320103e+01 6.204082e+01
    endloop
  endfacet
  facet normal -2.868768e-01 8.602123e-01 -4.215880e-01
    outer loop
      vertex 1.886062e+01 -2.345229e+01 6.040816e+01
      vertex 1.775117e+01 -2.382228e+01 6.040816e+01
      vertex 1.721471e+01 -2.320103e+01 6.204082e+01
    endloop
  endfacet
  facet normal 3.162796e-01 -8.425174e-01 4.360408e-01
    outer loop
      vertex 1.829063e+01 -2.282043e+01 6.204082e+01
      vertex 1.772065e+01 -2.218942e+01 6.367347e+01
      vertex 1.667826e+01 -2.258074e+01 6.367347e+01
    endloop
  endfacet
  facet normal -3.020808e-01 8.539488e-01 -4.236965e-01
    outer loop
      vertex 1.829063e+01 -2.282043e+01 6.204082e+01
      vertex 1.721471e+01 -2.320103e+01 6.204082e+01
      vertex 1.667826e+01 -2.258074e+01 6.367347e+01
    endloop
  endfacet
  facet normal 3.328035e-01 -8.349167e-01 4.383559e-01
    outer loop
      vertex 1.772065e+01 -2.218942e+01 6.367347e+01
      vertex 1.715067e+01 -2.155943e+01 6.530612e+01
      vertex 1.614180e+01 -2.196157e+01 6.530612e+01
    endloop
  endfacet
  facet normal -3.180067e-01 8.471181e-01 -4.257495e-01
    outer loop
      vertex 1.772065e+01 -2.218942e+01 6.367347e+01
      vertex 1.667826e+01 -2.258074e+01 6.367347e+01
      vertex 1.614180e+01 -2.196157e+01 6.530612e+01
    endloop
  endfacet
  facet normal 3.501130e-01 -8.266181e-01 4.405943e-01
    outer loop
      vertex 1.715067e+01 -2.155943e+01 6.530612e+01
      vertex 1.658068e+01 -2.093063e+01 6.693878e+01
      vertex 1.560535e+01 -2.134373e+01 6.693878e+01
    endloop
  endfacet
  facet normal -3.346948e-01 8.396615e-01 -4.277242e-01
    outer loop
      vertex 1.715067e+01 -2.155943e+01 6.530612e+01
      vertex 1.614180e+01 -2.196157e+01 6.530612e+01
      vertex 1.560535e+01 -2.134373e+01 6.693878e+01
    endloop
  endfacet
  facet normal 3.682472e-01 -8.175494e-01 4.427268e-01
    outer loop
      vertex 1.658068e+01 -2.093063e+01 6.693878e+01
      vertex 1.601070e+01 -2.030324e+01 6.857143e+01
      vertex 1.506889e+01 -2.072745e+01 6.857143e+01
    endloop
  endfacet
  facet normal -3.521864e-01 8.315136e-01 -4.295928e-01
    outer loop
      vertex 1.658068e+01 -2.093063e+01 6.693878e+01
      vertex 1.560535e+01 -2.134373e+01 6.693878e+01
      vertex 1.506889e+01 -2.072745e+01 6.857143e+01
    endloop
  endfacet
  facet normal 3.872446e-01 -8.076311e-01 4.447175e-01
    outer loop
      vertex 1.601070e+01 -2.030324e+01 6.857143e+01
      vertex 1.544072e+01 -1.967752e+01 7.020408e+01
      vertex 1.453244e+01 -2.011303e+01 7.020408e+01
    endloop
  endfacet
  facet normal -3.705231e-01 8.226022e-01 -4.313215e-01
    outer loop
      vertex 1.601070e+01 -2.030324e+01 6.857143e+01
      vertex 1.506889e+01 -2.072745e+01 6.857143e+01
      vertex 1.453244e+01 -2.011303e+01 7.020408e+01
    endloop
  endfacet
  facet normal 4.071416e-01 -7.967767e-01 4.465228e-01
    outer loop
      vertex 1.544072e+01 -1.967752e+01 7.020408e+01
      vertex 1.487073e+01 -1.905382e+01 7.183673e+01
      vertex 1.399598e+01 -1.950080e+01 7.183673e+01
    endloop
  endfacet
  facet normal -3.897461e-01 8.128482e-01 -4.328692e-01
    outer loop
      vertex 1.544072e+01 -1.967752e+01 7.020408e+01
      vertex 1.453244e+01 -2.011303e+01 7.020408e+01
      vertex 1.399598e+01 -1.950080e+01 7.183673e+01
    endloop
  endfacet
  facet normal 4.279706e-01 -7.848928e-01 4.480898e-01
    outer loop
      vertex 1.487073e+01 -1.905382e+01 7.183673e+01
      vertex 1.430075e+01 -1.843254e+01 7.346939e+01
      vertex 1.345953e+01 -1.889122e+01 7.346939e+01
    endloop
  endfacet
  facet normal -4.098949e-01 8.021650e-01 -4.341860e-01
    outer loop
      vertex 1.487073e+01 -1.905382e+01 7.183673e+01
      vertex 1.399598e+01 -1.950080e+01 7.183673e+01
      vertex 1.345953e+01 -1.889122e+01 7.346939e+01
    endloop
  endfacet
  facet normal 4.497576e-01 -7.718803e-01 4.493538e-01
    outer loop
      vertex 1.430075e+01 -1.843254e+01 7.346939e+01
      vertex 1.373077e+01 -1.781420e+01 7.510204e+01
      vertex 1.292307e+01 -1.828482e+01 7.510204e+01
    endloop
  endfacet
  facet normal -4.310056e-01 7.904590e-01 -4.352112e-01
    outer loop
      vertex 1.430075e+01 -1.843254e+01 7.346939e+01
      vertex 1.345953e+01 -1.889122e+01 7.346939e+01
      vertex 1.292307e+01 -1.828482e+01 7.510204e+01
    endloop
  endfacet
  facet normal 4.725191e-01 -7.576365e-01 4.502362e-01
    outer loop
      vertex 1.373077e+01 -1.781420e+01 7.510204e+01
      vertex 1.316078e+01 -1.719946e+01 7.673469e+01
      vertex 1.238662e+01 -1.768228e+01 7.673469e+01
    endloop
  endfacet
  facet normal -4.531082e-01 7.776307e-01 -4.358709e-01
    outer loop
      vertex 1.373077e+01 -1.781420e+01 7.510204e+01
      vertex 1.292307e+01 -1.828482e+01 7.510204e+01
      vertex 1.238662e+01 -1.768228e+01 7.673469e+01
    endloop
  endfacet
  facet normal 4.962564e-01 -7.420593e-01 4.506413e-01
    outer loop
      vertex 1.316078e+01 -1.719946e+01 7.673469e+01
      vertex 1.259080e+01 -1.658915e+01 7.836735e+01
      vertex 1.185016e+01 -1.708445e+01 7.836735e+01
    endloop
  endfacet
  facet normal -4.762237e-01 7.635765e-01 -4.360756e-01
    outer loop
      vertex 1.316078e+01 -1.719946e+01 7.673469e+01
      vertex 1.238662e+01 -1.768228e+01 7.673469e+01
      vertex 1.185016e+01 -1.708445e+01 7.836735e+01
    endloop
  endfacet
  facet normal 5.209501e-01 -7.250539e-01 4.504529e-01
    outer loop
      vertex 1.259080e+01 -1.658915e+01 7.836735e+01
      vertex 1.202082e+01 -1.598437e+01 8.000000e+01
      vertex 1.131371e+01 -1.649242e+01 8.000000e+01
    endloop
  endfacet
  facet normal -5.003583e-01 7.481929e-01 -4.357166e-01
    outer loop
      vertex 1.259080e+01 -1.658915e+01 7.836735e+01
      vertex 1.185016e+01 -1.708445e+01 7.836735e+01
      vertex 1.131371e+01 -1.649242e+01 8.000000e+01
    endloop
  endfacet
  facet normal 3.731671e-03 -9.330068e-01 3.598393e-01
    outer loop
      vertex 3.760000e+01 -4.700000e+01 0.000000e+00
      vertex 3.706355e+01 -4.637247e+01 1.632653e+00
      vertex 3.474707e+01 -4.638173e+01 1.632653e+00
    endloop
  endfacet
  facet normal 0.000000e+00 9.351904e-01 -3.541454e-01
    outer loop
      vertex 3.760000e+01 -4.700000e+01 0.000000e+00
      vertex 3.525000e+01 -4.700000e+01 0.000000e+00
      vertex 3.474707e+01 -4.638173e+01 1.632653e+00
    endloop
  endfacet
  facet normal 7.569379e-03 -9.325626e-01 3.609289e-01
    outer loop
      vertex 3.706355e+01 -4.637247e+01 1.632653e+00
      vertex 3.652709e+01 -4.574494e+01 3.265306e+00
      vertex 3.424415e+01 -4.576347e+01 3.265306e+00
    endloop
  endfacet
  facet normal -3.738852e-03 9.348021e-01 -3.551494e-01
    outer loop
      vertex 3.706355e+01 -4.637247e+01 1.632653e+00
      vertex 3.474707e+01 -4.638173e+01 1.632653e+00
      vertex 3.424415e+01 -4.576347e+01 3.265306e+00
    endloop
  endfacet
  facet normal 1.151755e-02 -9.320902e-01 3.620432e-01
    outer loop
      vertex 3.652709e+01 -4.574494e+01 3.265306e+00
      vertex 3.599064e+01 -4.511741e+01 4.897959e+00
      vertex 3.374122e+01 -4.514521e+01 4.897959e+00
    endloop
  endfacet
  facet normal -7.584197e-03 9.343882e-01 -3.561757e-01
    outer loop
      vertex 3.652709e+01 -4.574494e+01 3.265306e+00
      vertex 3.424415e+01 -4.576347e+01 3.265306e+00
      vertex 3.374122e+01 -4.514521e+01 4.897959e+00
    endloop
  endfacet
  facet normal 1.558086e-02 -9.315876e-01 3.631829e-01
    outer loop
      vertex 3.599064e+01 -4.511741e+01 4.897959e+00
      vertex 3.545418e+01 -4.448989e+01 6.530612e+00
      vertex 3.323829e+01 -4.452695e+01 6.530612e+00
    endloop
  endfacet
  facet normal -1.154050e-02 9.339471e-01 -3.572250e-01
    outer loop
      vertex 3.599064e+01 -4.511741e+01 4.897959e+00
      vertex 3.374122e+01 -4.514521e+01 4.897959e+00
      vertex 3.323829e+01 -4.452695e+01 6.530612e+00
    endloop
  endfacet
  facet normal 1.976422e-02 -9.310528e-01 3.643488e-01
    outer loop
      vertex 3.545418e+01 -4.448989e+01 6.530612e+00
      vertex 3.491773e+01 -4.386237e+01 8.163265e+00
      vertex 3.273537e+01 -4.390870e+01 8.163265e+00
    endloop
  endfacet
  facet normal -1.561246e-02 9.334768e-01 -3.582979e-01
    outer loop
      vertex 3.545418e+01 -4.448989e+01 6.530612e+00
      vertex 3.323829e+01 -4.452695e+01 6.530612e+00
      vertex 3.273537e+01 -4.390870e+01 8.163265e+00
    endloop
  endfacet
  facet normal 2.407285e-02 -9.304836e-01 3.655417e-01
    outer loop
      vertex 3.491773e+01 -4.386237e+01 8.163265e+00
      vertex 3.438127e+01 -4.323486e+01 9.795918e+00
      vertex 3.223244e+01 -4.329045e+01 9.795918e+00
    endloop
  endfacet
  facet normal -1.980503e-02 9.329753e-01 -3.593951e-01
    outer loop
      vertex 3.491773e+01 -4.386237e+01 8.163265e+00
      vertex 3.273537e+01 -4.390870e+01 8.163265e+00
      vertex 3.223244e+01 -4.329045e+01 9.795918e+00
    endloop
  endfacet
  facet normal 2.851222e-02 -9.298777e-01 3.667623e-01
    outer loop
      vertex 3.438127e+01 -4.323486e+01 9.795918e+00
      vertex 3.384482e+01 -4.260736e+01 1.142857e+01
      vertex 3.172951e+01 -4.267222e+01 1.142857e+01
    endloop
  endfacet
  facet normal -2.412348e-02 9.324405e-01 -3.605173e-01
    outer loop
      vertex 3.438127e+01 -4.323486e+01 9.795918e+00
      vertex 3.223244e+01 -4.329045e+01 9.795918e+00
      vertex 3.172951e+01 -4.267222e+01 1.142857e+01
    endloop
  endfacet
  facet normal 3.308814e-02 -9.292324e-01 3.680113e-01
    outer loop
      vertex 3.384482e+01 -4.260736e+01 1.142857e+01
      vertex 3.330836e+01 -4.197987e+01 1.306122e+01
      vertex 3.122659e+01 -4.205399e+01 1.306122e+01
    endloop
  endfacet
  facet normal -2.857331e-02 9.318701e-01 -3.616650e-01
    outer loop
      vertex 3.384482e+01 -4.260736e+01 1.142857e+01
      vertex 3.172951e+01 -4.267222e+01 1.142857e+01
      vertex 3.122659e+01 -4.205399e+01 1.306122e+01
    endloop
  endfacet
  facet normal 3.780674e-02 -9.285450e-01 3.692896e-01
    outer loop
      vertex 3.330836e+01 -4.197987e+01 1.306122e+01
      vertex 3.277191e+01 -4.135239e+01 1.469388e+01
      vertex 3.072366e+01 -4.143579e+01 1.469388e+01
    endloop
  endfacet
  facet normal -3.316039e-02 9.312616e-01 -3.628391e-01
    outer loop
      vertex 3.330836e+01 -4.197987e+01 1.306122e+01
      vertex 3.122659e+01 -4.205399e+01 1.306122e+01
      vertex 3.072366e+01 -4.143579e+01 1.469388e+01
    endloop
  endfacet
  facet normal 4.267452e-02 -9.278125e-01 3.705980e-01
    outer loop
      vertex 3.277191e+01 -4.135239e+01 1.469388e+01
      vertex 3.223545e+01 -4.072493e+01 1.632653e+01
      vertex 3.022074e+01 -4.081760e+01 1.632653e+01
    endloop
  endfacet
  facet normal -3.789091e-02 9.306121e-01 -3.640403e-01
    outer loop
      vertex 3.277191e+01 -4.135239e+01 1.469388e+01
      vertex 3.072366e+01 -4.143579e+01 1.469388e+01
      vertex 3.022074e+01 -4.081760e+01 1.632653e+01
    endloop
  endfacet
  facet normal 4.769834e-02 -9.270315e-01 3.719374e-01
    outer loop
      vertex 3.223545e+01 -4.072493e+01 1.632653e+01
      vertex 3.169900e+01 -4.009749e+01 1.795918e+01
      vertex 2.971781e+01 -4.019943e+01 1.795918e+01
    endloop
  endfacet
  facet normal -4.277140e-02 9.299189e-01 -3.652691e-01
    outer loop
      vertex 3.223545e+01 -4.072493e+01 1.632653e+01
      vertex 3.022074e+01 -4.081760e+01 1.632653e+01
      vertex 2.971781e+01 -4.019943e+01 1.795918e+01
    endloop
  endfacet
  facet normal 5.288547e-02 -9.261987e-01 3.733084e-01
    outer loop
      vertex 3.169900e+01 -4.009749e+01 1.795918e+01
      vertex 3.116254e+01 -3.947007e+01 1.959184e+01
      vertex 2.921488e+01 -3.958128e+01 1.959184e+01
    endloop
  endfacet
  facet normal -4.780881e-02 9.291785e-01 -3.665263e-01
    outer loop
      vertex 3.169900e+01 -4.009749e+01 1.795918e+01
      vertex 2.971781e+01 -4.019943e+01 1.795918e+01
      vertex 2.921488e+01 -3.958128e+01 1.959184e+01
    endloop
  endfacet
  facet normal 5.824363e-02 -9.253100e-01 3.747120e-01
    outer loop
      vertex 3.116254e+01 -3.947007e+01 1.959184e+01
      vertex 3.062609e+01 -3.884268e+01 2.122449e+01
      vertex 2.871196e+01 -3.896317e+01 2.122449e+01
    endloop
  endfacet
  facet normal -5.301046e-02 9.283877e-01 -3.678127e-01
    outer loop
      vertex 3.116254e+01 -3.947007e+01 1.959184e+01
      vertex 2.921488e+01 -3.958128e+01 1.959184e+01
      vertex 2.871196e+01 -3.896317e+01 2.122449e+01
    endloop
  endfacet
  facet normal 6.378099e-02 -9.243614e-01 3.761490e-01
    outer loop
      vertex 3.062609e+01 -3.884268e+01 2.122449e+01
      vertex 3.008963e+01 -3.821533e+01 2.285714e+01
      vertex 2.820903e+01 -3.834509e+01 2.285714e+01
    endloop
  endfacet
  facet normal -5.838416e-02 9.275426e-01 -3.691288e-01
    outer loop
      vertex 3.062609e+01 -3.884268e+01 2.122449e+01
      vertex 2.871196e+01 -3.896317e+01 2.122449e+01
      vertex 2.820903e+01 -3.834509e+01 2.285714e+01
    endloop
  endfacet
  facet normal 6.950622e-02 -9.233482e-01 3.776202e-01
    outer loop
      vertex 3.008963e+01 -3.821533e+01 2.285714e+01
      vertex 2.955318e+01 -3.758800e+01 2.448980e+01
      vertex 2.770610e+01 -3.772705e+01 2.448980e+01
    endloop
  endfacet
  facet normal -6.393814e-02 9.266390e-01 -3.704755e-01
    outer loop
      vertex 3.008963e+01 -3.821533e+01 2.285714e+01
      vertex 2.820903e+01 -3.834509e+01 2.285714e+01
      vertex 2.770610e+01 -3.772705e+01 2.448980e+01
    endloop
  endfacet
  facet normal 7.542852e-02 -9.222656e-01 3.791263e-01
    outer loop
      vertex 2.955318e+01 -3.758800e+01 2.448980e+01
      vertex 2.901672e+01 -3.696073e+01 2.612245e+01
      vertex 2.720318e+01 -3.710905e+01 2.612245e+01
    endloop
  endfacet
  facet normal -6.968119e-02 9.256726e-01 -3.718532e-01
    outer loop
      vertex 2.955318e+01 -3.758800e+01 2.448980e+01
      vertex 2.770610e+01 -3.772705e+01 2.448980e+01
      vertex 2.720318e+01 -3.710905e+01 2.612245e+01
    endloop
  endfacet
  facet normal 8.155768e-02 -9.211081e-01 3.806682e-01
    outer loop
      vertex 2.901672e+01 -3.696073e+01 2.612245e+01
      vertex 2.848027e+01 -3.633350e+01 2.775510e+01
      vertex 2.670025e+01 -3.649110e+01 2.775510e+01
    endloop
  endfacet
  facet normal -7.562259e-02 9.246384e-01 -3.732627e-01
    outer loop
      vertex 2.901672e+01 -3.696073e+01 2.612245e+01
      vertex 2.720318e+01 -3.710905e+01 2.612245e+01
      vertex 2.670025e+01 -3.649110e+01 2.775510e+01
    endloop
  endfacet
  facet normal 8.790409e-02 -9.198698e-01 3.822465e-01
    outer loop
      vertex 2.848027e+01 -3.633350e+01 2.775510e+01
      vertex 2.794381e+01 -3.570632e+01 2.938776e+01
      vertex 2.619732e+01 -3.587322e+01 2.938776e+01
    endloop
  endfacet
  facet normal -8.177223e-02 9.235312e-01 -3.747045e-01
    outer loop
      vertex 2.848027e+01 -3.633350e+01 2.775510e+01
      vertex 2.670025e+01 -3.649110e+01 2.775510e+01
      vertex 2.619732e+01 -3.587322e+01 2.938776e+01
    endloop
  endfacet
  facet normal 9.447878e-02 -9.185444e-01 3.838620e-01
    outer loop
      vertex 2.794381e+01 -3.570632e+01 2.938776e+01
      vertex 2.740736e+01 -3.507921e+01 3.102041e+01
      vertex 2.569440e+01 -3.525540e+01 3.102041e+01
    endloop
  endfacet
  facet normal -8.814063e-02 9.223451e-01 -3.761792e-01
    outer loop
      vertex 2.794381e+01 -3.570632e+01 2.938776e+01
      vertex 2.619732e+01 -3.587322e+01 2.938776e+01
      vertex 2.569440e+01 -3.525540e+01 3.102041e+01
    endloop
  endfacet
  facet normal 1.012935e-01 -9.171247e-01 3.855152e-01
    outer loop
      vertex 2.740736e+01 -3.507921e+01 3.102041e+01
      vertex 2.687090e+01 -3.445217e+01 3.265306e+01
      vertex 2.519147e+01 -3.463766e+01 3.265306e+01
    endloop
  endfacet
  facet normal -9.473895e-02 9.210738e-01 -3.776872e-01
    outer loop
      vertex 2.740736e+01 -3.507921e+01 3.102041e+01
      vertex 2.569440e+01 -3.525540e+01 3.102041e+01
      vertex 2.519147e+01 -3.463766e+01 3.265306e+01
    endloop
  endfacet
  facet normal 1.083608e-01 -9.156030e-01 3.872067e-01
    outer loop
      vertex 2.687090e+01 -3.445217e+01 3.265306e+01
      vertex 2.633445e+01 -3.382521e+01 3.428571e+01
      vertex 2.468854e+01 -3.402000e+01 3.428571e+01
    endloop
  endfacet
  facet normal -1.015791e-01 9.197104e-01 -3.792289e-01
    outer loop
      vertex 2.687090e+01 -3.445217e+01 3.265306e+01
      vertex 2.519147e+01 -3.463766e+01 3.265306e+01
      vertex 2.468854e+01 -3.402000e+01 3.428571e+01
    endloop
  endfacet
  facet normal 1.156939e-01 -9.139710e-01 3.889369e-01
    outer loop
      vertex 2.633445e+01 -3.382521e+01 3.428571e+01
      vertex 2.579799e+01 -3.319835e+01 3.591837e+01
      vertex 2.418562e+01 -3.340245e+01 3.591837e+01
    endloop
  endfacet
  facet normal -1.086737e-01 9.182472e-01 -3.808045e-01
    outer loop
      vertex 2.633445e+01 -3.382521e+01 3.428571e+01
      vertex 2.468854e+01 -3.402000e+01 3.428571e+01
      vertex 2.418562e+01 -3.340245e+01 3.591837e+01
    endloop
  endfacet
  facet normal 1.233070e-01 -9.122193e-01 3.907061e-01
    outer loop
      vertex 2.579799e+01 -3.319835e+01 3.591837e+01
      vertex 2.526154e+01 -3.257159e+01 3.755102e+01
      vertex 2.368269e+01 -3.278501e+01 3.755102e+01
    endloop
  endfacet
  facet normal -1.160363e-01 9.166760e-01 -3.824143e-01
    outer loop
      vertex 2.579799e+01 -3.319835e+01 3.591837e+01
      vertex 2.418562e+01 -3.340245e+01 3.591837e+01
      vertex 2.368269e+01 -3.278501e+01 3.755102e+01
    endloop
  endfacet
  facet normal 1.312152e-01 -9.103378e-01 3.925144e-01
    outer loop
      vertex 2.526154e+01 -3.257159e+01 3.755102e+01
      vertex 2.472508e+01 -3.194496e+01 3.918367e+01
      vertex 2.317976e+01 -3.216770e+01 3.918367e+01
    endloop
  endfacet
  facet normal -1.236812e-01 9.149876e-01 -3.840582e-01
    outer loop
      vertex 2.526154e+01 -3.257159e+01 3.755102e+01
      vertex 2.368269e+01 -3.278501e+01 3.755102e+01
      vertex 2.317976e+01 -3.216770e+01 3.918367e+01
    endloop
  endfacet
  facet normal 1.394346e-01 -9.083153e-01 3.943618e-01
    outer loop
      vertex 2.472508e+01 -3.194496e+01 3.918367e+01
      vertex 2.418863e+01 -3.131846e+01 4.081633e+01
      vertex 2.267684e+01 -3.155054e+01 4.081633e+01
    endloop
  endfacet
  facet normal -1.316237e-01 9.131719e-01 -3.857359e-01
    outer loop
      vertex 2.472508e+01 -3.194496e+01 3.918367e+01
      vertex 2.317976e+01 -3.216770e+01 3.918367e+01
      vertex 2.267684e+01 -3.155054e+01 4.081633e+01
    endloop
  endfacet
  facet normal 1.479824e-01 -9.061395e-01 3.962480e-01
    outer loop
      vertex 2.418863e+01 -3.131846e+01 4.081633e+01
      vertex 2.365217e+01 -3.069213e+01 4.244898e+01
      vertex 2.217391e+01 -3.093354e+01 4.244898e+01
    endloop
  endfacet
  facet normal -1.398802e-01 9.112180e-01 -3.874471e-01
    outer loop
      vertex 2.418863e+01 -3.131846e+01 4.081633e+01
      vertex 2.267684e+01 -3.155054e+01 4.081633e+01
      vertex 2.217391e+01 -3.093354e+01 4.244898e+01
    endloop
  endfacet
  facet normal 1.568767e-01 -9.037967e-01 3.981723e-01
    outer loop
      vertex 2.365217e+01 -3.069213e+01 4.244898e+01
      vertex 2.311572e+01 -3.006597e+01 4.408163e+01
      vertex 2.167098e+01 -3.031674e+01 4.408163e+01
    endloop
  endfacet
  facet normal -1.484681e-01 9.091136e-01 -3.891910e-01
    outer loop
      vertex 2.365217e+01 -3.069213e+01 4.244898e+01
      vertex 2.217391e+01 -3.093354e+01 4.244898e+01
      vertex 2.167098e+01 -3.031674e+01 4.408163e+01
    endloop
  endfacet
  facet normal 1.661371e-01 -9.012721e-01 4.001338e-01
    outer loop
      vertex 2.311572e+01 -3.006597e+01 4.408163e+01
      vertex 2.257926e+01 -2.944001e+01 4.571429e+01
      vertex 2.116806e+01 -2.970015e+01 4.571429e+01
    endloop
  endfacet
  facet normal -1.574059e-01 9.068453e-01 -3.909667e-01
    outer loop
      vertex 2.311572e+01 -3.006597e+01 4.408163e+01
      vertex 2.167098e+01 -3.031674e+01 4.408163e+01
      vertex 2.116806e+01 -2.970015e+01 4.571429e+01
    endloop
  endfacet
  facet normal 1.757843e-01 -8.985491e-01 4.021311e-01
    outer loop
      vertex 2.257926e+01 -2.944001e+01 4.571429e+01
      vertex 2.204281e+01 -2.881429e+01 4.734694e+01
      vertex 2.066513e+01 -2.908381e+01 4.734694e+01
    endloop
  endfacet
  facet normal -1.667134e-01 9.043984e-01 -3.927725e-01
    outer loop
      vertex 2.257926e+01 -2.944001e+01 4.571429e+01
      vertex 2.116806e+01 -2.970015e+01 4.571429e+01
      vertex 2.066513e+01 -2.908381e+01 4.734694e+01
    endloop
  endfacet
  facet normal 1.858404e-01 -8.956094e-01 4.041623e-01
    outer loop
      vertex 2.204281e+01 -2.881429e+01 4.734694e+01
      vertex 2.150635e+01 -2.818884e+01 4.897959e+01
      vertex 2.016221e+01 -2.846775e+01 4.897959e+01
    endloop
  endfacet
  facet normal -1.764118e-01 9.017564e-01 -3.946065e-01
    outer loop
      vertex 2.204281e+01 -2.881429e+01 4.734694e+01
      vertex 2.066513e+01 -2.908381e+01 4.734694e+01
      vertex 2.016221e+01 -2.846775e+01 4.897959e+01
    endloop
  endfacet
  facet normal 1.963288e-01 -8.924328e-01 4.062249e-01
    outer loop
      vertex 2.150635e+01 -2.818884e+01 4.897959e+01
      vertex 2.096990e+01 -2.756369e+01 5.061224e+01
      vertex 1.965928e+01 -2.785202e+01 5.061224e+01
    endloop
  endfacet
  facet normal -1.865235e-01 8.989013e-01 -3.964663e-01
    outer loop
      vertex 2.150635e+01 -2.818884e+01 4.897959e+01
      vertex 2.016221e+01 -2.846775e+01 4.897959e+01
      vertex 1.965928e+01 -2.785202e+01 5.061224e+01
    endloop
  endfacet
  facet normal 2.072745e-01 -8.889970e-01 4.083156e-01
    outer loop
      vertex 2.096990e+01 -2.756369e+01 5.061224e+01
      vertex 2.043344e+01 -2.693889e+01 5.224490e+01
      vertex 1.915635e+01 -2.723665e+01 5.224490e+01
    endloop
  endfacet
  facet normal -1.970724e-01 8.958130e-01 -3.983485e-01
    outer loop
      vertex 2.096990e+01 -2.756369e+01 5.061224e+01
      vertex 1.965928e+01 -2.785202e+01 5.061224e+01
      vertex 1.915635e+01 -2.723665e+01 5.224490e+01
    endloop
  endfacet
  facet normal 2.187041e-01 -8.852772e-01 4.104301e-01
    outer loop
      vertex 2.043344e+01 -2.693889e+01 5.224490e+01
      vertex 1.989699e+01 -2.631450e+01 5.387755e+01
      vertex 1.865343e+01 -2.662171e+01 5.387755e+01
    endloop
  endfacet
  facet normal -2.080842e-01 8.924695e-01 -4.002489e-01
    outer loop
      vertex 2.043344e+01 -2.693889e+01 5.224490e+01
      vertex 1.915635e+01 -2.723665e+01 5.224490e+01
      vertex 1.865343e+01 -2.662171e+01 5.387755e+01
    endloop
  endfacet
  facet normal 2.306455e-01 -8.812458e-01 4.125632e-01
    outer loop
      vertex 1.989699e+01 -2.631450e+01 5.387755e+01
      vertex 1.936053e+01 -2.569056e+01 5.551020e+01
      vertex 1.815050e+01 -2.600726e+01 5.551020e+01
    endloop
  endfacet
  facet normal -2.195858e-01 8.888461e-01 -4.021626e-01
    outer loop
      vertex 1.989699e+01 -2.631450e+01 5.387755e+01
      vertex 1.865343e+01 -2.662171e+01 5.387755e+01
      vertex 1.815050e+01 -2.600726e+01 5.551020e+01
    endloop
  endfacet
  facet normal 2.431286e-01 -8.768726e-01 4.147082e-01
    outer loop
      vertex 1.936053e+01 -2.569056e+01 5.551020e+01
      vertex 1.882408e+01 -2.506715e+01 5.714286e+01
      vertex 1.764757e+01 -2.539336e+01 5.714286e+01
    endloop
  endfacet
  facet normal -2.316060e-01 8.849156e-01 -4.040830e-01
    outer loop
      vertex 1.936053e+01 -2.569056e+01 5.551020e+01
      vertex 1.815050e+01 -2.600726e+01 5.551020e+01
      vertex 1.764757e+01 -2.539336e+01 5.714286e+01
    endloop
  endfacet
  facet normal 2.561847e-01 -8.721237e-01 4.168570e-01
    outer loop
      vertex 1.882408e+01 -2.506715e+01 5.714286e+01
      vertex 1.828762e+01 -2.444436e+01 5.877551e+01
      vertex 1.714465e+01 -2.478011e+01 5.877551e+01
    endloop
  endfacet
  facet normal -2.441754e-01 8.806478e-01 -4.060023e-01
    outer loop
      vertex 1.882408e+01 -2.506715e+01 5.714286e+01
      vertex 1.764757e+01 -2.539336e+01 5.714286e+01
      vertex 1.714465e+01 -2.478011e+01 5.877551e+01
    endloop
  endfacet
  facet normal 2.698465e-01 -8.669617e-01 4.189992e-01
    outer loop
      vertex 1.828762e+01 -2.444436e+01 5.877551e+01
      vertex 1.775117e+01 -2.382228e+01 6.040816e+01
      vertex 1.664172e+01 -2.416760e+01 6.040816e+01
    endloop
  endfacet
  facet normal -2.573260e-01 8.760092e-01 -4.079109e-01
    outer loop
      vertex 1.828762e+01 -2.444436e+01 5.877551e+01
      vertex 1.714465e+01 -2.478011e+01 5.877551e+01
      vertex 1.664172e+01 -2.416760e+01 6.040816e+01
    endloop
  endfacet
  facet normal 2.841484e-01 -8.613451e-01 4.211226e-01
    outer loop
      vertex 1.775117e+01 -2.382228e+01 6.040816e+01
      vertex 1.721471e+01 -2.320103e+01 6.204082e+01
      vertex 1.613879e+01 -2.355596e+01 6.204082e+01
    endloop
  endfacet
  facet normal -2.710918e-01 8.709625e-01 -4.097969e-01
    outer loop
      vertex 1.775117e+01 -2.382228e+01 6.040816e+01
      vertex 1.664172e+01 -2.416760e+01 6.040816e+01
      vertex 1.613879e+01 -2.355596e+01 6.204082e+01
    endloop
  endfacet
  facet normal 2.991260e-01 -8.552283e-01 4.232118e-01
    outer loop
      vertex 1.721471e+01 -2.320103e+01 6.204082e+01
      vertex 1.667826e+01 -2.258074e+01 6.367347e+01
      vertex 1.563587e+01 -2.294532e+01 6.367347e+01
    endloop
  endfacet
  facet normal -2.855081e-01 8.654667e-01 -4.116461e-01
    outer loop
      vertex 1.721471e+01 -2.320103e+01 6.204082e+01
      vertex 1.613879e+01 -2.355596e+01 6.204082e+01
      vertex 1.563587e+01 -2.294532e+01 6.367347e+01
    endloop
  endfacet
  facet normal 3.148160e-01 -8.485605e-01 4.252481e-01
    outer loop
      vertex 1.667826e+01 -2.258074e+01 6.367347e+01
      vertex 1.614180e+01 -2.196157e+01 6.530612e+01
      vertex 1.513294e+01 -2.233586e+01 6.530612e+01
    endloop
  endfacet
  facet normal -3.006118e-01 8.594761e-01 -4.134409e-01
    outer loop
      vertex 1.667826e+01 -2.258074e+01 6.367347e+01
      vertex 1.563587e+01 -2.294532e+01 6.367347e+01
      vertex 1.513294e+01 -2.233586e+01 6.530612e+01
    endloop
  endfacet
  facet normal 3.312553e-01 -8.412862e-01 4.272089e-01
    outer loop
      vertex 1.614180e+01 -2.196157e+01 6.530612e+01
      vertex 1.560535e+01 -2.134373e+01 6.693878e+01
      vertex 1.463001e+01 -2.172777e+01 6.693878e+01
    endloop
  endfacet
  facet normal -3.164409e-01 8.529404e-01 -4.151601e-01
    outer loop
      vertex 1.614180e+01 -2.196157e+01 6.530612e+01
      vertex 1.513294e+01 -2.233586e+01 6.530612e+01
      vertex 1.463001e+01 -2.172777e+01 6.693878e+01
    endloop
  endfacet
  facet normal 3.484810e-01 -8.333445e-01 4.290664e-01
    outer loop
      vertex 1.560535e+01 -2.134373e+01 6.693878e+01
      vertex 1.506889e+01 -2.072745e+01 6.857143e+01
      vertex 1.412709e+01 -2.112129e+01 6.857143e+01
    endloop
  endfacet
  facet normal -3.330342e-01 8.458040e-01 -4.167778e-01
    outer loop
      vertex 1.560535e+01 -2.134373e+01 6.693878e+01
      vertex 1.463001e+01 -2.172777e+01 6.693878e+01
      vertex 1.412709e+01 -2.112129e+01 6.857143e+01
    endloop
  endfacet
  facet normal 3.665290e-01 -8.246691e-01 4.307869e-01
    outer loop
      vertex 1.506889e+01 -2.072745e+01 6.857143e+01
      vertex 1.453244e+01 -2.011303e+01 7.020408e+01
      vertex 1.362416e+01 -2.051672e+01 7.020408e+01
    endloop
  endfacet
  facet normal -3.504305e-01 8.380064e-01 -4.182629e-01
    outer loop
      vertex 1.506889e+01 -2.072745e+01 6.857143e+01
      vertex 1.412709e+01 -2.112129e+01 6.857143e+01
      vertex 1.362416e+01 -2.051672e+01 7.020408e+01
    endloop
  endfacet
  facet normal 3.854329e-01 -8.151887e-01 4.323296e-01
    outer loop
      vertex 1.453244e+01 -2.011303e+01 7.020408e+01
      vertex 1.399598e+01 -1.950080e+01 7.183673e+01
      vertex 1.312123e+01 -1.991440e+01 7.183673e+01
    endloop
  endfacet
  facet normal -3.686678e-01 8.294812e-01 -4.195773e-01
    outer loop
      vertex 1.453244e+01 -2.011303e+01 7.020408e+01
      vertex 1.362416e+01 -2.051672e+01 7.020408e+01
      vertex 1.312123e+01 -1.991440e+01 7.183673e+01
    endloop
  endfacet
  facet normal 4.052219e-01 -8.048276e-01 4.336447e-01
    outer loop
      vertex 1.399598e+01 -1.950080e+01 7.183673e+01
      vertex 1.345953e+01 -1.889122e+01 7.346939e+01
      vertex 1.261831e+01 -1.931477e+01 7.346939e+01
    endloop
  endfacet
  facet normal -3.877820e-01 8.201570e-01 -4.206752e-01
    outer loop
      vertex 1.399598e+01 -1.950080e+01 7.183673e+01
      vertex 1.312123e+01 -1.991440e+01 7.183673e+01
      vertex 1.261831e+01 -1.931477e+01 7.346939e+01
    endloop
  endfacet
  facet normal 4.259187e-01 -7.935071e-01 4.346719e-01
    outer loop
      vertex 1.345953e+01 -1.889122e+01 7.346939e+01
      vertex 1.292307e+01 -1.828482e+01 7.510204e+01
      vertex 1.211538e+01 -1.871836e+01 7.510204e+01
    endloop
  endfacet
  facet normal -4.078050e-01 8.099580e-01 -4.215009e-01
    outer loop
      vertex 1.345953e+01 -1.889122e+01 7.346939e+01
      vertex 1.261831e+01 -1.931477e+01 7.346939e+01
      vertex 1.211538e+01 -1.871836e+01 7.510204e+01
    endloop
  endfacet
  facet normal 4.475356e-01 -7.811483e-01 4.353381e-01
    outer loop
      vertex 1.292307e+01 -1.828482e+01 7.510204e+01
      vertex 1.238662e+01 -1.768228e+01 7.673469e+01
      vertex 1.161245e+01 -1.812582e+01 7.673469e+01
    endloop
  endfacet
  facet normal -4.287624e-01 7.988050e-01 -4.219874e-01
    outer loop
      vertex 1.292307e+01 -1.828482e+01 7.510204e+01
      vertex 1.211538e+01 -1.871836e+01 7.510204e+01
      vertex 1.161245e+01 -1.812582e+01 7.673469e+01
    endloop
  endfacet
  facet normal 4.700697e-01 -7.676761e-01 4.355547e-01
    outer loop
      vertex 1.238662e+01 -1.768228e+01 7.673469e+01
      vertex 1.185016e+01 -1.708445e+01 7.836735e+01
      vertex 1.110953e+01 -1.753797e+01 7.836735e+01
    endloop
  endfacet
  facet normal -4.506693e-01 7.866180e-01 -4.220537e-01
    outer loop
      vertex 1.238662e+01 -1.768228e+01 7.673469e+01
      vertex 1.161245e+01 -1.812582e+01 7.673469e+01
      vertex 1.110953e+01 -1.753797e+01 7.836735e+01
    endloop
  endfacet
  facet normal 4.934962e-01 -7.530269e-01 4.352148e-01
    outer loop
      vertex 1.185016e+01 -1.708445e+01 7.836735e+01
      vertex 1.131371e+01 -1.649242e+01 8.000000e+01
      vertex 1.060660e+01 -1.695582e+01 8.000000e+01
    endloop
  endfacet
  facet normal -4.735259e-01 7.733205e-01 -4.216025e-01
    outer loop
      vertex 1.185016e+01 -1.708445e+01 7.836735e+01
      vertex 1.110953e+01 -1.753797e+01 7.836735e+01
      vertex 1.060660e+01 -1.695582e+01 8.000000e+01
    endloop
  endfacet
  facet normal 3.497726e-03 -9.348273e-01 3.550853e-01
    outer loop
      vertex 3.525000e+01 -4.700000e+01 0.000000e+00
      vertex 3.474707e+01 -4.638173e+01 1.632653e+00
      vertex 3.243060e+01 -4.639040e+01 1.632653e+00
    endloop
  endfacet
  facet normal 0.000000e+00 9.368274e-01 -3.497920e-01
    outer loop
      vertex 3.525000e+01 -4.700000e+01 0.000000e+00
      vertex 3.290000e+01 -4.700000e+01 0.000000e+00
      vertex 3.243060e+01 -4.639040e+01 1.632653e+00
    endloop
  endfacet
  facet normal 7.095267e-03 -9.344413e-01 3.560466e-01
    outer loop
      vertex 3.474707e+01 -4.638173e+01 1.632653e+00
      vertex 3.424415e+01 -4.576347e+01 3.265306e+00
      vertex 3.196120e+01 -4.578080e+01 3.265306e+00
    endloop
  endfacet
  facet normal -3.503952e-03 9.364913e-01 -3.506732e-01
    outer loop
      vertex 3.474707e+01 -4.638173e+01 1.632653e+00
      vertex 3.243060e+01 -4.639040e+01 1.632653e+00
      vertex 3.196120e+01 -4.578080e+01 3.265306e+00
    endloop
  endfacet
  facet normal 1.079681e-02 -9.340306e-01 3.570299e-01
    outer loop
      vertex 3.424415e+01 -4.576347e+01 3.265306e+00
      vertex 3.374122e+01 -4.514521e+01 4.897959e+00
      vertex 3.149181e+01 -4.517121e+01 4.897959e+00
    endloop
  endfacet
  facet normal -7.108113e-03 9.361331e-01 -3.515741e-01
    outer loop
      vertex 3.424415e+01 -4.576347e+01 3.265306e+00
      vertex 3.196120e+01 -4.578080e+01 3.265306e+00
      vertex 3.149181e+01 -4.517121e+01 4.897959e+00
    endloop
  endfacet
  facet normal 1.460677e-02 -9.335936e-01 3.580357e-01
    outer loop
      vertex 3.374122e+01 -4.514521e+01 4.897959e+00
      vertex 3.323829e+01 -4.452695e+01 6.530612e+00
      vertex 3.102241e+01 -4.456162e+01 6.530612e+00
    endloop
  endfacet
  facet normal -1.081670e-02 9.357511e-01 -3.524953e-01
    outer loop
      vertex 3.374122e+01 -4.514521e+01 4.897959e+00
      vertex 3.149181e+01 -4.517121e+01 4.897959e+00
      vertex 3.102241e+01 -4.456162e+01 6.530612e+00
    endloop
  endfacet
  facet normal 1.852982e-02 -9.331287e-01 3.590648e-01
    outer loop
      vertex 3.323829e+01 -4.452695e+01 6.530612e+00
      vertex 3.273537e+01 -4.390870e+01 8.163265e+00
      vertex 3.055301e+01 -4.395203e+01 8.163265e+00
    endloop
  endfacet
  facet normal -1.463415e-02 9.353437e-01 -3.534374e-01
    outer loop
      vertex 3.323829e+01 -4.452695e+01 6.530612e+00
      vertex 3.102241e+01 -4.456162e+01 6.530612e+00
      vertex 3.055301e+01 -4.395203e+01 8.163265e+00
    endloop
  endfacet
  facet normal 2.257086e-02 -9.326338e-01 3.601178e-01
    outer loop
      vertex 3.273537e+01 -4.390870e+01 8.163265e+00
      vertex 3.223244e+01 -4.329045e+01 9.795918e+00
      vertex 3.008361e+01 -4.334246e+01 9.795918e+00
    endloop
  endfacet
  facet normal -1.856517e-02 9.349093e-01 -3.544009e-01
    outer loop
      vertex 3.273537e+01 -4.390870e+01 8.163265e+00
      vertex 3.055301e+01 -4.395203e+01 8.163265e+00
      vertex 3.008361e+01 -4.334246e+01 9.795918e+00
    endloop
  endfacet
  facet normal 2.673509e-02 -9.321068e-01 3.611954e-01
    outer loop
      vertex 3.223244e+01 -4.329045e+01 9.795918e+00
      vertex 3.172951e+01 -4.267222e+01 1.142857e+01
      vertex 2.961421e+01 -4.273289e+01 1.142857e+01
    endloop
  endfacet
  facet normal -2.261471e-02 9.344458e-01 -3.553865e-01
    outer loop
      vertex 3.223244e+01 -4.329045e+01 9.795918e+00
      vertex 3.008361e+01 -4.334246e+01 9.795918e+00
      vertex 2.961421e+01 -4.273289e+01 1.142857e+01
    endloop
  endfacet
  facet normal 3.102802e-02 -9.315456e-01 3.622983e-01
    outer loop
      vertex 3.172951e+01 -4.267222e+01 1.142857e+01
      vertex 3.122659e+01 -4.205399e+01 1.306122e+01
      vertex 2.914482e+01 -4.212333e+01 1.306122e+01
    endloop
  endfacet
  facet normal -2.678800e-02 9.339514e-01 -3.563946e-01
    outer loop
      vertex 3.172951e+01 -4.267222e+01 1.142857e+01
      vertex 2.961421e+01 -4.273289e+01 1.142857e+01
      vertex 2.914482e+01 -4.212333e+01 1.306122e+01
    endloop
  endfacet
  facet normal 3.545544e-02 -9.309477e-01 3.634272e-01
    outer loop
      vertex 3.122659e+01 -4.205399e+01 1.306122e+01
      vertex 3.072366e+01 -4.143579e+01 1.469388e+01
      vertex 2.867542e+01 -4.151379e+01 1.469388e+01
    endloop
  endfacet
  facet normal -3.109058e-02 9.334238e-01 -3.574260e-01
    outer loop
      vertex 3.122659e+01 -4.205399e+01 1.306122e+01
      vertex 2.914482e+01 -4.212333e+01 1.306122e+01
      vertex 2.867542e+01 -4.151379e+01 1.469388e+01
    endloop
  endfacet
  facet normal 4.002352e-02 -9.303104e-01 3.645829e-01
    outer loop
      vertex 3.072366e+01 -4.143579e+01 1.469388e+01
      vertex 3.022074e+01 -4.081760e+01 1.632653e+01
      vertex 2.820602e+01 -4.090427e+01 1.632653e+01
    endloop
  endfacet
  facet normal -3.552830e-02 9.328606e-01 -3.584813e-01
    outer loop
      vertex 3.072366e+01 -4.143579e+01 1.469388e+01
      vertex 2.867542e+01 -4.151379e+01 1.469388e+01
      vertex 2.820602e+01 -4.090427e+01 1.632653e+01
    endloop
  endfacet
  facet normal 4.473875e-02 -9.296309e-01 3.657661e-01
    outer loop
      vertex 3.022074e+01 -4.081760e+01 1.632653e+01
      vertex 2.971781e+01 -4.019943e+01 1.795918e+01
      vertex 2.773662e+01 -4.029477e+01 1.795918e+01
    endloop
  endfacet
  facet normal -4.010736e-02 9.322592e-01 -3.595610e-01
    outer loop
      vertex 3.022074e+01 -4.081760e+01 1.632653e+01
      vertex 2.820602e+01 -4.090427e+01 1.632653e+01
      vertex 2.773662e+01 -4.029477e+01 1.795918e+01
    endloop
  endfacet
  facet normal 4.960803e-02 -9.289061e-01 3.669774e-01
    outer loop
      vertex 2.971781e+01 -4.019943e+01 1.795918e+01
      vertex 2.921488e+01 -3.958128e+01 1.959184e+01
      vertex 2.726722e+01 -3.968530e+01 1.959184e+01
    endloop
  endfacet
  facet normal -4.483432e-02 9.316169e-01 -3.606658e-01
    outer loop
      vertex 2.971781e+01 -4.019943e+01 1.795918e+01
      vertex 2.773662e+01 -4.029477e+01 1.795918e+01
      vertex 2.726722e+01 -3.968530e+01 1.959184e+01
    endloop
  endfacet
  facet normal 5.463867e-02 -9.281327e-01 3.682177e-01
    outer loop
      vertex 2.921488e+01 -3.958128e+01 1.959184e+01
      vertex 2.871196e+01 -3.896317e+01 2.122449e+01
      vertex 2.679783e+01 -3.907585e+01 2.122449e+01
    endloop
  endfacet
  facet normal -4.971614e-02 9.309306e-01 -3.617963e-01
    outer loop
      vertex 2.921488e+01 -3.958128e+01 1.959184e+01
      vertex 2.726722e+01 -3.968530e+01 1.959184e+01
      vertex 2.679783e+01 -3.907585e+01 2.122449e+01
    endloop
  endfacet
  facet normal 5.983844e-02 -9.273070e-01 3.694876e-01
    outer loop
      vertex 2.871196e+01 -3.896317e+01 2.122449e+01
      vertex 2.820903e+01 -3.834509e+01 2.285714e+01
      vertex 2.632843e+01 -3.846644e+01 2.285714e+01
    endloop
  endfacet
  facet normal -5.476019e-02 9.301969e-01 -3.629531e-01
    outer loop
      vertex 2.871196e+01 -3.896317e+01 2.122449e+01
      vertex 2.679783e+01 -3.907585e+01 2.122449e+01
      vertex 2.632843e+01 -3.846644e+01 2.285714e+01
    endloop
  endfacet
  facet normal 6.521554e-02 -9.264250e-01 3.707879e-01
    outer loop
      vertex 2.820903e+01 -3.834509e+01 2.285714e+01
      vertex 2.770610e+01 -3.772705e+01 2.448980e+01
      vertex 2.585903e+01 -3.785707e+01 2.448980e+01
    endloop
  endfacet
  facet normal -5.997430e-02 9.294124e-01 -3.641368e-01
    outer loop
      vertex 2.820903e+01 -3.834509e+01 2.285714e+01
      vertex 2.632843e+01 -3.846644e+01 2.285714e+01
      vertex 2.585903e+01 -3.785707e+01 2.448980e+01
    endloop
  endfacet
  facet normal 7.077873e-02 -9.254824e-01 3.721193e-01
    outer loop
      vertex 2.770610e+01 -3.772705e+01 2.448980e+01
      vertex 2.720318e+01 -3.710905e+01 2.612245e+01
      vertex 2.538963e+01 -3.724774e+01 2.612245e+01
    endloop
  endfacet
  facet normal -6.536676e-02 9.285731e-01 -3.653480e-01
    outer loop
      vertex 2.770610e+01 -3.772705e+01 2.448980e+01
      vertex 2.585903e+01 -3.785707e+01 2.448980e+01
      vertex 2.538963e+01 -3.724774e+01 2.612245e+01
    endloop
  endfacet
  facet normal 7.653728e-02 -9.244744e-01 3.734824e-01
    outer loop
      vertex 2.720318e+01 -3.710905e+01 2.612245e+01
      vertex 2.670025e+01 -3.649110e+01 2.775510e+01
      vertex 2.492023e+01 -3.663847e+01 2.775510e+01
    endloop
  endfacet
  facet normal -7.094640e-02 9.276748e-01 -3.665871e-01
    outer loop
      vertex 2.720318e+01 -3.710905e+01 2.612245e+01
      vertex 2.538963e+01 -3.724774e+01 2.612245e+01
      vertex 2.492023e+01 -3.663847e+01 2.775510e+01
    endloop
  endfacet
  facet normal 8.250106e-02 -9.233960e-01 3.748779e-01
    outer loop
      vertex 2.670025e+01 -3.649110e+01 2.775510e+01
      vertex 2.619732e+01 -3.587322e+01 2.938776e+01
      vertex 2.445083e+01 -3.602926e+01 2.938776e+01
    endloop
  endfacet
  facet normal -7.672259e-02 9.267127e-01 -3.678548e-01
    outer loop
      vertex 2.670025e+01 -3.649110e+01 2.775510e+01
      vertex 2.492023e+01 -3.663847e+01 2.775510e+01
      vertex 2.445083e+01 -3.602926e+01 2.938776e+01
    endloop
  endfacet
  facet normal 8.868055e-02 -9.222415e-01 3.763063e-01
    outer loop
      vertex 2.619732e+01 -3.587322e+01 2.938776e+01
      vertex 2.569440e+01 -3.525540e+01 3.102041e+01
      vertex 2.398144e+01 -3.542011e+01 3.102041e+01
    endloop
  endfacet
  facet normal -8.270530e-02 9.256820e-01 -3.691514e-01
    outer loop
      vertex 2.619732e+01 -3.587322e+01 2.938776e+01
      vertex 2.445083e+01 -3.602926e+01 2.938776e+01
      vertex 2.398144e+01 -3.542011e+01 3.102041e+01
    endloop
  endfacet
  facet normal 9.508693e-02 -9.210047e-01 3.777683e-01
    outer loop
      vertex 2.569440e+01 -3.525540e+01 3.102041e+01
      vertex 2.519147e+01 -3.463766e+01 3.265306e+01
      vertex 2.351204e+01 -3.481105e+01 3.265306e+01
    endloop
  endfacet
  facet normal -8.890512e-02 9.245769e-01 -3.704773e-01
    outer loop
      vertex 2.569440e+01 -3.525540e+01 3.102041e+01
      vertex 2.398144e+01 -3.542011e+01 3.102041e+01
      vertex 2.351204e+01 -3.481105e+01 3.265306e+01
    endloop
  endfacet
  facet normal 1.017321e-01 -9.196789e-01 3.792641e-01
    outer loop
      vertex 2.519147e+01 -3.463766e+01 3.265306e+01
      vertex 2.468854e+01 -3.402000e+01 3.428571e+01
      vertex 2.304264e+01 -3.420207e+01 3.428571e+01
    endloop
  endfacet
  facet normal -9.533335e-02 9.233915e-01 -3.718329e-01
    outer loop
      vertex 2.519147e+01 -3.463766e+01 3.265306e+01
      vertex 2.351204e+01 -3.481105e+01 3.265306e+01
      vertex 2.304264e+01 -3.420207e+01 3.428571e+01
    endloop
  endfacet
  facet normal 1.086286e-01 -9.182568e-01 3.807943e-01
    outer loop
      vertex 2.468854e+01 -3.402000e+01 3.428571e+01
      vertex 2.418562e+01 -3.340245e+01 3.591837e+01
      vertex 2.257324e+01 -3.359319e+01 3.591837e+01
    endloop
  endfacet
  facet normal -1.020020e-01 9.221191e-01 -3.732184e-01
    outer loop
      vertex 2.468854e+01 -3.402000e+01 3.428571e+01
      vertex 2.304264e+01 -3.420207e+01 3.428571e+01
      vertex 2.257324e+01 -3.359319e+01 3.591837e+01
    endloop
  endfacet
  facet normal 1.157901e-01 -9.167302e-01 3.823590e-01
    outer loop
      vertex 2.418562e+01 -3.340245e+01 3.591837e+01
      vertex 2.368269e+01 -3.278501e+01 3.755102e+01
      vertex 2.210384e+01 -3.298443e+01 3.755102e+01
    endloop
  endfacet
  facet normal -1.089239e-01 9.207525e-01 -3.746338e-01
    outer loop
      vertex 2.418562e+01 -3.340245e+01 3.591837e+01
      vertex 2.257324e+01 -3.359319e+01 3.591837e+01
      vertex 2.210384e+01 -3.298443e+01 3.755102e+01
    endloop
  endfacet
  facet normal 1.232308e-01 -9.150903e-01 3.839582e-01
    outer loop
      vertex 2.368269e+01 -3.278501e+01 3.755102e+01
      vertex 2.317976e+01 -3.216770e+01 3.918367e+01
      vertex 2.163445e+01 -3.237580e+01 3.918367e+01
    endloop
  endfacet
  facet normal -1.161126e-01 9.192836e-01 -3.760791e-01
    outer loop
      vertex 2.368269e+01 -3.278501e+01 3.755102e+01
      vertex 2.210384e+01 -3.298443e+01 3.755102e+01
      vertex 2.163445e+01 -3.237580e+01 3.918367e+01
    endloop
  endfacet
  facet normal 1.309660e-01 -9.133273e-01 3.855920e-01
    outer loop
      vertex 2.317976e+01 -3.216770e+01 3.918367e+01
      vertex 2.267684e+01 -3.155054e+01 4.081633e+01
      vertex 2.116505e+01 -3.176732e+01 4.081633e+01
    endloop
  endfacet
  facet normal -1.235827e-01 9.177037e-01 -3.775542e-01
    outer loop
      vertex 2.317976e+01 -3.216770e+01 3.918367e+01
      vertex 2.163445e+01 -3.237580e+01 3.918367e+01
      vertex 2.116505e+01 -3.176732e+01 4.081633e+01
    endloop
  endfacet
  facet normal 1.390122e-01 -9.114304e-01 3.872600e-01
    outer loop
      vertex 2.267684e+01 -3.155054e+01 4.081633e+01
      vertex 2.217391e+01 -3.093354e+01 4.244898e+01
      vertex 2.069565e+01 -3.115901e+01 4.244898e+01
    endloop
  endfacet
  facet normal -1.313498e-01 9.160032e-01 -3.790584e-01
    outer loop
      vertex 2.267684e+01 -3.155054e+01 4.081633e+01
      vertex 2.116505e+01 -3.176732e+01 4.081633e+01
      vertex 2.069565e+01 -3.115901e+01 4.244898e+01
    endloop
  endfacet
  facet normal 1.473865e-01 -9.093878e-01 3.889615e-01
    outer loop
      vertex 2.217391e+01 -3.093354e+01 4.244898e+01
      vertex 2.167098e+01 -3.031674e+01 4.408163e+01
      vertex 2.022625e+01 -3.055089e+01 4.408163e+01
    endloop
  endfacet
  facet normal -1.394302e-01 9.141715e-01 -3.805913e-01
    outer loop
      vertex 2.217391e+01 -3.093354e+01 4.244898e+01
      vertex 2.069565e+01 -3.115901e+01 4.244898e+01
      vertex 2.022625e+01 -3.055089e+01 4.408163e+01
    endloop
  endfacet
  facet normal 1.561077e-01 -9.071865e-01 3.906956e-01
    outer loop
      vertex 2.167098e+01 -3.031674e+01 4.408163e+01
      vertex 2.116806e+01 -2.970015e+01 4.571429e+01
      vertex 1.975685e+01 -2.994299e+01 4.571429e+01
    endloop
  endfacet
  facet normal -1.478418e-01 9.121968e-01 -3.821516e-01
    outer loop
      vertex 2.167098e+01 -3.031674e+01 4.408163e+01
      vertex 2.022625e+01 -3.055089e+01 4.408163e+01
      vertex 1.975685e+01 -2.994299e+01 4.571429e+01
    endloop
  endfacet
  facet normal 1.651953e-01 -9.048121e-01 3.924610e-01
    outer loop
      vertex 2.116806e+01 -2.970015e+01 4.571429e+01
      vertex 2.066513e+01 -2.908381e+01 4.734694e+01
      vertex 1.928746e+01 -2.933534e+01 4.734694e+01
    endloop
  endfacet
  facet normal -1.566032e-01 9.100662e-01 -3.837381e-01
    outer loop
      vertex 2.116806e+01 -2.970015e+01 4.571429e+01
      vertex 1.975685e+01 -2.994299e+01 4.571429e+01
      vertex 1.928746e+01 -2.933534e+01 4.734694e+01
    endloop
  endfacet
  facet normal 1.746705e-01 -9.022486e-01 3.942559e-01
    outer loop
      vertex 2.066513e+01 -2.908381e+01 4.734694e+01
      vertex 2.016221e+01 -2.846775e+01 4.897959e+01
      vertex 1.881806e+01 -2.872797e+01 4.897959e+01
    endloop
  endfacet
  facet normal -1.657346e-01 9.077656e-01 -3.853488e-01
    outer loop
      vertex 2.066513e+01 -2.908381e+01 4.734694e+01
      vertex 1.928746e+01 -2.933534e+01 4.734694e+01
      vertex 1.881806e+01 -2.872797e+01 4.897959e+01
    endloop
  endfacet
  facet normal 1.845556e-01 -8.994785e-01 3.960778e-01
    outer loop
      vertex 2.016221e+01 -2.846775e+01 4.897959e+01
      vertex 1.965928e+01 -2.785202e+01 5.061224e+01
      vertex 1.834866e+01 -2.812093e+01 5.061224e+01
    endloop
  endfacet
  facet normal -1.752572e-01 9.052791e-01 -3.869814e-01
    outer loop
      vertex 2.016221e+01 -2.846775e+01 4.897959e+01
      vertex 1.881806e+01 -2.872797e+01 4.897959e+01
      vertex 1.834866e+01 -2.812093e+01 5.061224e+01
    endloop
  endfacet
  facet normal 1.948743e-01 -8.964824e-01 3.979237e-01
    outer loop
      vertex 1.965928e+01 -2.785202e+01 5.061224e+01
      vertex 1.915635e+01 -2.723665e+01 5.224490e+01
      vertex 1.787926e+01 -2.751426e+01 5.224490e+01
    endloop
  endfacet
  facet normal -1.851939e-01 9.025895e-01 -3.886329e-01
    outer loop
      vertex 1.965928e+01 -2.785202e+01 5.061224e+01
      vertex 1.834866e+01 -2.812093e+01 5.061224e+01
      vertex 1.787926e+01 -2.751426e+01 5.224490e+01
    endloop
  endfacet
  facet normal 2.056519e-01 -8.932389e-01 3.997895e-01
    outer loop
      vertex 1.915635e+01 -2.723665e+01 5.224490e+01
      vertex 1.865343e+01 -2.662171e+01 5.387755e+01
      vertex 1.740986e+01 -2.690802e+01 5.387755e+01
    endloop
  endfacet
  facet normal -1.955688e-01 8.996773e-01 -3.902993e-01
    outer loop
      vertex 1.915635e+01 -2.723665e+01 5.224490e+01
      vertex 1.787926e+01 -2.751426e+01 5.224490e+01
      vertex 1.740986e+01 -2.690802e+01 5.387755e+01
    endloop
  endfacet
  facet normal 2.169152e-01 -8.897240e-01 4.016703e-01
    outer loop
      vertex 1.865343e+01 -2.662171e+01 5.387755e+01
      vertex 1.815050e+01 -2.600726e+01 5.551020e+01
      vertex 1.694047e+01 -2.630226e+01 5.551020e+01
    endloop
  endfacet
  facet normal -2.064077e-01 8.965214e-01 -3.919760e-01
    outer loop
      vertex 1.865343e+01 -2.662171e+01 5.387755e+01
      vertex 1.740986e+01 -2.690802e+01 5.387755e+01
      vertex 1.694047e+01 -2.630226e+01 5.551020e+01
    endloop
  endfacet
  facet normal 2.286923e-01 -8.859115e-01 4.035599e-01
    outer loop
      vertex 1.815050e+01 -2.600726e+01 5.551020e+01
      vertex 1.764757e+01 -2.539336e+01 5.714286e+01
      vertex 1.647107e+01 -2.569707e+01 5.714286e+01
    endloop
  endfacet
  facet normal -2.177378e-01 8.930982e-01 -3.936570e-01
    outer loop
      vertex 1.815050e+01 -2.600726e+01 5.551020e+01
      vertex 1.694047e+01 -2.630226e+01 5.551020e+01
      vertex 1.647107e+01 -2.569707e+01 5.714286e+01
    endloop
  endfacet
  facet normal 2.410130e-01 -8.817724e-01 4.054505e-01
    outer loop
      vertex 1.764757e+01 -2.539336e+01 5.714286e+01
      vertex 1.714465e+01 -2.478011e+01 5.877551e+01
      vertex 1.600167e+01 -2.509252e+01 5.877551e+01
    endloop
  endfacet
  facet normal -2.295880e-01 8.893816e-01 -3.953350e-01
    outer loop
      vertex 1.764757e+01 -2.539336e+01 5.714286e+01
      vertex 1.647107e+01 -2.569707e+01 5.714286e+01
      vertex 1.600167e+01 -2.509252e+01 5.877551e+01
    endloop
  endfacet
  facet normal 2.539085e-01 -8.772745e-01 4.073328e-01
    outer loop
      vertex 1.714465e+01 -2.478011e+01 5.877551e+01
      vertex 1.664172e+01 -2.416760e+01 6.040816e+01
      vertex 1.553227e+01 -2.448871e+01 6.040816e+01
    endloop
  endfacet
  facet normal -2.419888e-01 8.853426e-01 -3.970012e-01
    outer loop
      vertex 1.714465e+01 -2.478011e+01 5.877551e+01
      vertex 1.600167e+01 -2.509252e+01 5.877551e+01
      vertex 1.553227e+01 -2.448871e+01 6.040816e+01
    endloop
  endfacet
  facet normal 2.674113e-01 -8.723822e-01 4.091950e-01
    outer loop
      vertex 1.664172e+01 -2.416760e+01 6.040816e+01
      vertex 1.613879e+01 -2.355596e+01 6.204082e+01
      vertex 1.506287e+01 -2.388576e+01 6.204082e+01
    endloop
  endfacet
  facet normal -2.549721e-01 8.809493e-01 -3.986447e-01
    outer loop
      vertex 1.664172e+01 -2.416760e+01 6.040816e+01
      vertex 1.553227e+01 -2.448871e+01 6.040816e+01
      vertex 1.506287e+01 -2.388576e+01 6.204082e+01
    endloop
  endfacet
  facet normal 2.815551e-01 -8.670564e-01 4.110230e-01
    outer loop
      vertex 1.613879e+01 -2.355596e+01 6.204082e+01
      vertex 1.563587e+01 -2.294532e+01 6.367347e+01
      vertex 1.459348e+01 -2.328382e+01 6.367347e+01
    endloop
  endfacet
  facet normal -2.685713e-01 8.761664e-01 -4.002523e-01
    outer loop
      vertex 1.613879e+01 -2.355596e+01 6.204082e+01
      vertex 1.506287e+01 -2.388576e+01 6.204082e+01
      vertex 1.459348e+01 -2.328382e+01 6.367347e+01
    endloop
  endfacet
  facet normal 2.963743e-01 -8.612543e-01 4.127994e-01
    outer loop
      vertex 1.563587e+01 -2.294532e+01 6.367347e+01
      vertex 1.513294e+01 -2.233586e+01 6.530612e+01
      vertex 1.412408e+01 -2.268303e+01 6.530612e+01
    endloop
  endfacet
  facet normal -2.828211e-01 8.709550e-01 -4.018079e-01
    outer loop
      vertex 1.563587e+01 -2.294532e+01 6.367347e+01
      vertex 1.459348e+01 -2.328382e+01 6.367347e+01
      vertex 1.412408e+01 -2.268303e+01 6.530612e+01
    endloop
  endfacet
  facet normal 3.119039e-01 -8.549287e-01 4.145031e-01
    outer loop
      vertex 1.513294e+01 -2.233586e+01 6.530612e+01
      vertex 1.463001e+01 -2.172777e+01 6.693878e+01
      vertex 1.365468e+01 -2.208360e+01 6.693878e+01
    endloop
  endfacet
  facet normal -2.977570e-01 8.652723e-01 -4.032922e-01
    outer loop
      vertex 1.513294e+01 -2.233586e+01 6.530612e+01
      vertex 1.412408e+01 -2.268303e+01 6.530612e+01
      vertex 1.365468e+01 -2.208360e+01 6.693878e+01
    endloop
  endfacet
  facet normal 3.281783e-01 -8.480287e-01 4.161084e-01
    outer loop
      vertex 1.463001e+01 -2.172777e+01 6.693878e+01
      vertex 1.412709e+01 -2.112129e+01 6.857143e+01
      vertex 1.318528e+01 -2.148576e+01 6.857143e+01
    endloop
  endfacet
  facet normal -3.134153e-01 8.590714e-01 -4.046815e-01
    outer loop
      vertex 1.463001e+01 -2.172777e+01 6.693878e+01
      vertex 1.365468e+01 -2.208360e+01 6.693878e+01
      vertex 1.318528e+01 -2.148576e+01 6.857143e+01
    endloop
  endfacet
  facet normal 3.452309e-01 -8.404992e-01 4.175843e-01
    outer loop
      vertex 1.412709e+01 -2.112129e+01 6.857143e+01
      vertex 1.362416e+01 -2.051672e+01 7.020408e+01
      vertex 1.271588e+01 -2.088979e+01 7.020408e+01
    endloop
  endfacet
  facet normal -3.298318e-01 8.523014e-01 -4.059474e-01
    outer loop
      vertex 1.412709e+01 -2.112129e+01 6.857143e+01
      vertex 1.318528e+01 -2.148576e+01 6.857143e+01
      vertex 1.271588e+01 -2.088979e+01 7.020408e+01
    endloop
  endfacet
  facet normal 3.630922e-01 -8.322816e-01 4.188929e-01
    outer loop
      vertex 1.362416e+01 -2.051672e+01 7.020408e+01
      vertex 1.312123e+01 -1.991440e+01 7.183673e+01
      vertex 1.224649e+01 -2.029602e+01 7.183673e+01
    endloop
  endfacet
  facet normal -3.470414e-01 8.449071e-01 -4.070555e-01
    outer loop
      vertex 1.362416e+01 -2.051672e+01 7.020408e+01
      vertex 1.271588e+01 -2.088979e+01 7.020408e+01
      vertex 1.224649e+01 -2.029602e+01 7.183673e+01
    endloop
  endfacet
  facet normal 3.817886e-01 -8.233147e-01 4.199886e-01
    outer loop
      vertex 1.312123e+01 -1.991440e+01 7.183673e+01
      vertex 1.261831e+01 -1.931477e+01 7.346939e+01
      vertex 1.177709e+01 -1.970486e+01 7.346939e+01
    endloop
  endfacet
  facet normal -3.650765e-01 8.368299e-01 -4.079643e-01
    outer loop
      vertex 1.312123e+01 -1.991440e+01 7.183673e+01
      vertex 1.224649e+01 -2.029602e+01 7.183673e+01
      vertex 1.177709e+01 -1.970486e+01 7.346939e+01
    endloop
  endfacet
  facet normal 4.013390e-01 -8.135360e-01 4.208161e-01
    outer loop
      vertex 1.261831e+01 -1.931477e+01 7.346939e+01
      vertex 1.211538e+01 -1.871836e+01 7.510204e+01
      vertex 1.130769e+01 -1.911681e+01 7.510204e+01
    endloop
  endfacet
  facet normal -3.839650e-01 8.280081e-01 -4.086238e-01
    outer loop
      vertex 1.261831e+01 -1.931477e+01 7.346939e+01
      vertex 1.177709e+01 -1.970486e+01 7.346939e+01
      vertex 1.130769e+01 -1.911681e+01 7.510204e+01
    endloop
  endfacet
  facet normal 4.217522e-01 -8.028849e-01 4.213087e-01
    outer loop
      vertex 1.211538e+01 -1.871836e+01 7.510204e+01
      vertex 1.161245e+01 -1.812582e+01 7.673469e+01
      vertex 1.083829e+01 -1.853248e+01 7.673469e+01
    endloop
  endfacet
  facet normal -4.037281e-01 8.183788e-01 -4.089739e-01
    outer loop
      vertex 1.211538e+01 -1.871836e+01 7.510204e+01
      vertex 1.130769e+01 -1.911681e+01 7.510204e+01
      vertex 1.083829e+01 -1.853248e+01 7.673469e+01
    endloop
  endfacet
  facet normal 4.430211e-01 -7.913066e-01 4.213860e-01
    outer loop
      vertex 1.161245e+01 -1.812582e+01 7.673469e+01
      vertex 1.110953e+01 -1.753797e+01 7.836735e+01
      vertex 1.036889e+01 -1.795262e+01 7.836735e+01
    endloop
  endfacet
  facet normal -4.243763e-01 8.078803e-01 -4.089427e-01
    outer loop
      vertex 1.161245e+01 -1.812582e+01 7.673469e+01
      vertex 1.083829e+01 -1.853248e+01 7.673469e+01
      vertex 1.036889e+01 -1.795262e+01 7.836735e+01
    endloop
  endfacet
  facet normal 4.651170e-01 -7.787593e-01 4.209515e-01
    outer loop
      vertex 1.110953e+01 -1.753797e+01 7.836735e+01
      vertex 1.060660e+01 -1.695582e+01 8.000000e+01
      vertex 9.899495e+00 -1.737815e+01 8.000000e+01
    endloop
  endfacet
  facet normal -4.459042e-01 7.964563e-01 -4.084444e-01
    outer loop
      vertex 1.110953e+01 -1.753797e+01 7.836735e+01
      vertex 1.036889e+01 -1.795262e+01 7.836735e+01
      vertex 9.899495e+00 -1.737815e+01 8.000000e+01
    endloop
  endfacet
  facet normal 3.262379e-03 -9.365147e-01 3.506132e-01
    outer loop
      vertex 3.290000e+01 -4.700000e+01 0.000000e+00
      vertex 3.243060e+01 -4.639040e+01 1.632653e+00
      vertex 3.011413e+01 -4.639847e+01 1.632653e+00
    endloop
  endfacet
  facet normal 0.000000e+00 9.383383e-01 -3.457183e-01
    outer loop
      vertex 3.290000e+01 -4.700000e+01 0.000000e+00
      vertex 3.055000e+01 -4.700000e+01 0.000000e+00
      vertex 3.011413e+01 -4.639847e+01 1.632653e+00
    endloop
  endfacet
  facet normal 6.618220e-03 -9.361821e-01 3.514531e-01
    outer loop
      vertex 3.243060e+01 -4.639040e+01 1.632653e+00
      vertex 3.196120e+01 -4.578080e+01 3.265306e+00
      vertex 2.967826e+01 -4.579694e+01 3.265306e+00
    endloop
  endfacet
  facet normal -3.267728e-03 9.380502e-01 -3.464839e-01
    outer loop
      vertex 3.243060e+01 -4.639040e+01 1.632653e+00
      vertex 3.011413e+01 -4.639847e+01 1.632653e+00
      vertex 2.967826e+01 -4.579694e+01 3.265306e+00
    endloop
  endfacet
  facet normal 1.007146e-02 -9.358283e-01 3.523123e-01
    outer loop
      vertex 3.196120e+01 -4.578080e+01 3.265306e+00
      vertex 3.149181e+01 -4.517121e+01 4.897959e+00
      vertex 2.924239e+01 -4.519542e+01 4.897959e+00
    endloop
  endfacet
  facet normal -6.629255e-03 9.377430e-01 -3.472666e-01
    outer loop
      vertex 3.196120e+01 -4.578080e+01 3.265306e+00
      vertex 2.967826e+01 -4.579694e+01 3.265306e+00
      vertex 2.924239e+01 -4.519542e+01 4.897959e+00
    endloop
  endfacet
  facet normal 1.362626e-02 -9.354518e-01 3.531914e-01
    outer loop
      vertex 3.149181e+01 -4.517121e+01 4.897959e+00
      vertex 3.102241e+01 -4.456162e+01 6.530612e+00
      vertex 2.880652e+01 -4.459390e+01 6.530612e+00
    endloop
  endfacet
  facet normal -1.008854e-02 9.374153e-01 -3.480671e-01
    outer loop
      vertex 3.149181e+01 -4.517121e+01 4.897959e+00
      vertex 2.924239e+01 -4.519542e+01 4.897959e+00
      vertex 2.880652e+01 -4.459390e+01 6.530612e+00
    endloop
  endfacet
  facet normal 1.728699e-02 -9.350512e-01 3.540909e-01
    outer loop
      vertex 3.102241e+01 -4.456162e+01 6.530612e+00
      vertex 3.055301e+01 -4.395203e+01 8.163265e+00
      vertex 2.837065e+01 -4.399238e+01 8.163265e+00
    endloop
  endfacet
  facet normal -1.364977e-02 9.370659e-01 -3.488858e-01
    outer loop
      vertex 3.102241e+01 -4.456162e+01 6.530612e+00
      vertex 2.880652e+01 -4.459390e+01 6.530612e+00
      vertex 2.837065e+01 -4.399238e+01 8.163265e+00
    endloop
  endfacet
  facet normal 2.105828e-02 -9.346247e-01 3.550115e-01
    outer loop
      vertex 3.055301e+01 -4.395203e+01 8.163265e+00
      vertex 3.008361e+01 -4.334246e+01 9.795918e+00
      vertex 2.793478e+01 -4.339087e+01 9.795918e+00
    endloop
  endfacet
  facet normal -1.731734e-02 9.366930e-01 -3.497232e-01
    outer loop
      vertex 3.055301e+01 -4.395203e+01 8.163265e+00
      vertex 2.837065e+01 -4.399238e+01 8.163265e+00
      vertex 2.793478e+01 -4.339087e+01 9.795918e+00
    endloop
  endfacet
  facet normal 2.494504e-02 -9.341706e-01 3.559537e-01
    outer loop
      vertex 3.008361e+01 -4.334246e+01 9.795918e+00
      vertex 2.961421e+01 -4.273289e+01 1.142857e+01
      vertex 2.749891e+01 -4.278937e+01 1.142857e+01
    endloop
  endfacet
  facet normal -2.109592e-02 9.362952e-01 -3.505798e-01
    outer loop
      vertex 3.008361e+01 -4.334246e+01 9.795918e+00
      vertex 2.793478e+01 -4.339087e+01 9.795918e+00
      vertex 2.749891e+01 -4.278937e+01 1.142857e+01
    endloop
  endfacet
  facet normal 2.895242e-02 -9.336869e-01 3.569181e-01
    outer loop
      vertex 2.961421e+01 -4.273289e+01 1.142857e+01
      vertex 2.914482e+01 -4.212333e+01 1.306122e+01
      vertex 2.706304e+01 -4.218789e+01 1.306122e+01
    endloop
  endfacet
  facet normal -2.499044e-02 9.358707e-01 -3.514562e-01
    outer loop
      vertex 2.961421e+01 -4.273289e+01 1.142857e+01
      vertex 2.749891e+01 -4.278937e+01 1.142857e+01
      vertex 2.706304e+01 -4.218789e+01 1.306122e+01
    endloop
  endfacet
  facet normal 3.308590e-02 -9.331715e-01 3.579055e-01
    outer loop
      vertex 2.914482e+01 -4.212333e+01 1.306122e+01
      vertex 2.867542e+01 -4.151379e+01 1.469388e+01
      vertex 2.662717e+01 -4.158642e+01 1.469388e+01
    endloop
  endfacet
  facet normal -2.900609e-02 9.354176e-01 -3.523529e-01
    outer loop
      vertex 2.914482e+01 -4.212333e+01 1.306122e+01
      vertex 2.706304e+01 -4.218789e+01 1.306122e+01
      vertex 2.662717e+01 -4.158642e+01 1.469388e+01
    endloop
  endfacet
  facet normal 3.735127e-02 -9.326221e-01 3.589164e-01
    outer loop
      vertex 2.867542e+01 -4.151379e+01 1.469388e+01
      vertex 2.820602e+01 -4.090427e+01 1.632653e+01
      vertex 2.619130e+01 -4.098496e+01 1.632653e+01
    endloop
  endfacet
  facet normal -3.314838e-02 9.349338e-01 -3.532704e-01
    outer loop
      vertex 2.867542e+01 -4.151379e+01 1.469388e+01
      vertex 2.662717e+01 -4.158642e+01 1.469388e+01
      vertex 2.619130e+01 -4.098496e+01 1.632653e+01
    endloop
  endfacet
  facet normal 4.175465e-02 -9.320362e-01 3.599514e-01
    outer loop
      vertex 2.820602e+01 -4.090427e+01 1.632653e+01
      vertex 2.773662e+01 -4.029477e+01 1.795918e+01
      vertex 2.575543e+01 -4.038353e+01 1.795918e+01
    endloop
  endfacet
  facet normal -3.742316e-02 9.344171e-01 -3.542093e-01
    outer loop
      vertex 2.820602e+01 -4.090427e+01 1.632653e+01
      vertex 2.619130e+01 -4.098496e+01 1.632653e+01
      vertex 2.575543e+01 -4.038353e+01 1.795918e+01
    endloop
  endfacet
  facet normal 4.630255e-02 -9.314113e-01 3.610112e-01
    outer loop
      vertex 2.773662e+01 -4.029477e+01 1.795918e+01
      vertex 2.726722e+01 -3.968530e+01 1.959184e+01
      vertex 2.531956e+01 -3.978212e+01 1.959184e+01
    endloop
  endfacet
  facet normal -4.183658e-02 9.338651e-01 -3.551700e-01
    outer loop
      vertex 2.773662e+01 -4.029477e+01 1.795918e+01
      vertex 2.575543e+01 -4.038353e+01 1.795918e+01
      vertex 2.531956e+01 -3.978212e+01 1.959184e+01
    endloop
  endfacet
  facet normal 5.100186e-02 -9.307443e-01 3.620964e-01
    outer loop
      vertex 2.726722e+01 -3.968530e+01 1.959184e+01
      vertex 2.679783e+01 -3.907585e+01 2.122449e+01
      vertex 2.488369e+01 -3.918074e+01 2.122449e+01
    endloop
  endfacet
  facet normal -4.639521e-02 9.332751e-01 -3.561532e-01
    outer loop
      vertex 2.726722e+01 -3.968530e+01 1.959184e+01
      vertex 2.531956e+01 -3.978212e+01 1.959184e+01
      vertex 2.488369e+01 -3.918074e+01 2.122449e+01
    endloop
  endfacet
  facet normal 5.585989e-02 -9.300321e-01 3.632078e-01
    outer loop
      vertex 2.679783e+01 -3.907585e+01 2.122449e+01
      vertex 2.632843e+01 -3.846644e+01 2.285714e+01
      vertex 2.444783e+01 -3.857939e+01 2.285714e+01
    endloop
  endfacet
  facet normal -5.110597e-02 9.326443e-01 -3.571594e-01
    outer loop
      vertex 2.679783e+01 -3.907585e+01 2.122449e+01
      vertex 2.488369e+01 -3.918074e+01 2.122449e+01
      vertex 2.444783e+01 -3.857939e+01 2.285714e+01
    endloop
  endfacet
  facet normal 6.088438e-02 -9.292713e-01 3.643458e-01
    outer loop
      vertex 2.632843e+01 -3.846644e+01 2.285714e+01
      vertex 2.585903e+01 -3.785707e+01 2.448980e+01
      vertex 2.401196e+01 -3.797809e+01 2.448980e+01
    endloop
  endfacet
  facet normal -5.597625e-02 9.319696e-01 -3.581890e-01
    outer loop
      vertex 2.632843e+01 -3.846644e+01 2.285714e+01
      vertex 2.444783e+01 -3.857939e+01 2.285714e+01
      vertex 2.401196e+01 -3.797809e+01 2.448980e+01
    endloop
  endfacet
  facet normal 6.608359e-02 -9.284582e-01 3.655112e-01
    outer loop
      vertex 2.585903e+01 -3.785707e+01 2.448980e+01
      vertex 2.538963e+01 -3.724774e+01 2.612245e+01
      vertex 2.357609e+01 -3.737682e+01 2.612245e+01
    endloop
  endfacet
  facet normal -6.101386e-02 9.312476e-01 -3.592426e-01
    outer loop
      vertex 2.585903e+01 -3.785707e+01 2.448980e+01
      vertex 2.401196e+01 -3.797809e+01 2.448980e+01
      vertex 2.357609e+01 -3.737682e+01 2.612245e+01
    endloop
  endfacet
  facet normal 7.146627e-02 -9.275885e-01 3.667044e-01
    outer loop
      vertex 2.538963e+01 -3.724774e+01 2.612245e+01
      vertex 2.492023e+01 -3.663847e+01 2.775510e+01
      vertex 2.314022e+01 -3.677561e+01 2.775510e+01
    endloop
  endfacet
  facet normal -6.622711e-02 9.304746e-01 -3.603207e-01
    outer loop
      vertex 2.538963e+01 -3.724774e+01 2.612245e+01
      vertex 2.357609e+01 -3.737682e+01 2.612245e+01
      vertex 2.314022e+01 -3.677561e+01 2.775510e+01
    endloop
  endfacet
  facet normal 7.704173e-02 -9.266580e-01 3.679261e-01
    outer loop
      vertex 2.492023e+01 -3.663847e+01 2.775510e+01
      vertex 2.445083e+01 -3.602926e+01 2.938776e+01
      vertex 2.270435e+01 -3.617446e+01 2.938776e+01
    endloop
  endfacet
  facet normal -7.162484e-02 9.296467e-01 -3.614235e-01
    outer loop
      vertex 2.492023e+01 -3.663847e+01 2.775510e+01
      vertex 2.314022e+01 -3.677561e+01 2.775510e+01
      vertex 2.270435e+01 -3.617446e+01 2.938776e+01
    endloop
  endfacet
  facet normal 8.281987e-02 -9.256616e-01 3.691767e-01
    outer loop
      vertex 2.445083e+01 -3.602926e+01 2.938776e+01
      vertex 2.398144e+01 -3.542011e+01 3.102041e+01
      vertex 2.226848e+01 -3.557337e+01 3.102041e+01
    endloop
  endfacet
  facet normal -7.721644e-02 9.287594e-01 -3.625516e-01
    outer loop
      vertex 2.445083e+01 -3.602926e+01 2.938776e+01
      vertex 2.270435e+01 -3.617446e+01 2.938776e+01
      vertex 2.226848e+01 -3.557337e+01 3.102041e+01
    endloop
  endfacet
  facet normal 8.881123e-02 -9.245942e-01 3.704567e-01
    outer loop
      vertex 2.398144e+01 -3.542011e+01 3.102041e+01
      vertex 2.351204e+01 -3.481105e+01 3.265306e+01
      vertex 2.183261e+01 -3.497236e+01 3.265306e+01
    endloop
  endfacet
  facet normal -8.301190e-02 9.278079e-01 -3.637053e-01
    outer loop
      vertex 2.398144e+01 -3.542011e+01 3.102041e+01
      vertex 2.226848e+01 -3.557337e+01 3.102041e+01
      vertex 2.183261e+01 -3.497236e+01 3.265306e+01
    endloop
  endfacet
  facet normal 9.502703e-02 -9.234498e-01 3.717666e-01
    outer loop
      vertex 2.351204e+01 -3.481105e+01 3.265306e+01
      vertex 2.304264e+01 -3.420207e+01 3.428571e+01
      vertex 2.139674e+01 -3.437144e+01 3.428571e+01
    endloop
  endfacet
  facet normal -8.902187e-02 9.267870e-01 -3.648847e-01
    outer loop
      vertex 2.351204e+01 -3.481105e+01 3.265306e+01
      vertex 2.183261e+01 -3.497236e+01 3.265306e+01
      vertex 2.139674e+01 -3.437144e+01 3.428571e+01
    endloop
  endfacet
  facet normal 1.014792e-01 -9.222221e-01 3.731065e-01
    outer loop
      vertex 2.304264e+01 -3.420207e+01 3.428571e+01
      vertex 2.257324e+01 -3.359319e+01 3.591837e+01
      vertex 2.096087e+01 -3.377061e+01 3.591837e+01
    endloop
  endfacet
  facet normal -9.525767e-02 9.256911e-01 -3.660902e-01
    outer loop
      vertex 2.304264e+01 -3.420207e+01 3.428571e+01
      vertex 2.139674e+01 -3.437144e+01 3.428571e+01
      vertex 2.096087e+01 -3.377061e+01 3.591837e+01
    endloop
  endfacet
  facet normal 1.081805e-01 -9.209040e-01 3.744766e-01
    outer loop
      vertex 2.257324e+01 -3.359319e+01 3.591837e+01
      vertex 2.210384e+01 -3.298443e+01 3.755102e+01
      vertex 2.052500e+01 -3.316990e+01 3.755102e+01
    endloop
  endfacet
  facet normal -1.017314e-01 9.245137e-01 -3.673217e-01
    outer loop
      vertex 2.257324e+01 -3.359319e+01 3.591837e+01
      vertex 2.096087e+01 -3.377061e+01 3.591837e+01
      vertex 2.052500e+01 -3.316990e+01 3.755102e+01
    endloop
  endfacet
  facet normal 1.151445e-01 -9.194880e-01 3.758770e-01
    outer loop
      vertex 2.210384e+01 -3.298443e+01 3.755102e+01
      vertex 2.163445e+01 -3.237580e+01 3.918367e+01
      vertex 2.008913e+01 -3.256932e+01 3.918367e+01
    endloop
  endfacet
  facet normal -1.084559e-01 9.232479e-01 -3.685791e-01
    outer loop
      vertex 2.210384e+01 -3.298443e+01 3.755102e+01
      vertex 2.052500e+01 -3.316990e+01 3.755102e+01
      vertex 2.008913e+01 -3.256932e+01 3.918367e+01
    endloop
  endfacet
  facet normal 1.223857e-01 -9.179655e-01 3.773076e-01
    outer loop
      vertex 2.163445e+01 -3.237580e+01 3.918367e+01
      vertex 2.116505e+01 -3.176732e+01 4.081633e+01
      vertex 1.965326e+01 -3.196888e+01 4.081633e+01
    endloop
  endfacet
  facet normal -1.154449e-01 9.218863e-01 -3.698623e-01
    outer loop
      vertex 2.163445e+01 -3.237580e+01 3.918367e+01
      vertex 2.008913e+01 -3.256932e+01 3.918367e+01
      vertex 1.965326e+01 -3.196888e+01 4.081633e+01
    endloop
  endfacet
  facet normal 1.299194e-01 -9.163273e-01 3.787680e-01
    outer loop
      vertex 2.116505e+01 -3.176732e+01 4.081633e+01
      vertex 2.069565e+01 -3.115901e+01 4.244898e+01
      vertex 1.921739e+01 -3.136860e+01 4.244898e+01
    endloop
  endfacet
  facet normal -1.227130e-01 9.204205e-01 -3.711707e-01
    outer loop
      vertex 2.116505e+01 -3.176732e+01 4.081633e+01
      vertex 1.965326e+01 -3.196888e+01 4.081633e+01
      vertex 1.921739e+01 -3.136860e+01 4.244898e+01
    endloop
  endfacet
  facet normal 1.377621e-01 -9.145632e-01 3.802576e-01
    outer loop
      vertex 2.069565e+01 -3.115901e+01 4.244898e+01
      vertex 2.022625e+01 -3.055089e+01 4.408163e+01
      vertex 1.878152e+01 -3.076851e+01 4.408163e+01
    endloop
  endfacet
  facet normal -1.302758e-01 9.188412e-01 -3.725038e-01
    outer loop
      vertex 2.069565e+01 -3.115901e+01 4.244898e+01
      vertex 1.921739e+01 -3.136860e+01 4.244898e+01
      vertex 1.878152e+01 -3.076851e+01 4.408163e+01
    endloop
  endfacet
  facet normal 1.459314e-01 -9.126618e-01 3.817755e-01
    outer loop
      vertex 2.022625e+01 -3.055089e+01 4.408163e+01
      vertex 1.975685e+01 -2.994299e+01 4.571429e+01
      vertex 1.834565e+01 -3.016864e+01 4.571429e+01
    endloop
  endfacet
  facet normal -1.381500e-01 9.171384e-01 -3.738605e-01
    outer loop
      vertex 2.022625e+01 -3.055089e+01 4.408163e+01
      vertex 1.878152e+01 -3.076851e+01 4.408163e+01
      vertex 1.834565e+01 -3.016864e+01 4.571429e+01
    endloop
  endfacet
  facet normal 1.544458e-01 -9.106108e-01 3.833204e-01
    outer loop
      vertex 1.975685e+01 -2.994299e+01 4.571429e+01
      vertex 1.928746e+01 -2.933534e+01 4.734694e+01
      vertex 1.790978e+01 -2.956900e+01 4.734694e+01
    endloop
  endfacet
  facet normal -1.463534e-01 9.153010e-01 -3.752396e-01
    outer loop
      vertex 1.975685e+01 -2.994299e+01 4.571429e+01
      vertex 1.834565e+01 -3.016864e+01 4.571429e+01
      vertex 1.790978e+01 -2.956900e+01 4.734694e+01
    endloop
  endfacet
  facet normal 1.633253e-01 -9.083964e-01 3.848908e-01
    outer loop
      vertex 1.928746e+01 -2.933534e+01 4.734694e+01
      vertex 1.881806e+01 -2.872797e+01 4.897959e+01
      vertex 1.747391e+01 -2.896964e+01 4.897959e+01
    endloop
  endfacet
  facet normal -1.549047e-01 9.133167e-01 -3.766393e-01
    outer loop
      vertex 1.928746e+01 -2.933534e+01 4.734694e+01
      vertex 1.790978e+01 -2.956900e+01 4.734694e+01
      vertex 1.747391e+01 -2.896964e+01 4.897959e+01
    endloop
  endfacet
  facet normal 1.725909e-01 -9.060035e-01 3.864842e-01
    outer loop
      vertex 1.881806e+01 -2.872797e+01 4.897959e+01
      vertex 1.834866e+01 -2.812093e+01 5.061224e+01
      vertex 1.703804e+01 -2.837060e+01 5.061224e+01
    endloop
  endfacet
  facet normal -1.638243e-01 9.111718e-01 -3.780575e-01
    outer loop
      vertex 1.881806e+01 -2.872797e+01 4.897959e+01
      vertex 1.747391e+01 -2.896964e+01 4.897959e+01
      vertex 1.703804e+01 -2.837060e+01 5.061224e+01
    endloop
  endfacet
  facet normal 1.822652e-01 -9.034155e-01 3.880978e-01
    outer loop
      vertex 1.834866e+01 -2.812093e+01 5.061224e+01
      vertex 1.787926e+01 -2.751426e+01 5.224490e+01
      vertex 1.660217e+01 -2.777192e+01 5.224490e+01
    endloop
  endfacet
  facet normal -1.731335e-01 9.088515e-01 -3.794914e-01
    outer loop
      vertex 1.834866e+01 -2.812093e+01 5.061224e+01
      vertex 1.703804e+01 -2.837060e+01 5.061224e+01
      vertex 1.660217e+01 -2.777192e+01 5.224490e+01
    endloop
  endfacet
  facet normal 1.923720e-01 -9.006138e-01 3.897279e-01
    outer loop
      vertex 1.787926e+01 -2.751426e+01 5.224490e+01
      vertex 1.740986e+01 -2.690802e+01 5.387755e+01
      vertex 1.616630e+01 -2.717365e+01 5.387755e+01
    endloop
  endfacet
  facet normal -1.828551e-01 9.063392e-01 -3.809374e-01
    outer loop
      vertex 1.787926e+01 -2.751426e+01 5.224490e+01
      vertex 1.660217e+01 -2.777192e+01 5.224490e+01
      vertex 1.616630e+01 -2.717365e+01 5.387755e+01
    endloop
  endfacet
  facet normal 2.029366e-01 -8.975780e-01 3.913700e-01
    outer loop
      vertex 1.740986e+01 -2.690802e+01 5.387755e+01
      vertex 1.694047e+01 -2.630226e+01 5.551020e+01
      vertex 1.573043e+01 -2.657584e+01 5.551020e+01
    endloop
  endfacet
  facet normal -1.930134e-01 9.036165e-01 -3.823911e-01
    outer loop
      vertex 1.740986e+01 -2.690802e+01 5.387755e+01
      vertex 1.616630e+01 -2.717365e+01 5.387755e+01
      vertex 1.573043e+01 -2.657584e+01 5.551020e+01
    endloop
  endfacet
  facet normal 2.139855e-01 -8.942856e-01 3.930183e-01
    outer loop
      vertex 1.694047e+01 -2.630226e+01 5.551020e+01
      vertex 1.647107e+01 -2.569707e+01 5.714286e+01
      vertex 1.529456e+01 -2.597858e+01 5.714286e+01
    endloop
  endfacet
  facet normal -2.036342e-01 9.006633e-01 -3.838473e-01
    outer loop
      vertex 1.694047e+01 -2.630226e+01 5.551020e+01
      vertex 1.573043e+01 -2.657584e+01 5.551020e+01
      vertex 1.529456e+01 -2.597858e+01 5.714286e+01
    endloop
  endfacet
  facet normal 2.255469e-01 -8.907118e-01 3.946657e-01
    outer loop
      vertex 1.647107e+01 -2.569707e+01 5.714286e+01
      vertex 1.600167e+01 -2.509252e+01 5.877551e+01
      vertex 1.485869e+01 -2.538194e+01 5.877551e+01
    endloop
  endfacet
  facet normal -2.147444e-01 8.974571e-01 -3.852993e-01
    outer loop
      vertex 1.647107e+01 -2.569707e+01 5.714286e+01
      vertex 1.529456e+01 -2.597858e+01 5.714286e+01
      vertex 1.485869e+01 -2.538194e+01 5.877551e+01
    endloop
  endfacet
  facet normal 2.376502e-01 -8.868291e-01 3.963036e-01
    outer loop
      vertex 1.600167e+01 -2.509252e+01 5.877551e+01
      vertex 1.553227e+01 -2.448871e+01 6.040816e+01
      vertex 1.442282e+01 -2.478602e+01 6.040816e+01
    endloop
  endfacet
  facet normal -2.263728e-01 8.939733e-01 -3.867391e-01
    outer loop
      vertex 1.600167e+01 -2.509252e+01 5.877551e+01
      vertex 1.485869e+01 -2.538194e+01 5.877551e+01
      vertex 1.442282e+01 -2.478602e+01 6.040816e+01
    endloop
  endfacet
  facet normal 2.503258e-01 -8.826073e-01 3.979212e-01
    outer loop
      vertex 1.553227e+01 -2.448871e+01 6.040816e+01
      vertex 1.506287e+01 -2.388576e+01 6.204082e+01
      vertex 1.398695e+01 -2.419092e+01 6.204082e+01
    endloop
  endfacet
  facet normal -2.385493e-01 8.901846e-01 -3.881568e-01
    outer loop
      vertex 1.553227e+01 -2.448871e+01 6.040816e+01
      vertex 1.442282e+01 -2.478602e+01 6.040816e+01
      vertex 1.398695e+01 -2.419092e+01 6.204082e+01
    endloop
  endfacet
  facet normal 2.636054e-01 -8.780134e-01 3.995055e-01
    outer loop
      vertex 1.506287e+01 -2.388576e+01 6.204082e+01
      vertex 1.459348e+01 -2.328382e+01 6.367347e+01
      vertex 1.355108e+01 -2.359677e+01 6.367347e+01
    endloop
  endfacet
  facet normal -2.513053e-01 8.860609e-01 -3.895404e-01
    outer loop
      vertex 1.506287e+01 -2.388576e+01 6.204082e+01
      vertex 1.398695e+01 -2.419092e+01 6.204082e+01
      vertex 1.355108e+01 -2.359677e+01 6.367347e+01
    endloop
  endfacet
  facet normal 2.775213e-01 -8.730110e-01 4.010408e-01
    outer loop
      vertex 1.459348e+01 -2.328382e+01 6.367347e+01
      vertex 1.412408e+01 -2.268303e+01 6.530612e+01
      vertex 1.311521e+01 -2.300374e+01 6.530612e+01
    endloop
  endfacet
  facet normal -2.646730e-01 8.815693e-01 -3.908756e-01
    outer loop
      vertex 1.459348e+01 -2.328382e+01 6.367347e+01
      vertex 1.355108e+01 -2.359677e+01 6.367347e+01
      vertex 1.311521e+01 -2.300374e+01 6.530612e+01
    endloop
  endfacet
  facet normal 2.921060e-01 -8.675607e-01 4.025077e-01
    outer loop
      vertex 1.412408e+01 -2.268303e+01 6.530612e+01
      vertex 1.365468e+01 -2.208360e+01 6.693878e+01
      vertex 1.267935e+01 -2.241199e+01 6.693878e+01
    endloop
  endfacet
  facet normal -2.786857e-01 8.766737e-01 -3.921449e-01
    outer loop
      vertex 1.412408e+01 -2.268303e+01 6.530612e+01
      vertex 1.311521e+01 -2.300374e+01 6.530612e+01
      vertex 1.267935e+01 -2.241199e+01 6.693878e+01
    endloop
  endfacet
  facet normal 3.073915e-01 -8.616201e-01 4.038829e-01
    outer loop
      vertex 1.365468e+01 -2.208360e+01 6.693878e+01
      vertex 1.318528e+01 -2.148576e+01 6.857143e+01
      vertex 1.224348e+01 -2.182176e+01 6.857143e+01
    endloop
  endfacet
  facet normal -2.933767e-01 8.713346e-01 -3.933270e-01
    outer loop
      vertex 1.365468e+01 -2.208360e+01 6.693878e+01
      vertex 1.267935e+01 -2.241199e+01 6.693878e+01
      vertex 1.224348e+01 -2.182176e+01 6.857143e+01
    endloop
  endfacet
  facet normal 3.234082e-01 -8.551434e-01 4.051380e-01
    outer loop
      vertex 1.318528e+01 -2.148576e+01 6.857143e+01
      vertex 1.271588e+01 -2.088979e+01 7.020408e+01
      vertex 1.180761e+01 -2.123329e+01 7.020408e+01
    endloop
  endfacet
  facet normal -3.087791e-01 8.655096e-01 -3.943966e-01
    outer loop
      vertex 1.318528e+01 -2.148576e+01 6.857143e+01
      vertex 1.224348e+01 -2.182176e+01 6.857143e+01
      vertex 1.180761e+01 -2.123329e+01 7.020408e+01
    endloop
  endfacet
  facet normal 3.401841e-01 -8.480829e-01 4.062390e-01
    outer loop
      vertex 1.271588e+01 -2.088979e+01 7.020408e+01
      vertex 1.224649e+01 -2.029602e+01 7.183673e+01
      vertex 1.137174e+01 -2.064690e+01 7.183673e+01
    endloop
  endfacet
  facet normal -3.249246e-01 8.591530e-01 -3.953229e-01
    outer loop
      vertex 1.271588e+01 -2.088979e+01 7.020408e+01
      vertex 1.180761e+01 -2.123329e+01 7.020408e+01
      vertex 1.137174e+01 -2.064690e+01 7.183673e+01
    endloop
  endfacet
  facet normal 3.577423e-01 -8.403891e-01 4.071444e-01
    outer loop
      vertex 1.224649e+01 -2.029602e+01 7.183673e+01
      vertex 1.177709e+01 -1.970486e+01 7.346939e+01
      vertex 1.093587e+01 -2.006296e+01 7.346939e+01
    endloop
  endfacet
  facet normal -3.418422e-01 8.522167e-01 -3.960690e-01
    outer loop
      vertex 1.224649e+01 -2.029602e+01 7.183673e+01
      vertex 1.137174e+01 -2.064690e+01 7.183673e+01
      vertex 1.093587e+01 -2.006296e+01 7.346939e+01
    endloop
  endfacet
  facet normal 3.760986e-01 -8.320128e-01 4.078046e-01
    outer loop
      vertex 1.177709e+01 -1.970486e+01 7.346939e+01
      vertex 1.130769e+01 -1.911681e+01 7.510204e+01
      vertex 1.050000e+01 -1.948192e+01 7.510204e+01
    endloop
  endfacet
  facet normal -3.595564e-01 8.446508e-01 -3.965907e-01
    outer loop
      vertex 1.177709e+01 -1.970486e+01 7.346939e+01
      vertex 1.093587e+01 -2.006296e+01 7.346939e+01
      vertex 1.050000e+01 -1.948192e+01 7.510204e+01
    endloop
  endfacet
  facet normal 3.952584e-01 -8.229074e-01 4.081596e-01
    outer loop
      vertex 1.130769e+01 -1.911681e+01 7.510204e+01
      vertex 1.083829e+01 -1.853248e+01 7.673469e+01
      vertex 1.006413e+01 -1.890433e+01 7.673469e+01
    endloop
  endfacet
  facet normal -3.780843e-01 8.364055e-01 -3.968351e-01
    outer loop
      vertex 1.130769e+01 -1.911681e+01 7.510204e+01
      vertex 1.050000e+01 -1.948192e+01 7.510204e+01
      vertex 1.006413e+01 -1.890433e+01 7.673469e+01
    endloop
  endfacet
  facet normal 4.152114e-01 -8.130332e-01 4.081379e-01
    outer loop
      vertex 1.083829e+01 -1.853248e+01 7.673469e+01
      vertex 1.036889e+01 -1.795262e+01 7.836735e+01
      vertex 9.628258e+00 -1.833086e+01 7.836735e+01
    endloop
  endfacet
  facet normal -3.974322e-01 8.274331e-01 -3.967392e-01
    outer loop
      vertex 1.083829e+01 -1.853248e+01 7.673469e+01
      vertex 1.006413e+01 -1.890433e+01 7.673469e+01
      vertex 9.628258e+00 -1.833086e+01 7.836735e+01
    endloop
  endfacet
  facet normal 4.359256e-01 -8.023634e-01 4.076540e-01
    outer loop
      vertex 1.036889e+01 -1.795262e+01 7.836735e+01
      vertex 9.899495e+00 -1.737815e+01 8.000000e+01
      vertex 9.192388e+00 -1.776232e+01 8.000000e+01
    endloop
  endfacet
  facet normal -4.175909e-01 8.176924e-01 -3.962286e-01
    outer loop
      vertex 1.036889e+01 -1.795262e+01 7.836735e+01
      vertex 9.628258e+00 -1.833086e+01 7.836735e+01
      vertex 9.192388e+00 -1.776232e+01 8.000000e+01
    endloop
  endfacet
  facet normal 3.025741e-03 -9.380717e-01 3.464279e-01
    outer loop
      vertex 3.055000e+01 -4.700000e+01 0.000000e+00
      vertex 3.011413e+01 -4.639847e+01 1.632653e+00
      vertex 2.779766e+01 -4.640594e+01 1.632653e+00
    endloop
  endfacet
  facet normal 2.841342e-15 9.397258e-01 -3.419289e-01
    outer loop
      vertex 3.055000e+01 -4.700000e+01 0.000000e+00
      vertex 2.820000e+01 -4.700000e+01 0.000000e+00
      vertex 2.779766e+01 -4.640594e+01 1.632653e+00
    endloop
  endfacet
  facet normal 6.138472e-03 -9.377882e-01 3.471537e-01
    outer loop
      vertex 3.011413e+01 -4.639847e+01 1.632653e+00
      vertex 2.967826e+01 -4.579694e+01 3.265306e+00
      vertex 2.739532e+01 -4.581189e+01 3.265306e+00
    endloop
  endfacet
  facet normal -3.030288e-03 9.394815e-01 -3.425861e-01
    outer loop
      vertex 3.011413e+01 -4.639847e+01 1.632653e+00
      vertex 2.779766e+01 -4.640594e+01 1.632653e+00
      vertex 2.739532e+01 -4.581189e+01 3.265306e+00
    endloop
  endfacet
  facet normal 9.341874e-03 -9.374865e-01 3.478963e-01
    outer loop
      vertex 2.967826e+01 -4.579694e+01 3.265306e+00
      vertex 2.924239e+01 -4.519542e+01 4.897959e+00
      vertex 2.699298e+01 -4.521783e+01 4.897959e+00
    endloop
  endfacet
  facet normal -6.147851e-03 9.392210e-01 -3.432582e-01
    outer loop
      vertex 2.967826e+01 -4.579694e+01 3.265306e+00
      vertex 2.739532e+01 -4.581189e+01 3.265306e+00
      vertex 2.699298e+01 -4.521783e+01 4.897959e+00
    endloop
  endfacet
  facet normal 1.263982e-02 -9.371655e-01 3.486561e-01
    outer loop
      vertex 2.924239e+01 -4.519542e+01 4.897959e+00
      vertex 2.880652e+01 -4.459390e+01 6.530612e+00
      vertex 2.659064e+01 -4.462378e+01 6.530612e+00
    endloop
  endfacet
  facet normal -9.356387e-03 9.389430e-01 -3.439455e-01
    outer loop
      vertex 2.924239e+01 -4.519542e+01 4.897959e+00
      vertex 2.699298e+01 -4.521783e+01 4.897959e+00
      vertex 2.659064e+01 -4.462378e+01 6.530612e+00
    endloop
  endfacet
  facet normal 1.603642e-02 -9.368238e-01 3.494338e-01
    outer loop
      vertex 2.880652e+01 -4.459390e+01 6.530612e+00
      vertex 2.837065e+01 -4.399238e+01 8.163265e+00
      vertex 2.618829e+01 -4.402974e+01 8.163265e+00
    endloop
  endfacet
  facet normal -1.265980e-02 9.386464e-01 -3.446486e-01
    outer loop
      vertex 2.880652e+01 -4.459390e+01 6.530612e+00
      vertex 2.659064e+01 -4.462378e+01 6.530612e+00
      vertex 2.618829e+01 -4.402974e+01 8.163265e+00
    endloop
  endfacet
  facet normal 1.953599e-02 -9.364601e-01 3.502297e-01
    outer loop
      vertex 2.837065e+01 -4.399238e+01 8.163265e+00
      vertex 2.793478e+01 -4.339087e+01 9.795918e+00
      vertex 2.578595e+01 -4.343570e+01 9.795918e+00
    endloop
  endfacet
  facet normal -1.606220e-02 9.383300e-01 -3.453678e-01
    outer loop
      vertex 2.837065e+01 -4.399238e+01 8.163265e+00
      vertex 2.618829e+01 -4.402974e+01 8.163265e+00
      vertex 2.578595e+01 -4.343570e+01 9.795918e+00
    endloop
  endfacet
  facet normal 2.314311e-02 -9.360728e-01 3.510444e-01
    outer loop
      vertex 2.793478e+01 -4.339087e+01 9.795918e+00
      vertex 2.749891e+01 -4.278937e+01 1.142857e+01
      vertex 2.538361e+01 -4.284167e+01 1.142857e+01
    endloop
  endfacet
  facet normal -1.956796e-02 9.379922e-01 -3.461035e-01
    outer loop
      vertex 2.793478e+01 -4.339087e+01 9.795918e+00
      vertex 2.578595e+01 -4.343570e+01 9.795918e+00
      vertex 2.538361e+01 -4.284167e+01 1.142857e+01
    endloop
  endfacet
  facet normal 2.686261e-02 -9.356602e-01 3.518784e-01
    outer loop
      vertex 2.749891e+01 -4.278937e+01 1.142857e+01
      vertex 2.706304e+01 -4.218789e+01 1.306122e+01
      vertex 2.498127e+01 -4.224765e+01 1.306122e+01
    endloop
  endfacet
  facet normal -2.318165e-02 9.376317e-01 -3.468564e-01
    outer loop
      vertex 2.749891e+01 -4.278937e+01 1.142857e+01
      vertex 2.538361e+01 -4.284167e+01 1.142857e+01
      vertex 2.498127e+01 -4.224765e+01 1.306122e+01
    endloop
  endfacet
  facet normal 3.069961e-02 -9.352205e-01 3.527324e-01
    outer loop
      vertex 2.706304e+01 -4.218789e+01 1.306122e+01
      vertex 2.662717e+01 -4.158642e+01 1.469388e+01
      vertex 2.457893e+01 -4.165365e+01 1.469388e+01
    endloop
  endfacet
  facet normal -2.690816e-02 9.372468e-01 -3.476267e-01
    outer loop
      vertex 2.706304e+01 -4.218789e+01 1.306122e+01
      vertex 2.498127e+01 -4.224765e+01 1.306122e+01
      vertex 2.457893e+01 -4.165365e+01 1.469388e+01
    endloop
  endfacet
  facet normal 3.465952e-02 -9.347518e-01 3.536068e-01
    outer loop
      vertex 2.662717e+01 -4.158642e+01 1.469388e+01
      vertex 2.619130e+01 -4.098496e+01 1.632653e+01
      vertex 2.417659e+01 -4.105966e+01 1.632653e+01
    endloop
  endfacet
  facet normal -3.075263e-02 9.368358e-01 -3.484149e-01
    outer loop
      vertex 2.662717e+01 -4.158642e+01 1.469388e+01
      vertex 2.457893e+01 -4.165365e+01 1.469388e+01
      vertex 2.417659e+01 -4.105966e+01 1.632653e+01
    endloop
  endfacet
  facet normal 3.874808e-02 -9.342520e-01 3.545022e-01
    outer loop
      vertex 2.619130e+01 -4.098496e+01 1.632653e+01
      vertex 2.575543e+01 -4.038353e+01 1.795918e+01
      vertex 2.377425e+01 -4.046570e+01 1.795918e+01
    endloop
  endfacet
  facet normal -3.472051e-02 9.363967e-01 -3.492216e-01
    outer loop
      vertex 2.619130e+01 -4.098496e+01 1.632653e+01
      vertex 2.417659e+01 -4.105966e+01 1.632653e+01
      vertex 2.377425e+01 -4.046570e+01 1.795918e+01
    endloop
  endfacet
  facet normal 4.297137e-02 -9.337188e-01 3.554191e-01
    outer loop
      vertex 2.575543e+01 -4.038353e+01 1.795918e+01
      vertex 2.531956e+01 -3.978212e+01 1.959184e+01
      vertex 2.337191e+01 -3.987175e+01 1.959184e+01
    endloop
  endfacet
  facet normal -3.881757e-02 9.359274e-01 -3.500472e-01
    outer loop
      vertex 2.575543e+01 -4.038353e+01 1.795918e+01
      vertex 2.377425e+01 -4.046570e+01 1.795918e+01
      vertex 2.337191e+01 -3.987175e+01 1.959184e+01
    endloop
  endfacet
  facet normal 4.733585e-02 -9.331496e-01 3.563582e-01
    outer loop
      vertex 2.531956e+01 -3.978212e+01 1.959184e+01
      vertex 2.488369e+01 -3.918074e+01 2.122449e+01
      vertex 2.296956e+01 -3.927784e+01 2.122449e+01
    endloop
  endfacet
  facet normal -4.304993e-02 9.354258e-01 -3.508922e-01
    outer loop
      vertex 2.531956e+01 -3.978212e+01 1.959184e+01
      vertex 2.337191e+01 -3.987175e+01 1.959184e+01
      vertex 2.296956e+01 -3.927784e+01 2.122449e+01
    endloop
  endfacet
  facet normal 5.184835e-02 -9.325418e-01 3.573199e-01
    outer loop
      vertex 2.488369e+01 -3.918074e+01 2.122449e+01
      vertex 2.444783e+01 -3.857939e+01 2.285714e+01
      vertex 2.256722e+01 -3.868395e+01 2.285714e+01
    endloop
  endfacet
  facet normal -4.742410e-02 9.348893e-01 -3.517569e-01
    outer loop
      vertex 2.488369e+01 -3.918074e+01 2.122449e+01
      vertex 2.296956e+01 -3.927784e+01 2.122449e+01
      vertex 2.256722e+01 -3.868395e+01 2.285714e+01
    endloop
  endfacet
  facet normal 5.651614e-02 -9.318925e-01 3.583048e-01
    outer loop
      vertex 2.444783e+01 -3.857939e+01 2.285714e+01
      vertex 2.401196e+01 -3.797809e+01 2.448980e+01
      vertex 2.216488e+01 -3.809011e+01 2.448980e+01
    endloop
  endfacet
  facet normal -5.194696e-02 9.343154e-01 -3.526418e-01
    outer loop
      vertex 2.444783e+01 -3.857939e+01 2.285714e+01
      vertex 2.256722e+01 -3.868395e+01 2.285714e+01
      vertex 2.216488e+01 -3.809011e+01 2.448980e+01
    endloop
  endfacet
  facet normal 6.134694e-02 -9.311984e-01 3.593134e-01
    outer loop
      vertex 2.401196e+01 -3.797809e+01 2.448980e+01
      vertex 2.357609e+01 -3.737682e+01 2.612245e+01
      vertex 2.176254e+01 -3.749630e+01 2.612245e+01
    endloop
  endfacet
  facet normal -5.662582e-02 9.337011e-01 -3.535474e-01
    outer loop
      vertex 2.401196e+01 -3.797809e+01 2.448980e+01
      vertex 2.216488e+01 -3.809011e+01 2.448980e+01
      vertex 2.176254e+01 -3.749630e+01 2.612245e+01
    endloop
  endfacet
  facet normal 6.634895e-02 -9.304560e-01 3.603463e-01
    outer loop
      vertex 2.357609e+01 -3.737682e+01 2.612245e+01
      vertex 2.314022e+01 -3.677561e+01 2.775510e+01
      vertex 2.136020e+01 -3.690254e+01 2.775510e+01
    endloop
  endfacet
  facet normal -6.146848e-02 9.330433e-01 -3.544740e-01
    outer loop
      vertex 2.357609e+01 -3.737682e+01 2.612245e+01
      vertex 2.176254e+01 -3.749630e+01 2.612245e+01
      vertex 2.136020e+01 -3.690254e+01 2.775510e+01
    endloop
  endfacet
  facet normal 7.153089e-02 -9.296615e-01 3.614039e-01
    outer loop
      vertex 2.314022e+01 -3.677561e+01 2.775510e+01
      vertex 2.270435e+01 -3.617446e+01 2.938776e+01
      vertex 2.095786e+01 -3.630884e+01 2.938776e+01
    endloop
  endfacet
  facet normal -6.648319e-02 9.323385e-01 -3.554220e-01
    outer loop
      vertex 2.314022e+01 -3.677561e+01 2.775510e+01
      vertex 2.136020e+01 -3.690254e+01 2.775510e+01
      vertex 2.095786e+01 -3.630884e+01 2.938776e+01
    endloop
  endfacet
  facet normal 7.690206e-02 -9.288108e-01 3.624866e-01
    outer loop
      vertex 2.270435e+01 -3.617446e+01 2.938776e+01
      vertex 2.226848e+01 -3.557337e+01 3.102041e+01
      vertex 2.055552e+01 -3.571520e+01 3.102041e+01
    endloop
  endfacet
  facet normal -7.167874e-02 9.315831e-01 -3.563918e-01
    outer loop
      vertex 2.270435e+01 -3.617446e+01 2.938776e+01
      vertex 2.095786e+01 -3.630884e+01 2.938776e+01
      vertex 2.055552e+01 -3.571520e+01 3.102041e+01
    endloop
  endfacet
  facet normal 8.247231e-02 -9.278993e-01 3.635949e-01
    outer loop
      vertex 2.226848e+01 -3.557337e+01 3.102041e+01
      vertex 2.183261e+01 -3.497236e+01 3.265306e+01
      vertex 2.015318e+01 -3.512163e+01 3.265306e+01
    endloop
  endfacet
  facet normal -7.706451e-02 9.307729e-01 -3.573835e-01
    outer loop
      vertex 2.226848e+01 -3.557337e+01 3.102041e+01
      vertex 2.055552e+01 -3.571520e+01 3.102041e+01
      vertex 2.015318e+01 -3.512163e+01 3.265306e+01
    endloop
  endfacet
  facet normal 8.825219e-02 -9.269220e-01 3.647289e-01
    outer loop
      vertex 2.183261e+01 -3.497236e+01 3.265306e+01
      vertex 2.139674e+01 -3.437144e+01 3.428571e+01
      vertex 1.975083e+01 -3.452815e+01 3.428571e+01
    endloop
  endfacet
  facet normal -8.265044e-02 9.299033e-01 -3.583974e-01
    outer loop
      vertex 2.183261e+01 -3.497236e+01 3.265306e+01
      vertex 2.015318e+01 -3.512163e+01 3.265306e+01
      vertex 1.975083e+01 -3.452815e+01 3.428571e+01
    endloop
  endfacet
  facet normal 9.425289e-02 -9.258734e-01 3.658891e-01
    outer loop
      vertex 2.139674e+01 -3.437144e+01 3.428571e+01
      vertex 2.096087e+01 -3.377061e+01 3.591837e+01
      vertex 1.934849e+01 -3.393475e+01 3.591837e+01
    endloop
  endfacet
  facet normal -8.844715e-02 9.289696e-01 -3.594336e-01
    outer loop
      vertex 2.139674e+01 -3.437144e+01 3.428571e+01
      vertex 1.975083e+01 -3.452815e+01 3.428571e+01
      vertex 1.934849e+01 -3.393475e+01 3.591837e+01
    endloop
  endfacet
  facet normal 1.004864e-01 -9.247476e-01 3.670754e-01
    outer loop
      vertex 2.096087e+01 -3.377061e+01 3.591837e+01
      vertex 2.052500e+01 -3.316990e+01 3.755102e+01
      vertex 1.894615e+01 -3.334146e+01 3.755102e+01
    endloop
  endfacet
  facet normal -9.446595e-02 9.279664e-01 -3.604922e-01
    outer loop
      vertex 2.096087e+01 -3.377061e+01 3.591837e+01
      vertex 1.934849e+01 -3.393475e+01 3.591837e+01
      vertex 1.894615e+01 -3.334146e+01 3.755102e+01
    endloop
  endfacet
  facet normal 1.069653e-01 -9.235380e-01 3.682879e-01
    outer loop
      vertex 2.052500e+01 -3.316990e+01 3.755102e+01
      vertex 2.008913e+01 -3.256932e+01 3.918367e+01
      vertex 1.854381e+01 -3.274830e+01 3.918367e+01
    endloop
  endfacet
  facet normal -1.007189e-01 9.268876e-01 -3.615730e-01
    outer loop
      vertex 2.052500e+01 -3.316990e+01 3.755102e+01
      vertex 1.894615e+01 -3.334146e+01 3.755102e+01
      vertex 1.854381e+01 -3.274830e+01 3.918367e+01
    endloop
  endfacet
  facet normal 1.137033e-01 -9.222374e-01 3.695264e-01
    outer loop
      vertex 2.008913e+01 -3.256932e+01 3.918367e+01
      vertex 1.965326e+01 -3.196888e+01 4.081633e+01
      vertex 1.814147e+01 -3.215527e+01 4.081633e+01
    endloop
  endfacet
  facet normal -1.072188e-01 9.257269e-01 -3.626758e-01
    outer loop
      vertex 2.008913e+01 -3.256932e+01 3.918367e+01
      vertex 1.854381e+01 -3.274830e+01 3.918367e+01
      vertex 1.814147e+01 -3.215527e+01 4.081633e+01
    endloop
  endfacet
  facet normal 1.207149e-01 -9.208377e-01 3.707907e-01
    outer loop
      vertex 1.965326e+01 -3.196888e+01 4.081633e+01
      vertex 1.921739e+01 -3.136860e+01 4.244898e+01
      vertex 1.773913e+01 -3.156239e+01 4.244898e+01
    endloop
  endfacet
  facet normal -1.139795e-01 9.244772e-01 -3.638002e-01
    outer loop
      vertex 1.965326e+01 -3.196888e+01 4.081633e+01
      vertex 1.814147e+01 -3.215527e+01 4.081633e+01
      vertex 1.773913e+01 -3.156239e+01 4.244898e+01
    endloop
  endfacet
  facet normal 1.280154e-01 -9.193304e-01 3.720801e-01
    outer loop
      vertex 1.921739e+01 -3.136860e+01 4.244898e+01
      vertex 1.878152e+01 -3.076851e+01 4.408163e+01
      vertex 1.733679e+01 -3.096969e+01 4.408163e+01
    endloop
  endfacet
  facet normal -1.210155e-01 9.231305e-01 -3.649456e-01
    outer loop
      vertex 1.921739e+01 -3.136860e+01 4.244898e+01
      vertex 1.773913e+01 -3.156239e+01 4.244898e+01
      vertex 1.733679e+01 -3.096969e+01 4.408163e+01
    endloop
  endfacet
  facet normal 1.356213e-01 -9.177058e-01 3.733939e-01
    outer loop
      vertex 1.878152e+01 -3.076851e+01 4.408163e+01
      vertex 1.834565e+01 -3.016864e+01 4.571429e+01
      vertex 1.693445e+01 -3.037719e+01 4.571429e+01
    endloop
  endfacet
  facet normal -1.283423e-01 9.216783e-01 -3.661111e-01
    outer loop
      vertex 1.878152e+01 -3.076851e+01 4.408163e+01
      vertex 1.733679e+01 -3.096969e+01 4.408163e+01
      vertex 1.693445e+01 -3.037719e+01 4.571429e+01
    endloop
  endfacet
  facet normal 1.435501e-01 -9.159532e-01 3.747307e-01
    outer loop
      vertex 1.834565e+01 -3.016864e+01 4.571429e+01
      vertex 1.790978e+01 -2.956900e+01 4.734694e+01
      vertex 1.653211e+01 -2.978491e+01 4.734694e+01
    endloop
  endfacet
  facet normal -1.359767e-01 9.201110e-01 -3.672955e-01
    outer loop
      vertex 1.834565e+01 -3.016864e+01 4.571429e+01
      vertex 1.693445e+01 -3.037719e+01 4.571429e+01
      vertex 1.653211e+01 -2.978491e+01 4.734694e+01
    endloop
  endfacet
  facet normal 1.518204e-01 -9.140610e-01 3.760892e-01
    outer loop
      vertex 1.790978e+01 -2.956900e+01 4.734694e+01
      vertex 1.747391e+01 -2.896964e+01 4.897959e+01
      vertex 1.612976e+01 -2.919290e+01 4.897959e+01
    endloop
  endfacet
  facet normal -1.439364e-01 9.184182e-01 -3.684973e-01
    outer loop
      vertex 1.790978e+01 -2.956900e+01 4.734694e+01
      vertex 1.653211e+01 -2.978491e+01 4.734694e+01
      vertex 1.612976e+01 -2.919290e+01 4.897959e+01
    endloop
  endfacet
  facet normal 1.604521e-01 -9.120163e-01 3.774671e-01
    outer loop
      vertex 1.747391e+01 -2.896964e+01 4.897959e+01
      vertex 1.703804e+01 -2.837060e+01 5.061224e+01
      vertex 1.572742e+01 -2.860118e+01 5.061224e+01
    endloop
  endfacet
  facet normal -1.522402e-01 9.165883e-01 -3.697144e-01
    outer loop
      vertex 1.747391e+01 -2.896964e+01 4.897959e+01
      vertex 1.612976e+01 -2.919290e+01 4.897959e+01
      vertex 1.572742e+01 -2.860118e+01 5.061224e+01
    endloop
  endfacet
  facet normal 1.694663e-01 -9.098048e-01 3.788619e-01
    outer loop
      vertex 1.703804e+01 -2.837060e+01 5.061224e+01
      vertex 1.660217e+01 -2.777192e+01 5.224490e+01
      vertex 1.532508e+01 -2.800980e+01 5.224490e+01
    endloop
  endfacet
  facet normal -1.609082e-01 9.146085e-01 -3.709444e-01
    outer loop
      vertex 1.703804e+01 -2.837060e+01 5.061224e+01
      vertex 1.572742e+01 -2.860118e+01 5.061224e+01
      vertex 1.532508e+01 -2.800980e+01 5.224490e+01
    endloop
  endfacet
  facet normal 1.788853e-01 -9.074109e-01 3.802703e-01
    outer loop
      vertex 1.660217e+01 -2.777192e+01 5.224490e+01
      vertex 1.616630e+01 -2.717365e+01 5.387755e+01
      vertex 1.492274e+01 -2.741880e+01 5.387755e+01
    endloop
  endfacet
  facet normal -1.699618e-01 9.124648e-01 -3.721841e-01
    outer loop
      vertex 1.660217e+01 -2.777192e+01 5.224490e+01
      vertex 1.532508e+01 -2.800980e+01 5.224490e+01
      vertex 1.492274e+01 -2.741880e+01 5.387755e+01
    endloop
  endfacet
  facet normal 1.887328e-01 -9.048172e-01 3.816880e-01
    outer loop
      vertex 1.616630e+01 -2.717365e+01 5.387755e+01
      vertex 1.573043e+01 -2.657584e+01 5.551020e+01
      vertex 1.452040e+01 -2.682824e+01 5.551020e+01
    endloop
  endfacet
  facet normal -1.794236e-01 9.101415e-01 -3.734297e-01
    outer loop
      vertex 1.616630e+01 -2.717365e+01 5.387755e+01
      vertex 1.492274e+01 -2.741880e+01 5.387755e+01
      vertex 1.452040e+01 -2.682824e+01 5.551020e+01
    endloop
  endfacet
  facet normal 1.990337e-01 -9.020047e-01 3.831099e-01
    outer loop
      vertex 1.573043e+01 -2.657584e+01 5.551020e+01
      vertex 1.529456e+01 -2.597858e+01 5.714286e+01
      vertex 1.411806e+01 -2.623819e+01 5.714286e+01
    endloop
  endfacet
  facet normal -1.893177e-01 9.076214e-01 -3.746762e-01
    outer loop
      vertex 1.573043e+01 -2.657584e+01 5.551020e+01
      vertex 1.452040e+01 -2.682824e+01 5.551020e+01
      vertex 1.411806e+01 -2.623819e+01 5.714286e+01
    endloop
  endfacet
  facet normal 2.098143e-01 -8.989522e-01 3.845295e-01
    outer loop
      vertex 1.529456e+01 -2.597858e+01 5.714286e+01
      vertex 1.485869e+01 -2.538194e+01 5.877551e+01
      vertex 1.371572e+01 -2.564871e+01 5.877551e+01
    endloop
  endfacet
  facet normal -1.996694e-01 9.048856e-01 -3.759178e-01
    outer loop
      vertex 1.529456e+01 -2.597858e+01 5.714286e+01
      vertex 1.411806e+01 -2.623819e+01 5.714286e+01
      vertex 1.371572e+01 -2.564871e+01 5.877551e+01
    endloop
  endfacet
  facet normal 2.211020e-01 -8.956366e-01 3.859391e-01
    outer loop
      vertex 1.485869e+01 -2.538194e+01 5.877551e+01
      vertex 1.442282e+01 -2.478602e+01 6.040816e+01
      vertex 1.331338e+01 -2.505990e+01 6.040816e+01
    endloop
  endfacet
  facet normal -2.105054e-01 9.019132e-01 -3.771473e-01
    outer loop
      vertex 1.485869e+01 -2.538194e+01 5.877551e+01
      vertex 1.371572e+01 -2.564871e+01 5.877551e+01
      vertex 1.331338e+01 -2.505990e+01 6.040816e+01
    endloop
  endfacet
  facet normal 2.329255e-01 -8.920325e-01 3.873289e-01
    outer loop
      vertex 1.442282e+01 -2.478602e+01 6.040816e+01
      vertex 1.398695e+01 -2.419092e+01 6.204082e+01
      vertex 1.291103e+01 -2.447186e+01 6.204082e+01
    endloop
  endfacet
  facet normal -2.218536e-01 8.986811e-01 -3.783560e-01
    outer loop
      vertex 1.442282e+01 -2.478602e+01 6.040816e+01
      vertex 1.331338e+01 -2.505990e+01 6.040816e+01
      vertex 1.291103e+01 -2.447186e+01 6.204082e+01
    endloop
  endfacet
  facet normal 2.453140e-01 -8.881121e-01 3.886874e-01
    outer loop
      vertex 1.398695e+01 -2.419092e+01 6.204082e+01
      vertex 1.355108e+01 -2.359677e+01 6.367347e+01
      vertex 1.250869e+01 -2.388470e+01 6.367347e+01
    endloop
  endfacet
  facet normal -2.337431e-01 8.951640e-01 -3.795334e-01
    outer loop
      vertex 1.398695e+01 -2.419092e+01 6.204082e+01
      vertex 1.291103e+01 -2.447186e+01 6.204082e+01
      vertex 1.250869e+01 -2.388470e+01 6.367347e+01
    endloop
  endfacet
  facet normal 2.582977e-01 -8.838451e-01 3.900002e-01
    outer loop
      vertex 1.355108e+01 -2.359677e+01 6.367347e+01
      vertex 1.311521e+01 -2.300374e+01 6.530612e+01
      vertex 1.210635e+01 -2.329857e+01 6.530612e+01
    endloop
  endfacet
  facet normal -2.462040e-01 8.913342e-01 -3.806665e-01
    outer loop
      vertex 1.355108e+01 -2.359677e+01 6.367347e+01
      vertex 1.250869e+01 -2.388470e+01 6.367347e+01
      vertex 1.210635e+01 -2.329857e+01 6.530612e+01
    endloop
  endfacet
  facet normal 2.719064e-01 -8.791986e-01 3.912502e-01
    outer loop
      vertex 1.311521e+01 -2.300374e+01 6.530612e+01
      vertex 1.267935e+01 -2.241199e+01 6.693878e+01
      vertex 1.170401e+01 -2.271363e+01 6.693878e+01
    endloop
  endfacet
  facet normal -2.592668e-01 8.871614e-01 -3.817399e-01
    outer loop
      vertex 1.311521e+01 -2.300374e+01 6.530612e+01
      vertex 1.210635e+01 -2.329857e+01 6.530612e+01
      vertex 1.170401e+01 -2.271363e+01 6.693878e+01
    endloop
  endfacet
  facet normal 2.861698e-01 -8.741375e-01 3.924163e-01
    outer loop
      vertex 1.267935e+01 -2.241199e+01 6.693878e+01
      vertex 1.224348e+01 -2.182176e+01 6.857143e+01
      vertex 1.130167e+01 -2.213008e+01 6.857143e+01
    endloop
  endfacet
  facet normal -2.729623e-01 8.826129e-01 -3.827350e-01
    outer loop
      vertex 1.267935e+01 -2.241199e+01 6.693878e+01
      vertex 1.170401e+01 -2.271363e+01 6.693878e+01
      vertex 1.130167e+01 -2.213008e+01 6.857143e+01
    endloop
  endfacet
  facet normal 3.011155e-01 -8.686243e-01 3.934733e-01
    outer loop
      vertex 1.224348e+01 -2.182176e+01 6.857143e+01
      vertex 1.180761e+01 -2.123329e+01 7.020408e+01
      vertex 1.089933e+01 -2.154815e+01 7.020408e+01
    endloop
  endfacet
  facet normal -2.873207e-01 8.776533e-01 -3.836293e-01
    outer loop
      vertex 1.224348e+01 -2.182176e+01 6.857143e+01
      vertex 1.130167e+01 -2.213008e+01 6.857143e+01
      vertex 1.089933e+01 -2.154815e+01 7.020408e+01
    endloop
  endfacet
  facet normal 3.167687e-01 -8.626201e-01 3.943908e-01
    outer loop
      vertex 1.180761e+01 -2.123329e+01 7.020408e+01
      vertex 1.137174e+01 -2.064690e+01 7.183673e+01
      vertex 1.049699e+01 -2.096812e+01 7.183673e+01
    endloop
  endfacet
  facet normal -3.023707e-01 8.722452e-01 -3.843960e-01
    outer loop
      vertex 1.180761e+01 -2.123329e+01 7.020408e+01
      vertex 1.089933e+01 -2.154815e+01 7.020408e+01
      vertex 1.049699e+01 -2.096812e+01 7.183673e+01
    endloop
  endfacet
  facet normal 3.331496e-01 -8.560853e-01 3.951320e-01
    outer loop
      vertex 1.137174e+01 -2.064690e+01 7.183673e+01
      vertex 1.093587e+01 -2.006296e+01 7.346939e+01
      vertex 1.009465e+01 -2.039032e+01 7.346939e+01
    endloop
  endfacet
  facet normal -3.181381e-01 8.663493e-01 -3.850028e-01
    outer loop
      vertex 1.137174e+01 -2.064690e+01 7.183673e+01
      vertex 1.049699e+01 -2.096812e+01 7.183673e+01
      vertex 1.009465e+01 -2.039032e+01 7.346939e+01
    endloop
  endfacet
  facet normal 3.502712e-01 -8.489811e-01 3.956529e-01
    outer loop
      vertex 1.093587e+01 -2.006296e+01 7.346939e+01
      vertex 1.050000e+01 -1.948192e+01 7.510204e+01
      vertex 9.692305e+00 -1.981515e+01 7.510204e+01
    endloop
  endfacet
  facet normal -3.346440e-01 8.599254e-01 -3.854111e-01
    outer loop
      vertex 1.093587e+01 -2.006296e+01 7.346939e+01
      vertex 1.009465e+01 -2.039032e+01 7.346939e+01
      vertex 9.692305e+00 -1.981515e+01 7.510204e+01
    endloop
  endfacet
  facet normal 3.681360e-01 -8.412719e-01 3.959008e-01
    outer loop
      vertex 1.050000e+01 -1.948192e+01 7.510204e+01
      vertex 1.006413e+01 -1.890433e+01 7.673469e+01
      vertex 9.289964e+00 -1.924310e+01 7.673469e+01
    endloop
  endfacet
  facet normal -3.519022e-01 8.529342e-01 -3.855751e-01
    outer loop
      vertex 1.050000e+01 -1.948192e+01 7.510204e+01
      vertex 9.692305e+00 -1.981515e+01 7.510204e+01
      vertex 9.289964e+00 -1.924310e+01 7.673469e+01
    endloop
  endfacet
  facet normal 3.867312e-01 -8.329292e-01 3.958129e-01
    outer loop
      vertex 1.006413e+01 -1.890433e+01 7.673469e+01
      vertex 9.628258e+00 -1.833086e+01 7.836735e+01
      vertex 8.887623e+00 -1.867474e+01 7.836735e+01
    endloop
  endfacet
  facet normal -3.699157e-01 8.453389e-01 -3.854406e-01
    outer loop
      vertex 1.006413e+01 -1.890433e+01 7.673469e+01
      vertex 9.289964e+00 -1.924310e+01 7.673469e+01
      vertex 8.887623e+00 -1.867474e+01 7.836735e+01
    endloop
  endfacet
  facet normal 4.060226e-01 -8.239369e-01 3.953147e-01
    outer loop
      vertex 9.628258e+00 -1.833086e+01 7.836735e+01
      vertex 9.192388e+00 -1.776232e+01 8.000000e+01
      vertex 8.485281e+00 -1.811077e+01 8.000000e+01
    endloop
  endfacet
  facet normal -3.886721e-01 8.371095e-01 -3.849438e-01
    outer loop
      vertex 9.628258e+00 -1.833086e+01 7.836735e+01
      vertex 8.887623e+00 -1.867474e+01 7.836735e+01
      vertex 8.485281e+00 -1.811077e+01 8.000000e+01
    endloop
  endfacet
  facet normal 2.787921e-03 -9.395012e-01 3.425342e-01
    outer loop
      vertex 2.820000e+01 -4.700000e+01 0.000000e+00
      vertex 2.779766e+01 -4.640594e+01 1.632653e+00
      vertex 2.548119e+01 -4.641282e+01 1.632653e+00
    endloop
  endfacet
  facet normal 0.000000e+00 9.409923e-01 -3.384278e-01
    outer loop
      vertex 2.820000e+01 -4.700000e+01 0.000000e+00
      vertex 2.585000e+01 -4.700000e+01 0.000000e+00
      vertex 2.548119e+01 -4.641282e+01 1.632653e+00
    endloop
  endfacet
  facet normal 5.656253e-03 -9.392623e-01 3.431535e-01
    outer loop
      vertex 2.779766e+01 -4.640594e+01 1.632653e+00
      vertex 2.739532e+01 -4.581189e+01 3.265306e+00
      vertex 2.511237e+01 -4.582563e+01 3.265306e+00
    endloop
  endfacet
  facet normal -2.791739e-03 9.407879e-01 -3.389844e-01
    outer loop
      vertex 2.779766e+01 -4.640594e+01 1.632653e+00
      vertex 2.548119e+01 -4.641282e+01 1.632653e+00
      vertex 2.511237e+01 -4.582563e+01 3.265306e+00
    endloop
  endfacet
  facet normal 8.608408e-03 -9.390082e-01 3.437871e-01
    outer loop
      vertex 2.739532e+01 -4.581189e+01 3.265306e+00
      vertex 2.699298e+01 -4.521783e+01 4.897959e+00
      vertex 2.474356e+01 -4.523845e+01 4.897959e+00
    endloop
  endfacet
  facet normal -5.664126e-03 9.405697e-01 -3.395535e-01
    outer loop
      vertex 2.739532e+01 -4.581189e+01 3.265306e+00
      vertex 2.511237e+01 -4.582563e+01 3.265306e+00
      vertex 2.474356e+01 -4.523845e+01 4.897959e+00
    endloop
  endfacet
  facet normal 1.164798e-02 -9.387377e-01 3.444356e-01
    outer loop
      vertex 2.699298e+01 -4.521783e+01 4.897959e+00
      vertex 2.659064e+01 -4.462378e+01 6.530612e+00
      vertex 2.437475e+01 -4.465128e+01 6.530612e+00
    endloop
  endfacet
  facet normal -8.620589e-03 9.403369e-01 -3.401356e-01
    outer loop
      vertex 2.699298e+01 -4.521783e+01 4.897959e+00
      vertex 2.474356e+01 -4.523845e+01 4.897959e+00
      vertex 2.437475e+01 -4.465128e+01 6.530612e+00
    endloop
  endfacet
  facet normal 1.477878e-02 -9.384498e-01 3.450992e-01
    outer loop
      vertex 2.659064e+01 -4.462378e+01 6.530612e+00
      vertex 2.618829e+01 -4.402974e+01 8.163265e+00
      vertex 2.400594e+01 -4.406410e+01 8.163265e+00
    endloop
  endfacet
  facet normal -1.166475e-02 9.400884e-01 -3.407310e-01
    outer loop
      vertex 2.659064e+01 -4.462378e+01 6.530612e+00
      vertex 2.437475e+01 -4.465128e+01 6.530612e+00
      vertex 2.400594e+01 -4.406410e+01 8.163265e+00
    endloop
  endfacet
  facet normal 1.800482e-02 -9.381434e-01 3.457786e-01
    outer loop
      vertex 2.618829e+01 -4.402974e+01 8.163265e+00
      vertex 2.578595e+01 -4.343570e+01 9.795918e+00
      vertex 2.363712e+01 -4.347694e+01 9.795918e+00
    endloop
  endfacet
  facet normal -1.480041e-02 9.398233e-01 -3.413402e-01
    outer loop
      vertex 2.618829e+01 -4.402974e+01 8.163265e+00
      vertex 2.400594e+01 -4.406410e+01 8.163265e+00
      vertex 2.363712e+01 -4.347694e+01 9.795918e+00
    endloop
  endfacet
  facet normal 2.133033e-02 -9.378170e-01 3.464741e-01
    outer loop
      vertex 2.578595e+01 -4.343570e+01 9.795918e+00
      vertex 2.538361e+01 -4.284167e+01 1.142857e+01
      vertex 2.326831e+01 -4.288978e+01 1.142857e+01
    endloop
  endfacet
  facet normal -1.803163e-02 9.395402e-01 -3.419635e-01
    outer loop
      vertex 2.578595e+01 -4.343570e+01 9.795918e+00
      vertex 2.363712e+01 -4.347694e+01 9.795918e+00
      vertex 2.326831e+01 -4.288978e+01 1.142857e+01
    endloop
  endfacet
  facet normal 2.475982e-02 -9.374693e-01 3.471862e-01
    outer loop
      vertex 2.538361e+01 -4.284167e+01 1.142857e+01
      vertex 2.498127e+01 -4.224765e+01 1.306122e+01
      vertex 2.289950e+01 -4.230264e+01 1.306122e+01
    endloop
  endfacet
  facet normal -2.136265e-02 9.392380e-01 -3.426013e-01
    outer loop
      vertex 2.538361e+01 -4.284167e+01 1.142857e+01
      vertex 2.326831e+01 -4.288978e+01 1.142857e+01
      vertex 2.289950e+01 -4.230264e+01 1.306122e+01
    endloop
  endfacet
  facet normal 2.829802e-02 -9.370988e-01 3.479153e-01
    outer loop
      vertex 2.498127e+01 -4.224765e+01 1.306122e+01
      vertex 2.457893e+01 -4.165365e+01 1.469388e+01
      vertex 2.253069e+01 -4.171550e+01 1.469388e+01
    endloop
  endfacet
  facet normal -2.479801e-02 9.389152e-01 -3.432539e-01
    outer loop
      vertex 2.498127e+01 -4.224765e+01 1.306122e+01
      vertex 2.289950e+01 -4.230264e+01 1.306122e+01
      vertex 2.253069e+01 -4.171550e+01 1.469388e+01
    endloop
  endfacet
  facet normal 3.194997e-02 -9.367038e-01 3.486620e-01
    outer loop
      vertex 2.457893e+01 -4.165365e+01 1.469388e+01
      vertex 2.417659e+01 -4.105966e+01 1.632653e+01
      vertex 2.216187e+01 -4.112838e+01 1.632653e+01
    endloop
  endfacet
  facet normal -2.834246e-02 9.385704e-01 -3.439218e-01
    outer loop
      vertex 2.457893e+01 -4.165365e+01 1.469388e+01
      vertex 2.253069e+01 -4.171550e+01 1.469388e+01
      vertex 2.216187e+01 -4.112838e+01 1.632653e+01
    endloop
  endfacet
  facet normal 3.572099e-02 -9.362825e-01 3.494267e-01
    outer loop
      vertex 2.417659e+01 -4.105966e+01 1.632653e+01
      vertex 2.377425e+01 -4.046570e+01 1.795918e+01
      vertex 2.179306e+01 -4.054128e+01 1.795918e+01
    endloop
  endfacet
  facet normal -3.200107e-02 9.382020e-01 -3.446054e-01
    outer loop
      vertex 2.417659e+01 -4.105966e+01 1.632653e+01
      vertex 2.216187e+01 -4.112838e+01 1.632653e+01
      vertex 2.179306e+01 -4.054128e+01 1.795918e+01
    endloop
  endfacet
  facet normal 3.961674e-02 -9.358331e-01 3.502099e-01
    outer loop
      vertex 2.377425e+01 -4.046570e+01 1.795918e+01
      vertex 2.337191e+01 -3.987175e+01 1.959184e+01
      vertex 2.142425e+01 -3.995421e+01 1.959184e+01
    endloop
  endfacet
  facet normal -3.577920e-02 9.378082e-01 -3.453050e-01
    outer loop
      vertex 2.377425e+01 -4.046570e+01 1.795918e+01
      vertex 2.179306e+01 -4.054128e+01 1.795918e+01
      vertex 2.142425e+01 -3.995421e+01 1.959184e+01
    endloop
  endfacet
  facet normal 4.364320e-02 -9.353533e-01 3.510120e-01
    outer loop
      vertex 2.337191e+01 -3.987175e+01 1.959184e+01
      vertex 2.296956e+01 -3.927784e+01 2.122449e+01
      vertex 2.105543e+01 -3.936715e+01 2.122449e+01
    endloop
  endfacet
  facet normal -3.968253e-02 9.373872e-01 -3.460211e-01
    outer loop
      vertex 2.337191e+01 -3.987175e+01 1.959184e+01
      vertex 2.142425e+01 -3.995421e+01 1.959184e+01
      vertex 2.105543e+01 -3.936715e+01 2.122449e+01
    endloop
  endfacet
  facet normal 4.780674e-02 -9.348410e-01 3.518336e-01
    outer loop
      vertex 2.296956e+01 -3.927784e+01 2.122449e+01
      vertex 2.256722e+01 -3.868395e+01 2.285714e+01
      vertex 2.068662e+01 -3.878013e+01 2.285714e+01
    endloop
  endfacet
  facet normal -4.371708e-02 9.369368e-01 -3.467539e-01
    outer loop
      vertex 2.296956e+01 -3.927784e+01 2.122449e+01
      vertex 2.105543e+01 -3.936715e+01 2.122449e+01
      vertex 2.068662e+01 -3.878013e+01 2.285714e+01
    endloop
  endfacet
  facet normal 5.211409e-02 -9.342935e-01 3.526751e-01
    outer loop
      vertex 2.256722e+01 -3.868395e+01 2.285714e+01
      vertex 2.216488e+01 -3.809011e+01 2.448980e+01
      vertex 2.031781e+01 -3.819313e+01 2.448980e+01
    endloop
  endfacet
  facet normal -4.788927e-02 9.364548e-01 -3.475040e-01
    outer loop
      vertex 2.256722e+01 -3.868395e+01 2.285714e+01
      vertex 2.068662e+01 -3.878013e+01 2.285714e+01
      vertex 2.031781e+01 -3.819313e+01 2.448980e+01
    endloop
  endfacet
  facet normal 5.657245e-02 -9.337083e-01 3.535369e-01
    outer loop
      vertex 2.216488e+01 -3.809011e+01 2.448980e+01
      vertex 2.176254e+01 -3.749630e+01 2.612245e+01
      vertex 1.994900e+01 -3.760618e+01 2.612245e+01
    endloop
  endfacet
  facet normal -5.220587e-02 9.359388e-01 -3.482715e-01
    outer loop
      vertex 2.216488e+01 -3.809011e+01 2.448980e+01
      vertex 2.031781e+01 -3.819313e+01 2.448980e+01
      vertex 1.994900e+01 -3.760618e+01 2.612245e+01
    endloop
  endfacet
  facet normal 6.118944e-02 -9.330824e-01 3.544195e-01
    outer loop
      vertex 2.176254e+01 -3.749630e+01 2.612245e+01
      vertex 2.136020e+01 -3.690254e+01 2.775510e+01
      vertex 1.958018e+01 -3.701927e+01 2.775510e+01
    endloop
  endfacet
  facet normal -5.667411e-02 9.353862e-01 -3.490570e-01
    outer loop
      vertex 2.176254e+01 -3.749630e+01 2.612245e+01
      vertex 1.994900e+01 -3.760618e+01 2.612245e+01
      vertex 1.958018e+01 -3.701927e+01 2.775510e+01
    endloop
  endfacet
  facet normal 6.597316e-02 -9.324124e-01 3.553232e-01
    outer loop
      vertex 2.136020e+01 -3.690254e+01 2.775510e+01
      vertex 2.095786e+01 -3.630884e+01 2.938776e+01
      vertex 1.921137e+01 -3.643241e+01 2.938776e+01
    endloop
  endfacet
  facet normal -6.130168e-02 9.347939e-01 -3.498606e-01
    outer loop
      vertex 2.136020e+01 -3.690254e+01 2.775510e+01
      vertex 1.958018e+01 -3.701927e+01 2.775510e+01
      vertex 1.921137e+01 -3.643241e+01 2.938776e+01
    endloop
  endfacet
  facet normal 7.093225e-02 -9.316950e-01 3.562485e-01
    outer loop
      vertex 2.095786e+01 -3.630884e+01 2.938776e+01
      vertex 2.055552e+01 -3.571520e+01 3.102041e+01
      vertex 1.884256e+01 -3.584561e+01 3.102041e+01
    endloop
  endfacet
  facet normal -6.609674e-02 9.341590e-01 -3.506826e-01
    outer loop
      vertex 2.095786e+01 -3.630884e+01 2.938776e+01
      vertex 1.921137e+01 -3.643241e+01 2.938776e+01
      vertex 1.884256e+01 -3.584561e+01 3.102041e+01
    endloop
  endfacet
  facet normal 7.607591e-02 -9.309263e-01 3.571956e-01
    outer loop
      vertex 2.055552e+01 -3.571520e+01 3.102041e+01
      vertex 2.015318e+01 -3.512163e+01 3.265306e+01
      vertex 1.847374e+01 -3.525888e+01 3.265306e+01
    endloop
  endfacet
  facet normal -7.106798e-02 9.334778e-01 -3.515232e-01
    outer loop
      vertex 2.055552e+01 -3.571520e+01 3.102041e+01
      vertex 1.884256e+01 -3.584561e+01 3.102041e+01
      vertex 1.847374e+01 -3.525888e+01 3.265306e+01
    endloop
  endfacet
  facet normal 8.141390e-02 -9.301020e-01 3.581649e-01
    outer loop
      vertex 2.015318e+01 -3.512163e+01 3.265306e+01
      vertex 1.975083e+01 -3.452815e+01 3.428571e+01
      vertex 1.810493e+01 -3.467222e+01 3.428571e+01
    endloop
  endfacet
  facet normal -7.622466e-02 9.327466e-01 -3.523827e-01
    outer loop
      vertex 2.015318e+01 -3.512163e+01 3.265306e+01
      vertex 1.847374e+01 -3.525888e+01 3.265306e+01
      vertex 1.810493e+01 -3.467222e+01 3.428571e+01
    endloop
  endfacet
  facet normal 8.695667e-02 -9.292175e-01 3.591564e-01
    outer loop
      vertex 1.975083e+01 -3.452815e+01 3.428571e+01
      vertex 1.934849e+01 -3.393475e+01 3.591837e+01
      vertex 1.773612e+01 -3.408564e+01 3.591837e+01
    endloop
  endfacet
  facet normal -8.157665e-02 9.319613e-01 -3.532610e-01
    outer loop
      vertex 1.975083e+01 -3.452815e+01 3.428571e+01
      vertex 1.810493e+01 -3.467222e+01 3.428571e+01
      vertex 1.773612e+01 -3.408564e+01 3.591837e+01
    endloop
  endfacet
  facet normal 9.271532e-02 -9.282679e-01 3.601703e-01
    outer loop
      vertex 1.934849e+01 -3.393475e+01 3.591837e+01
      vertex 1.894615e+01 -3.334146e+01 3.755102e+01
      vertex 1.736731e+01 -3.349916e+01 3.755102e+01
    endloop
  endfacet
  facet normal -8.713445e-02 9.311173e-01 -3.541583e-01
    outer loop
      vertex 1.934849e+01 -3.393475e+01 3.591837e+01
      vertex 1.773612e+01 -3.408564e+01 3.591837e+01
      vertex 1.736731e+01 -3.349916e+01 3.755102e+01
    endloop
  endfacet
  facet normal 9.870171e-02 -9.272474e-01 3.612066e-01
    outer loop
      vertex 1.894615e+01 -3.334146e+01 3.755102e+01
      vertex 1.854381e+01 -3.274830e+01 3.918367e+01
      vertex 1.699849e+01 -3.291279e+01 3.918367e+01
    endloop
  endfacet
  facet normal -9.290928e-02 9.302097e-01 -3.550743e-01
    outer loop
      vertex 1.894615e+01 -3.334146e+01 3.755102e+01
      vertex 1.736731e+01 -3.349916e+01 3.755102e+01
      vertex 1.699849e+01 -3.291279e+01 3.918367e+01
    endloop
  endfacet
  facet normal 1.049285e-01 -9.261501e-01 3.622651e-01
    outer loop
      vertex 1.854381e+01 -3.274830e+01 3.918367e+01
      vertex 1.814147e+01 -3.215527e+01 4.081633e+01
      vertex 1.662968e+01 -3.232654e+01 4.081633e+01
    endloop
  endfacet
  facet normal -9.891306e-02 9.292329e-01 -3.560090e-01
    outer loop
      vertex 1.854381e+01 -3.274830e+01 3.918367e+01
      vertex 1.699849e+01 -3.291279e+01 3.918367e+01
      vertex 1.662968e+01 -3.232654e+01 4.081633e+01
    endloop
  endfacet
  facet normal 1.114090e-01 -9.249692e-01 3.633455e-01
    outer loop
      vertex 1.814147e+01 -3.215527e+01 4.081633e+01
      vertex 1.773913e+01 -3.156239e+01 4.244898e+01
      vertex 1.626087e+01 -3.174044e+01 4.244898e+01
    endloop
  endfacet
  facet normal -1.051585e-01 9.281810e-01 -3.569618e-01
    outer loop
      vertex 1.814147e+01 -3.215527e+01 4.081633e+01
      vertex 1.662968e+01 -3.232654e+01 4.081633e+01
      vertex 1.626087e+01 -3.174044e+01 4.244898e+01
    endloop
  endfacet
  facet normal 1.181578e-01 -9.236974e-01 3.644472e-01
    outer loop
      vertex 1.773913e+01 -3.156239e+01 4.244898e+01
      vertex 1.733679e+01 -3.096969e+01 4.408163e+01
      vertex 1.589206e+01 -3.115450e+01 4.408163e+01
    endloop
  endfacet
  facet normal -1.116593e-01 9.270473e-01 -3.579322e-01
    outer loop
      vertex 1.773913e+01 -3.156239e+01 4.244898e+01
      vertex 1.626087e+01 -3.174044e+01 4.244898e+01
      vertex 1.589206e+01 -3.115450e+01 4.408163e+01
    endloop
  endfacet
  facet normal 1.251900e-01 -9.223266e-01 3.655696e-01
    outer loop
      vertex 1.733679e+01 -3.096969e+01 4.408163e+01
      vertex 1.693445e+01 -3.037719e+01 4.571429e+01
      vertex 1.552324e+01 -3.056873e+01 4.571429e+01
    endloop
  endfacet
  facet normal -1.184299e-01 9.258246e-01 -3.589195e-01
    outer loop
      vertex 1.733679e+01 -3.096969e+01 4.408163e+01
      vertex 1.589206e+01 -3.115450e+01 4.408163e+01
      vertex 1.552324e+01 -3.056873e+01 4.571429e+01
    endloop
  endfacet
  facet normal 1.325220e-01 -9.208478e-01 3.667114e-01
    outer loop
      vertex 1.693445e+01 -3.037719e+01 4.571429e+01
      vertex 1.653211e+01 -2.978491e+01 4.734694e+01
      vertex 1.515443e+01 -2.998318e+01 4.734694e+01
    endloop
  endfacet
  facet normal -1.254857e-01 9.245048e-01 -3.599225e-01
    outer loop
      vertex 1.693445e+01 -3.037719e+01 4.571429e+01
      vertex 1.552324e+01 -3.056873e+01 4.571429e+01
      vertex 1.515443e+01 -2.998318e+01 4.734694e+01
    endloop
  endfacet
  facet normal 1.401712e-01 -9.192511e-01 3.678714e-01
    outer loop
      vertex 1.653211e+01 -2.978491e+01 4.734694e+01
      vertex 1.612976e+01 -2.919290e+01 4.897959e+01
      vertex 1.478562e+01 -2.939786e+01 4.897959e+01
    endloop
  endfacet
  facet normal -1.328432e-01 9.230791e-01 -3.609400e-01
    outer loop
      vertex 1.653211e+01 -2.978491e+01 4.734694e+01
      vertex 1.515443e+01 -2.998318e+01 4.734694e+01
      vertex 1.478562e+01 -2.939786e+01 4.897959e+01
    endloop
  endfacet
  facet normal 1.481559e-01 -9.175258e-01 3.690477e-01
    outer loop
      vertex 1.612976e+01 -2.919290e+01 4.897959e+01
      vertex 1.572742e+01 -2.860118e+01 5.061224e+01
      vertex 1.441680e+01 -2.881281e+01 5.061224e+01
    endloop
  endfacet
  facet normal -1.405199e-01 9.215378e-01 -3.619700e-01
    outer loop
      vertex 1.612976e+01 -2.919290e+01 4.897959e+01
      vertex 1.478562e+01 -2.939786e+01 4.897959e+01
      vertex 1.441680e+01 -2.881281e+01 5.061224e+01
    endloop
  endfacet
  facet normal 1.564959e-01 -9.156598e-01 3.702379e-01
    outer loop
      vertex 1.572742e+01 -2.860118e+01 5.061224e+01
      vertex 1.532508e+01 -2.800980e+01 5.224490e+01
      vertex 1.404799e+01 -2.822807e+01 5.224490e+01
    endloop
  endfacet
  facet normal -1.485345e-01 9.198700e-01 -3.630105e-01
    outer loop
      vertex 1.572742e+01 -2.860118e+01 5.061224e+01
      vertex 1.441680e+01 -2.881281e+01 5.061224e+01
      vertex 1.404799e+01 -2.822807e+01 5.224490e+01
    endloop
  endfacet
  facet normal 1.652118e-01 -9.136400e-01 3.714390e-01
    outer loop
      vertex 1.532508e+01 -2.800980e+01 5.224490e+01
      vertex 1.492274e+01 -2.741880e+01 5.387755e+01
      vertex 1.367918e+01 -2.764367e+01 5.387755e+01
    endloop
  endfacet
  facet normal -1.569068e-01 9.180640e-01 -3.640587e-01
    outer loop
      vertex 1.532508e+01 -2.800980e+01 5.224490e+01
      vertex 1.404799e+01 -2.822807e+01 5.224490e+01
      vertex 1.367918e+01 -2.764367e+01 5.387755e+01
    endloop
  endfacet
  facet normal 1.743258e-01 -9.114518e-01 3.726474e-01
    outer loop
      vertex 1.492274e+01 -2.741880e+01 5.387755e+01
      vertex 1.452040e+01 -2.682824e+01 5.551020e+01
      vertex 1.331037e+01 -2.705967e+01 5.551020e+01
    endloop
  endfacet
  facet normal -1.656579e-01 9.161067e-01 -3.651110e-01
    outer loop
      vertex 1.492274e+01 -2.741880e+01 5.387755e+01
      vertex 1.367918e+01 -2.764367e+01 5.387755e+01
      vertex 1.331037e+01 -2.705967e+01 5.551020e+01
    endloop
  endfacet
  facet normal 1.838609e-01 -9.090793e-01 3.738583e-01
    outer loop
      vertex 1.452040e+01 -2.682824e+01 5.551020e+01
      vertex 1.411806e+01 -2.623819e+01 5.714286e+01
      vertex 1.294155e+01 -2.647613e+01 5.714286e+01
    endloop
  endfacet
  facet normal -1.748100e-01 9.139835e-01 -3.661634e-01
    outer loop
      vertex 1.452040e+01 -2.682824e+01 5.551020e+01
      vertex 1.331037e+01 -2.705967e+01 5.551020e+01
      vertex 1.294155e+01 -2.647613e+01 5.714286e+01
    endloop
  endfacet
  facet normal 1.938415e-01 -9.065047e-01 3.750662e-01
    outer loop
      vertex 1.411806e+01 -2.623819e+01 5.714286e+01
      vertex 1.371572e+01 -2.564871e+01 5.877551e+01
      vertex 1.257274e+01 -2.589312e+01 5.877551e+01
    endloop
  endfacet
  facet normal -1.843866e-01 9.116787e-01 -3.672106e-01
    outer loop
      vertex 1.411806e+01 -2.623819e+01 5.714286e+01
      vertex 1.294155e+01 -2.647613e+01 5.714286e+01
      vertex 1.257274e+01 -2.589312e+01 5.877551e+01
    endloop
  endfacet
  facet normal 2.042932e-01 -9.037089e-01 3.762640e-01
    outer loop
      vertex 1.371572e+01 -2.564871e+01 5.877551e+01
      vertex 1.331338e+01 -2.505990e+01 6.040816e+01
      vertex 1.220393e+01 -2.531070e+01 6.040816e+01
    endloop
  endfacet
  facet normal -1.944124e-01 9.091746e-01 -3.682463e-01
    outer loop
      vertex 1.371572e+01 -2.564871e+01 5.877551e+01
      vertex 1.257274e+01 -2.589312e+01 5.877551e+01
      vertex 1.220393e+01 -2.531070e+01 6.040816e+01
    endloop
  endfacet
  facet normal 2.152422e-01 -9.006705e-01 3.774433e-01
    outer loop
      vertex 1.331338e+01 -2.505990e+01 6.040816e+01
      vertex 1.291103e+01 -2.447186e+01 6.204082e+01
      vertex 1.183511e+01 -2.472898e+01 6.204082e+01
    endloop
  endfacet
  facet normal -2.049133e-01 9.064521e-01 -3.692630e-01
    outer loop
      vertex 1.331338e+01 -2.505990e+01 6.040816e+01
      vertex 1.220393e+01 -2.531070e+01 6.040816e+01
      vertex 1.183511e+01 -2.472898e+01 6.204082e+01
    endloop
  endfacet
  facet normal 2.267159e-01 -8.973665e-01 3.785937e-01
    outer loop
      vertex 1.291103e+01 -2.447186e+01 6.204082e+01
      vertex 1.250869e+01 -2.388470e+01 6.367347e+01
      vertex 1.146630e+01 -2.414806e+01 6.367347e+01
    endloop
  endfacet
  facet normal -2.159160e-01 9.034900e-01 -3.702514e-01
    outer loop
      vertex 1.291103e+01 -2.447186e+01 6.204082e+01
      vertex 1.183511e+01 -2.472898e+01 6.204082e+01
      vertex 1.146630e+01 -2.414806e+01 6.367347e+01
    endloop
  endfacet
  facet normal 2.387417e-01 -8.937719e-01 3.797027e-01
    outer loop
      vertex 1.250869e+01 -2.388470e+01 6.367347e+01
      vertex 1.210635e+01 -2.329857e+01 6.530612e+01
      vertex 1.109749e+01 -2.356805e+01 6.530612e+01
    endloop
  endfacet
  facet normal -2.274482e-01 9.002653e-01 -3.712004e-01
    outer loop
      vertex 1.250869e+01 -2.388470e+01 6.367347e+01
      vertex 1.146630e+01 -2.414806e+01 6.367347e+01
      vertex 1.109749e+01 -2.356805e+01 6.530612e+01
    endloop
  endfacet
  facet normal 2.513474e-01 -8.898596e-01 3.807550e-01
    outer loop
      vertex 1.210635e+01 -2.329857e+01 6.530612e+01
      vertex 1.170401e+01 -2.271363e+01 6.693878e+01
      vertex 1.072868e+01 -2.298912e+01 6.693878e+01
    endloop
  endfacet
  facet normal -2.395380e-01 8.967529e-01 -3.720964e-01
    outer loop
      vertex 1.210635e+01 -2.329857e+01 6.530612e+01
      vertex 1.109749e+01 -2.356805e+01 6.530612e+01
      vertex 1.072868e+01 -2.298912e+01 6.693878e+01
    endloop
  endfacet
  facet normal 2.645596e-01 -8.856008e-01 3.817322e-01
    outer loop
      vertex 1.170401e+01 -2.271363e+01 6.693878e+01
      vertex 1.130167e+01 -2.213008e+01 6.857143e+01
      vertex 1.035986e+01 -2.241143e+01 6.857143e+01
    endloop
  endfacet
  facet normal -2.522134e-01 8.929258e-01 -3.729235e-01
    outer loop
      vertex 1.170401e+01 -2.271363e+01 6.693878e+01
      vertex 1.072868e+01 -2.298912e+01 6.693878e+01
      vertex 1.035986e+01 -2.241143e+01 6.857143e+01
    endloop
  endfacet
  facet normal 2.784038e-01 -8.809649e-01 3.826122e-01
    outer loop
      vertex 1.130167e+01 -2.213008e+01 6.857143e+01
      vertex 1.089933e+01 -2.154815e+01 7.020408e+01
      vertex 9.991051e+00 -2.183519e+01 7.020408e+01
    endloop
  endfacet
  facet normal -2.655019e-01 8.887549e-01 -3.736623e-01
    outer loop
      vertex 1.130167e+01 -2.213008e+01 6.857143e+01
      vertex 1.035986e+01 -2.241143e+01 6.857143e+01
      vertex 9.991051e+00 -2.183519e+01 7.020408e+01
    endloop
  endfacet
  facet normal 2.929021e-01 -8.759207e-01 3.833684e-01
    outer loop
      vertex 1.089933e+01 -2.154815e+01 7.020408e+01
      vertex 1.049699e+01 -2.096812e+01 7.183673e+01
      vertex 9.622238e+00 -2.126063e+01 7.183673e+01
    endloop
  endfacet
  facet normal -2.794292e-01 8.842097e-01 -3.742894e-01
    outer loop
      vertex 1.089933e+01 -2.154815e+01 7.020408e+01
      vertex 9.991051e+00 -2.183519e+01 7.020408e+01
      vertex 9.622238e+00 -2.126063e+01 7.183673e+01
    endloop
  endfacet
  facet normal 3.080722e-01 -8.704364e-01 3.839686e-01
    outer loop
      vertex 1.049699e+01 -2.096812e+01 7.183673e+01
      vertex 1.009465e+01 -2.039032e+01 7.346939e+01
      vertex 9.253426e+00 -2.068805e+01 7.346939e+01
    endloop
  endfacet
  facet normal -2.940182e-01 8.792584e-01 -3.747773e-01
    outer loop
      vertex 1.049699e+01 -2.096812e+01 7.183673e+01
      vertex 9.622238e+00 -2.126063e+01 7.183673e+01
      vertex 9.253426e+00 -2.068805e+01 7.346939e+01
    endloop
  endfacet
  facet normal 3.239246e-01 -8.644819e-01 3.843747e-01
    outer loop
      vertex 1.009465e+01 -2.039032e+01 7.346939e+01
      vertex 9.692305e+00 -1.981515e+01 7.510204e+01
      vertex 8.884613e+00 -2.011780e+01 7.510204e+01
    endloop
  endfacet
  facet normal -3.092870e-01 8.738689e-01 -3.750930e-01
    outer loop
      vertex 1.009465e+01 -2.039032e+01 7.346939e+01
      vertex 9.253426e+00 -2.068805e+01 7.346939e+01
      vertex 8.884613e+00 -2.011780e+01 7.510204e+01
    endloop
  endfacet
  facet normal 3.404594e-01 -8.580302e-01 3.845408e-01
    outer loop
      vertex 9.692305e+00 -1.981515e+01 7.510204e+01
      vertex 9.289964e+00 -1.924310e+01 7.673469e+01
      vertex 8.515800e+00 -1.955028e+01 7.673469e+01
    endloop
  endfacet
  facet normal -3.252466e-01 8.680101e-01 -3.751974e-01
    outer loop
      vertex 9.692305e+00 -1.981515e+01 7.510204e+01
      vertex 8.884613e+00 -2.011780e+01 7.510204e+01
      vertex 8.515800e+00 -1.955028e+01 7.673469e+01
    endloop
  endfacet
  facet normal 3.576621e-01 -8.510609e-01 3.844128e-01
    outer loop
      vertex 9.289964e+00 -1.924310e+01 7.673469e+01
      vertex 8.887623e+00 -1.867474e+01 7.836735e+01
      vertex 8.146987e+00 -1.898599e+01 7.836735e+01
    endloop
  endfacet
  facet normal -3.418974e-01 8.616541e-01 -3.750446e-01
    outer loop
      vertex 9.289964e+00 -1.924310e+01 7.673469e+01
      vertex 8.515800e+00 -1.955028e+01 7.673469e+01
      vertex 8.146987e+00 -1.898599e+01 7.836735e+01
    endloop
  endfacet
  facet normal 3.754973e-01 -8.435649e-01 3.839270e-01
    outer loop
      vertex 8.887623e+00 -1.867474e+01 7.836735e+01
      vertex 8.485281e+00 -1.811077e+01 8.000000e+01
      vertex 7.778175e+00 -1.842553e+01 8.000000e+01
    endloop
  endfacet
  facet normal -3.592246e-01 8.547789e-01 -3.745808e-01
    outer loop
      vertex 8.887623e+00 -1.867474e+01 7.836735e+01
      vertex 8.146987e+00 -1.898599e+01 7.836735e+01
      vertex 7.778175e+00 -1.842553e+01 8.000000e+01
    endloop
  endfacet
  facet normal 2.549026e-03 -9.408058e-01 3.389366e-01
    outer loop
      vertex 2.585000e+01 -4.700000e+01 0.000000e+00
      vertex 2.548119e+01 -4.641282e+01 1.632653e+00
      vertex 2.316472e+01 -4.641909e+01 1.632653e+00
    endloop
  endfacet
  facet normal 0.000000e+00 9.421403e-01 -3.352189e-01
    outer loop
      vertex 2.585000e+01 -4.700000e+01 0.000000e+00
      vertex 2.350000e+01 -4.700000e+01 0.000000e+00
      vertex 2.316472e+01 -4.641909e+01 1.632653e+00
    endloop
  endfacet
  facet normal 5.171785e-03 -9.406073e-01 3.394571e-01
    outer loop
      vertex 2.548119e+01 -4.641282e+01 1.632653e+00
      vertex 2.511237e+01 -4.582563e+01 3.265306e+00
      vertex 2.282943e+01 -4.583819e+01 3.265306e+00
    endloop
  endfacet
  facet normal -2.552185e-03 9.419717e-01 -3.356825e-01
    outer loop
      vertex 2.548119e+01 -4.641282e+01 1.632653e+00
      vertex 2.316472e+01 -4.641909e+01 1.632653e+00
      vertex 2.282943e+01 -4.583819e+01 3.265306e+00
    endloop
  endfacet
  facet normal 7.871414e-03 -9.403962e-01 3.399897e-01
    outer loop
      vertex 2.511237e+01 -4.582563e+01 3.265306e+00
      vertex 2.474356e+01 -4.523845e+01 4.897959e+00
      vertex 2.249415e+01 -4.525728e+01 4.897959e+00
    endloop
  endfacet
  facet normal -5.178298e-03 9.417918e-01 -3.361567e-01
    outer loop
      vertex 2.511237e+01 -4.582563e+01 3.265306e+00
      vertex 2.282943e+01 -4.583819e+01 3.265306e+00
      vertex 2.249415e+01 -4.525728e+01 4.897959e+00
    endloop
  endfacet
  facet normal 1.065122e-02 -9.401716e-01 3.405348e-01
    outer loop
      vertex 2.474356e+01 -4.523845e+01 4.897959e+00
      vertex 2.437475e+01 -4.465128e+01 6.530612e+00
      vertex 2.215886e+01 -4.467638e+01 6.530612e+00
    endloop
  endfacet
  facet normal -7.881489e-03 9.415998e-01 -3.366417e-01
    outer loop
      vertex 2.474356e+01 -4.523845e+01 4.897959e+00
      vertex 2.249415e+01 -4.525728e+01 4.897959e+00
      vertex 2.215886e+01 -4.467638e+01 6.530612e+00
    endloop
  endfacet
  facet normal 1.351471e-02 -9.399325e-01 3.410928e-01
    outer loop
      vertex 2.437475e+01 -4.465128e+01 6.530612e+00
      vertex 2.400594e+01 -4.406410e+01 8.163265e+00
      vertex 2.182358e+01 -4.409548e+01 8.163265e+00
    endloop
  endfacet
  facet normal -1.066508e-02 9.413949e-01 -3.371379e-01
    outer loop
      vertex 2.437475e+01 -4.465128e+01 6.530612e+00
      vertex 2.215886e+01 -4.467638e+01 6.530612e+00
      vertex 2.182358e+01 -4.409548e+01 8.163265e+00
    endloop
  endfacet
  facet normal 1.646557e-02 -9.396779e-01 3.416641e-01
    outer loop
      vertex 2.400594e+01 -4.406410e+01 8.163265e+00
      vertex 2.363712e+01 -4.347694e+01 9.795918e+00
      vertex 2.148829e+01 -4.351459e+01 9.795918e+00
    endloop
  endfacet
  facet normal -1.353259e-02 9.411761e-01 -3.376455e-01
    outer loop
      vertex 2.400594e+01 -4.406410e+01 8.163265e+00
      vertex 2.182358e+01 -4.409548e+01 8.163265e+00
      vertex 2.148829e+01 -4.351459e+01 9.795918e+00
    endloop
  endfacet
  facet normal 1.950770e-02 -9.394068e-01 3.422490e-01
    outer loop
      vertex 2.363712e+01 -4.347694e+01 9.795918e+00
      vertex 2.326831e+01 -4.288978e+01 1.142857e+01
      vertex 2.115301e+01 -4.293371e+01 1.142857e+01
    endloop
  endfacet
  facet normal -1.648773e-02 9.409424e-01 -3.381650e-01
    outer loop
      vertex 2.363712e+01 -4.347694e+01 9.795918e+00
      vertex 2.148829e+01 -4.351459e+01 9.795918e+00
      vertex 2.115301e+01 -4.293371e+01 1.142857e+01
    endloop
  endfacet
  facet normal 2.264523e-02 -9.391180e-01 3.428478e-01
    outer loop
      vertex 2.326831e+01 -4.288978e+01 1.142857e+01
      vertex 2.289950e+01 -4.230264e+01 1.306122e+01
      vertex 2.081773e+01 -4.235283e+01 1.306122e+01
    endloop
  endfacet
  facet normal -1.953441e-02 9.406929e-01 -3.386965e-01
    outer loop
      vertex 2.326831e+01 -4.288978e+01 1.142857e+01
      vertex 2.115301e+01 -4.293371e+01 1.142857e+01
      vertex 2.081773e+01 -4.235283e+01 1.306122e+01
    endloop
  endfacet
  facet normal 2.588255e-02 -9.388102e-01 3.434611e-01
    outer loop
      vertex 2.289950e+01 -4.230264e+01 1.306122e+01
      vertex 2.253069e+01 -4.171550e+01 1.469388e+01
      vertex 2.048244e+01 -4.177197e+01 1.469388e+01
    endloop
  endfacet
  facet normal -2.267678e-02 9.404263e-01 -3.392405e-01
    outer loop
      vertex 2.289950e+01 -4.230264e+01 1.306122e+01
      vertex 2.081773e+01 -4.235283e+01 1.306122e+01
      vertex 2.048244e+01 -4.177197e+01 1.469388e+01
    endloop
  endfacet
  facet normal 2.922426e-02 -9.384820e-01 3.440892e-01
    outer loop
      vertex 2.253069e+01 -4.171550e+01 1.469388e+01
      vertex 2.216187e+01 -4.112838e+01 1.632653e+01
      vertex 2.014716e+01 -4.119112e+01 1.632653e+01
    endloop
  endfacet
  facet normal -2.591925e-02 9.401415e-01 -3.397972e-01
    outer loop
      vertex 2.253069e+01 -4.171550e+01 1.469388e+01
      vertex 2.048244e+01 -4.177197e+01 1.469388e+01
      vertex 2.014716e+01 -4.119112e+01 1.632653e+01
    endloop
  endfacet
  facet normal 3.267529e-02 -9.381321e-01 3.447325e-01
    outer loop
      vertex 2.216187e+01 -4.112838e+01 1.632653e+01
      vertex 2.179306e+01 -4.054128e+01 1.795918e+01
      vertex 1.981187e+01 -4.061029e+01 1.795918e+01
    endloop
  endfacet
  facet normal -2.926646e-02 9.398371e-01 -3.403670e-01
    outer loop
      vertex 2.216187e+01 -4.112838e+01 1.632653e+01
      vertex 2.014716e+01 -4.119112e+01 1.632653e+01
      vertex 1.981187e+01 -4.061029e+01 1.795918e+01
    endloop
  endfacet
  facet normal 3.624083e-02 -9.377587e-01 3.453915e-01
    outer loop
      vertex 2.179306e+01 -4.054128e+01 1.795918e+01
      vertex 2.142425e+01 -3.995421e+01 1.959184e+01
      vertex 1.947659e+01 -4.002947e+01 1.959184e+01
    endloop
  endfacet
  facet normal -3.272334e-02 9.395116e-01 -3.409502e-01
    outer loop
      vertex 2.179306e+01 -4.054128e+01 1.795918e+01
      vertex 1.981187e+01 -4.061029e+01 1.795918e+01
      vertex 1.947659e+01 -4.002947e+01 1.959184e+01
    endloop
  endfacet
  facet normal 3.992640e-02 -9.373601e-01 3.460664e-01
    outer loop
      vertex 2.142425e+01 -3.995421e+01 1.959184e+01
      vertex 2.105543e+01 -3.936715e+01 2.122449e+01
      vertex 1.914130e+01 -3.944868e+01 2.122449e+01
    endloop
  endfacet
  facet normal -3.629513e-02 9.391636e-01 -3.415472e-01
    outer loop
      vertex 2.142425e+01 -3.995421e+01 1.959184e+01
      vertex 1.947659e+01 -4.002947e+01 1.959184e+01
      vertex 1.914130e+01 -3.944868e+01 2.122449e+01
    endloop
  endfacet
  facet normal 4.373786e-02 -9.369344e-01 3.467578e-01
    outer loop
      vertex 2.105543e+01 -3.936715e+01 2.122449e+01
      vertex 2.068662e+01 -3.878013e+01 2.285714e+01
      vertex 1.880602e+01 -3.886792e+01 2.285714e+01
    endloop
  endfacet
  facet normal -3.998736e-02 9.387911e-01 -3.421582e-01
    outer loop
      vertex 2.105543e+01 -3.936715e+01 2.122449e+01
      vertex 1.914130e+01 -3.944868e+01 2.122449e+01
      vertex 1.880602e+01 -3.886792e+01 2.285714e+01
    endloop
  endfacet
  facet normal 4.768143e-02 -9.364795e-01 3.474659e-01
    outer loop
      vertex 2.068662e+01 -3.878013e+01 2.285714e+01
      vertex 2.031781e+01 -3.819313e+01 2.448980e+01
      vertex 1.847074e+01 -3.828718e+01 2.448980e+01
    endloop
  endfacet
  facet normal -4.380593e-02 9.383925e-01 -3.427835e-01
    outer loop
      vertex 2.068662e+01 -3.878013e+01 2.285714e+01
      vertex 1.880602e+01 -3.886792e+01 2.285714e+01
      vertex 1.847074e+01 -3.828718e+01 2.448980e+01
    endloop
  endfacet
  facet normal 5.176371e-02 -9.359933e-01 3.481912e-01
    outer loop
      vertex 2.031781e+01 -3.819313e+01 2.448980e+01
      vertex 1.994900e+01 -3.760618e+01 2.612245e+01
      vertex 1.813545e+01 -3.770648e+01 2.612245e+01
    endloop
  endfacet
  facet normal -4.775709e-02 9.379656e-01 -3.434235e-01
    outer loop
      vertex 2.031781e+01 -3.819313e+01 2.448980e+01
      vertex 1.847074e+01 -3.828718e+01 2.448980e+01
      vertex 1.813545e+01 -3.770648e+01 2.612245e+01
    endloop
  endfacet
  facet normal 5.599174e-02 -9.354731e-01 3.489341e-01
    outer loop
      vertex 1.994900e+01 -3.760618e+01 2.612245e+01
      vertex 1.958018e+01 -3.701927e+01 2.775510e+01
      vertex 1.780017e+01 -3.712581e+01 2.775510e+01
    endloop
  endfacet
  facet normal -5.184750e-02 9.375083e-01 -3.440784e-01
    outer loop
      vertex 1.994900e+01 -3.760618e+01 2.612245e+01
      vertex 1.813545e+01 -3.770648e+01 2.612245e+01
      vertex 1.780017e+01 -3.712581e+01 2.775510e+01
    endloop
  endfacet
  facet normal 6.037299e-02 -9.349164e-01 3.496948e-01
    outer loop
      vertex 1.958018e+01 -3.701927e+01 2.775510e+01
      vertex 1.921137e+01 -3.643241e+01 2.938776e+01
      vertex 1.746488e+01 -3.654519e+01 2.938776e+01
    endloop
  endfacet
  facet normal -5.608422e-02 9.370182e-01 -3.447485e-01
    outer loop
      vertex 1.958018e+01 -3.701927e+01 2.775510e+01
      vertex 1.780017e+01 -3.712581e+01 2.775510e+01
      vertex 1.746488e+01 -3.654519e+01 2.938776e+01
    endloop
  endfacet
  facet normal 6.491542e-02 -9.343202e-01 3.504737e-01
    outer loop
      vertex 1.921137e+01 -3.643241e+01 2.938776e+01
      vertex 1.884256e+01 -3.584561e+01 3.102041e+01
      vertex 1.712960e+01 -3.596463e+01 3.102041e+01
    endloop
  endfacet
  facet normal -6.047477e-02 9.364925e-01 -3.454339e-01
    outer loop
      vertex 1.921137e+01 -3.643241e+01 2.938776e+01
      vertex 1.746488e+01 -3.654519e+01 2.938776e+01
      vertex 1.712960e+01 -3.596463e+01 3.102041e+01
    endloop
  endfacet
  facet normal 6.962751e-02 -9.336813e-01 3.512710e-01
    outer loop
      vertex 1.884256e+01 -3.584561e+01 3.102041e+01
      vertex 1.847374e+01 -3.525888e+01 3.265306e+01
      vertex 1.679431e+01 -3.538412e+01 3.265306e+01
    endloop
  endfacet
  facet normal -6.502717e-02 9.359285e-01 -3.461348e-01
    outer loop
      vertex 1.884256e+01 -3.584561e+01 3.102041e+01
      vertex 1.712960e+01 -3.596463e+01 3.102041e+01
      vertex 1.679431e+01 -3.538412e+01 3.265306e+01
    endloop
  endfacet
  facet normal 7.451826e-02 -9.329962e-01 3.520869e-01
    outer loop
      vertex 1.847374e+01 -3.525888e+01 3.265306e+01
      vertex 1.810493e+01 -3.467222e+01 3.428571e+01
      vertex 1.645903e+01 -3.480367e+01 3.428571e+01
    endloop
  endfacet
  facet normal -6.974993e-02 9.353230e-01 -3.468514e-01
    outer loop
      vertex 1.847374e+01 -3.525888e+01 3.265306e+01
      vertex 1.679431e+01 -3.538412e+01 3.265306e+01
      vertex 1.645903e+01 -3.480367e+01 3.428571e+01
    endloop
  endfacet
  facet normal 7.959731e-02 -9.322610e-01 3.529216e-01
    outer loop
      vertex 1.810493e+01 -3.467222e+01 3.428571e+01
      vertex 1.773612e+01 -3.408564e+01 3.591837e+01
      vertex 1.612374e+01 -3.422330e+01 3.591837e+01
    endloop
  endfacet
  facet normal -7.465215e-02 9.346724e-01 -3.475838e-01
    outer loop
      vertex 1.810493e+01 -3.467222e+01 3.428571e+01
      vertex 1.645903e+01 -3.480367e+01 3.428571e+01
      vertex 1.612374e+01 -3.422330e+01 3.591837e+01
    endloop
  endfacet
  facet normal 8.487489e-02 -9.314716e-01 3.537751e-01
    outer loop
      vertex 1.773612e+01 -3.408564e+01 3.591837e+01
      vertex 1.736731e+01 -3.349916e+01 3.755102e+01
      vertex 1.578846e+01 -3.364302e+01 3.755102e+01
    endloop
  endfacet
  facet normal -7.974349e-02 9.339732e-01 -3.483319e-01
    outer loop
      vertex 1.773612e+01 -3.408564e+01 3.591837e+01
      vertex 1.612374e+01 -3.422330e+01 3.591837e+01
      vertex 1.578846e+01 -3.364302e+01 3.755102e+01
    endloop
  endfacet
  facet normal 9.036194e-02 -9.306234e-01 3.546475e-01
    outer loop
      vertex 1.736731e+01 -3.349916e+01 3.755102e+01
      vertex 1.699849e+01 -3.291279e+01 3.918367e+01
      vertex 1.545318e+01 -3.306284e+01 3.918367e+01
    endloop
  endfacet
  facet normal -8.503429e-02 9.332210e-01 -3.490955e-01
    outer loop
      vertex 1.736731e+01 -3.349916e+01 3.755102e+01
      vertex 1.578846e+01 -3.364302e+01 3.755102e+01
      vertex 1.545318e+01 -3.306284e+01 3.918367e+01
    endloop
  endfacet
  facet normal 9.607010e-02 -9.297112e-01 3.555385e-01
    outer loop
      vertex 1.699849e+01 -3.291279e+01 3.918367e+01
      vertex 1.662968e+01 -3.232654e+01 4.081633e+01
      vertex 1.511789e+01 -3.248276e+01 4.081633e+01
    endloop
  endfacet
  facet normal -9.053555e-02 9.324114e-01 -3.498746e-01
    outer loop
      vertex 1.699849e+01 -3.291279e+01 3.918367e+01
      vertex 1.545318e+01 -3.306284e+01 3.918367e+01
      vertex 1.511789e+01 -3.248276e+01 4.081633e+01
    endloop
  endfacet
  facet normal 1.020118e-01 -9.287295e-01 3.564478e-01
    outer loop
      vertex 1.662968e+01 -3.232654e+01 4.081633e+01
      vertex 1.626087e+01 -3.174044e+01 4.244898e+01
      vertex 1.478261e+01 -3.190281e+01 4.244898e+01
    endloop
  endfacet
  facet normal -9.625901e-02 9.315394e-01 -3.506688e-01
    outer loop
      vertex 1.662968e+01 -3.232654e+01 4.081633e+01
      vertex 1.511789e+01 -3.248276e+01 4.081633e+01
      vertex 1.478261e+01 -3.190281e+01 4.244898e+01
    endloop
  endfacet
  facet normal 1.082003e-01 -9.276722e-01 3.573751e-01
    outer loop
      vertex 1.626087e+01 -3.174044e+01 4.244898e+01
      vertex 1.589206e+01 -3.115450e+01 4.408163e+01
      vertex 1.444732e+01 -3.132300e+01 4.408163e+01
    endloop
  endfacet
  facet normal -1.022172e-01 9.305994e-01 -3.514775e-01
    outer loop
      vertex 1.626087e+01 -3.174044e+01 4.244898e+01
      vertex 1.478261e+01 -3.190281e+01 4.244898e+01
      vertex 1.444732e+01 -3.132300e+01 4.408163e+01
    endloop
  endfacet
  facet normal 1.146496e-01 -9.265326e-01 3.583195e-01
    outer loop
      vertex 1.589206e+01 -3.115450e+01 4.408163e+01
      vertex 1.552324e+01 -3.056873e+01 4.571429e+01
      vertex 1.411204e+01 -3.074336e+01 4.571429e+01
    endloop
  endfacet
  facet normal -1.084234e-01 9.295854e-01 -3.523001e-01
    outer loop
      vertex 1.589206e+01 -3.115450e+01 4.408163e+01
      vertex 1.444732e+01 -3.132300e+01 4.408163e+01
      vertex 1.411204e+01 -3.074336e+01 4.571429e+01
    endloop
  endfacet
  facet normal 1.213749e-01 -9.253031e-01 3.592802e-01
    outer loop
      vertex 1.552324e+01 -3.056873e+01 4.571429e+01
      vertex 1.515443e+01 -2.998318e+01 4.734694e+01
      vertex 1.377675e+01 -3.016389e+01 4.734694e+01
    endloop
  endfacet
  facet normal -1.148919e-01 9.284907e-01 -3.531356e-01
    outer loop
      vertex 1.552324e+01 -3.056873e+01 4.571429e+01
      vertex 1.411204e+01 -3.074336e+01 4.571429e+01
      vertex 1.377675e+01 -3.016389e+01 4.734694e+01
    endloop
  endfacet
  facet normal 1.283921e-01 -9.239757e-01 3.602559e-01
    outer loop
      vertex 1.515443e+01 -2.998318e+01 4.734694e+01
      vertex 1.478562e+01 -2.939786e+01 4.897959e+01
      vertex 1.344147e+01 -2.958464e+01 4.897959e+01
    endloop
  endfacet
  facet normal -1.216379e-01 9.273081e-01 -3.539829e-01
    outer loop
      vertex 1.515443e+01 -2.998318e+01 4.734694e+01
      vertex 1.377675e+01 -3.016389e+01 4.734694e+01
      vertex 1.344147e+01 -2.958464e+01 4.897959e+01
    endloop
  endfacet
  facet normal 1.357183e-01 -9.225414e-01 3.612450e-01
    outer loop
      vertex 1.478562e+01 -2.939786e+01 4.897959e+01
      vertex 1.441680e+01 -2.881281e+01 5.061224e+01
      vertex 1.310619e+01 -2.900562e+01 5.061224e+01
    endloop
  endfacet
  facet normal -1.286775e-01 9.260294e-01 -3.548405e-01
    outer loop
      vertex 1.478562e+01 -2.939786e+01 4.897959e+01
      vertex 1.344147e+01 -2.958464e+01 4.897959e+01
      vertex 1.310619e+01 -2.900562e+01 5.061224e+01
    endloop
  endfacet
  facet normal 1.433714e-01 -9.209902e-01 3.622454e-01
    outer loop
      vertex 1.441680e+01 -2.881281e+01 5.061224e+01
      vertex 1.404799e+01 -2.822807e+01 5.224490e+01
      vertex 1.277090e+01 -2.842687e+01 5.224490e+01
    endloop
  endfacet
  facet normal -1.360278e-01 9.246456e-01 -3.557063e-01
    outer loop
      vertex 1.441680e+01 -2.881281e+01 5.061224e+01
      vertex 1.310619e+01 -2.900562e+01 5.061224e+01
      vertex 1.277090e+01 -2.842687e+01 5.224490e+01
    endloop
  endfacet
  facet normal 1.513708e-01 -9.193112e-01 3.632545e-01
    outer loop
      vertex 1.404799e+01 -2.822807e+01 5.224490e+01
      vertex 1.367918e+01 -2.764367e+01 5.387755e+01
      vertex 1.243562e+01 -2.784843e+01 5.387755e+01
    endloop
  endfacet
  facet normal -1.437072e-01 9.231470e-01 -3.565780e-01
    outer loop
      vertex 1.404799e+01 -2.822807e+01 5.224490e+01
      vertex 1.277090e+01 -2.842687e+01 5.224490e+01
      vertex 1.243562e+01 -2.784843e+01 5.387755e+01
    endloop
  endfacet
  facet normal 1.597365e-01 -9.174924e-01 3.642691e-01
    outer loop
      vertex 1.367918e+01 -2.764367e+01 5.387755e+01
      vertex 1.331037e+01 -2.705967e+01 5.551020e+01
      vertex 1.210033e+01 -2.727034e+01 5.551020e+01
    endloop
  endfacet
  facet normal -1.517349e-01 9.215227e-01 -3.574527e-01
    outer loop
      vertex 1.367918e+01 -2.764367e+01 5.387755e+01
      vertex 1.243562e+01 -2.784843e+01 5.387755e+01
      vertex 1.210033e+01 -2.727034e+01 5.551020e+01
    endloop
  endfacet
  facet normal 1.684901e-01 -9.155206e-01 3.652851e-01
    outer loop
      vertex 1.331037e+01 -2.705967e+01 5.551020e+01
      vertex 1.294155e+01 -2.647613e+01 5.714286e+01
      vertex 1.176505e+01 -2.669266e+01 5.714286e+01
    endloop
  endfacet
  facet normal -1.601315e-01 9.197607e-01 -3.583268e-01
    outer loop
      vertex 1.331037e+01 -2.705967e+01 5.551020e+01
      vertex 1.210033e+01 -2.727034e+01 5.551020e+01
      vertex 1.176505e+01 -2.669266e+01 5.714286e+01
    endloop
  endfacet
  facet normal 1.776538e-01 -9.133812e-01 3.662976e-01
    outer loop
      vertex 1.294155e+01 -2.647613e+01 5.714286e+01
      vertex 1.257274e+01 -2.589312e+01 5.877551e+01
      vertex 1.142976e+01 -2.611543e+01 5.877551e+01
    endloop
  endfacet
  facet normal -1.689184e-01 9.178480e-01 -3.591958e-01
    outer loop
      vertex 1.294155e+01 -2.647613e+01 5.714286e+01
      vertex 1.176505e+01 -2.669266e+01 5.714286e+01
      vertex 1.142976e+01 -2.611543e+01 5.877551e+01
    endloop
  endfacet
  facet normal 1.872512e-01 -9.110583e-01 3.673006e-01
    outer loop
      vertex 1.257274e+01 -2.589312e+01 5.877551e+01
      vertex 1.220393e+01 -2.531070e+01 6.040816e+01
      vertex 1.109448e+01 -2.553873e+01 6.040816e+01
    endloop
  endfacet
  facet normal -1.781185e-01 9.157700e-01 -3.600543e-01
    outer loop
      vertex 1.257274e+01 -2.589312e+01 5.877551e+01
      vertex 1.142976e+01 -2.611543e+01 5.877551e+01
      vertex 1.109448e+01 -2.553873e+01 6.040816e+01
    endloop
  endfacet
  facet normal 1.973063e-01 -9.085346e-01 3.682866e-01
    outer loop
      vertex 1.220393e+01 -2.531070e+01 6.040816e+01
      vertex 1.183511e+01 -2.472898e+01 6.204082e+01
      vertex 1.075920e+01 -2.496264e+01 6.204082e+01
    endloop
  endfacet
  facet normal -1.877552e-01 9.135109e-01 -3.608958e-01
    outer loop
      vertex 1.220393e+01 -2.531070e+01 6.040816e+01
      vertex 1.109448e+01 -2.553873e+01 6.040816e+01
      vertex 1.075920e+01 -2.496264e+01 6.204082e+01
    endloop
  endfacet
  facet normal 2.078441e-01 -9.057912e-01 3.692468e-01
    outer loop
      vertex 1.183511e+01 -2.472898e+01 6.204082e+01
      vertex 1.146630e+01 -2.414806e+01 6.367347e+01
      vertex 1.042391e+01 -2.438725e+01 6.367347e+01
    endloop
  endfacet
  facet normal -1.978533e-01 9.110533e-01 -3.617125e-01
    outer loop
      vertex 1.183511e+01 -2.472898e+01 6.204082e+01
      vertex 1.075920e+01 -2.496264e+01 6.204082e+01
      vertex 1.042391e+01 -2.438725e+01 6.367347e+01
    endloop
  endfacet
  facet normal 2.188899e-01 -9.028075e-01 3.701701e-01
    outer loop
      vertex 1.146630e+01 -2.414806e+01 6.367347e+01
      vertex 1.109749e+01 -2.356805e+01 6.530612e+01
      vertex 1.008863e+01 -2.381266e+01 6.530612e+01
    endloop
  endfacet
  facet normal -2.084378e-01 9.083783e-01 -3.624948e-01
    outer loop
      vertex 1.146630e+01 -2.414806e+01 6.367347e+01
      vertex 1.042391e+01 -2.438725e+01 6.367347e+01
      vertex 1.008863e+01 -2.381266e+01 6.530612e+01
    endloop
  endfacet
  facet normal 2.304686e-01 -8.995615e-01 3.710436e-01
    outer loop
      vertex 1.109749e+01 -2.356805e+01 6.530612e+01
      vertex 1.072868e+01 -2.298912e+01 6.693878e+01
      vertex 9.753342e+00 -2.323900e+01 6.693878e+01
    endloop
  endfacet
  facet normal -2.195343e-01 9.054654e-01 -3.632314e-01
    outer loop
      vertex 1.109749e+01 -2.356805e+01 6.530612e+01
      vertex 1.008863e+01 -2.381266e+01 6.530612e+01
      vertex 9.753342e+00 -2.323900e+01 6.693878e+01
    endloop
  endfacet
  facet normal 2.426046e-01 -8.960299e-01 3.718513e-01
    outer loop
      vertex 1.072868e+01 -2.298912e+01 6.693878e+01
      vertex 1.035986e+01 -2.241143e+01 6.857143e+01
      vertex 9.418058e+00 -2.266643e+01 6.857143e+01
    endloop
  endfacet
  facet normal -2.311683e-01 9.022925e-01 -3.639085e-01
    outer loop
      vertex 1.072868e+01 -2.298912e+01 6.693878e+01
      vertex 9.753342e+00 -2.323900e+01 6.693878e+01
      vertex 9.418058e+00 -2.266643e+01 6.857143e+01
    endloop
  endfacet
  facet normal 2.553206e-01 -8.921883e-01 3.725741e-01
    outer loop
      vertex 1.035986e+01 -2.241143e+01 6.857143e+01
      vertex 9.991051e+00 -2.183519e+01 7.020408e+01
      vertex 9.082774e+00 -2.209511e+01 7.020408e+01
    endloop
  endfacet
  facet normal -2.433644e-01 8.988361e-01 -3.645098e-01
    outer loop
      vertex 1.035986e+01 -2.241143e+01 6.857143e+01
      vertex 9.418058e+00 -2.266643e+01 6.857143e+01
      vertex 9.082774e+00 -2.209511e+01 7.020408e+01
    endloop
  endfacet
  facet normal 2.686363e-01 -8.880115e-01 3.731892e-01
    outer loop
      vertex 9.991051e+00 -2.183519e+01 7.020408e+01
      vertex 9.622238e+00 -2.126063e+01 7.183673e+01
      vertex 8.747489e+00 -2.152525e+01 7.183673e+01
    endloop
  endfacet
  facet normal -2.561457e-01 8.950715e-01 -3.650156e-01
    outer loop
      vertex 9.991051e+00 -2.183519e+01 7.020408e+01
      vertex 9.082774e+00 -2.209511e+01 7.020408e+01
      vertex 8.747489e+00 -2.152525e+01 7.183673e+01
    endloop
  endfacet
  facet normal 2.825669e-01 -8.834746e-01 3.736691e-01
    outer loop
      vertex 9.622238e+00 -2.126063e+01 7.183673e+01
      vertex 9.253426e+00 -2.068805e+01 7.346939e+01
      vertex 8.412205e+00 -2.095711e+01 7.346939e+01
    endloop
  endfacet
  facet normal -2.695323e-01 8.909732e-01 -3.654026e-01
    outer loop
      vertex 9.622238e+00 -2.126063e+01 7.183673e+01
      vertex 8.747489e+00 -2.152525e+01 7.183673e+01
      vertex 8.412205e+00 -2.095711e+01 7.346939e+01
    endloop
  endfacet
  facet normal 2.971208e-01 -8.785541e-01 3.739811e-01
    outer loop
      vertex 9.253426e+00 -2.068805e+01 7.346939e+01
      vertex 8.884613e+00 -2.011780e+01 7.510204e+01
      vertex 8.076921e+00 -2.039095e+01 7.510204e+01
    endloop
  endfacet
  facet normal -2.835396e-01 8.865158e-01 -3.656432e-01
    outer loop
      vertex 9.253426e+00 -2.068805e+01 7.346939e+01
      vertex 8.412205e+00 -2.095711e+01 7.346939e+01
      vertex 8.076921e+00 -2.039095e+01 7.510204e+01
    endloop
  endfacet
  facet normal 3.122963e-01 -8.732299e-01 3.740864e-01
    outer loop
      vertex 8.884613e+00 -2.011780e+01 7.510204e+01
      vertex 8.515800e+00 -1.955028e+01 7.673469e+01
      vertex 7.741636e+00 -1.982715e+01 7.673469e+01
    endloop
  endfacet
  facet normal -2.981763e-01 8.816751e-01 -3.657048e-01
    outer loop
      vertex 8.884613e+00 -2.011780e+01 7.510204e+01
      vertex 8.076921e+00 -2.039095e+01 7.510204e+01
      vertex 7.741636e+00 -1.982715e+01 7.673469e+01
    endloop
  endfacet
  facet normal 3.280778e-01 -8.674875e-01 3.739389e-01
    outer loop
      vertex 8.515800e+00 -1.955028e+01 7.673469e+01
      vertex 8.146987e+00 -1.898599e+01 7.836735e+01
      vertex 7.406352e+00 -1.926609e+01 7.836735e+01
    endloop
  endfacet
  facet normal -3.134407e-01 8.764296e-01 -3.655490e-01
    outer loop
      vertex 8.515800e+00 -1.955028e+01 7.673469e+01
      vertex 7.741636e+00 -1.982715e+01 7.673469e+01
      vertex 7.406352e+00 -1.926609e+01 7.836735e+01
    endloop
  endfacet
  facet normal 3.444298e-01 -8.613228e-01 3.734851e-01
    outer loop
      vertex 8.146987e+00 -1.898599e+01 7.836735e+01
      vertex 7.778175e+00 -1.842553e+01 8.000000e+01
      vertex 7.071068e+00 -1.870829e+01 8.000000e+01
    endloop
  endfacet
  facet normal -3.293168e-01 8.707637e-01 -3.651315e-01
    outer loop
      vertex 8.146987e+00 -1.898599e+01 7.836735e+01
      vertex 7.406352e+00 -1.926609e+01 7.836735e+01
      vertex 7.071068e+00 -1.870829e+01 8.000000e+01
    endloop
  endfacet
  facet normal 2.309158e-03 -9.419879e-01 3.356389e-01
    outer loop
      vertex 2.350000e+01 -4.700000e+01 0.000000e+00
      vertex 2.316472e+01 -4.641909e+01 1.632653e+00
      vertex 2.084824e+01 -4.642477e+01 1.632653e+00
    endloop
  endfacet
  facet normal 0.000000e+00 9.431718e-01 -3.323055e-01
    outer loop
      vertex 2.350000e+01 -4.700000e+01 0.000000e+00
      vertex 2.115000e+01 -4.700000e+01 0.000000e+00
      vertex 2.084824e+01 -4.642477e+01 1.632653e+00
    endloop
  endfacet
  facet normal 4.685283e-03 -9.418258e-01 3.360687e-01
    outer loop
      vertex 2.316472e+01 -4.641909e+01 1.632653e+00
      vertex 2.282943e+01 -4.583819e+01 3.265306e+00
      vertex 2.054649e+01 -4.584954e+01 3.265306e+00
    endloop
  endfacet
  facet normal -2.311726e-03 9.430354e-01 -3.326843e-01
    outer loop
      vertex 2.316472e+01 -4.641909e+01 1.632653e+00
      vertex 2.084824e+01 -4.642477e+01 1.632653e+00
      vertex 2.054649e+01 -4.584954e+01 3.265306e+00
    endloop
  endfacet
  facet normal 7.131232e-03 -9.416534e-01 3.365085e-01
    outer loop
      vertex 2.282943e+01 -4.583819e+01 3.265306e+00
      vertex 2.249415e+01 -4.525728e+01 4.897959e+00
      vertex 2.024473e+01 -4.527432e+01 4.897959e+00
    endloop
  endfacet
  facet normal -4.690576e-03 9.428899e-01 -3.330717e-01
    outer loop
      vertex 2.282943e+01 -4.583819e+01 3.265306e+00
      vertex 2.054649e+01 -4.584954e+01 3.265306e+00
      vertex 2.024473e+01 -4.527432e+01 4.897959e+00
    endloop
  endfacet
  facet normal 9.650019e-03 -9.414700e-01 3.369587e-01
    outer loop
      vertex 2.249415e+01 -4.525728e+01 4.897959e+00
      vertex 2.215886e+01 -4.467638e+01 6.530612e+00
      vertex 1.994298e+01 -4.469909e+01 6.530612e+00
    endloop
  endfacet
  facet normal -7.139418e-03 9.427344e-01 -3.334679e-01
    outer loop
      vertex 2.249415e+01 -4.525728e+01 4.897959e+00
      vertex 2.024473e+01 -4.527432e+01 4.897959e+00
      vertex 1.994298e+01 -4.469909e+01 6.530612e+00
    endloop
  endfacet
  facet normal 1.224483e-02 -9.412747e-01 3.374196e-01
    outer loop
      vertex 2.215886e+01 -4.467638e+01 6.530612e+00
      vertex 2.182358e+01 -4.409548e+01 8.163265e+00
      vertex 1.964122e+01 -4.412387e+01 8.163265e+00
    endloop
  endfacet
  facet normal -9.661278e-03 9.425684e-01 -3.338734e-01
    outer loop
      vertex 2.215886e+01 -4.467638e+01 6.530612e+00
      vertex 1.994298e+01 -4.469909e+01 6.530612e+00
      vertex 1.964122e+01 -4.412387e+01 8.163265e+00
    endloop
  endfacet
  facet normal 1.491902e-02 -9.410669e-01 3.378914e-01
    outer loop
      vertex 2.182358e+01 -4.409548e+01 8.163265e+00
      vertex 2.148829e+01 -4.351459e+01 9.795918e+00
      vertex 1.933946e+01 -4.354866e+01 9.795918e+00
    endloop
  endfacet
  facet normal -1.225935e-02 9.423912e-01 -3.342882e-01
    outer loop
      vertex 2.182358e+01 -4.409548e+01 8.163265e+00
      vertex 1.964122e+01 -4.412387e+01 8.163265e+00
      vertex 1.933946e+01 -4.354866e+01 9.795918e+00
    endloop
  endfacet
  facet normal 1.767616e-02 -9.408455e-01 3.383745e-01
    outer loop
      vertex 2.148829e+01 -4.351459e+01 9.795918e+00
      vertex 2.115301e+01 -4.293371e+01 1.142857e+01
      vertex 1.903771e+01 -4.297345e+01 1.142857e+01
    endloop
  endfacet
  facet normal -1.493702e-02 9.422018e-01 -3.347127e-01
    outer loop
      vertex 2.148829e+01 -4.351459e+01 9.795918e+00
      vertex 1.933946e+01 -4.354866e+01 9.795918e+00
      vertex 1.903771e+01 -4.297345e+01 1.142857e+01
    endloop
  endfacet
  facet normal 2.052001e-02 -9.406097e-01 3.388693e-01
    outer loop
      vertex 2.115301e+01 -4.293371e+01 1.142857e+01
      vertex 2.081773e+01 -4.235283e+01 1.306122e+01
      vertex 1.873595e+01 -4.239825e+01 1.306122e+01
    endloop
  endfacet
  facet normal -1.769784e-02 9.419996e-01 -3.351471e-01
    outer loop
      vertex 2.115301e+01 -4.293371e+01 1.142857e+01
      vertex 1.903771e+01 -4.297345e+01 1.142857e+01
      vertex 1.873595e+01 -4.239825e+01 1.306122e+01
    endloop
  endfacet
  facet normal 2.345454e-02 -9.403583e-01 3.393760e-01
    outer loop
      vertex 2.081773e+01 -4.235283e+01 1.306122e+01
      vertex 2.048244e+01 -4.177197e+01 1.469388e+01
      vertex 1.843420e+01 -4.182306e+01 1.469388e+01
    endloop
  endfacet
  facet normal -2.054561e-02 9.417835e-01 -3.355917e-01
    outer loop
      vertex 2.081773e+01 -4.235283e+01 1.306122e+01
      vertex 1.873595e+01 -4.239825e+01 1.306122e+01
      vertex 1.843420e+01 -4.182306e+01 1.469388e+01
    endloop
  endfacet
  facet normal 2.648399e-02 -9.400904e-01 3.398950e-01
    outer loop
      vertex 2.048244e+01 -4.177197e+01 1.469388e+01
      vertex 2.014716e+01 -4.119112e+01 1.632653e+01
      vertex 1.813244e+01 -4.124788e+01 1.632653e+01
    endloop
  endfacet
  facet normal -2.348433e-02 9.415525e-01 -3.360467e-01
    outer loop
      vertex 2.048244e+01 -4.177197e+01 1.469388e+01
      vertex 1.843420e+01 -4.182306e+01 1.469388e+01
      vertex 1.813244e+01 -4.124788e+01 1.632653e+01
    endloop
  endfacet
  facet normal 2.961281e-02 -9.398047e-01 3.404266e-01
    outer loop
      vertex 2.014716e+01 -4.119112e+01 1.632653e+01
      vertex 1.981187e+01 -4.061029e+01 1.795918e+01
      vertex 1.783069e+01 -4.067272e+01 1.795918e+01
    endloop
  endfacet
  facet normal -2.651822e-02 9.413056e-01 -3.365124e-01
    outer loop
      vertex 2.014716e+01 -4.119112e+01 1.632653e+01
      vertex 1.813244e+01 -4.124788e+01 1.632653e+01
      vertex 1.783069e+01 -4.067272e+01 1.795918e+01
    endloop
  endfacet
  facet normal 3.284575e-02 -9.394998e-01 3.409711e-01
    outer loop
      vertex 1.981187e+01 -4.061029e+01 1.795918e+01
      vertex 1.947659e+01 -4.002947e+01 1.959184e+01
      vertex 1.752893e+01 -4.009757e+01 1.959184e+01
    endloop
  endfacet
  facet normal -2.965178e-02 9.410415e-01 -3.369892e-01
    outer loop
      vertex 1.981187e+01 -4.061029e+01 1.795918e+01
      vertex 1.783069e+01 -4.067272e+01 1.795918e+01
      vertex 1.752893e+01 -4.009757e+01 1.959184e+01
    endloop
  endfacet
  facet normal 3.618785e-02 -9.391743e-01 3.415290e-01
    outer loop
      vertex 1.947659e+01 -4.002947e+01 1.959184e+01
      vertex 1.914130e+01 -3.944868e+01 2.122449e+01
      vertex 1.722717e+01 -3.952244e+01 2.122449e+01
    endloop
  endfacet
  facet normal -3.288978e-02 9.407590e-01 -3.374771e-01
    outer loop
      vertex 1.947659e+01 -4.002947e+01 1.959184e+01
      vertex 1.752893e+01 -4.009757e+01 1.959184e+01
      vertex 1.722717e+01 -3.952244e+01 2.122449e+01
    endloop
  endfacet
  facet normal 3.964444e-02 -9.388267e-01 3.421004e-01
    outer loop
      vertex 1.914130e+01 -3.944868e+01 2.122449e+01
      vertex 1.880602e+01 -3.886792e+01 2.285714e+01
      vertex 1.692542e+01 -3.894733e+01 2.285714e+01
    endloop
  endfacet
  facet normal -3.623726e-02 9.404566e-01 -3.379766e-01
    outer loop
      vertex 1.914130e+01 -3.944868e+01 2.122449e+01
      vertex 1.722717e+01 -3.952244e+01 2.122449e+01
      vertex 1.692542e+01 -3.894733e+01 2.285714e+01
    endloop
  endfacet
  facet normal 4.322119e-02 -9.384553e-01 3.426858e-01
    outer loop
      vertex 1.880602e+01 -3.886792e+01 2.285714e+01
      vertex 1.847074e+01 -3.828718e+01 2.448980e+01
      vertex 1.662366e+01 -3.837225e+01 2.448980e+01
    endloop
  endfacet
  facet normal -3.969960e-02 9.401329e-01 -3.384878e-01
    outer loop
      vertex 1.880602e+01 -3.886792e+01 2.285714e+01
      vertex 1.692542e+01 -3.894733e+01 2.285714e+01
      vertex 1.662366e+01 -3.837225e+01 2.448980e+01
    endloop
  endfacet
  facet normal 4.692414e-02 -9.380582e-01 3.432854e-01
    outer loop
      vertex 1.847074e+01 -3.828718e+01 2.448980e+01
      vertex 1.813545e+01 -3.770648e+01 2.612245e+01
      vertex 1.632191e+01 -3.779719e+01 2.612245e+01
    endloop
  endfacet
  facet normal -4.328249e-02 9.397862e-01 -3.390110e-01
    outer loop
      vertex 1.847074e+01 -3.828718e+01 2.448980e+01
      vertex 1.662366e+01 -3.837225e+01 2.448980e+01
      vertex 1.632191e+01 -3.779719e+01 2.612245e+01
    endloop
  endfacet
  facet normal 5.075969e-02 -9.376335e-01 3.438995e-01
    outer loop
      vertex 1.813545e+01 -3.770648e+01 2.612245e+01
      vertex 1.780017e+01 -3.712581e+01 2.775510e+01
      vertex 1.602015e+01 -3.722218e+01 2.775510e+01
    endloop
  endfacet
  facet normal -4.699200e-02 9.394147e-01 -3.395464e-01
    outer loop
      vertex 1.813545e+01 -3.770648e+01 2.612245e+01
      vertex 1.632191e+01 -3.779719e+01 2.612245e+01
      vertex 1.602015e+01 -3.722218e+01 2.775510e+01
    endloop
  endfacet
  facet normal 5.473467e-02 -9.371789e-01 3.445285e-01
    outer loop
      vertex 1.780017e+01 -3.712581e+01 2.775510e+01
      vertex 1.746488e+01 -3.654519e+01 2.938776e+01
      vertex 1.571839e+01 -3.664720e+01 2.938776e+01
    endloop
  endfacet
  facet normal -5.083456e-02 9.390164e-01 -3.400942e-01
    outer loop
      vertex 1.780017e+01 -3.712581e+01 2.775510e+01
      vertex 1.602015e+01 -3.722218e+01 2.775510e+01
      vertex 1.571839e+01 -3.664720e+01 2.938776e+01
    endloop
  endfacet
  facet normal 5.885633e-02 -9.366920e-01 3.451724e-01
    outer loop
      vertex 1.746488e+01 -3.654519e+01 2.938776e+01
      vertex 1.712960e+01 -3.596463e+01 3.102041e+01
      vertex 1.541664e+01 -3.607226e+01 3.102041e+01
    endloop
  endfacet
  facet normal -5.481704e-02 9.385892e-01 -3.406545e-01
    outer loop
      vertex 1.746488e+01 -3.654519e+01 2.938776e+01
      vertex 1.571839e+01 -3.664720e+01 2.938776e+01
      vertex 1.541664e+01 -3.607226e+01 3.102041e+01
    endloop
  endfacet
  facet normal 6.313241e-02 -9.361703e-01 3.458317e-01
    outer loop
      vertex 1.712960e+01 -3.596463e+01 3.102041e+01
      vertex 1.679431e+01 -3.538412e+01 3.265306e+01
      vertex 1.511488e+01 -3.549737e+01 3.265306e+01
    endloop
  endfacet
  facet normal -5.894673e-02 9.381306e-01 -3.412275e-01
    outer loop
      vertex 1.712960e+01 -3.596463e+01 3.102041e+01
      vertex 1.541664e+01 -3.607226e+01 3.102041e+01
      vertex 1.511488e+01 -3.549737e+01 3.265306e+01
    endloop
  endfacet
  facet normal 6.757114e-02 -9.356108e-01 3.465063e-01
    outer loop
      vertex 1.679431e+01 -3.538412e+01 3.265306e+01
      vertex 1.645903e+01 -3.480367e+01 3.428571e+01
      vertex 1.481313e+01 -3.492254e+01 3.428571e+01
    endloop
  endfacet
  facet normal -6.323141e-02 9.376382e-01 -3.418134e-01
    outer loop
      vertex 1.679431e+01 -3.538412e+01 3.265306e+01
      vertex 1.511488e+01 -3.549737e+01 3.265306e+01
      vertex 1.481313e+01 -3.492254e+01 3.428571e+01
    endloop
  endfacet
  facet normal 7.218129e-02 -9.350104e-01 3.471965e-01
    outer loop
      vertex 1.645903e+01 -3.480367e+01 3.428571e+01
      vertex 1.612374e+01 -3.422330e+01 3.591837e+01
      vertex 1.451137e+01 -3.434778e+01 3.591837e+01
    endloop
  endfacet
  facet normal -6.767935e-02 9.371091e-01 -3.424120e-01
    outer loop
      vertex 1.645903e+01 -3.480367e+01 3.428571e+01
      vertex 1.481313e+01 -3.492254e+01 3.428571e+01
      vertex 1.451137e+01 -3.434778e+01 3.591837e+01
    endloop
  endfacet
  facet normal 7.697221e-02 -9.343657e-01 3.479023e-01
    outer loop
      vertex 1.612374e+01 -3.422330e+01 3.591837e+01
      vertex 1.578846e+01 -3.364302e+01 3.755102e+01
      vertex 1.420961e+01 -3.377309e+01 3.755102e+01
    endloop
  endfacet
  facet normal -7.229939e-02 9.365403e-01 -3.430235e-01
    outer loop
      vertex 1.612374e+01 -3.422330e+01 3.591837e+01
      vertex 1.451137e+01 -3.434778e+01 3.591837e+01
      vertex 1.420961e+01 -3.377309e+01 3.755102e+01
    endloop
  endfacet
  facet normal 8.195389e-02 -9.336730e-01 3.486235e-01
    outer loop
      vertex 1.578846e+01 -3.364302e+01 3.755102e+01
      vertex 1.545318e+01 -3.306284e+01 3.918367e+01
      vertex 1.390786e+01 -3.319848e+01 3.918367e+01
    endloop
  endfacet
  facet normal -7.710094e-02 9.359283e-01 -3.436477e-01
    outer loop
      vertex 1.578846e+01 -3.364302e+01 3.755102e+01
      vertex 1.420961e+01 -3.377309e+01 3.755102e+01
      vertex 1.390786e+01 -3.319848e+01 3.918367e+01
    endloop
  endfacet
  facet normal 8.713695e-02 -9.329280e-01 3.493602e-01
    outer loop
      vertex 1.545318e+01 -3.306284e+01 3.918367e+01
      vertex 1.511789e+01 -3.248276e+01 4.081633e+01
      vertex 1.360610e+01 -3.262397e+01 4.081633e+01
    endloop
  endfacet
  facet normal -8.209402e-02 9.352694e-01 -3.442844e-01
    outer loop
      vertex 1.545318e+01 -3.306284e+01 3.918367e+01
      vertex 1.390786e+01 -3.319848e+01 3.918367e+01
      vertex 1.360610e+01 -3.262397e+01 4.081633e+01
    endloop
  endfacet
  facet normal 9.253274e-02 -9.321262e-01 3.501120e-01
    outer loop
      vertex 1.511789e+01 -3.248276e+01 4.081633e+01
      vertex 1.478261e+01 -3.190281e+01 4.244898e+01
      vertex 1.330435e+01 -3.204956e+01 4.244898e+01
    endloop
  endfacet
  facet normal -8.728935e-02 9.345596e-01 -3.449333e-01
    outer loop
      vertex 1.511789e+01 -3.248276e+01 4.081633e+01
      vertex 1.360610e+01 -3.262397e+01 4.081633e+01
      vertex 1.330435e+01 -3.204956e+01 4.244898e+01
    endloop
  endfacet
  facet normal 9.815333e-02 -9.312627e-01 3.508785e-01
    outer loop
      vertex 1.478261e+01 -3.190281e+01 4.244898e+01
      vertex 1.444732e+01 -3.132300e+01 4.408163e+01
      vertex 1.300259e+01 -3.147528e+01 4.408163e+01
    endloop
  endfacet
  facet normal -9.269833e-02 9.337943e-01 -3.455941e-01
    outer loop
      vertex 1.478261e+01 -3.190281e+01 4.244898e+01
      vertex 1.330435e+01 -3.204956e+01 4.244898e+01
      vertex 1.300259e+01 -3.147528e+01 4.408163e+01
    endloop
  endfacet
  facet normal 1.040116e-01 -9.303319e-01 3.516591e-01
    outer loop
      vertex 1.444732e+01 -3.132300e+01 4.408163e+01
      vertex 1.411204e+01 -3.074336e+01 4.571429e+01
      vertex 1.270083e+01 -3.090113e+01 4.571429e+01
    endloop
  endfacet
  facet normal -9.833313e-02 9.329686e-01 -3.462660e-01
    outer loop
      vertex 1.444732e+01 -3.132300e+01 4.408163e+01
      vertex 1.300259e+01 -3.147528e+01 4.408163e+01
      vertex 1.270083e+01 -3.090113e+01 4.571429e+01
    endloop
  endfacet
  facet normal 1.101213e-01 -9.293278e-01 3.524530e-01
    outer loop
      vertex 1.411204e+01 -3.074336e+01 4.571429e+01
      vertex 1.377675e+01 -3.016389e+01 4.734694e+01
      vertex 1.239908e+01 -3.032714e+01 4.734694e+01
    endloop
  endfacet
  facet normal -1.042067e-01 9.320771e-01 -3.469484e-01
    outer loop
      vertex 1.411204e+01 -3.074336e+01 4.571429e+01
      vertex 1.270083e+01 -3.090113e+01 4.571429e+01
      vertex 1.239908e+01 -3.032714e+01 4.734694e+01
    endloop
  endfacet
  facet normal 1.164970e-01 -9.282437e-01 3.532592e-01
    outer loop
      vertex 1.377675e+01 -3.016389e+01 4.734694e+01
      vertex 1.344147e+01 -2.958464e+01 4.897959e+01
      vertex 1.209732e+01 -2.975333e+01 4.897959e+01
    endloop
  endfacet
  facet normal -1.103329e-01 9.311138e-01 -3.476402e-01
    outer loop
      vertex 1.377675e+01 -3.016389e+01 4.734694e+01
      vertex 1.239908e+01 -3.032714e+01 4.734694e+01
      vertex 1.209732e+01 -2.975333e+01 4.897959e+01
    endloop
  endfacet
  facet normal 1.231543e-01 -9.270723e-01 3.540761e-01
    outer loop
      vertex 1.344147e+01 -2.958464e+01 4.897959e+01
      vertex 1.310619e+01 -2.900562e+01 5.061224e+01
      vertex 1.179557e+01 -2.917973e+01 5.061224e+01
    endloop
  endfacet
  facet normal -1.167265e-01 9.300721e-01 -3.483401e-01
    outer loop
      vertex 1.344147e+01 -2.958464e+01 4.897959e+01
      vertex 1.209732e+01 -2.975333e+01 4.897959e+01
      vertex 1.179557e+01 -2.917973e+01 5.061224e+01
    endloop
  endfacet
  facet normal 1.301095e-01 -9.258056e-01 3.549021e-01
    outer loop
      vertex 1.310619e+01 -2.900562e+01 5.061224e+01
      vertex 1.277090e+01 -2.842687e+01 5.224490e+01
      vertex 1.149381e+01 -2.860635e+01 5.224490e+01
    endloop
  endfacet
  facet normal -1.234030e-01 9.289447e-01 -3.490465e-01
    outer loop
      vertex 1.310619e+01 -2.900562e+01 5.061224e+01
      vertex 1.179557e+01 -2.917973e+01 5.061224e+01
      vertex 1.149381e+01 -2.860635e+01 5.224490e+01
    endloop
  endfacet
  facet normal 1.373803e-01 -9.244346e-01 3.557349e-01
    outer loop
      vertex 1.277090e+01 -2.842687e+01 5.224490e+01
      vertex 1.243562e+01 -2.784843e+01 5.387755e+01
      vertex 1.119206e+01 -2.803324e+01 5.387755e+01
    endloop
  endfacet
  facet normal -1.303791e-01 9.277236e-01 -3.497574e-01
    outer loop
      vertex 1.277090e+01 -2.842687e+01 5.224490e+01
      vertex 1.149381e+01 -2.860635e+01 5.224490e+01
      vertex 1.119206e+01 -2.803324e+01 5.387755e+01
    endloop
  endfacet
  facet normal 1.449851e-01 -9.229496e-01 3.565718e-01
    outer loop
      vertex 1.243562e+01 -2.784843e+01 5.387755e+01
      vertex 1.210033e+01 -2.727034e+01 5.551020e+01
      vertex 1.089030e+01 -2.746043e+01 5.551020e+01
    endloop
  endfacet
  facet normal -1.376724e-01 9.264000e-01 -3.504703e-01
    outer loop
      vertex 1.243562e+01 -2.784843e+01 5.387755e+01
      vertex 1.119206e+01 -2.803324e+01 5.387755e+01
      vertex 1.089030e+01 -2.746043e+01 5.551020e+01
    endloop
  endfacet
  facet normal 1.529432e-01 -9.213398e-01 3.574093e-01
    outer loop
      vertex 1.210033e+01 -2.727034e+01 5.551020e+01
      vertex 1.176505e+01 -2.669266e+01 5.714286e+01
      vertex 1.058854e+01 -2.688796e+01 5.714286e+01
    endloop
  endfacet
  facet normal -1.453015e-01 9.249641e-01 -3.511822e-01
    outer loop
      vertex 1.210033e+01 -2.727034e+01 5.551020e+01
      vertex 1.089030e+01 -2.746043e+01 5.551020e+01
      vertex 1.058854e+01 -2.688796e+01 5.714286e+01
    endloop
  endfacet
  facet normal 1.612752e-01 -9.195935e-01 3.582432e-01
    outer loop
      vertex 1.176505e+01 -2.669266e+01 5.714286e+01
      vertex 1.142976e+01 -2.611543e+01 5.877551e+01
      vertex 1.028679e+01 -2.631588e+01 5.877551e+01
    endloop
  endfacet
  facet normal -1.532861e-01 9.234053e-01 -3.518893e-01
    outer loop
      vertex 1.176505e+01 -2.669266e+01 5.714286e+01
      vertex 1.058854e+01 -2.688796e+01 5.714286e+01
      vertex 1.028679e+01 -2.631588e+01 5.877551e+01
    endloop
  endfacet
  facet normal 1.700022e-01 -9.176977e-01 3.590684e-01
    outer loop
      vertex 1.142976e+01 -2.611543e+01 5.877551e+01
      vertex 1.109448e+01 -2.553873e+01 6.040816e+01
      vertex 9.985032e+00 -2.574425e+01 6.040816e+01
    endloop
  endfacet
  facet normal -1.616467e-01 9.217118e-01 -3.525872e-01
    outer loop
      vertex 1.142976e+01 -2.611543e+01 5.877551e+01
      vertex 1.028679e+01 -2.631588e+01 5.877551e+01
      vertex 9.985032e+00 -2.574425e+01 6.040816e+01
    endloop
  endfacet
  facet normal 1.791463e-01 -9.156386e-01 3.598786e-01
    outer loop
      vertex 1.109448e+01 -2.553873e+01 6.040816e+01
      vertex 1.075920e+01 -2.496264e+01 6.204082e+01
      vertex 9.683276e+00 -2.517314e+01 6.204082e+01
    endloop
  endfacet
  facet normal -1.704047e-01 9.198708e-01 -3.532704e-01
    outer loop
      vertex 1.109448e+01 -2.553873e+01 6.040816e+01
      vertex 9.985032e+00 -2.574425e+01 6.040816e+01
      vertex 9.683276e+00 -2.517314e+01 6.204082e+01
    endloop
  endfacet
  facet normal 1.887300e-01 -9.134007e-01 3.606662e-01
    outer loop
      vertex 1.075920e+01 -2.496264e+01 6.204082e+01
      vertex 1.042391e+01 -2.438725e+01 6.367347e+01
      vertex 9.381520e+00 -2.460263e+01 6.367347e+01
    endloop
  endfacet
  facet normal -1.795825e-01 9.178682e-01 -3.539324e-01
    outer loop
      vertex 1.075920e+01 -2.496264e+01 6.204082e+01
      vertex 9.683276e+00 -2.517314e+01 6.204082e+01
      vertex 9.381520e+00 -2.460263e+01 6.367347e+01
    endloop
  endfacet
  facet normal 1.987761e-01 -9.109677e-01 3.614220e-01
    outer loop
      vertex 1.042391e+01 -2.438725e+01 6.367347e+01
      vertex 1.008863e+01 -2.381266e+01 6.530612e+01
      vertex 9.079764e+00 -2.403280e+01 6.530612e+01
    endloop
  endfacet
  facet normal -1.892027e-01 9.156887e-01 -3.545653e-01
    outer loop
      vertex 1.042391e+01 -2.438725e+01 6.367347e+01
      vertex 9.381520e+00 -2.460263e+01 6.367347e+01
      vertex 9.079764e+00 -2.403280e+01 6.530612e+01
    endloop
  endfacet
  facet normal 2.093072e-01 -9.083220e-01 3.621349e-01
    outer loop
      vertex 1.008863e+01 -2.381266e+01 6.530612e+01
      vertex 9.753342e+00 -2.323900e+01 6.693878e+01
      vertex 8.778008e+00 -2.346375e+01 6.693878e+01
    endloop
  endfacet
  facet normal -1.992884e-01 9.133159e-01 -3.551595e-01
    outer loop
      vertex 1.008863e+01 -2.381266e+01 6.530612e+01
      vertex 9.079764e+00 -2.403280e+01 6.530612e+01
      vertex 8.778008e+00 -2.346375e+01 6.693878e+01
    endloop
  endfacet
  facet normal 2.203452e-01 -9.054449e-01 3.627914e-01
    outer loop
      vertex 9.753342e+00 -2.323900e+01 6.693878e+01
      vertex 9.418058e+00 -2.266643e+01 6.857143e+01
      vertex 8.476252e+00 -2.289562e+01 6.857143e+01
    endloop
  endfacet
  facet normal -2.098626e-01 9.107319e-01 -3.557037e-01
    outer loop
      vertex 9.753342e+00 -2.323900e+01 6.693878e+01
      vertex 8.778008e+00 -2.346375e+01 6.693878e+01
      vertex 8.476252e+00 -2.289562e+01 6.857143e+01
    endloop
  endfacet
  facet normal 2.319102e-01 -9.023169e-01 3.633756e-01
    outer loop
      vertex 9.418058e+00 -2.266643e+01 6.857143e+01
      vertex 9.082774e+00 -2.209511e+01 7.020408e+01
      vertex 8.174496e+00 -2.232855e+01 7.020408e+01
    endloop
  endfacet
  facet normal -2.209471e-01 9.079180e-01 -3.561843e-01
    outer loop
      vertex 9.418058e+00 -2.266643e+01 6.857143e+01
      vertex 8.476252e+00 -2.289562e+01 6.857143e+01
      vertex 8.174496e+00 -2.232855e+01 7.020408e+01
    endloop
  endfacet
  facet normal 2.440196e-01 -8.989185e-01 3.638681e-01
    outer loop
      vertex 9.082774e+00 -2.209511e+01 7.020408e+01
      vertex 8.747489e+00 -2.152525e+01 7.183673e+01
      vertex 7.872741e+00 -2.176271e+01 7.183673e+01
    endloop
  endfacet
  facet normal -2.325624e-01 9.048545e-01 -3.565852e-01
    outer loop
      vertex 9.082774e+00 -2.209511e+01 7.020408e+01
      vertex 8.174496e+00 -2.232855e+01 7.020408e+01
      vertex 7.872741e+00 -2.176271e+01 7.183673e+01
    endloop
  endfacet
  facet normal 2.566863e-01 -8.952302e-01 3.642459e-01
    outer loop
      vertex 8.747489e+00 -2.152525e+01 7.183673e+01
      vertex 8.412205e+00 -2.095711e+01 7.346939e+01
      vertex 7.570985e+00 -2.119831e+01 7.346939e+01
    endloop
  endfacet
  facet normal -2.447261e-01 9.015213e-01 -3.568871e-01
    outer loop
      vertex 8.747489e+00 -2.152525e+01 7.183673e+01
      vertex 7.872741e+00 -2.176271e+01 7.183673e+01
      vertex 7.570985e+00 -2.119831e+01 7.346939e+01
    endloop
  endfacet
  facet normal 2.699169e-01 -8.912340e-01 3.644817e-01
    outer loop
      vertex 8.412205e+00 -2.095711e+01 7.346939e+01
      vertex 8.076921e+00 -2.039095e+01 7.510204e+01
      vertex 7.269229e+00 -2.063557e+01 7.510204e+01
    endloop
  endfacet
  facet normal -2.574514e-01 8.978985e-01 -3.570674e-01
    outer loop
      vertex 8.412205e+00 -2.095711e+01 7.346939e+01
      vertex 7.570985e+00 -2.119831e+01 7.346939e+01
      vertex 7.269229e+00 -2.063557e+01 7.510204e+01
    endloop
  endfacet
  facet normal 2.837084e-01 -8.869148e-01 3.645431e-01
    outer loop
      vertex 8.076921e+00 -2.039095e+01 7.510204e+01
      vertex 7.741636e+00 -1.982715e+01 7.673469e+01
      vertex 6.967473e+00 -2.007479e+01 7.673469e+01
    endloop
  endfacet
  facet normal -2.707447e-01 8.939672e-01 -3.570994e-01
    outer loop
      vertex 8.076921e+00 -2.039095e+01 7.510204e+01
      vertex 7.269229e+00 -2.063557e+01 7.510204e+01
      vertex 6.967473e+00 -2.007479e+01 7.673469e+01
    endloop
  endfacet
  facet normal 2.980448e-01 -8.822629e-01 3.643919e-01
    outer loop
      vertex 7.741636e+00 -1.982715e+01 7.673469e+01
      vertex 7.406352e+00 -1.926609e+01 7.836735e+01
      vertex 6.665717e+00 -1.951629e+01 7.836735e+01
    endloop
  endfacet
  facet normal -2.846030e-01 8.897115e-01 -3.569519e-01
    outer loop
      vertex 7.741636e+00 -1.982715e+01 7.673469e+01
      vertex 6.967473e+00 -2.007479e+01 7.673469e+01
      vertex 6.665717e+00 -1.951629e+01 7.836735e+01
    endloop
  endfacet
  facet normal 3.128916e-01 -8.772769e-01 3.639836e-01
    outer loop
      vertex 7.406352e+00 -1.926609e+01 7.836735e+01
      vertex 7.071068e+00 -1.870829e+01 8.000000e+01
      vertex 6.363961e+00 -1.896049e+01 8.000000e+01
    endloop
  endfacet
  facet normal -2.990100e-01 8.851200e-01 -3.565889e-01
    outer loop
      vertex 7.406352e+00 -1.926609e+01 7.836735e+01
      vertex 6.665717e+00 -1.951629e+01 7.836735e+01
      vertex 6.363961e+00 -1.896049e+01 8.000000e+01
    endloop
  endfacet
  facet normal 2.068417e-03 -9.430499e-01 3.326448e-01
    outer loop
      vertex 2.115000e+01 -4.700000e+01 0.000000e+00
      vertex 2.084824e+01 -4.642477e+01 1.632653e+00
      vertex 1.853177e+01 -4.642985e+01 1.632653e+00
    endloop
  endfacet
  facet normal 0.000000e+00 9.440890e-01 -3.296907e-01
    outer loop
      vertex 2.115000e+01 -4.700000e+01 0.000000e+00
      vertex 1.880000e+01 -4.700000e+01 0.000000e+00
      vertex 1.853177e+01 -4.642985e+01 1.632653e+00
    endloop
  endfacet
  facet normal 4.196956e-03 -9.429203e-01 3.329921e-01
    outer loop
      vertex 2.084824e+01 -4.642477e+01 1.632653e+00
      vertex 2.054649e+01 -4.584954e+01 3.265306e+00
      vertex 1.826355e+01 -4.585970e+01 3.265306e+00
    endloop
  endfacet
  facet normal -2.070459e-03 9.439812e-01 -3.299928e-01
    outer loop
      vertex 2.084824e+01 -4.642477e+01 1.632653e+00
      vertex 1.853177e+01 -4.642985e+01 1.632653e+00
      vertex 1.826355e+01 -4.585970e+01 3.265306e+00
    endloop
  endfacet
  facet normal 6.388189e-03 -9.427824e-01 3.333475e-01
    outer loop
      vertex 2.054649e+01 -4.584954e+01 3.265306e+00
      vertex 2.024473e+01 -4.527432e+01 4.897959e+00
      vertex 1.799532e+01 -4.528956e+01 4.897959e+00
    endloop
  endfacet
  facet normal -4.201166e-03 9.438660e-01 -3.303018e-01
    outer loop
      vertex 2.054649e+01 -4.584954e+01 3.265306e+00
      vertex 1.826355e+01 -4.585970e+01 3.265306e+00
      vertex 1.799532e+01 -4.528956e+01 4.897959e+00
    endloop
  endfacet
  facet normal 8.644827e-03 -9.426357e-01 3.337114e-01
    outer loop
      vertex 2.024473e+01 -4.527432e+01 4.897959e+00
      vertex 1.994298e+01 -4.469909e+01 6.530612e+00
      vertex 1.772709e+01 -4.471941e+01 6.530612e+00
    endloop
  endfacet
  facet normal -6.394698e-03 9.437430e-01 -3.306179e-01
    outer loop
      vertex 2.024473e+01 -4.527432e+01 4.897959e+00
      vertex 1.799532e+01 -4.528956e+01 4.897959e+00
      vertex 1.772709e+01 -4.471941e+01 6.530612e+00
    endloop
  endfacet
  facet normal 1.096974e-02 -9.424795e-01 3.340839e-01
    outer loop
      vertex 1.994298e+01 -4.469909e+01 6.530612e+00
      vertex 1.964122e+01 -4.412387e+01 8.163265e+00
      vertex 1.745886e+01 -4.414927e+01 8.163265e+00
    endloop
  endfacet
  facet normal -8.653778e-03 9.436116e-01 -3.309414e-01
    outer loop
      vertex 1.994298e+01 -4.469909e+01 6.530612e+00
      vertex 1.772709e+01 -4.471941e+01 6.530612e+00
      vertex 1.745886e+01 -4.414927e+01 8.163265e+00
    endloop
  endfacet
  facet normal 1.336594e-02 -9.423133e-01 3.344653e-01
    outer loop
      vertex 1.964122e+01 -4.412387e+01 8.163265e+00
      vertex 1.933946e+01 -4.354866e+01 9.795918e+00
      vertex 1.719064e+01 -4.357914e+01 9.795918e+00
    endloop
  endfacet
  facet normal -1.098128e-02 9.434713e-01 -3.312723e-01
    outer loop
      vertex 1.964122e+01 -4.412387e+01 8.163265e+00
      vertex 1.745886e+01 -4.414927e+01 8.163265e+00
      vertex 1.719064e+01 -4.357914e+01 9.795918e+00
    endloop
  endfacet
  facet normal 1.583665e-02 -9.421363e-01 3.348559e-01
    outer loop
      vertex 1.933946e+01 -4.354866e+01 9.795918e+00
      vertex 1.903771e+01 -4.297345e+01 1.142857e+01
      vertex 1.692241e+01 -4.300901e+01 1.142857e+01
    endloop
  endfacet
  facet normal -1.338024e-02 9.433213e-01 -3.316110e-01
    outer loop
      vertex 1.933946e+01 -4.354866e+01 9.795918e+00
      vertex 1.719064e+01 -4.357914e+01 9.795918e+00
      vertex 1.692241e+01 -4.300901e+01 1.142857e+01
    endloop
  endfacet
  facet normal 1.838525e-02 -9.419477e-01 3.352559e-01
    outer loop
      vertex 1.903771e+01 -4.297345e+01 1.142857e+01
      vertex 1.873595e+01 -4.239825e+01 1.306122e+01
      vertex 1.665418e+01 -4.243888e+01 1.306122e+01
    endloop
  endfacet
  facet normal -1.585388e-02 9.431611e-01 -3.319576e-01
    outer loop
      vertex 1.903771e+01 -4.297345e+01 1.142857e+01
      vertex 1.692241e+01 -4.300901e+01 1.142857e+01
      vertex 1.665418e+01 -4.243888e+01 1.306122e+01
    endloop
  endfacet
  facet normal 2.101532e-02 -9.417468e-01 3.356655e-01
    outer loop
      vertex 1.873595e+01 -4.239825e+01 1.306122e+01
      vertex 1.843420e+01 -4.182306e+01 1.469388e+01
      vertex 1.638595e+01 -4.186877e+01 1.469388e+01
    endloop
  endfacet
  facet normal -1.840559e-02 9.429898e-01 -3.323123e-01
    outer loop
      vertex 1.873595e+01 -4.239825e+01 1.306122e+01
      vertex 1.665418e+01 -4.243888e+01 1.306122e+01
      vertex 1.638595e+01 -4.186877e+01 1.469388e+01
    endloop
  endfacet
  facet normal 2.373067e-02 -9.415326e-01 3.360852e-01
    outer loop
      vertex 1.843420e+01 -4.182306e+01 1.469388e+01
      vertex 1.813244e+01 -4.124788e+01 1.632653e+01
      vertex 1.611773e+01 -4.129866e+01 1.632653e+01
    endloop
  endfacet
  facet normal -2.103898e-02 9.428067e-01 -3.326754e-01
    outer loop
      vertex 1.843420e+01 -4.182306e+01 1.469388e+01
      vertex 1.638595e+01 -4.186877e+01 1.469388e+01
      vertex 1.611773e+01 -4.129866e+01 1.632653e+01
    endloop
  endfacet
  facet normal 2.653532e-02 -9.413041e-01 3.365151e-01
    outer loop
      vertex 1.813244e+01 -4.124788e+01 1.632653e+01
      vertex 1.783069e+01 -4.067272e+01 1.795918e+01
      vertex 1.584950e+01 -4.072857e+01 1.795918e+01
    endloop
  endfacet
  facet normal -2.375785e-02 9.426109e-01 -3.330470e-01
    outer loop
      vertex 1.813244e+01 -4.124788e+01 1.632653e+01
      vertex 1.611773e+01 -4.129866e+01 1.632653e+01
      vertex 1.584950e+01 -4.072857e+01 1.795918e+01
    endloop
  endfacet
  facet normal 2.943354e-02 -9.410604e-01 3.369555e-01
    outer loop
      vertex 1.783069e+01 -4.067272e+01 1.795918e+01
      vertex 1.752893e+01 -4.009757e+01 1.959184e+01
      vertex 1.558127e+01 -4.015848e+01 1.959184e+01
    endloop
  endfacet
  facet normal -2.656625e-02 9.424014e-01 -3.334274e-01
    outer loop
      vertex 1.783069e+01 -4.067272e+01 1.795918e+01
      vertex 1.584950e+01 -4.072857e+01 1.795918e+01
      vertex 1.558127e+01 -4.015848e+01 1.959184e+01
    endloop
  endfacet
  facet normal 3.242986e-02 -9.408002e-01 3.374067e-01
    outer loop
      vertex 1.752893e+01 -4.009757e+01 1.959184e+01
      vertex 1.722717e+01 -3.952244e+01 2.122449e+01
      vertex 1.531304e+01 -3.958842e+01 2.122449e+01
    endloop
  endfacet
  facet normal -2.946847e-02 9.421772e-01 -3.338168e-01
    outer loop
      vertex 1.752893e+01 -4.009757e+01 1.959184e+01
      vertex 1.558127e+01 -4.015848e+01 1.959184e+01
      vertex 1.531304e+01 -3.958842e+01 2.122449e+01
    endloop
  endfacet
  facet normal 3.552909e-02 -9.405224e-01 3.378689e-01
    outer loop
      vertex 1.722717e+01 -3.952244e+01 2.122449e+01
      vertex 1.692542e+01 -3.894733e+01 2.285714e+01
      vertex 1.504482e+01 -3.901837e+01 2.285714e+01
    endloop
  endfacet
  facet normal -3.246905e-02 9.419373e-01 -3.342154e-01
    outer loop
      vertex 1.722717e+01 -3.952244e+01 2.122449e+01
      vertex 1.531304e+01 -3.958842e+01 2.122449e+01
      vertex 1.504482e+01 -3.901837e+01 2.285714e+01
    endloop
  endfacet
  facet normal 3.873635e-02 -9.402255e-01 3.383424e-01
    outer loop
      vertex 1.692542e+01 -3.894733e+01 2.285714e+01
      vertex 1.662366e+01 -3.837225e+01 2.448980e+01
      vertex 1.477659e+01 -3.844835e+01 2.448980e+01
    endloop
  endfacet
  facet normal -3.557283e-02 9.416803e-01 -3.346233e-01
    outer loop
      vertex 1.692542e+01 -3.894733e+01 2.285714e+01
      vertex 1.504482e+01 -3.901837e+01 2.285714e+01
      vertex 1.477659e+01 -3.844835e+01 2.448980e+01
    endloop
  endfacet
  facet normal 4.205706e-02 -9.399081e-01 3.388274e-01
    outer loop
      vertex 1.662366e+01 -3.837225e+01 2.448980e+01
      vertex 1.632191e+01 -3.779719e+01 2.612245e+01
      vertex 1.450836e+01 -3.787834e+01 2.612245e+01
    endloop
  endfacet
  facet normal -3.878494e-02 9.414050e-01 -3.350409e-01
    outer loop
      vertex 1.662366e+01 -3.837225e+01 2.448980e+01
      vertex 1.477659e+01 -3.844835e+01 2.448980e+01
      vertex 1.450836e+01 -3.787834e+01 2.612245e+01
    endloop
  endfacet
  facet normal 4.549700e-02 -9.395686e-01 3.393243e-01
    outer loop
      vertex 1.632191e+01 -3.779719e+01 2.612245e+01
      vertex 1.602015e+01 -3.722218e+01 2.775510e+01
      vertex 1.424013e+01 -3.730837e+01 2.775510e+01
    endloop
  endfacet
  facet normal -4.211083e-02 9.411099e-01 -3.354681e-01
    outer loop
      vertex 1.632191e+01 -3.779719e+01 2.612245e+01
      vertex 1.450836e+01 -3.787834e+01 2.612245e+01
      vertex 1.424013e+01 -3.730837e+01 2.775510e+01
    endloop
  endfacet
  facet normal 4.906233e-02 -9.392052e-01 3.398331e-01
    outer loop
      vertex 1.602015e+01 -3.722218e+01 2.775510e+01
      vertex 1.571839e+01 -3.664720e+01 2.938776e+01
      vertex 1.397191e+01 -3.673843e+01 2.938776e+01
    endloop
  endfacet
  facet normal -4.555632e-02 9.407934e-01 -3.359052e-01
    outer loop
      vertex 1.602015e+01 -3.722218e+01 2.775510e+01
      vertex 1.424013e+01 -3.730837e+01 2.775510e+01
      vertex 1.397191e+01 -3.673843e+01 2.938776e+01
    endloop
  endfacet
  facet normal 5.275957e-02 -9.388160e-01 3.403541e-01
    outer loop
      vertex 1.571839e+01 -3.664720e+01 2.938776e+01
      vertex 1.541664e+01 -3.607226e+01 3.102041e+01
      vertex 1.370368e+01 -3.616852e+01 3.102041e+01
    endloop
  endfacet
  facet normal -4.912756e-02 9.404539e-01 -3.363524e-01
    outer loop
      vertex 1.571839e+01 -3.664720e+01 2.938776e+01
      vertex 1.397191e+01 -3.673843e+01 2.938776e+01
      vertex 1.370368e+01 -3.616852e+01 3.102041e+01
    endloop
  endfacet
  facet normal 5.659571e-02 -9.383990e-01 3.408875e-01
    outer loop
      vertex 1.541664e+01 -3.607226e+01 3.102041e+01
      vertex 1.511488e+01 -3.549737e+01 3.265306e+01
      vertex 1.343545e+01 -3.559866e+01 3.265306e+01
    endloop
  endfacet
  facet normal -5.283114e-02 9.400894e-01 -3.368096e-01
    outer loop
      vertex 1.541664e+01 -3.607226e+01 3.102041e+01
      vertex 1.370368e+01 -3.616852e+01 3.102041e+01
      vertex 1.343545e+01 -3.559866e+01 3.265306e+01
    endloop
  endfacet
  facet normal 6.057816e-02 -9.379518e-01 3.414334e-01
    outer loop
      vertex 1.511488e+01 -3.549737e+01 3.265306e+01
      vertex 1.481313e+01 -3.492254e+01 3.428571e+01
      vertex 1.316722e+01 -3.502884e+01 3.428571e+01
    endloop
  endfacet
  facet normal -5.667405e-02 9.396979e-01 -3.372771e-01
    outer loop
      vertex 1.511488e+01 -3.549737e+01 3.265306e+01
      vertex 1.343545e+01 -3.559866e+01 3.265306e+01
      vertex 1.316722e+01 -3.502884e+01 3.428571e+01
    endloop
  endfacet
  facet normal 6.471483e-02 -9.374719e-01 3.419918e-01
    outer loop
      vertex 1.481313e+01 -3.492254e+01 3.428571e+01
      vertex 1.451137e+01 -3.434778e+01 3.591837e+01
      vertex 1.289900e+01 -3.445908e+01 3.591837e+01
    endloop
  endfacet
  facet normal -6.066376e-02 9.392772e-01 -3.377548e-01
    outer loop
      vertex 1.481313e+01 -3.492254e+01 3.428571e+01
      vertex 1.316722e+01 -3.502884e+01 3.428571e+01
      vertex 1.289900e+01 -3.445908e+01 3.591837e+01
    endloop
  endfacet
  facet normal 6.901416e-02 -9.369566e-01 3.425628e-01
    outer loop
      vertex 1.451137e+01 -3.434778e+01 3.591837e+01
      vertex 1.420961e+01 -3.377309e+01 3.755102e+01
      vertex 1.263077e+01 -3.388938e+01 3.755102e+01
    endloop
  endfacet
  facet normal -6.480821e-02 9.388247e-01 -3.382426e-01
    outer loop
      vertex 1.451137e+01 -3.434778e+01 3.591837e+01
      vertex 1.289900e+01 -3.445908e+01 3.591837e+01
      vertex 1.263077e+01 -3.388938e+01 3.755102e+01
    endloop
  endfacet
  facet normal 7.348513e-02 -9.364029e-01 3.431464e-01
    outer loop
      vertex 1.420961e+01 -3.377309e+01 3.755102e+01
      vertex 1.390786e+01 -3.319848e+01 3.918367e+01
      vertex 1.236254e+01 -3.331975e+01 3.918367e+01
    endloop
  endfacet
  facet normal -6.911589e-02 9.383378e-01 -3.387406e-01
    outer loop
      vertex 1.420961e+01 -3.377309e+01 3.755102e+01
      vertex 1.263077e+01 -3.388938e+01 3.755102e+01
      vertex 1.236254e+01 -3.331975e+01 3.918367e+01
    endloop
  endfacet
  facet normal 7.813734e-02 -9.358075e-01 3.437424e-01
    outer loop
      vertex 1.390786e+01 -3.319848e+01 3.918367e+01
      vertex 1.360610e+01 -3.262397e+01 4.081633e+01
      vertex 1.209431e+01 -3.275020e+01 4.081633e+01
    endloop
  endfacet
  facet normal -7.359582e-02 9.378135e-01 -3.392485e-01
    outer loop
      vertex 1.390786e+01 -3.319848e+01 3.918367e+01
      vertex 1.236254e+01 -3.331975e+01 3.918367e+01
      vertex 1.209431e+01 -3.275020e+01 4.081633e+01
    endloop
  endfacet
  facet normal 8.298100e-02 -9.351667e-01 3.443507e-01
    outer loop
      vertex 1.360610e+01 -3.262397e+01 4.081633e+01
      vertex 1.330435e+01 -3.204956e+01 4.244898e+01
      vertex 1.182609e+01 -3.218073e+01 4.244898e+01
    endloop
  endfacet
  facet normal -7.825765e-02 9.372485e-01 -3.397661e-01
    outer loop
      vertex 1.360610e+01 -3.262397e+01 4.081633e+01
      vertex 1.209431e+01 -3.275020e+01 4.081633e+01
      vertex 1.182609e+01 -3.218073e+01 4.244898e+01
    endloop
  endfacet
  facet normal 8.802701e-02 -9.344766e-01 3.449707e-01
    outer loop
      vertex 1.330435e+01 -3.204956e+01 4.244898e+01
      vertex 1.300259e+01 -3.147528e+01 4.408163e+01
      vertex 1.155786e+01 -3.161137e+01 4.408163e+01
    endloop
  endfacet
  facet normal -8.311166e-02 9.366392e-01 -3.402931e-01
    outer loop
      vertex 1.330435e+01 -3.204956e+01 4.244898e+01
      vertex 1.182609e+01 -3.218073e+01 4.244898e+01
      vertex 1.155786e+01 -3.161137e+01 4.408163e+01
    endloop
  endfacet
  facet normal 9.328699e-02 -9.337327e-01 3.456021e-01
    outer loop
      vertex 1.300259e+01 -3.147528e+01 4.408163e+01
      vertex 1.270083e+01 -3.090113e+01 4.571429e+01
      vertex 1.128963e+01 -3.104212e+01 4.571429e+01
    endloop
  endfacet
  facet normal -8.816881e-02 9.359818e-01 -3.408289e-01
    outer loop
      vertex 1.300259e+01 -3.147528e+01 4.408163e+01
      vertex 1.155786e+01 -3.161137e+01 4.408163e+01
      vertex 1.128963e+01 -3.104212e+01 4.571429e+01
    endloop
  endfacet
  facet normal 9.877331e-02 -9.329302e-01 3.462441e-01
    outer loop
      vertex 1.270083e+01 -3.090113e+01 4.571429e+01
      vertex 1.239908e+01 -3.032714e+01 4.734694e+01
      vertex 1.102140e+01 -3.047300e+01 4.734694e+01
    endloop
  endfacet
  facet normal -9.344077e-02 9.352718e-01 -3.413728e-01
    outer loop
      vertex 1.270083e+01 -3.090113e+01 4.571429e+01
      vertex 1.128963e+01 -3.104212e+01 4.571429e+01
      vertex 1.102140e+01 -3.047300e+01 4.734694e+01
    endloop
  endfacet
  facet normal 1.044991e-01 -9.320639e-01 3.468959e-01
    outer loop
      vertex 1.239908e+01 -3.032714e+01 4.734694e+01
      vertex 1.209732e+01 -2.975333e+01 4.897959e+01
      vertex 1.075318e+01 -2.990403e+01 4.897959e+01
    endloop
  endfacet
  facet normal -9.893999e-02 9.345046e-01 -3.419241e-01
    outer loop
      vertex 1.239908e+01 -3.032714e+01 4.734694e+01
      vertex 1.102140e+01 -3.047300e+01 4.734694e+01
      vertex 1.075318e+01 -2.990403e+01 4.897959e+01
    endloop
  endfacet
  facet normal 1.104784e-01 -9.311279e-01 3.475563e-01
    outer loop
      vertex 1.209732e+01 -2.975333e+01 4.897959e+01
      vertex 1.179557e+01 -2.917973e+01 5.061224e+01
      vertex 1.048495e+01 -2.933523e+01 5.061224e+01
    endloop
  endfacet
  facet normal -1.046797e-01 9.336747e-01 -3.424818e-01
    outer loop
      vertex 1.209732e+01 -2.975333e+01 4.897959e+01
      vertex 1.075318e+01 -2.990403e+01 4.897959e+01
      vertex 1.048495e+01 -2.933523e+01 5.061224e+01
    endloop
  endfacet
  facet normal 1.167261e-01 -9.301157e-01 3.482237e-01
    outer loop
      vertex 1.179557e+01 -2.917973e+01 5.061224e+01
      vertex 1.149381e+01 -2.860635e+01 5.224490e+01
      vertex 1.021672e+01 -2.876662e+01 5.224490e+01
    endloop
  endfacet
  facet normal -1.106740e-01 9.327764e-01 -3.430443e-01
    outer loop
      vertex 1.179557e+01 -2.917973e+01 5.061224e+01
      vertex 1.048495e+01 -2.933523e+01 5.061224e+01
      vertex 1.021672e+01 -2.876662e+01 5.224490e+01
    endloop
  endfacet
  facet normal 1.232578e-01 -9.290203e-01 3.488964e-01
    outer loop
      vertex 1.149381e+01 -2.860635e+01 5.224490e+01
      vertex 1.119206e+01 -2.803324e+01 5.387755e+01
      vertex 9.948494e+00 -2.819823e+01 5.387755e+01
    endloop
  endfacet
  facet normal -1.169379e-01 9.318034e-01 -3.436102e-01
    outer loop
      vertex 1.149381e+01 -2.860635e+01 5.224490e+01
      vertex 1.021672e+01 -2.876662e+01 5.224490e+01
      vertex 9.948494e+00 -2.819823e+01 5.387755e+01
    endloop
  endfacet
  facet normal 1.300902e-01 -9.278340e-01 3.495721e-01
    outer loop
      vertex 1.119206e+01 -2.803324e+01 5.387755e+01
      vertex 1.089030e+01 -2.746043e+01 5.551020e+01
      vertex 9.680266e+00 -2.763008e+01 5.551020e+01
    endloop
  endfacet
  facet normal -1.234871e-01 9.307485e-01 -3.441774e-01
    outer loop
      vertex 1.119206e+01 -2.803324e+01 5.387755e+01
      vertex 9.948494e+00 -2.819823e+01 5.387755e+01
      vertex 9.680266e+00 -2.763008e+01 5.551020e+01
    endloop
  endfacet
  facet normal 1.372409e-01 -9.265481e-01 3.502478e-01
    outer loop
      vertex 1.089030e+01 -2.746043e+01 5.551020e+01
      vertex 1.058854e+01 -2.688796e+01 5.714286e+01
      vertex 9.412039e+00 -2.706222e+01 5.714286e+01
    endloop
  endfacet
  facet normal -1.303384e-01 9.296041e-01 -3.447434e-01
    outer loop
      vertex 1.089030e+01 -2.746043e+01 5.551020e+01
      vertex 9.680266e+00 -2.763008e+01 5.551020e+01
      vertex 9.412039e+00 -2.706222e+01 5.714286e+01
    endloop
  endfacet
  facet normal 1.447280e-01 -9.251534e-01 3.509201e-01
    outer loop
      vertex 1.058854e+01 -2.688796e+01 5.714286e+01
      vertex 1.028679e+01 -2.631588e+01 5.877551e+01
      vertex 9.143811e+00 -2.649468e+01 5.877551e+01
    endloop
  endfacet
  facet normal -1.375095e-01 9.283617e-01 -3.453053e-01
    outer loop
      vertex 1.058854e+01 -2.688796e+01 5.714286e+01
      vertex 9.412039e+00 -2.706222e+01 5.714286e+01
      vertex 9.143811e+00 -2.649468e+01 5.877551e+01
    endloop
  endfacet
  facet normal 1.525708e-01 -9.236397e-01 3.515848e-01
    outer loop
      vertex 1.028679e+01 -2.631588e+01 5.877551e+01
      vertex 9.985032e+00 -2.574425e+01 6.040816e+01
      vertex 8.875584e+00 -2.592752e+01 6.040816e+01
    endloop
  endfacet
  facet normal -1.450187e-01 9.270119e-01 -3.458592e-01
    outer loop
      vertex 1.028679e+01 -2.631588e+01 5.877551e+01
      vertex 9.143811e+00 -2.649468e+01 5.877551e+01
      vertex 8.875584e+00 -2.592752e+01 6.040816e+01
    endloop
  endfacet
  facet normal 1.607889e-01 -9.219958e-01 3.522366e-01
    outer loop
      vertex 9.985032e+00 -2.574425e+01 6.040816e+01
      vertex 9.683276e+00 -2.517314e+01 6.204082e+01
      vertex 8.607356e+00 -2.536078e+01 6.204082e+01
    endloop
  endfacet
  facet normal -1.528854e-01 9.255444e-01 -3.464009e-01
    outer loop
      vertex 9.985032e+00 -2.574425e+01 6.040816e+01
      vertex 8.875584e+00 -2.592752e+01 6.040816e+01
      vertex 8.607356e+00 -2.536078e+01 6.204082e+01
    endloop
  endfacet
  facet normal 1.694027e-01 -9.202098e-01 3.528692e-01
    outer loop
      vertex 9.683276e+00 -2.517314e+01 6.204082e+01
      vertex 9.381520e+00 -2.460263e+01 6.367347e+01
      vertex 8.339129e+00 -2.479452e+01 6.367347e+01
    endloop
  endfacet
  facet normal -1.611294e-01 9.239483e-01 -3.469249e-01
    outer loop
      vertex 9.683276e+00 -2.517314e+01 6.204082e+01
      vertex 8.607356e+00 -2.536078e+01 6.204082e+01
      vertex 8.339129e+00 -2.479452e+01 6.367347e+01
    endloop
  endfacet
  facet normal 1.784323e-01 -9.182686e-01 3.534751e-01
    outer loop
      vertex 9.381520e+00 -2.460263e+01 6.367347e+01
      vertex 9.079764e+00 -2.403280e+01 6.530612e+01
      vertex 8.070901e+00 -2.422883e+01 6.530612e+01
    endloop
  endfacet
  facet normal -1.697711e-01 9.222113e-01 -3.474249e-01
    outer loop
      vertex 9.381520e+00 -2.460263e+01 6.367347e+01
      vertex 8.339129e+00 -2.479452e+01 6.367347e+01
      vertex 8.070901e+00 -2.422883e+01 6.530612e+01
    endloop
  endfacet
  facet normal 1.878981e-01 -9.161585e-01 3.540450e-01
    outer loop
      vertex 9.079764e+00 -2.403280e+01 6.530612e+01
      vertex 8.778008e+00 -2.346375e+01 6.693878e+01
      vertex 7.802674e+00 -2.366379e+01 6.693878e+01
    endloop
  endfacet
  facet normal -1.788310e-01 9.203205e-01 -3.478933e-01
    outer loop
      vertex 9.079764e+00 -2.403280e+01 6.530612e+01
      vertex 8.070901e+00 -2.422883e+01 6.530612e+01
      vertex 7.802674e+00 -2.366379e+01 6.693878e+01
    endloop
  endfacet
  facet normal 1.978193e-01 -9.138649e-01 3.545680e-01
    outer loop
      vertex 8.778008e+00 -2.346375e+01 6.693878e+01
      vertex 8.476252e+00 -2.289562e+01 6.857143e+01
      vertex 7.534446e+00 -2.309949e+01 6.857143e+01
    endloop
  endfacet
  facet normal -1.883295e-01 9.182618e-01 -3.483207e-01
    outer loop
      vertex 8.778008e+00 -2.346375e+01 6.693878e+01
      vertex 7.802674e+00 -2.366379e+01 6.693878e+01
      vertex 7.534446e+00 -2.309949e+01 6.857143e+01
    endloop
  endfacet
  facet normal 2.082137e-01 -9.113727e-01 3.550308e-01
    outer loop
      vertex 8.476252e+00 -2.289562e+01 6.857143e+01
      vertex 8.174496e+00 -2.232855e+01 7.020408e+01
      vertex 7.266219e+00 -2.253606e+01 7.020408e+01
    endloop
  endfacet
  facet normal -1.982859e-01 9.160205e-01 -3.486964e-01
    outer loop
      vertex 8.476252e+00 -2.289562e+01 6.857143e+01
      vertex 7.534446e+00 -2.309949e+01 6.857143e+01
      vertex 7.266219e+00 -2.253606e+01 7.020408e+01
    endloop
  endfacet
  facet normal 2.190964e-01 -9.086667e-01 3.554175e-01
    outer loop
      vertex 8.174496e+00 -2.232855e+01 7.020408e+01
      vertex 7.872741e+00 -2.176271e+01 7.183673e+01
      vertex 6.997992e+00 -2.197363e+01 7.183673e+01
    endloop
  endfacet
  facet normal -2.087183e-01 9.135812e-01 -3.490073e-01
    outer loop
      vertex 8.174496e+00 -2.232855e+01 7.020408e+01
      vertex 7.266219e+00 -2.253606e+01 7.020408e+01
      vertex 6.997992e+00 -2.197363e+01 7.183673e+01
    endloop
  endfacet
  facet normal 2.304785e-01 -9.057320e-01 3.557094e-01
    outer loop
      vertex 7.872741e+00 -2.176271e+01 7.183673e+01
      vertex 7.570985e+00 -2.119831e+01 7.346939e+01
      vertex 6.729764e+00 -2.141237e+01 7.346939e+01
    endloop
  endfacet
  facet normal -2.196418e-01 9.109283e-01 -3.492380e-01
    outer loop
      vertex 7.872741e+00 -2.176271e+01 7.183673e+01
      vertex 6.997992e+00 -2.197363e+01 7.183673e+01
      vertex 6.729764e+00 -2.141237e+01 7.346939e+01
    endloop
  endfacet
  facet normal 2.423649e-01 -9.025551e-01 3.558841e-01
    outer loop
      vertex 7.570985e+00 -2.119831e+01 7.346939e+01
      vertex 7.269229e+00 -2.063557e+01 7.510204e+01
      vertex 6.461537e+00 -2.085246e+01 7.510204e+01
    endloop
  endfacet
  facet normal -2.310675e-01 9.080464e-01 -3.493703e-01
    outer loop
      vertex 7.570985e+00 -2.119831e+01 7.346939e+01
      vertex 6.729764e+00 -2.141237e+01 7.346939e+01
      vertex 6.461537e+00 -2.085246e+01 7.510204e+01
    endloop
  endfacet
  facet normal 2.547519e-01 -8.991251e-01 3.559152e-01
    outer loop
      vertex 7.269229e+00 -2.063557e+01 7.510204e+01
      vertex 6.967473e+00 -2.007479e+01 7.673469e+01
      vertex 6.193309e+00 -2.029413e+01 7.673469e+01
    endloop
  endfacet
  facet normal -2.430003e-01 9.049212e-01 -3.493830e-01
    outer loop
      vertex 7.269229e+00 -2.063557e+01 7.510204e+01
      vertex 6.461537e+00 -2.085246e+01 7.510204e+01
      vertex 6.193309e+00 -2.029413e+01 7.673469e+01
    endloop
  endfacet
  facet normal 2.676235e-01 -8.954352e-01 3.557716e-01
    outer loop
      vertex 6.967473e+00 -2.007479e+01 7.673469e+01
      vertex 6.665717e+00 -1.951629e+01 7.836735e+01
      vertex 5.925082e+00 -1.973765e+01 7.836735e+01
    endloop
  endfacet
  facet normal -2.554364e-01 9.015408e-01 -3.492513e-01
    outer loop
      vertex 6.967473e+00 -2.007479e+01 7.673469e+01
      vertex 6.193309e+00 -2.029413e+01 7.673469e+01
      vertex 5.925082e+00 -1.973765e+01 7.836735e+01
    endloop
  endfacet
  facet normal 2.809470e-01 -8.914859e-01 3.554175e-01
    outer loop
      vertex 6.665717e+00 -1.951629e+01 7.836735e+01
      vertex 6.363961e+00 -1.896049e+01 8.000000e+01
      vertex 5.656854e+00 -1.918333e+01 8.000000e+01
    endloop
  endfacet
  facet normal -2.683593e-01 8.978972e-01 -3.489468e-01
    outer loop
      vertex 6.665717e+00 -1.951629e+01 7.836735e+01
      vertex 5.925082e+00 -1.973765e+01 7.836735e+01
      vertex 5.656854e+00 -1.918333e+01 8.000000e+01
    endloop
  endfacet
  facet normal 1.826900e-03 -9.439940e-01 3.299576e-01
    outer loop
      vertex 1.880000e+01 -4.700000e+01 0.000000e+00
      vertex 1.853177e+01 -4.642985e+01 1.632653e+00
      vertex 1.621530e+01 -4.643434e+01 1.632653e+00
    endloop
  endfacet
  facet normal 0.000000e+00 9.448938e-01 -3.273772e-01
    outer loop
      vertex 1.880000e+01 -4.700000e+01 0.000000e+00
      vertex 1.645000e+01 -4.700000e+01 0.000000e+00
      vertex 1.621530e+01 -4.643434e+01 1.632653e+00
    endloop
  endfacet
  facet normal 3.707009e-03 -9.438929e-01 3.302308e-01
    outer loop
      vertex 1.853177e+01 -4.642985e+01 1.632653e+00
      vertex 1.826355e+01 -4.585970e+01 3.265306e+00
      vertex 1.598060e+01 -4.586867e+01 3.265306e+00
    endloop
  endfacet
  facet normal -1.828481e-03 9.448109e-01 -3.276110e-01
    outer loop
      vertex 1.853177e+01 -4.642985e+01 1.632653e+00
      vertex 1.621530e+01 -4.643434e+01 1.632653e+00
      vertex 1.598060e+01 -4.586867e+01 3.265306e+00
    endloop
  endfacet
  facet normal 5.642606e-03 -9.437855e-01 3.305105e-01
    outer loop
      vertex 1.826355e+01 -4.585970e+01 3.265306e+00
      vertex 1.799532e+01 -4.528956e+01 4.897959e+00
      vertex 1.574590e+01 -4.530301e+01 4.897959e+00
    endloop
  endfacet
  facet normal -3.710266e-03 9.447224e-01 -3.278502e-01
    outer loop
      vertex 1.826355e+01 -4.585970e+01 3.265306e+00
      vertex 1.598060e+01 -4.586867e+01 3.265306e+00
      vertex 1.574590e+01 -4.530301e+01 4.897959e+00
    endloop
  endfacet
  facet normal 7.636097e-03 -9.436711e-01 3.307968e-01
    outer loop
      vertex 1.799532e+01 -4.528956e+01 4.897959e+00
      vertex 1.772709e+01 -4.471941e+01 6.530612e+00
      vertex 1.551120e+01 -4.473735e+01 6.530612e+00
    endloop
  endfacet
  facet normal -5.647642e-03 9.446279e-01 -3.280949e-01
    outer loop
      vertex 1.799532e+01 -4.528956e+01 4.897959e+00
      vertex 1.574590e+01 -4.530301e+01 4.897959e+00
      vertex 1.551120e+01 -4.473735e+01 6.530612e+00
    endloop
  endfacet
  facet normal 9.690022e-03 -9.435495e-01 3.310899e-01
    outer loop
      vertex 1.772709e+01 -4.471941e+01 6.530612e+00
      vertex 1.745886e+01 -4.414927e+01 8.163265e+00
      vertex 1.527650e+01 -4.417169e+01 8.163265e+00
    endloop
  endfacet
  facet normal -7.643021e-03 9.445268e-01 -3.283453e-01
    outer loop
      vertex 1.772709e+01 -4.471941e+01 6.530612e+00
      vertex 1.551120e+01 -4.473735e+01 6.530612e+00
      vertex 1.527650e+01 -4.417169e+01 8.163265e+00
    endloop
  endfacet
  facet normal 1.180707e-02 -9.434200e-01 3.313901e-01
    outer loop
      vertex 1.745886e+01 -4.414927e+01 8.163265e+00
      vertex 1.719064e+01 -4.357914e+01 9.795918e+00
      vertex 1.504181e+01 -4.360603e+01 9.795918e+00
    endloop
  endfacet
  facet normal -9.698951e-03 9.444189e-01 -3.286015e-01
    outer loop
      vertex 1.745886e+01 -4.414927e+01 8.163265e+00
      vertex 1.527650e+01 -4.417169e+01 8.163265e+00
      vertex 1.504181e+01 -4.360603e+01 9.795918e+00
    endloop
  endfacet
  facet normal 1.399007e-02 -9.432821e-01 3.316975e-01
    outer loop
      vertex 1.719064e+01 -4.357914e+01 9.795918e+00
      vertex 1.692241e+01 -4.300901e+01 1.142857e+01
      vertex 1.480711e+01 -4.304038e+01 1.142857e+01
    endloop
  endfacet
  facet normal -1.181813e-02 9.443035e-01 -3.288636e-01
    outer loop
      vertex 1.719064e+01 -4.357914e+01 9.795918e+00
      vertex 1.504181e+01 -4.360603e+01 9.795918e+00
      vertex 1.480711e+01 -4.304038e+01 1.142857e+01
    endloop
  endfacet
  facet normal 1.624205e-02 -9.431352e-01 3.320123e-01
    outer loop
      vertex 1.692241e+01 -4.300901e+01 1.142857e+01
      vertex 1.665418e+01 -4.243888e+01 1.306122e+01
      vertex 1.457241e+01 -4.247473e+01 1.306122e+01
    endloop
  endfacet
  facet normal -1.400339e-02 9.441801e-01 -3.291320e-01
    outer loop
      vertex 1.692241e+01 -4.300901e+01 1.142857e+01
      vertex 1.480711e+01 -4.304038e+01 1.142857e+01
      vertex 1.457241e+01 -4.247473e+01 1.306122e+01
    endloop
  endfacet
  facet normal 1.856617e-02 -9.429787e-01 3.323348e-01
    outer loop
      vertex 1.665418e+01 -4.243888e+01 1.306122e+01
      vertex 1.638595e+01 -4.186877e+01 1.469388e+01
      vertex 1.433771e+01 -4.190909e+01 1.469388e+01
    endloop
  endfacet
  facet normal -1.625777e-02 9.440482e-01 -3.294066e-01
    outer loop
      vertex 1.665418e+01 -4.243888e+01 1.306122e+01
      vertex 1.457241e+01 -4.247473e+01 1.306122e+01
      vertex 1.433771e+01 -4.190909e+01 1.469388e+01
    endloop
  endfacet
  facet normal 2.096580e-02 -9.428119e-01 3.326652e-01
    outer loop
      vertex 1.638595e+01 -4.186877e+01 1.469388e+01
      vertex 1.611773e+01 -4.129866e+01 1.632653e+01
      vertex 1.410301e+01 -4.134346e+01 1.632653e+01
    endloop
  endfacet
  facet normal -1.858445e-02 9.439071e-01 -3.296877e-01
    outer loop
      vertex 1.638595e+01 -4.186877e+01 1.469388e+01
      vertex 1.433771e+01 -4.190909e+01 1.469388e+01
      vertex 1.410301e+01 -4.134346e+01 1.632653e+01
    endloop
  endfacet
  facet normal 2.344453e-02 -9.426340e-01 3.330036e-01
    outer loop
      vertex 1.611773e+01 -4.129866e+01 1.632653e+01
      vertex 1.584950e+01 -4.072857e+01 1.795918e+01
      vertex 1.386831e+01 -4.077784e+01 1.795918e+01
    endloop
  endfacet
  facet normal -2.098680e-02 9.437562e-01 -3.299754e-01
    outer loop
      vertex 1.611773e+01 -4.129866e+01 1.632653e+01
      vertex 1.410301e+01 -4.134346e+01 1.632653e+01
      vertex 1.386831e+01 -4.077784e+01 1.795918e+01
    endloop
  endfacet
  facet normal 2.600614e-02 -9.424443e-01 3.333504e-01
    outer loop
      vertex 1.584950e+01 -4.072857e+01 1.795918e+01
      vertex 1.558127e+01 -4.015848e+01 1.959184e+01
      vertex 1.363361e+01 -4.021223e+01 1.959184e+01
    endloop
  endfacet
  facet normal -2.346843e-02 9.435947e-01 -3.302699e-01
    outer loop
      vertex 1.584950e+01 -4.072857e+01 1.795918e+01
      vertex 1.386831e+01 -4.077784e+01 1.795918e+01
      vertex 1.363361e+01 -4.021223e+01 1.959184e+01
    endloop
  endfacet
  facet normal 2.865465e-02 -9.422417e-01 3.337056e-01
    outer loop
      vertex 1.558127e+01 -4.015848e+01 1.959184e+01
      vertex 1.531304e+01 -3.958842e+01 2.122449e+01
      vertex 1.339891e+01 -3.964663e+01 2.122449e+01
    endloop
  endfacet
  facet normal -2.603312e-02 9.434219e-01 -3.305714e-01
    outer loop
      vertex 1.558127e+01 -4.015848e+01 1.959184e+01
      vertex 1.363361e+01 -4.021223e+01 1.959184e+01
      vertex 1.339891e+01 -3.964663e+01 2.122449e+01
    endloop
  endfacet
  facet normal 3.139434e-02 -9.420254e-01 3.340696e-01
    outer loop
      vertex 1.531304e+01 -3.958842e+01 2.122449e+01
      vertex 1.504482e+01 -3.901837e+01 2.285714e+01
      vertex 1.316421e+01 -3.908104e+01 2.285714e+01
    endloop
  endfacet
  facet normal -2.868491e-02 9.432368e-01 -3.308800e-01
    outer loop
      vertex 1.531304e+01 -3.958842e+01 2.122449e+01
      vertex 1.339891e+01 -3.964663e+01 2.122449e+01
      vertex 1.316421e+01 -3.908104e+01 2.285714e+01
    endloop
  endfacet
  facet normal 3.422973e-02 -9.417943e-01 3.344425e-01
    outer loop
      vertex 1.504482e+01 -3.901837e+01 2.285714e+01
      vertex 1.477659e+01 -3.844835e+01 2.448980e+01
      vertex 1.292951e+01 -3.851548e+01 2.448980e+01
    endloop
  endfacet
  facet normal -3.142810e-02 9.430385e-01 -3.311959e-01
    outer loop
      vertex 1.504482e+01 -3.901837e+01 2.285714e+01
      vertex 1.316421e+01 -3.908104e+01 2.285714e+01
      vertex 1.292951e+01 -3.851548e+01 2.448980e+01
    endloop
  endfacet
  facet normal 3.716565e-02 -9.415473e-01 3.348245e-01
    outer loop
      vertex 1.477659e+01 -3.844835e+01 2.448980e+01
      vertex 1.450836e+01 -3.787834e+01 2.612245e+01
      vertex 1.269482e+01 -3.794993e+01 2.612245e+01
    endloop
  endfacet
  facet normal -3.426722e-02 9.428260e-01 -3.315191e-01
    outer loop
      vertex 1.477659e+01 -3.844835e+01 2.448980e+01
      vertex 1.292951e+01 -3.851548e+01 2.448980e+01
      vertex 1.269482e+01 -3.794993e+01 2.612245e+01
    endloop
  endfacet
  facet normal 4.020723e-02 -9.412830e-01 3.352158e-01
    outer loop
      vertex 1.450836e+01 -3.787834e+01 2.612245e+01
      vertex 1.424013e+01 -3.730837e+01 2.775510e+01
      vertex 1.246012e+01 -3.738440e+01 2.775510e+01
    endloop
  endfacet
  facet normal -3.720713e-02 9.425982e-01 -3.318499e-01
    outer loop
      vertex 1.450836e+01 -3.787834e+01 2.612245e+01
      vertex 1.269482e+01 -3.794993e+01 2.612245e+01
      vertex 1.246012e+01 -3.738440e+01 2.775510e+01
    endloop
  endfacet
  facet normal 4.335993e-02 -9.410002e-01 3.356166e-01
    outer loop
      vertex 1.424013e+01 -3.730837e+01 2.775510e+01
      vertex 1.397191e+01 -3.673843e+01 2.938776e+01
      vertex 1.222542e+01 -3.681890e+01 2.938776e+01
    endloop
  endfacet
  facet normal -4.025297e-02 9.423538e-01 -3.321883e-01
    outer loop
      vertex 1.424013e+01 -3.730837e+01 2.775510e+01
      vertex 1.246012e+01 -3.738440e+01 2.775510e+01
      vertex 1.222542e+01 -3.681890e+01 2.938776e+01
    endloop
  endfacet
  facet normal 4.662955e-02 -9.406974e-01 3.360270e-01
    outer loop
      vertex 1.397191e+01 -3.673843e+01 2.938776e+01
      vertex 1.370368e+01 -3.616852e+01 3.102041e+01
      vertex 1.199072e+01 -3.625343e+01 3.102041e+01
    endloop
  endfacet
  facet normal -4.341021e-02 9.420915e-01 -3.325345e-01
    outer loop
      vertex 1.397191e+01 -3.673843e+01 2.938776e+01
      vertex 1.222542e+01 -3.681890e+01 2.938776e+01
      vertex 1.199072e+01 -3.625343e+01 3.102041e+01
    endloop
  endfacet
  facet normal 5.002229e-02 -9.403729e-01 3.364471e-01
    outer loop
      vertex 1.370368e+01 -3.616852e+01 3.102041e+01
      vertex 1.343545e+01 -3.559866e+01 3.265306e+01
      vertex 1.175602e+01 -3.568800e+01 3.265306e+01
    endloop
  endfacet
  facet normal -4.668470e-02 9.418098e-01 -3.328885e-01
    outer loop
      vertex 1.370368e+01 -3.616852e+01 3.102041e+01
      vertex 1.199072e+01 -3.625343e+01 3.102041e+01
      vertex 1.175602e+01 -3.568800e+01 3.265306e+01
    endloop
  endfacet
  facet normal 5.354473e-02 -9.400249e-01 3.368771e-01
    outer loop
      vertex 1.343545e+01 -3.559866e+01 3.265306e+01
      vertex 1.316722e+01 -3.502884e+01 3.428571e+01
      vertex 1.152132e+01 -3.512260e+01 3.428571e+01
    endloop
  endfacet
  facet normal -5.008263e-02 9.415073e-01 -3.332504e-01
    outer loop
      vertex 1.343545e+01 -3.559866e+01 3.265306e+01
      vertex 1.175602e+01 -3.568800e+01 3.265306e+01
      vertex 1.152132e+01 -3.512260e+01 3.428571e+01
    endloop
  endfacet
  facet normal 5.720390e-02 -9.396515e-01 3.373170e-01
    outer loop
      vertex 1.316722e+01 -3.502884e+01 3.428571e+01
      vertex 1.289900e+01 -3.445908e+01 3.591837e+01
      vertex 1.128662e+01 -3.455724e+01 3.591837e+01
    endloop
  endfacet
  facet normal -5.361064e-02 9.411820e-01 -3.336201e-01
    outer loop
      vertex 1.316722e+01 -3.502884e+01 3.428571e+01
      vertex 1.152132e+01 -3.512260e+01 3.428571e+01
      vertex 1.128662e+01 -3.455724e+01 3.591837e+01
    endloop
  endfacet
  facet normal 6.100729e-02 -9.392506e-01 3.377668e-01
    outer loop
      vertex 1.289900e+01 -3.445908e+01 3.591837e+01
      vertex 1.263077e+01 -3.388938e+01 3.755102e+01
      vertex 1.105192e+01 -3.399193e+01 3.755102e+01
    endloop
  endfacet
  facet normal -5.727577e-02 9.408321e-01 -3.339977e-01
    outer loop
      vertex 1.289900e+01 -3.445908e+01 3.591837e+01
      vertex 1.128662e+01 -3.455724e+01 3.591837e+01
      vertex 1.105192e+01 -3.399193e+01 3.755102e+01
    endloop
  endfacet
  facet normal 6.496289e-02 -9.388198e-01 3.382265e-01
    outer loop
      vertex 1.263077e+01 -3.388938e+01 3.755102e+01
      vertex 1.236254e+01 -3.331975e+01 3.918367e+01
      vertex 1.081722e+01 -3.342668e+01 3.918367e+01
    endloop
  endfacet
  facet normal -6.108555e-02 9.404555e-01 -3.343831e-01
    outer loop
      vertex 1.263077e+01 -3.388938e+01 3.755102e+01
      vertex 1.105192e+01 -3.399193e+01 3.755102e+01
      vertex 1.081722e+01 -3.342668e+01 3.918367e+01
    endloop
  endfacet
  facet normal 6.907920e-02 -9.383566e-01 3.386960e-01
    outer loop
      vertex 1.236254e+01 -3.331975e+01 3.918367e+01
      vertex 1.209431e+01 -3.275020e+01 4.081633e+01
      vertex 1.058252e+01 -3.286149e+01 4.081633e+01
    endloop
  endfacet
  facet normal -6.504800e-02 9.400498e-01 -3.347762e-01
    outer loop
      vertex 1.236254e+01 -3.331975e+01 3.918367e+01
      vertex 1.081722e+01 -3.342668e+01 3.918367e+01
      vertex 1.058252e+01 -3.286149e+01 4.081633e+01
    endloop
  endfacet
  facet normal 7.336531e-02 -9.378581e-01 3.391750e-01
    outer loop
      vertex 1.209431e+01 -3.275020e+01 4.081633e+01
      vertex 1.182609e+01 -3.218073e+01 4.244898e+01
      vertex 1.034783e+01 -3.229637e+01 4.244898e+01
    endloop
  endfacet
  facet normal -6.917167e-02 9.396126e-01 -3.351767e-01
    outer loop
      vertex 1.209431e+01 -3.275020e+01 4.081633e+01
      vertex 1.058252e+01 -3.286149e+01 4.081633e+01
      vertex 1.034783e+01 -3.229637e+01 4.244898e+01
    endloop
  endfacet
  facet normal 7.783090e-02 -9.373213e-01 3.396633e-01
    outer loop
      vertex 1.182609e+01 -3.218073e+01 4.244898e+01
      vertex 1.155786e+01 -3.161137e+01 4.408163e+01
      vertex 1.011313e+01 -3.173133e+01 4.408163e+01
    endloop
  endfacet
  facet normal -7.346568e-02 9.391411e-01 -3.355843e-01
    outer loop
      vertex 1.182609e+01 -3.218073e+01 4.244898e+01
      vertex 1.034783e+01 -3.229637e+01 4.244898e+01
      vertex 1.011313e+01 -3.173133e+01 4.408163e+01
    endloop
  endfacet
  facet normal 8.248627e-02 -9.367427e-01 3.401606e-01
    outer loop
      vertex 1.155786e+01 -3.161137e+01 4.408163e+01
      vertex 1.128963e+01 -3.104212e+01 4.571429e+01
      vertex 9.878427e+00 -3.116639e+01 4.571429e+01
    endloop
  endfacet
  facet normal -7.793975e-02 9.386321e-01 -3.359987e-01
    outer loop
      vertex 1.155786e+01 -3.161137e+01 4.408163e+01
      vertex 1.011313e+01 -3.173133e+01 4.408163e+01
      vertex 9.878427e+00 -3.116639e+01 4.571429e+01
    endloop
  endfacet
  facet normal 8.734242e-02 -9.361185e-01 3.406661e-01
    outer loop
      vertex 1.128963e+01 -3.104212e+01 4.571429e+01
      vertex 1.102140e+01 -3.047300e+01 4.734694e+01
      vertex 9.643728e+00 -3.060154e+01 4.734694e+01
    endloop
  endfacet
  facet normal -8.260424e-02 9.380824e-01 -3.364194e-01
    outer loop
      vertex 1.128963e+01 -3.104212e+01 4.571429e+01
      vertex 9.878427e+00 -3.116639e+01 4.571429e+01
      vertex 9.643728e+00 -3.060154e+01 4.734694e+01
    endloop
  endfacet
  facet normal 9.241103e-02 -9.354448e-01 3.411792e-01
    outer loop
      vertex 1.102140e+01 -3.047300e+01 4.734694e+01
      vertex 1.075318e+01 -2.990403e+01 4.897959e+01
      vertex 9.409029e+00 -3.003682e+01 4.897959e+01
    endloop
  endfacet
  facet normal -8.747021e-02 9.374881e-01 -3.368456e-01
    outer loop
      vertex 1.102140e+01 -3.047300e+01 4.734694e+01
      vertex 9.643728e+00 -3.060154e+01 4.734694e+01
      vertex 9.409029e+00 -3.003682e+01 4.897959e+01
    endloop
  endfacet
  facet normal 9.770451e-02 -9.347169e-01 3.416989e-01
    outer loop
      vertex 1.075318e+01 -2.990403e+01 4.897959e+01
      vertex 1.048495e+01 -2.933523e+01 5.061224e+01
      vertex 9.174330e+00 -2.947223e+01 5.061224e+01
    endloop
  endfacet
  facet normal -9.254938e-02 9.368453e-01 -3.372766e-01
    outer loop
      vertex 1.075318e+01 -2.990403e+01 4.897959e+01
      vertex 9.409029e+00 -3.003682e+01 4.897959e+01
      vertex 9.174330e+00 -2.947223e+01 5.061224e+01
    endloop
  endfacet
  facet normal 1.032361e-01 -9.339299e-01 3.422241e-01
    outer loop
      vertex 1.048495e+01 -2.933523e+01 5.061224e+01
      vertex 1.021672e+01 -2.876662e+01 5.224490e+01
      vertex 8.939631e+00 -2.890779e+01 5.224490e+01
    endloop
  endfacet
  facet normal -9.785425e-02 9.361494e-01 -3.377112e-01
    outer loop
      vertex 1.048495e+01 -2.933523e+01 5.061224e+01
      vertex 9.174330e+00 -2.947223e+01 5.061224e+01
      vertex 8.939631e+00 -2.890779e+01 5.224490e+01
    endloop
  endfacet
  facet normal 1.090196e-01 -9.330782e-01 3.427532e-01
    outer loop
      vertex 1.021672e+01 -2.876662e+01 5.224490e+01
      vertex 9.948494e+00 -2.819823e+01 5.387755e+01
      vertex 8.704932e+00 -2.834352e+01 5.387755e+01
    endloop
  endfacet
  facet normal -1.033981e-01 9.353954e-01 -3.381483e-01
    outer loop
      vertex 1.021672e+01 -2.876662e+01 5.224490e+01
      vertex 8.939631e+00 -2.890779e+01 5.224490e+01
      vertex 8.704932e+00 -2.834352e+01 5.387755e+01
    endloop
  endfacet
  facet normal 1.150700e-01 -9.321560e-01 3.432844e-01
    outer loop
      vertex 9.948494e+00 -2.819823e+01 5.387755e+01
      vertex 9.680266e+00 -2.763008e+01 5.551020e+01
      vertex 8.470233e+00 -2.777945e+01 5.551020e+01
    endloop
  endfacet
  facet normal -1.091949e-01 9.345780e-01 -3.385861e-01
    outer loop
      vertex 9.948494e+00 -2.819823e+01 5.387755e+01
      vertex 8.704932e+00 -2.834352e+01 5.387755e+01
      vertex 8.470233e+00 -2.777945e+01 5.551020e+01
    endloop
  endfacet
  facet normal 1.214026e-01 -9.311565e-01 3.438153e-01
    outer loop
      vertex 9.680266e+00 -2.763008e+01 5.551020e+01
      vertex 9.412039e+00 -2.706222e+01 5.714286e+01
      vertex 8.235534e+00 -2.721561e+01 5.714286e+01
    endloop
  endfacet
  facet normal -1.152595e-01 9.336910e-01 -3.390227e-01
    outer loop
      vertex 9.680266e+00 -2.763008e+01 5.551020e+01
      vertex 8.470233e+00 -2.777945e+01 5.551020e+01
      vertex 8.235534e+00 -2.721561e+01 5.714286e+01
    endloop
  endfacet
  facet normal 1.280337e-01 -9.300726e-01 3.443432e-01
    outer loop
      vertex 9.412039e+00 -2.706222e+01 5.714286e+01
      vertex 9.143811e+00 -2.649468e+01 5.877551e+01
      vertex 8.000835e+00 -2.665203e+01 5.877551e+01
    endloop
  endfacet
  facet normal -1.216075e-01 9.327279e-01 -3.394558e-01
    outer loop
      vertex 9.412039e+00 -2.706222e+01 5.714286e+01
      vertex 8.235534e+00 -2.721561e+01 5.714286e+01
      vertex 8.000835e+00 -2.665203e+01 5.877551e+01
    endloop
  endfacet
  facet normal 1.349802e-01 -9.288965e-01 3.448647e-01
    outer loop
      vertex 9.143811e+00 -2.649468e+01 5.877551e+01
      vertex 8.875584e+00 -2.592752e+01 6.040816e+01
      vertex 7.766136e+00 -2.608873e+01 6.040816e+01
    endloop
  endfacet
  facet normal -1.282552e-01 9.316816e-01 -3.398824e-01
    outer loop
      vertex 9.143811e+00 -2.649468e+01 5.877551e+01
      vertex 8.000835e+00 -2.665203e+01 5.877551e+01
      vertex 7.766136e+00 -2.608873e+01 6.040816e+01
    endloop
  endfacet
  facet normal 1.422596e-01 -9.276195e-01 3.453755e-01
    outer loop
      vertex 8.875584e+00 -2.592752e+01 6.040816e+01
      vertex 8.607356e+00 -2.536078e+01 6.204082e+01
      vertex 7.531437e+00 -2.552578e+01 6.204082e+01
    endloop
  endfacet
  facet normal -1.352196e-01 9.305440e-01 -3.402991e-01
    outer loop
      vertex 8.875584e+00 -2.592752e+01 6.040816e+01
      vertex 7.766136e+00 -2.608873e+01 6.040816e+01
      vertex 7.531437e+00 -2.552578e+01 6.204082e+01
    endloop
  endfacet
  facet normal 1.498898e-01 -9.262325e-01 3.458706e-01
    outer loop
      vertex 8.607356e+00 -2.536078e+01 6.204082e+01
      vertex 8.339129e+00 -2.479452e+01 6.367347e+01
      vertex 7.296738e+00 -2.496321e+01 6.367347e+01
    endloop
  endfacet
  facet normal -1.425184e-01 9.293066e-01 -3.407017e-01
    outer loop
      vertex 8.607356e+00 -2.536078e+01 6.204082e+01
      vertex 7.531437e+00 -2.552578e+01 6.204082e+01
      vertex 7.296738e+00 -2.496321e+01 6.367347e+01
    endloop
  endfacet
  facet normal 1.578885e-01 -9.247254e-01 3.463439e-01
    outer loop
      vertex 8.339129e+00 -2.479452e+01 6.367347e+01
      vertex 8.070901e+00 -2.422883e+01 6.530612e+01
      vertex 7.062039e+00 -2.440109e+01 6.530612e+01
    endloop
  endfacet
  facet normal -1.501693e-01 9.279601e-01 -3.410853e-01
    outer loop
      vertex 8.339129e+00 -2.479452e+01 6.367347e+01
      vertex 7.296738e+00 -2.496321e+01 6.367347e+01
      vertex 7.062039e+00 -2.440109e+01 6.530612e+01
    endloop
  endfacet
  facet normal 1.662737e-01 -9.230878e-01 3.467880e-01
    outer loop
      vertex 8.070901e+00 -2.422883e+01 6.530612e+01
      vertex 7.802674e+00 -2.366379e+01 6.693878e+01
      vertex 6.827340e+00 -2.383947e+01 6.693878e+01
    endloop
  endfacet
  facet normal -1.581906e-01 9.264945e-01 -3.414437e-01
    outer loop
      vertex 8.070901e+00 -2.422883e+01 6.530612e+01
      vertex 7.062039e+00 -2.440109e+01 6.530612e+01
      vertex 6.827340e+00 -2.383947e+01 6.693878e+01
    endloop
  endfacet
  facet normal 1.750621e-01 -9.213086e-01 3.471941e-01
    outer loop
      vertex 7.802674e+00 -2.366379e+01 6.693878e+01
      vertex 7.534446e+00 -2.309949e+01 6.857143e+01
      vertex 6.592641e+00 -2.327845e+01 6.857143e+01
    endloop
  endfacet
  facet normal -1.665999e-01 9.248989e-01 -3.417698e-01
    outer loop
      vertex 7.802674e+00 -2.366379e+01 6.693878e+01
      vertex 6.827340e+00 -2.383947e+01 6.693878e+01
      vertex 6.592641e+00 -2.327845e+01 6.857143e+01
    endloop
  endfacet
  facet normal 1.842693e-01 -9.193762e-01 3.475517e-01
    outer loop
      vertex 7.534446e+00 -2.309949e+01 6.857143e+01
      vertex 7.266219e+00 -2.253606e+01 7.020408e+01
      vertex 6.357942e+00 -2.271810e+01 7.020408e+01
    endloop
  endfacet
  facet normal -1.754143e-01 9.231620e-01 -3.420551e-01
    outer loop
      vertex 7.534446e+00 -2.309949e+01 6.857143e+01
      vertex 6.592641e+00 -2.327845e+01 6.857143e+01
      vertex 6.357942e+00 -2.271810e+01 7.020408e+01
    endloop
  endfacet
  facet normal 1.939082e-01 -9.172793e-01 3.478481e-01
    outer loop
      vertex 7.266219e+00 -2.253606e+01 7.020408e+01
      vertex 6.997992e+00 -2.197363e+01 7.183673e+01
      vertex 6.123243e+00 -2.215855e+01 7.183673e+01
    endloop
  endfacet
  facet normal -1.846493e-01 9.212723e-01 -3.422895e-01
    outer loop
      vertex 7.266219e+00 -2.253606e+01 7.020408e+01
      vertex 6.357942e+00 -2.271810e+01 7.020408e+01
      vertex 6.123243e+00 -2.215855e+01 7.183673e+01
    endloop
  endfacet
  facet normal 2.039881e-01 -9.150067e-01 3.480683e-01
    outer loop
      vertex 6.997992e+00 -2.197363e+01 7.183673e+01
      vertex 6.729764e+00 -2.141237e+01 7.346939e+01
      vertex 5.888544e+00 -2.159991e+01 7.346939e+01
    endloop
  endfacet
  facet normal -1.943180e-01 9.192176e-01 -3.424609e-01
    outer loop
      vertex 6.997992e+00 -2.197363e+01 7.183673e+01
      vertex 6.123243e+00 -2.215855e+01 7.183673e+01
      vertex 5.888544e+00 -2.159991e+01 7.346939e+01
    endloop
  endfacet
  facet normal 2.145128e-01 -9.125485e-01 3.481945e-01
    outer loop
      vertex 6.729764e+00 -2.141237e+01 7.346939e+01
      vertex 6.461537e+00 -2.085246e+01 7.510204e+01
      vertex 5.653845e+00 -2.104233e+01 7.510204e+01
    endloop
  endfacet
  facet normal -2.044295e-01 9.169865e-01 -3.425555e-01
    outer loop
      vertex 6.729764e+00 -2.141237e+01 7.346939e+01
      vertex 5.888544e+00 -2.159991e+01 7.346939e+01
      vertex 5.653845e+00 -2.104233e+01 7.510204e+01
    endloop
  endfacet
  facet normal 2.254780e-01 -9.098969e-01 3.482058e-01
    outer loop
      vertex 6.461537e+00 -2.085246e+01 7.510204e+01
      vertex 6.193309e+00 -2.029413e+01 7.673469e+01
      vertex 5.419146e+00 -2.048598e+01 7.673469e+01
    endloop
  endfacet
  facet normal -2.149876e-01 9.145683e-01 -3.425567e-01
    outer loop
      vertex 6.461537e+00 -2.085246e+01 7.510204e+01
      vertex 5.653845e+00 -2.104233e+01 7.510204e+01
      vertex 5.419146e+00 -2.048598e+01 7.673469e+01
    endloop
  endfacet
  facet normal 2.368686e-01 -9.070475e-01 3.480778e-01
    outer loop
      vertex 6.193309e+00 -2.029413e+01 7.673469e+01
      vertex 5.925082e+00 -1.973765e+01 7.836735e+01
      vertex 5.184446e+00 -1.993106e+01 7.836735e+01
    endloop
  endfacet
  facet normal -2.259879e-01 9.119543e-01 -3.424455e-01
    outer loop
      vertex 6.193309e+00 -2.029413e+01 7.673469e+01
      vertex 5.419146e+00 -2.048598e+01 7.673469e+01
      vertex 5.184446e+00 -1.993106e+01 7.836735e+01
    endloop
  endfacet
  facet normal 2.486540e-01 -9.040016e-01 3.477820e-01
    outer loop
      vertex 5.925082e+00 -1.973765e+01 7.836735e+01
      vertex 5.656854e+00 -1.918333e+01 8.000000e+01
      vertex 4.949747e+00 -1.937782e+01 8.000000e+01
    endloop
  endfacet
  facet normal -2.374147e-01 9.091388e-01 -3.422000e-01
    outer loop
      vertex 5.925082e+00 -1.973765e+01 7.836735e+01
      vertex 5.184446e+00 -1.993106e+01 7.836735e+01
      vertex 4.949747e+00 -1.937782e+01 8.000000e+01
    endloop
  endfacet
  facet normal 1.584701e-03 -9.448221e-01 3.275801e-01
    outer loop
      vertex 1.645000e+01 -4.700000e+01 0.000000e+00
      vertex 1.621530e+01 -4.643434e+01 1.632653e+00
      vertex 1.389883e+01 -4.643822e+01 1.632653e+00
    endloop
  endfacet
  facet normal 0.000000e+00 9.455877e-01 -3.253673e-01
    outer loop
      vertex 1.645000e+01 -4.700000e+01 0.000000e+00
      vertex 1.410000e+01 -4.700000e+01 0.000000e+00
      vertex 1.389883e+01 -4.643822e+01 1.632653e+00
    endloop
  endfacet
  facet normal 3.215638e-03 -9.447459e-01 3.277879e-01
    outer loop
      vertex 1.621530e+01 -4.643434e+01 1.632653e+00
      vertex 1.598060e+01 -4.586867e+01 3.265306e+00
      vertex 1.369766e+01 -4.587644e+01 3.265306e+00
    endloop
  endfacet
  facet normal -1.585883e-03 9.455264e-01 -3.255414e-01
    outer loop
      vertex 1.621530e+01 -4.643434e+01 1.632653e+00
      vertex 1.389883e+01 -4.643822e+01 1.632653e+00
      vertex 1.369766e+01 -4.587644e+01 3.265306e+00
    endloop
  endfacet
  facet normal 4.894793e-03 -9.446649e-01 3.280005e-01
    outer loop
      vertex 1.598060e+01 -4.586867e+01 3.265306e+00
      vertex 1.574590e+01 -4.530301e+01 4.897959e+00
      vertex 1.349649e+01 -4.531466e+01 4.897959e+00
    endloop
  endfacet
  facet normal -3.218072e-03 9.454610e-01 -3.257195e-01
    outer loop
      vertex 1.598060e+01 -4.586867e+01 3.265306e+00
      vertex 1.369766e+01 -4.587644e+01 3.265306e+00
      vertex 1.349649e+01 -4.531466e+01 4.897959e+00
    endloop
  endfacet
  facet normal 6.624261e-03 -9.445787e-01 3.282183e-01
    outer loop
      vertex 1.574590e+01 -4.530301e+01 4.897959e+00
      vertex 1.551120e+01 -4.473735e+01 6.530612e+00
      vertex 1.329532e+01 -4.475289e+01 6.530612e+00
    endloop
  endfacet
  facet normal -4.898556e-03 9.453910e-01 -3.259017e-01
    outer loop
      vertex 1.574590e+01 -4.530301e+01 4.897959e+00
      vertex 1.349649e+01 -4.531466e+01 4.897959e+00
      vertex 1.329532e+01 -4.475289e+01 6.530612e+00
    endloop
  endfacet
  facet normal 8.406254e-03 -9.444870e-01 3.284412e-01
    outer loop
      vertex 1.551120e+01 -4.473735e+01 6.530612e+00
      vertex 1.527650e+01 -4.417169e+01 8.163265e+00
      vertex 1.309415e+01 -4.419111e+01 8.163265e+00
    endloop
  endfacet
  facet normal -6.629433e-03 9.453161e-01 -3.260881e-01
    outer loop
      vertex 1.551120e+01 -4.473735e+01 6.530612e+00
      vertex 1.329532e+01 -4.475289e+01 6.530612e+00
      vertex 1.309415e+01 -4.419111e+01 8.163265e+00
    endloop
  endfacet
  facet normal 1.024311e-02 -9.443895e-01 3.286695e-01
    outer loop
      vertex 1.527650e+01 -4.417169e+01 8.163265e+00
      vertex 1.504181e+01 -4.360603e+01 9.795918e+00
      vertex 1.289298e+01 -4.362934e+01 9.795918e+00
    endloop
  endfacet
  facet normal -8.412921e-03 9.452361e-01 -3.262788e-01
    outer loop
      vertex 1.527650e+01 -4.417169e+01 8.163265e+00
      vertex 1.309415e+01 -4.419111e+01 8.163265e+00
      vertex 1.289298e+01 -4.362934e+01 9.795918e+00
    endloop
  endfacet
  facet normal 1.213730e-02 -9.442856e-01 3.289033e-01
    outer loop
      vertex 1.504181e+01 -4.360603e+01 9.795918e+00
      vertex 1.480711e+01 -4.304038e+01 1.142857e+01
      vertex 1.269181e+01 -4.306757e+01 1.142857e+01
    endloop
  endfacet
  facet normal -1.025136e-02 9.451506e-01 -3.264740e-01
    outer loop
      vertex 1.504181e+01 -4.360603e+01 9.795918e+00
      vertex 1.289298e+01 -4.362934e+01 9.795918e+00
      vertex 1.269181e+01 -4.306757e+01 1.142857e+01
    endloop
  endfacet
  facet normal 1.409144e-02 -9.441750e-01 3.291429e-01
    outer loop
      vertex 1.480711e+01 -4.304038e+01 1.142857e+01
      vertex 1.457241e+01 -4.247473e+01 1.306122e+01
      vertex 1.249064e+01 -4.250580e+01 1.306122e+01
    endloop
  endfacet
  facet normal -1.214724e-02 9.450591e-01 -3.266738e-01
    outer loop
      vertex 1.480711e+01 -4.304038e+01 1.142857e+01
      vertex 1.269181e+01 -4.306757e+01 1.142857e+01
      vertex 1.249064e+01 -4.250580e+01 1.306122e+01
    endloop
  endfacet
  facet normal 1.610830e-02 -9.440572e-01 3.293882e-01
    outer loop
      vertex 1.457241e+01 -4.247473e+01 1.306122e+01
      vertex 1.433771e+01 -4.190909e+01 1.469388e+01
      vertex 1.228946e+01 -4.194404e+01 1.469388e+01
    endloop
  endfacet
  facet normal -1.410317e-02 9.449612e-01 -3.268783e-01
    outer loop
      vertex 1.457241e+01 -4.247473e+01 1.306122e+01
      vertex 1.249064e+01 -4.250580e+01 1.306122e+01
      vertex 1.228946e+01 -4.194404e+01 1.469388e+01
    endloop
  endfacet
  facet normal 1.819082e-02 -9.439316e-01 3.296396e-01
    outer loop
      vertex 1.433771e+01 -4.190909e+01 1.469388e+01
      vertex 1.410301e+01 -4.134346e+01 1.632653e+01
      vertex 1.208829e+01 -4.138229e+01 1.632653e+01
    endloop
  endfacet
  facet normal -1.612194e-02 9.448565e-01 -3.270876e-01
    outer loop
      vertex 1.433771e+01 -4.190909e+01 1.469388e+01
      vertex 1.228946e+01 -4.194404e+01 1.469388e+01
      vertex 1.208829e+01 -4.138229e+01 1.632653e+01
    endloop
  endfacet
  facet normal 2.034211e-02 -9.437977e-01 3.298971e-01
    outer loop
      vertex 1.410301e+01 -4.134346e+01 1.632653e+01
      vertex 1.386831e+01 -4.077784e+01 1.795918e+01
      vertex 1.188712e+01 -4.082054e+01 1.795918e+01
    endloop
  endfacet
  facet normal -1.820649e-02 9.447444e-01 -3.273018e-01
    outer loop
      vertex 1.410301e+01 -4.134346e+01 1.632653e+01
      vertex 1.208829e+01 -4.138229e+01 1.632653e+01
      vertex 1.188712e+01 -4.082054e+01 1.795918e+01
    endloop
  endfacet
  facet normal 2.256547e-02 -9.436549e-01 3.301610e-01
    outer loop
      vertex 1.386831e+01 -4.077784e+01 1.795918e+01
      vertex 1.363361e+01 -4.021223e+01 1.959184e+01
      vertex 1.168595e+01 -4.025880e+01 1.959184e+01
    endloop
  endfacet
  facet normal -2.035993e-02 9.446245e-01 -3.275211e-01
    outer loop
      vertex 1.386831e+01 -4.077784e+01 1.795918e+01
      vertex 1.188712e+01 -4.082054e+01 1.795918e+01
      vertex 1.168595e+01 -4.025880e+01 1.959184e+01
    endloop
  endfacet
  facet normal 2.486440e-02 -9.435025e-01 3.304313e-01
    outer loop
      vertex 1.363361e+01 -4.021223e+01 1.959184e+01
      vertex 1.339891e+01 -3.964663e+01 2.122449e+01
      vertex 1.148478e+01 -3.969707e+01 2.122449e+01
    endloop
  endfacet
  facet normal -2.258558e-02 9.444960e-01 -3.277456e-01
    outer loop
      vertex 1.363361e+01 -4.021223e+01 1.959184e+01
      vertex 1.168595e+01 -4.025880e+01 1.959184e+01
      vertex 1.148478e+01 -3.969707e+01 2.122449e+01
    endloop
  endfacet
  facet normal 2.724262e-02 -9.433397e-01 3.307083e-01
    outer loop
      vertex 1.339891e+01 -3.964663e+01 2.122449e+01
      vertex 1.316421e+01 -3.908104e+01 2.285714e+01
      vertex 1.128361e+01 -3.913535e+01 2.285714e+01
    endloop
  endfacet
  facet normal -2.488696e-02 9.443584e-01 -3.279753e-01
    outer loop
      vertex 1.339891e+01 -3.964663e+01 2.122449e+01
      vertex 1.148478e+01 -3.969707e+01 2.122449e+01
      vertex 1.128361e+01 -3.913535e+01 2.285714e+01
    endloop
  endfacet
  facet normal 2.970408e-02 -9.431659e-01 3.309922e-01
    outer loop
      vertex 1.316421e+01 -3.908104e+01 2.285714e+01
      vertex 1.292951e+01 -3.851548e+01 2.448980e+01
      vertex 1.108244e+01 -3.857365e+01 2.448980e+01
    endloop
  endfacet
  facet normal -2.726778e-02 9.442110e-01 -3.282105e-01
    outer loop
      vertex 1.316421e+01 -3.908104e+01 2.285714e+01
      vertex 1.128361e+01 -3.913535e+01 2.285714e+01
      vertex 1.108244e+01 -3.857365e+01 2.448980e+01
    endloop
  endfacet
  facet normal 3.225299e-02 -9.429800e-01 3.312829e-01
    outer loop
      vertex 1.292951e+01 -3.851548e+01 2.448980e+01
      vertex 1.269482e+01 -3.794993e+01 2.612245e+01
      vertex 1.088127e+01 -3.801196e+01 2.612245e+01
    endloop
  endfacet
  facet normal -2.973202e-02 9.440529e-01 -3.284511e-01
    outer loop
      vertex 1.292951e+01 -3.851548e+01 2.448980e+01
      vertex 1.108244e+01 -3.857365e+01 2.448980e+01
      vertex 1.088127e+01 -3.801196e+01 2.612245e+01
    endloop
  endfacet
  facet normal 3.489381e-02 -9.427813e-01 3.315808e-01
    outer loop
      vertex 1.269482e+01 -3.794993e+01 2.612245e+01
      vertex 1.246012e+01 -3.738440e+01 2.775510e+01
      vertex 1.068010e+01 -3.745029e+01 2.775510e+01
    endloop
  endfacet
  facet normal -3.228389e-02 9.438834e-01 -3.286974e-01
    outer loop
      vertex 1.269482e+01 -3.794993e+01 2.612245e+01
      vertex 1.088127e+01 -3.801196e+01 2.612245e+01
      vertex 1.068010e+01 -3.745029e+01 2.775510e+01
    endloop
  endfacet
  facet normal 3.763130e-02 -9.425686e-01 3.318859e-01
    outer loop
      vertex 1.246012e+01 -3.738440e+01 2.775510e+01
      vertex 1.222542e+01 -3.681890e+01 2.938776e+01
      vertex 1.047893e+01 -3.688863e+01 2.938776e+01
    endloop
  endfacet
  facet normal -3.492787e-02 9.437014e-01 -3.289493e-01
    outer loop
      vertex 1.246012e+01 -3.738440e+01 2.775510e+01
      vertex 1.068010e+01 -3.745029e+01 2.775510e+01
      vertex 1.047893e+01 -3.688863e+01 2.938776e+01
    endloop
  endfacet
  facet normal 4.047051e-02 -9.423409e-01 3.321983e-01
    outer loop
      vertex 1.222542e+01 -3.681890e+01 2.938776e+01
      vertex 1.199072e+01 -3.625343e+01 3.102041e+01
      vertex 1.027776e+01 -3.632700e+01 3.102041e+01
    endloop
  endfacet
  facet normal -3.766873e-02 9.435061e-01 -3.292070e-01
    outer loop
      vertex 1.222542e+01 -3.681890e+01 2.938776e+01
      vertex 1.047893e+01 -3.688863e+01 2.938776e+01
      vertex 1.027776e+01 -3.632700e+01 3.102041e+01
    endloop
  endfacet
  facet normal 4.341685e-02 -9.420969e-01 3.325182e-01
    outer loop
      vertex 1.199072e+01 -3.625343e+01 3.102041e+01
      vertex 1.175602e+01 -3.568800e+01 3.265306e+01
      vertex 1.007659e+01 -3.576539e+01 3.265306e+01
    endloop
  endfacet
  facet normal -4.051154e-02 9.432963e-01 -3.294705e-01
    outer loop
      vertex 1.199072e+01 -3.625343e+01 3.102041e+01
      vertex 1.027776e+01 -3.632700e+01 3.102041e+01
      vertex 1.007659e+01 -3.576539e+01 3.265306e+01
    endloop
  endfacet
  facet normal 4.647605e-02 -9.418354e-01 3.328455e-01
    outer loop
      vertex 1.175602e+01 -3.568800e+01 3.265306e+01
      vertex 1.152132e+01 -3.512260e+01 3.428571e+01
      vertex 9.875417e+00 -3.520382e+01 3.428571e+01
    endloop
  endfacet
  facet normal -4.346173e-02 9.430709e-01 -3.297398e-01
    outer loop
      vertex 1.175602e+01 -3.568800e+01 3.265306e+01
      vertex 1.007659e+01 -3.576539e+01 3.265306e+01
      vertex 9.875417e+00 -3.520382e+01 3.428571e+01
    endloop
  endfacet
  facet normal 4.965423e-02 -9.415547e-01 3.331804e-01
    outer loop
      vertex 1.152132e+01 -3.512260e+01 3.428571e+01
      vertex 1.128662e+01 -3.455724e+01 3.591837e+01
      vertex 9.674247e+00 -3.464227e+01 3.591837e+01
    endloop
  endfacet
  facet normal -4.652505e-02 9.428285e-01 -3.300150e-01
    outer loop
      vertex 1.152132e+01 -3.512260e+01 3.428571e+01
      vertex 9.875417e+00 -3.520382e+01 3.428571e+01
      vertex 9.674247e+00 -3.464227e+01 3.591837e+01
    endloop
  endfacet
  facet normal 5.295793e-02 -9.412534e-01 3.335229e-01
    outer loop
      vertex 1.128662e+01 -3.455724e+01 3.591837e+01
      vertex 1.105192e+01 -3.399193e+01 3.755102e+01
      vertex 9.473076e+00 -3.408076e+01 3.755102e+01
    endloop
  endfacet
  facet normal -4.970765e-02 9.425676e-01 -3.302960e-01
    outer loop
      vertex 1.128662e+01 -3.455724e+01 3.591837e+01
      vertex 9.674247e+00 -3.464227e+01 3.591837e+01
      vertex 9.473076e+00 -3.408076e+01 3.755102e+01
    endloop
  endfacet
  facet normal 5.639410e-02 -9.409297e-01 3.338729e-01
    outer loop
      vertex 1.105192e+01 -3.399193e+01 3.755102e+01
      vertex 1.081722e+01 -3.342668e+01 3.918367e+01
      vertex 9.271906e+00 -3.351930e+01 3.918367e+01
    endloop
  endfacet
  facet normal -5.301607e-02 9.422867e-01 -3.305828e-01
    outer loop
      vertex 1.105192e+01 -3.399193e+01 3.755102e+01
      vertex 9.473076e+00 -3.408076e+01 3.755102e+01
      vertex 9.271906e+00 -3.351930e+01 3.918367e+01
    endloop
  endfacet
  facet normal 5.997017e-02 -9.405816e-01 3.342303e-01
    outer loop
      vertex 1.081722e+01 -3.342668e+01 3.918367e+01
      vertex 1.058252e+01 -3.286149e+01 4.081633e+01
      vertex 9.070735e+00 -3.295788e+01 4.081633e+01
    endloop
  endfacet
  facet normal -5.645731e-02 9.419842e-01 -3.308752e-01
    outer loop
      vertex 1.081722e+01 -3.342668e+01 3.918367e+01
      vertex 9.271906e+00 -3.351930e+01 3.918367e+01
      vertex 9.070735e+00 -3.295788e+01 4.081633e+01
    endloop
  endfacet
  facet normal 6.369403e-02 -9.402070e-01 3.345950e-01
    outer loop
      vertex 1.058252e+01 -3.286149e+01 4.081633e+01
      vertex 1.034783e+01 -3.229637e+01 4.244898e+01
      vertex 8.869564e+00 -3.239651e+01 4.244898e+01
    endloop
  endfacet
  facet normal -6.003879e-02 9.416579e-01 -3.311732e-01
    outer loop
      vertex 1.058252e+01 -3.286149e+01 4.081633e+01
      vertex 9.070735e+00 -3.295788e+01 4.081633e+01
      vertex 8.869564e+00 -3.239651e+01 4.244898e+01
    endloop
  endfacet
  facet normal 6.757414e-02 -9.398037e-01 3.349667e-01
    outer loop
      vertex 1.034783e+01 -3.229637e+01 4.244898e+01
      vertex 1.011313e+01 -3.173133e+01 4.408163e+01
      vertex 8.668394e+00 -3.183521e+01 4.408163e+01
    endloop
  endfacet
  facet normal -6.376848e-02 9.413060e-01 -3.314764e-01
    outer loop
      vertex 1.034783e+01 -3.229637e+01 4.244898e+01
      vertex 8.869564e+00 -3.239651e+01 4.244898e+01
      vertex 8.668394e+00 -3.183521e+01 4.408163e+01
    endloop
  endfacet
  facet normal 7.161946e-02 -9.393691e-01 3.353452e-01
    outer loop
      vertex 1.011313e+01 -3.173133e+01 4.408163e+01
      vertex 9.878427e+00 -3.116639e+01 4.571429e+01
      vertex 8.467223e+00 -3.127398e+01 4.571429e+01
    endloop
  endfacet
  facet normal -6.765484e-02 9.409261e-01 -3.317845e-01
    outer loop
      vertex 1.011313e+01 -3.173133e+01 4.408163e+01
      vertex 8.668394e+00 -3.183521e+01 4.408163e+01
      vertex 8.467223e+00 -3.127398e+01 4.571429e+01
    endloop
  endfacet
  facet normal 7.583959e-02 -9.389003e-01 3.357299e-01
    outer loop
      vertex 9.878427e+00 -3.116639e+01 4.571429e+01
      vertex 9.643728e+00 -3.060154e+01 4.734694e+01
      vertex 8.266053e+00 -3.071282e+01 4.734694e+01
    endloop
  endfacet
  facet normal -7.170687e-02 9.405156e-01 -3.320973e-01
    outer loop
      vertex 9.878427e+00 -3.116639e+01 4.571429e+01
      vertex 8.467223e+00 -3.127398e+01 4.571429e+01
      vertex 8.266053e+00 -3.071282e+01 4.734694e+01
    endloop
  endfacet
  facet normal 8.024468e-02 -9.383943e-01 3.361204e-01
    outer loop
      vertex 9.643728e+00 -3.060154e+01 4.734694e+01
      vertex 9.409029e+00 -3.003682e+01 4.897959e+01
      vertex 8.064882e+00 -3.015176e+01 4.897959e+01
    endloop
  endfacet
  facet normal -7.593421e-02 9.400717e-01 -3.324141e-01
    outer loop
      vertex 9.643728e+00 -3.060154e+01 4.734694e+01
      vertex 8.266053e+00 -3.071282e+01 4.734694e+01
      vertex 8.064882e+00 -3.015176e+01 4.897959e+01
    endloop
  endfacet
  facet normal 8.484558e-02 -9.378477e-01 3.365158e-01
    outer loop
      vertex 9.409029e+00 -3.003682e+01 4.897959e+01
      vertex 9.174330e+00 -2.947223e+01 5.061224e+01
      vertex 7.863711e+00 -2.959080e+01 5.061224e+01
    endloop
  endfacet
  facet normal -8.034706e-02 9.395915e-01 -3.327343e-01
    outer loop
      vertex 9.409029e+00 -3.003682e+01 4.897959e+01
      vertex 8.064882e+00 -3.015176e+01 4.897959e+01
      vertex 7.863711e+00 -2.959080e+01 5.061224e+01
    endloop
  endfacet
  facet normal 8.965375e-02 -9.372568e-01 3.369153e-01
    outer loop
      vertex 9.174330e+00 -2.947223e+01 5.061224e+01
      vertex 8.939631e+00 -2.890779e+01 5.224490e+01
      vertex 7.662541e+00 -2.902995e+01 5.224490e+01
    endloop
  endfacet
  facet normal -8.495630e-02 9.390715e-01 -3.330571e-01
    outer loop
      vertex 9.174330e+00 -2.947223e+01 5.061224e+01
      vertex 7.863711e+00 -2.959080e+01 5.061224e+01
      vertex 7.662541e+00 -2.902995e+01 5.224490e+01
    endloop
  endfacet
  facet normal 9.468135e-02 -9.366175e-01 3.373176e-01
    outer loop
      vertex 8.939631e+00 -2.890779e+01 5.224490e+01
      vertex 8.704932e+00 -2.834352e+01 5.387755e+01
      vertex 7.461370e+00 -2.846923e+01 5.387755e+01
    endloop
  endfacet
  facet normal -8.977344e-02 9.385081e-01 -3.333816e-01
    outer loop
      vertex 8.939631e+00 -2.890779e+01 5.224490e+01
      vertex 7.662541e+00 -2.902995e+01 5.224490e+01
      vertex 7.461370e+00 -2.846923e+01 5.387755e+01
    endloop
  endfacet
  facet normal 9.994121e-02 -9.359252e-01 3.377213e-01
    outer loop
      vertex 8.704932e+00 -2.834352e+01 5.387755e+01
      vertex 8.470233e+00 -2.777945e+01 5.551020e+01
      vertex 7.260200e+00 -2.790867e+01 5.551020e+01
    endloop
  endfacet
  facet normal -9.481070e-02 9.378971e-01 -3.337065e-01
    outer loop
      vertex 8.704932e+00 -2.834352e+01 5.387755e+01
      vertex 7.461370e+00 -2.846923e+01 5.387755e+01
      vertex 7.260200e+00 -2.790867e+01 5.551020e+01
    endloop
  endfacet
  facet normal 1.054468e-01 -9.351752e-01 3.381247e-01
    outer loop
      vertex 8.470233e+00 -2.777945e+01 5.551020e+01
      vertex 8.235534e+00 -2.721561e+01 5.714286e+01
      vertex 7.059029e+00 -2.734827e+01 5.714286e+01
    endloop
  endfacet
  facet normal -1.000810e-01 9.372340e-01 -3.340304e-01
    outer loop
      vertex 8.470233e+00 -2.777945e+01 5.551020e+01
      vertex 7.260200e+00 -2.790867e+01 5.551020e+01
      vertex 7.059029e+00 -2.734827e+01 5.714286e+01
    endloop
  endfacet
  facet normal 1.112123e-01 -9.343620e-01 3.385255e-01
    outer loop
      vertex 8.235534e+00 -2.721561e+01 5.714286e+01
      vertex 8.000835e+00 -2.665203e+01 5.877551e+01
      vertex 6.857858e+00 -2.678807e+01 5.877551e+01
    endloop
  endfacet
  facet normal -1.055978e-01 9.365139e-01 -3.343513e-01
    outer loop
      vertex 8.235534e+00 -2.721561e+01 5.714286e+01
      vertex 7.059029e+00 -2.734827e+01 5.714286e+01
      vertex 6.857858e+00 -2.678807e+01 5.877551e+01
    endloop
  endfacet
  facet normal 1.172523e-01 -9.334797e-01 3.389211e-01
    outer loop
      vertex 8.000835e+00 -2.665203e+01 5.877551e+01
      vertex 7.766136e+00 -2.608873e+01 6.040816e+01
      vertex 6.656688e+00 -2.622809e+01 6.040816e+01
    endloop
  endfacet
  facet normal -1.113753e-01 9.357315e-01 -3.346673e-01
    outer loop
      vertex 8.000835e+00 -2.665203e+01 5.877551e+01
      vertex 6.857858e+00 -2.678807e+01 5.877551e+01
      vertex 6.656688e+00 -2.622809e+01 6.040816e+01
    endloop
  endfacet
  facet normal 1.235821e-01 -9.325221e-01 3.393082e-01
    outer loop
      vertex 7.766136e+00 -2.608873e+01 6.040816e+01
      vertex 7.531437e+00 -2.552578e+01 6.204082e+01
      vertex 6.455517e+00 -2.566836e+01 6.204082e+01
    endloop
  endfacet
  facet normal -1.174283e-01 9.348807e-01 -3.349756e-01
    outer loop
      vertex 7.766136e+00 -2.608873e+01 6.040816e+01
      vertex 6.656688e+00 -2.622809e+01 6.040816e+01
      vertex 6.455517e+00 -2.566836e+01 6.204082e+01
    endloop
  endfacet
  facet normal 1.302170e-01 -9.314821e-01 3.396830e-01
    outer loop
      vertex 7.531437e+00 -2.552578e+01 6.204082e+01
      vertex 7.296738e+00 -2.496321e+01 6.367347e+01
      vertex 6.254347e+00 -2.510893e+01 6.367347e+01
    endloop
  endfacet
  facet normal -1.237720e-01 9.339553e-01 -3.352731e-01
    outer loop
      vertex 7.531437e+00 -2.552578e+01 6.204082e+01
      vertex 6.455517e+00 -2.566836e+01 6.204082e+01
      vertex 6.254347e+00 -2.510893e+01 6.367347e+01
    endloop
  endfacet
  facet normal 1.371726e-01 -9.303526e-01 3.400407e-01
    outer loop
      vertex 7.296738e+00 -2.496321e+01 6.367347e+01
      vertex 7.062039e+00 -2.440109e+01 6.530612e+01
      vertex 6.053176e+00 -2.454983e+01 6.530612e+01
    endloop
  endfacet
  facet normal -1.304219e-01 9.329482e-01 -3.355560e-01
    outer loop
      vertex 7.296738e+00 -2.496321e+01 6.367347e+01
      vertex 6.254347e+00 -2.510893e+01 6.367347e+01
      vertex 6.053176e+00 -2.454983e+01 6.530612e+01
    endloop
  endfacet
  facet normal 1.444642e-01 -9.291257e-01 3.403756e-01
    outer loop
      vertex 7.062039e+00 -2.440109e+01 6.530612e+01
      vertex 6.827340e+00 -2.383947e+01 6.693878e+01
      vertex 5.852005e+00 -2.399112e+01 6.693878e+01
    endloop
  endfacet
  facet normal -1.373937e-01 9.318519e-01 -3.358198e-01
    outer loop
      vertex 7.062039e+00 -2.440109e+01 6.530612e+01
      vertex 6.053176e+00 -2.454983e+01 6.530612e+01
      vertex 5.852005e+00 -2.399112e+01 6.693878e+01
    endloop
  endfacet
  facet normal 1.521063e-01 -9.277932e-01 3.406809e-01
    outer loop
      vertex 6.827340e+00 -2.383947e+01 6.693878e+01
      vertex 6.592641e+00 -2.327845e+01 6.857143e+01
      vertex 5.650835e+00 -2.343285e+01 6.857143e+01
    endloop
  endfacet
  facet normal -1.447025e-01 9.306586e-01 -3.360592e-01
    outer loop
      vertex 6.827340e+00 -2.383947e+01 6.693878e+01
      vertex 5.852005e+00 -2.399112e+01 6.693878e+01
      vertex 5.650835e+00 -2.343285e+01 6.857143e+01
    endloop
  endfacet
  facet normal 1.601123e-01 -9.263467e-01 3.409484e-01
    outer loop
      vertex 6.592641e+00 -2.327845e+01 6.857143e+01
      vertex 6.357942e+00 -2.271810e+01 7.020408e+01
      vertex 5.449664e+00 -2.287509e+01 7.020408e+01
    endloop
  endfacet
  facet normal -1.523632e-01 9.293597e-01 -3.362678e-01
    outer loop
      vertex 6.592641e+00 -2.327845e+01 6.857143e+01
      vertex 5.650835e+00 -2.343285e+01 6.857143e+01
      vertex 5.449664e+00 -2.287509e+01 7.020408e+01
    endloop
  endfacet
  facet normal 1.684930e-01 -9.247779e-01 3.411684e-01
    outer loop
      vertex 6.357942e+00 -2.271810e+01 7.020408e+01
      vertex 6.123243e+00 -2.215855e+01 7.183673e+01
      vertex 5.248494e+00 -2.231793e+01 7.183673e+01
    endloop
  endfacet
  facet normal -1.603888e-01 9.279466e-01 -3.364380e-01
    outer loop
      vertex 6.357942e+00 -2.271810e+01 7.020408e+01
      vertex 5.449664e+00 -2.287509e+01 7.020408e+01
      vertex 5.248494e+00 -2.231793e+01 7.183673e+01
    endloop
  endfacet
  facet normal 1.772561e-01 -9.230788e-01 3.413294e-01
    outer loop
      vertex 6.123243e+00 -2.215855e+01 7.183673e+01
      vertex 5.888544e+00 -2.159991e+01 7.346939e+01
      vertex 5.047323e+00 -2.176144e+01 7.346939e+01
    endloop
  endfacet
  facet normal -1.687904e-01 9.264106e-01 -3.365609e-01
    outer loop
      vertex 6.123243e+00 -2.215855e+01 7.183673e+01
      vertex 5.248494e+00 -2.231793e+01 7.183673e+01
      vertex 5.047323e+00 -2.176144e+01 7.346939e+01
    endloop
  endfacet
  facet normal 1.864045e-01 -9.212422e-01 3.414178e-01
    outer loop
      vertex 5.888544e+00 -2.159991e+01 7.346939e+01
      vertex 5.653845e+00 -2.104233e+01 7.510204e+01
      vertex 4.846152e+00 -2.120575e+01 7.510204e+01
    endloop
  endfacet
  facet normal -1.775757e-01 9.247431e-01 -3.366261e-01
    outer loop
      vertex 5.888544e+00 -2.159991e+01 7.346939e+01
      vertex 5.047323e+00 -2.176144e+01 7.346939e+01
      vertex 4.846152e+00 -2.120575e+01 7.510204e+01
    endloop
  endfacet
  facet normal 1.959337e-01 -9.192628e-01 3.414173e-01
    outer loop
      vertex 5.653845e+00 -2.104233e+01 7.510204e+01
      vertex 5.419146e+00 -2.048598e+01 7.673469e+01
      vertex 4.644982e+00 -2.065098e+01 7.673469e+01
    endloop
  endfacet
  facet normal -1.867473e-01 9.229364e-01 -3.366213e-01
    outer loop
      vertex 5.653845e+00 -2.104233e+01 7.510204e+01
      vertex 4.846152e+00 -2.120575e+01 7.510204e+01
      vertex 4.644982e+00 -2.065098e+01 7.673469e+01
    endloop
  endfacet
  facet normal 2.058298e-01 -9.171379e-01 3.413095e-01
    outer loop
      vertex 5.419146e+00 -2.048598e+01 7.673469e+01
      vertex 5.184446e+00 -1.993106e+01 7.836735e+01
      vertex 4.443811e+00 -2.009728e+01 7.836735e+01
    endloop
  endfacet
  facet normal -1.963006e-01 9.209842e-01 -3.365326e-01
    outer loop
      vertex 5.419146e+00 -2.048598e+01 7.673469e+01
      vertex 4.644982e+00 -2.065098e+01 7.673469e+01
      vertex 4.443811e+00 -2.009728e+01 7.836735e+01
    endloop
  endfacet
  facet normal 2.160653e-01 -9.148690e-01 3.410726e-01
    outer loop
      vertex 5.184446e+00 -1.993106e+01 7.836735e+01
      vertex 4.949747e+00 -1.937782e+01 8.000000e+01
      vertex 4.242641e+00 -1.954482e+01 8.000000e+01
    endloop
  endfacet
  facet normal -2.062214e-01 9.188828e-01 -3.363437e-01
    outer loop
      vertex 5.184446e+00 -1.993106e+01 7.836735e+01
      vertex 4.443811e+00 -2.009728e+01 7.836735e+01
      vertex 4.242641e+00 -1.954482e+01 8.000000e+01
    endloop
  endfacet
  facet normal 1.341914e-03 -9.455360e-01 3.255149e-01
    outer loop
      vertex 1.410000e+01 -4.700000e+01 0.000000e+00
      vertex 1.389883e+01 -4.643822e+01 1.632653e+00
      vertex 1.158236e+01 -4.644151e+01 1.632653e+00
    endloop
  endfacet
  facet normal 0.000000e+00 9.461723e-01 -3.236633e-01
    outer loop
      vertex 1.410000e+01 -4.700000e+01 0.000000e+00
      vertex 1.175000e+01 -4.700000e+01 0.000000e+00
      vertex 1.158236e+01 -4.644151e+01 1.632653e+00
    endloop
  endfacet
  facet normal 2.723037e-03 -9.454810e-01 3.256659e-01
    outer loop
      vertex 1.389883e+01 -4.643822e+01 1.632653e+00
      vertex 1.369766e+01 -4.587644e+01 3.265306e+00
      vertex 1.141472e+01 -4.588302e+01 3.265306e+00
    endloop
  endfacet
  facet normal -1.342756e-03 9.461293e-01 -3.237862e-01
    outer loop
      vertex 1.389883e+01 -4.643822e+01 1.632653e+00
      vertex 1.158236e+01 -4.644151e+01 1.632653e+00
      vertex 1.141472e+01 -4.588302e+01 3.265306e+00
    endloop
  endfacet
  facet normal 4.145054e-03 -9.454226e-01 3.258205e-01
    outer loop
      vertex 1.369766e+01 -4.587644e+01 3.265306e+00
      vertex 1.349649e+01 -4.531466e+01 4.897959e+00
      vertex 1.124707e+01 -4.532452e+01 4.897959e+00
    endloop
  endfacet
  facet normal -2.724772e-03 9.460833e-01 -3.239120e-01
    outer loop
      vertex 1.369766e+01 -4.587644e+01 3.265306e+00
      vertex 1.141472e+01 -4.588302e+01 3.265306e+00
      vertex 1.124707e+01 -4.532452e+01 4.897959e+00
    endloop
  endfacet
  facet normal 5.609744e-03 -9.453604e-01 3.259788e-01
    outer loop
      vertex 1.349649e+01 -4.531466e+01 4.897959e+00
      vertex 1.329532e+01 -4.475289e+01 6.530612e+00
      vertex 1.107943e+01 -4.476603e+01 6.530612e+00
    endloop
  endfacet
  facet normal -4.147735e-03 9.460340e-01 -3.240407e-01
    outer loop
      vertex 1.349649e+01 -4.531466e+01 4.897959e+00
      vertex 1.124707e+01 -4.532452e+01 4.897959e+00
      vertex 1.107943e+01 -4.476603e+01 6.530612e+00
    endloop
  endfacet
  facet normal 7.118984e-03 -9.452944e-01 3.261409e-01
    outer loop
      vertex 1.329532e+01 -4.475289e+01 6.530612e+00
      vertex 1.309415e+01 -4.419111e+01 8.163265e+00
      vertex 1.091179e+01 -4.420755e+01 8.163265e+00
    endloop
  endfacet
  facet normal -5.613428e-03 9.459814e-01 -3.241724e-01
    outer loop
      vertex 1.329532e+01 -4.475289e+01 6.530612e+00
      vertex 1.107943e+01 -4.476603e+01 6.530612e+00
      vertex 1.091179e+01 -4.420755e+01 8.163265e+00
    endloop
  endfacet
  facet normal 8.674760e-03 -9.452241e-01 3.263070e-01
    outer loop
      vertex 1.309415e+01 -4.419111e+01 8.163265e+00
      vertex 1.289298e+01 -4.362934e+01 9.795918e+00
      vertex 1.074415e+01 -4.364906e+01 9.795918e+00
    endloop
  endfacet
  facet normal -7.123733e-03 9.459250e-01 -3.243072e-01
    outer loop
      vertex 1.309415e+01 -4.419111e+01 8.163265e+00
      vertex 1.091179e+01 -4.420755e+01 8.163265e+00
      vertex 1.074415e+01 -4.364906e+01 9.795918e+00
    endloop
  endfacet
  facet normal 1.027917e-02 -9.451492e-01 3.264770e-01
    outer loop
      vertex 1.289298e+01 -4.362934e+01 9.795918e+00
      vertex 1.269181e+01 -4.306757e+01 1.142857e+01
      vertex 1.057650e+01 -4.309057e+01 1.142857e+01
    endloop
  endfacet
  facet normal -8.680640e-03 9.458647e-01 -3.244451e-01
    outer loop
      vertex 1.289298e+01 -4.362934e+01 9.795918e+00
      vertex 1.074415e+01 -4.364906e+01 9.795918e+00
      vertex 1.057650e+01 -4.309057e+01 1.142857e+01
    endloop
  endfacet
  facet normal 1.193445e-02 -9.450696e-01 3.266512e-01
    outer loop
      vertex 1.269181e+01 -4.306757e+01 1.142857e+01
      vertex 1.249064e+01 -4.250580e+01 1.306122e+01
      vertex 1.040886e+01 -4.253209e+01 1.306122e+01
    endloop
  endfacet
  facet normal -1.028625e-02 9.458002e-01 -3.245862e-01
    outer loop
      vertex 1.269181e+01 -4.306757e+01 1.142857e+01
      vertex 1.057650e+01 -4.309057e+01 1.142857e+01
      vertex 1.040886e+01 -4.253209e+01 1.306122e+01
    endloop
  endfacet
  facet normal 1.364293e-02 -9.449848e-01 3.268297e-01
    outer loop
      vertex 1.249064e+01 -4.250580e+01 1.306122e+01
      vertex 1.228946e+01 -4.194404e+01 1.469388e+01
      vertex 1.024122e+01 -4.197361e+01 1.469388e+01
    endloop
  endfacet
  facet normal -1.194280e-02 9.457311e-01 -3.247306e-01
    outer loop
      vertex 1.249064e+01 -4.250580e+01 1.306122e+01
      vertex 1.040886e+01 -4.253209e+01 1.306122e+01
      vertex 1.024122e+01 -4.197361e+01 1.469388e+01
    endloop
  endfacet
  facet normal 1.540712e-02 -9.448944e-01 3.270125e-01
    outer loop
      vertex 1.228946e+01 -4.194404e+01 1.469388e+01
      vertex 1.208829e+01 -4.138229e+01 1.632653e+01
      vertex 1.007358e+01 -4.141514e+01 1.632653e+01
    endloop
  endfacet
  facet normal -1.365264e-02 9.456572e-01 -3.248784e-01
    outer loop
      vertex 1.228946e+01 -4.194404e+01 1.469388e+01
      vertex 1.024122e+01 -4.197361e+01 1.469388e+01
      vertex 1.007358e+01 -4.141514e+01 1.632653e+01
    endloop
  endfacet
  facet normal 1.722966e-02 -9.447981e-01 3.271999e-01
    outer loop
      vertex 1.208829e+01 -4.138229e+01 1.632653e+01
      vertex 1.188712e+01 -4.082054e+01 1.795918e+01
      vertex 9.905936e+00 -4.085667e+01 1.795918e+01
    endloop
  endfacet
  facet normal -1.541827e-02 9.455781e-01 -3.250297e-01
    outer loop
      vertex 1.208829e+01 -4.138229e+01 1.632653e+01
      vertex 1.007358e+01 -4.141514e+01 1.632653e+01
      vertex 9.905936e+00 -4.085667e+01 1.795918e+01
    endloop
  endfacet
  facet normal 1.911336e-02 -9.446953e-01 3.273919e-01
    outer loop
      vertex 1.188712e+01 -4.082054e+01 1.795918e+01
      vertex 1.168595e+01 -4.025880e+01 1.959184e+01
      vertex 9.738294e+00 -4.029821e+01 1.959184e+01
    endloop
  endfacet
  facet normal -1.724234e-02 9.454933e-01 -3.251846e-01
    outer loop
      vertex 1.188712e+01 -4.082054e+01 1.795918e+01
      vertex 9.905936e+00 -4.085667e+01 1.795918e+01
      vertex 9.738294e+00 -4.029821e+01 1.959184e+01
    endloop
  endfacet
  facet normal 2.106118e-02 -9.445857e-01 3.275886e-01
    outer loop
      vertex 1.168595e+01 -4.025880e+01 1.959184e+01
      vertex 1.148478e+01 -3.969707e+01 2.122449e+01
      vertex 9.570652e+00 -3.973975e+01 2.122449e+01
    endloop
  endfacet
  facet normal -1.912767e-02 9.454025e-01 -3.253432e-01
    outer loop
      vertex 1.168595e+01 -4.025880e+01 1.959184e+01
      vertex 9.738294e+00 -4.029821e+01 1.959184e+01
      vertex 9.570652e+00 -3.973975e+01 2.122449e+01
    endloop
  endfacet
  facet normal 2.307630e-02 -9.444687e-01 3.277901e-01
    outer loop
      vertex 1.148478e+01 -3.969707e+01 2.122449e+01
      vertex 1.128361e+01 -3.913535e+01 2.285714e+01
      vertex 9.403010e+00 -3.918130e+01 2.285714e+01
    endloop
  endfacet
  facet normal -2.107723e-02 9.453052e-01 -3.255054e-01
    outer loop
      vertex 1.148478e+01 -3.969707e+01 2.122449e+01
      vertex 9.570652e+00 -3.973975e+01 2.122449e+01
      vertex 9.403010e+00 -3.918130e+01 2.285714e+01
    endloop
  endfacet
  facet normal 2.516207e-02 -9.443437e-01 3.279967e-01
    outer loop
      vertex 1.128361e+01 -3.913535e+01 2.285714e+01
      vertex 1.108244e+01 -3.857365e+01 2.448980e+01
      vertex 9.235368e+00 -3.862286e+01 2.448980e+01
    endloop
  endfacet
  facet normal -2.309419e-02 9.452009e-01 -3.256715e-01
    outer loop
      vertex 1.128361e+01 -3.913535e+01 2.285714e+01
      vertex 9.403010e+00 -3.918130e+01 2.285714e+01
      vertex 9.235368e+00 -3.862286e+01 2.448980e+01
    endloop
  endfacet
  facet normal 2.732205e-02 -9.442102e-01 3.282083e-01
    outer loop
      vertex 1.108244e+01 -3.857365e+01 2.448980e+01
      vertex 1.088127e+01 -3.801196e+01 2.612245e+01
      vertex 9.067725e+00 -3.806444e+01 2.612245e+01
    endloop
  endfacet
  facet normal -2.518193e-02 9.450890e-01 -3.258414e-01
    outer loop
      vertex 1.108244e+01 -3.857365e+01 2.448980e+01
      vertex 9.235368e+00 -3.862286e+01 2.448980e+01
      vertex 9.067725e+00 -3.806444e+01 2.612245e+01
    endloop
  endfacet
  facet normal 2.956006e-02 -9.440674e-01 3.284251e-01
    outer loop
      vertex 1.088127e+01 -3.801196e+01 2.612245e+01
      vertex 1.068010e+01 -3.745029e+01 2.775510e+01
      vertex 8.900083e+00 -3.750602e+01 2.775510e+01
    endloop
  endfacet
  facet normal -2.734401e-02 9.449689e-01 -3.260153e-01
    outer loop
      vertex 1.088127e+01 -3.801196e+01 2.612245e+01
      vertex 9.067725e+00 -3.806444e+01 2.612245e+01
      vertex 8.900083e+00 -3.750602e+01 2.775510e+01
    endloop
  endfacet
  facet normal 3.188012e-02 -9.439146e-01 3.286471e-01
    outer loop
      vertex 1.068010e+01 -3.745029e+01 2.775510e+01
      vertex 1.047893e+01 -3.688863e+01 2.938776e+01
      vertex 8.732441e+00 -3.694762e+01 2.938776e+01
    endloop
  endfacet
  facet normal -2.958425e-02 9.448401e-01 -3.261932e-01
    outer loop
      vertex 1.068010e+01 -3.745029e+01 2.775510e+01
      vertex 8.900083e+00 -3.750602e+01 2.775510e+01
      vertex 8.732441e+00 -3.694762e+01 2.938776e+01
    endloop
  endfacet
  facet normal 3.428654e-02 -9.437510e-01 3.288745e-01
    outer loop
      vertex 1.047893e+01 -3.688863e+01 2.938776e+01
      vertex 1.027776e+01 -3.632700e+01 3.102041e+01
      vertex 8.564799e+00 -3.638923e+01 3.102041e+01
    endloop
  endfacet
  facet normal -3.190670e-02 9.447017e-01 -3.263752e-01
    outer loop
      vertex 1.047893e+01 -3.688863e+01 2.938776e+01
      vertex 8.732441e+00 -3.694762e+01 2.938776e+01
      vertex 8.564799e+00 -3.638923e+01 3.102041e+01
    endloop
  endfacet
  facet normal 3.678391e-02 -9.435758e-01 3.291073e-01
    outer loop
      vertex 1.027776e+01 -3.632700e+01 3.102041e+01
      vertex 1.007659e+01 -3.576539e+01 3.265306e+01
      vertex 8.397157e+00 -3.583086e+01 3.265306e+01
    endloop
  endfacet
  facet normal -3.431568e-02 9.445529e-01 -3.265612e-01
    outer loop
      vertex 1.027776e+01 -3.632700e+01 3.102041e+01
      vertex 8.564799e+00 -3.638923e+01 3.102041e+01
      vertex 8.397157e+00 -3.583086e+01 3.265306e+01
    endloop
  endfacet
  facet normal 3.937710e-02 -9.433880e-01 3.293456e-01
    outer loop
      vertex 1.007659e+01 -3.576539e+01 3.265306e+01
      vertex 9.875417e+00 -3.520382e+01 3.428571e+01
      vertex 8.229515e+00 -3.527252e+01 3.428571e+01
    endloop
  endfacet
  facet normal -3.681577e-02 9.443930e-01 -3.267513e-01
    outer loop
      vertex 1.007659e+01 -3.576539e+01 3.265306e+01
      vertex 8.397157e+00 -3.583086e+01 3.265306e+01
      vertex 8.229515e+00 -3.527252e+01 3.428571e+01
    endloop
  endfacet
  facet normal 4.207133e-02 -9.431865e-01 3.295894e-01
    outer loop
      vertex 9.875417e+00 -3.520382e+01 3.428571e+01
      vertex 9.674247e+00 -3.464227e+01 3.591837e+01
      vertex 8.061872e+00 -3.471419e+01 3.591837e+01
    endloop
  endfacet
  facet normal -3.941187e-02 9.442210e-01 -3.269455e-01
    outer loop
      vertex 9.875417e+00 -3.520382e+01 3.428571e+01
      vertex 8.229515e+00 -3.527252e+01 3.428571e+01
      vertex 8.061872e+00 -3.471419e+01 3.591837e+01
    endloop
  endfacet
  facet normal 4.487213e-02 -9.429703e-01 3.298387e-01
    outer loop
      vertex 9.674247e+00 -3.464227e+01 3.591837e+01
      vertex 9.473076e+00 -3.408076e+01 3.755102e+01
      vertex 7.894230e+00 -3.415589e+01 3.755102e+01
    endloop
  endfacet
  facet normal -4.210921e-02 9.440359e-01 -3.271439e-01
    outer loop
      vertex 9.674247e+00 -3.464227e+01 3.591837e+01
      vertex 8.061872e+00 -3.471419e+01 3.591837e+01
      vertex 7.894230e+00 -3.415589e+01 3.755102e+01
    endloop
  endfacet
  facet normal 4.778542e-02 -9.427380e-01 3.300935e-01
    outer loop
      vertex 9.473076e+00 -3.408076e+01 3.755102e+01
      vertex 9.271906e+00 -3.351930e+01 3.918367e+01
      vertex 7.726588e+00 -3.359763e+01 3.918367e+01
    endloop
  endfacet
  facet normal -4.491335e-02 9.438365e-01 -3.273462e-01
    outer loop
      vertex 9.473076e+00 -3.408076e+01 3.755102e+01
      vertex 7.894230e+00 -3.415589e+01 3.755102e+01
      vertex 7.726588e+00 -3.359763e+01 3.918367e+01
    endloop
  endfacet
  facet normal 5.081752e-02 -9.424882e-01 3.303537e-01
    outer loop
      vertex 9.271906e+00 -3.351930e+01 3.918367e+01
      vertex 9.070735e+00 -3.295788e+01 4.081633e+01
      vertex 7.558946e+00 -3.303939e+01 4.081633e+01
    endloop
  endfacet
  facet normal -4.783021e-02 9.436215e-01 -3.275525e-01
    outer loop
      vertex 9.271906e+00 -3.351930e+01 3.918367e+01
      vertex 7.726588e+00 -3.359763e+01 3.918367e+01
      vertex 7.558946e+00 -3.303939e+01 4.081633e+01
    endloop
  endfacet
  facet normal 5.397515e-02 -9.422195e-01 3.306191e-01
    outer loop
      vertex 9.070735e+00 -3.295788e+01 4.081633e+01
      vertex 8.869564e+00 -3.239651e+01 4.244898e+01
      vertex 7.391304e+00 -3.248120e+01 4.244898e+01
    endloop
  endfacet
  facet normal -5.086613e-02 9.433898e-01 -3.277627e-01
    outer loop
      vertex 9.070735e+00 -3.295788e+01 4.081633e+01
      vertex 7.558946e+00 -3.303939e+01 4.081633e+01
      vertex 7.391304e+00 -3.248120e+01 4.244898e+01
    endloop
  endfacet
  facet normal 5.726547e-02 -9.419303e-01 3.308897e-01
    outer loop
      vertex 8.869564e+00 -3.239651e+01 4.244898e+01
      vertex 8.668394e+00 -3.183521e+01 4.408163e+01
      vertex 7.223662e+00 -3.192305e+01 4.408163e+01
    endloop
  endfacet
  facet normal -5.402785e-02 9.431396e-01 -3.279765e-01
    outer loop
      vertex 8.869564e+00 -3.239651e+01 4.244898e+01
      vertex 7.391304e+00 -3.248120e+01 4.244898e+01
      vertex 7.223662e+00 -3.192305e+01 4.408163e+01
    endloop
  endfacet
  facet normal 6.069612e-02 -9.416186e-01 3.311652e-01
    outer loop
      vertex 8.668394e+00 -3.183521e+01 4.408163e+01
      vertex 8.467223e+00 -3.127398e+01 4.571429e+01
      vertex 7.056019e+00 -3.136494e+01 4.571429e+01
    endloop
  endfacet
  facet normal -5.732257e-02 9.428695e-01 -3.281938e-01
    outer loop
      vertex 8.668394e+00 -3.183521e+01 4.408163e+01
      vertex 7.223662e+00 -3.192305e+01 4.408163e+01
      vertex 7.056019e+00 -3.136494e+01 4.571429e+01
    endloop
  endfacet
  facet normal 6.427525e-02 -9.412825e-01 3.314452e-01
    outer loop
      vertex 8.467223e+00 -3.127398e+01 4.571429e+01
      vertex 8.266053e+00 -3.071282e+01 4.734694e+01
      vertex 6.888377e+00 -3.080690e+01 4.734694e+01
    endloop
  endfacet
  facet normal -6.075794e-02 9.425776e-01 -3.284143e-01
    outer loop
      vertex 8.467223e+00 -3.127398e+01 4.571429e+01
      vertex 7.056019e+00 -3.136494e+01 4.571429e+01
      vertex 6.888377e+00 -3.080690e+01 4.734694e+01
    endloop
  endfacet
  facet normal 6.801149e-02 -9.409198e-01 3.317293e-01
    outer loop
      vertex 8.266053e+00 -3.071282e+01 4.734694e+01
      vertex 8.064882e+00 -3.015176e+01 4.897959e+01
      vertex 6.720735e+00 -3.024892e+01 4.897959e+01
    endloop
  endfacet
  facet normal -6.434212e-02 9.422619e-01 -3.286376e-01
    outer loop
      vertex 8.266053e+00 -3.071282e+01 4.734694e+01
      vertex 6.888377e+00 -3.080690e+01 4.734694e+01
      vertex 6.720735e+00 -3.024892e+01 4.897959e+01
    endloop
  endfacet
  facet normal 7.191405e-02 -9.405281e-01 3.320170e-01
    outer loop
      vertex 8.064882e+00 -3.015176e+01 4.897959e+01
      vertex 7.863711e+00 -2.959080e+01 5.061224e+01
      vertex 6.553093e+00 -2.969101e+01 5.061224e+01
    endloop
  endfacet
  facet normal -6.808380e-02 9.419202e-01 -3.288632e-01
    outer loop
      vertex 8.064882e+00 -3.015176e+01 4.897959e+01
      vertex 6.720735e+00 -3.024892e+01 4.897959e+01
      vertex 6.553093e+00 -2.969101e+01 5.061224e+01
    endloop
  endfacet
  facet normal 7.599268e-02 -9.401047e-01 3.323076e-01
    outer loop
      vertex 7.863711e+00 -2.959080e+01 5.061224e+01
      vertex 7.662541e+00 -2.902995e+01 5.224490e+01
      vertex 6.385451e+00 -2.913318e+01 5.224490e+01
    endloop
  endfacet
  facet normal -7.199220e-02 9.415501e-01 -3.290905e-01
    outer loop
      vertex 7.863711e+00 -2.959080e+01 5.061224e+01
      vertex 6.553093e+00 -2.969101e+01 5.061224e+01
      vertex 6.385451e+00 -2.913318e+01 5.224490e+01
    endloop
  endfacet
  facet normal 8.025770e-02 -9.396467e-01 3.326002e-01
    outer loop
      vertex 7.662541e+00 -2.902995e+01 5.224490e+01
      vertex 7.461370e+00 -2.846923e+01 5.387755e+01
      vertex 6.217809e+00 -2.857545e+01 5.387755e+01
    endloop
  endfacet
  facet normal -7.607710e-02 9.411489e-01 -3.293189e-01
    outer loop
      vertex 7.662541e+00 -2.902995e+01 5.224490e+01
      vertex 6.385451e+00 -2.913318e+01 5.224490e+01
      vertex 6.217809e+00 -2.857545e+01 5.387755e+01
    endloop
  endfacet
  facet normal 8.472000e-02 -9.391509e-01 3.328937e-01
    outer loop
      vertex 7.461370e+00 -2.846923e+01 5.387755e+01
      vertex 7.260200e+00 -2.790867e+01 5.551020e+01
      vertex 6.050166e+00 -2.801782e+01 5.551020e+01
    endloop
  endfacet
  facet normal -8.034885e-02 9.407138e-01 -3.295475e-01
    outer loop
      vertex 7.461370e+00 -2.846923e+01 5.387755e+01
      vertex 6.217809e+00 -2.857545e+01 5.387755e+01
      vertex 6.050166e+00 -2.801782e+01 5.551020e+01
    endloop
  endfacet
  facet normal 8.939104e-02 -9.386138e-01 3.331868e-01
    outer loop
      vertex 7.260200e+00 -2.790867e+01 5.551020e+01
      vertex 7.059029e+00 -2.734827e+01 5.714286e+01
      vertex 5.882524e+00 -2.746032e+01 5.714286e+01
    endloop
  endfacet
  facet normal -8.481839e-02 9.402415e-01 -3.297753e-01
    outer loop
      vertex 7.260200e+00 -2.790867e+01 5.551020e+01
      vertex 6.050166e+00 -2.801782e+01 5.551020e+01
      vertex 5.882524e+00 -2.746032e+01 5.714286e+01
    endloop
  endfacet
  facet normal 9.428278e-02 -9.380316e-01 3.334779e-01
    outer loop
      vertex 7.059029e+00 -2.734827e+01 5.714286e+01
      vertex 6.857858e+00 -2.678807e+01 5.877551e+01
      vertex 5.714882e+00 -2.690295e+01 5.877551e+01
    endloop
  endfacet
  facet normal -8.949720e-02 9.397285e-01 -3.300008e-01
    outer loop
      vertex 7.059029e+00 -2.734827e+01 5.714286e+01
      vertex 5.882524e+00 -2.746032e+01 5.714286e+01
      vertex 5.714882e+00 -2.690295e+01 5.877551e+01
    endloop
  endfacet
  facet normal 9.940769e-02 -9.374001e-01 3.337650e-01
    outer loop
      vertex 6.857858e+00 -2.678807e+01 5.877551e+01
      vertex 6.656688e+00 -2.622809e+01 6.040816e+01
      vertex 5.547240e+00 -2.634574e+01 6.040816e+01
    endloop
  endfacet
  facet normal -9.439730e-02 9.391710e-01 -3.302227e-01
    outer loop
      vertex 6.857858e+00 -2.678807e+01 5.877551e+01
      vertex 5.714882e+00 -2.690295e+01 5.877551e+01
      vertex 5.547240e+00 -2.634574e+01 6.040816e+01
    endloop
  endfacet
  facet normal 1.047786e-01 -9.367149e-01 3.340457e-01
    outer loop
      vertex 6.656688e+00 -2.622809e+01 6.040816e+01
      vertex 6.455517e+00 -2.566836e+01 6.204082e+01
      vertex 5.379598e+00 -2.578871e+01 6.204082e+01
    endloop
  endfacet
  facet normal -9.953118e-02 9.385647e-01 -3.304389e-01
    outer loop
      vertex 6.656688e+00 -2.622809e+01 6.040816e+01
      vertex 5.547240e+00 -2.634574e+01 6.040816e+01
      vertex 5.379598e+00 -2.578871e+01 6.204082e+01
    endloop
  endfacet
  facet normal 1.104086e-01 -9.359711e-01 3.343172e-01
    outer loop
      vertex 6.455517e+00 -2.566836e+01 6.204082e+01
      vertex 6.254347e+00 -2.510893e+01 6.367347e+01
      vertex 5.211956e+00 -2.523189e+01 6.367347e+01
    endloop
  endfacet
  facet normal -1.049117e-01 9.379050e-01 -3.306474e-01
    outer loop
      vertex 6.455517e+00 -2.566836e+01 6.204082e+01
      vertex 5.379598e+00 -2.578871e+01 6.204082e+01
      vertex 5.211956e+00 -2.523189e+01 6.367347e+01
    endloop
  endfacet
  facet normal 1.163108e-01 -9.351635e-01 3.345759e-01
    outer loop
      vertex 6.254347e+00 -2.510893e+01 6.367347e+01
      vertex 6.053176e+00 -2.454983e+01 6.530612e+01
      vertex 5.044313e+00 -2.467531e+01 6.530612e+01
    endloop
  endfacet
  facet normal -1.105520e-01 9.371871e-01 -3.308453e-01
    outer loop
      vertex 6.254347e+00 -2.510893e+01 6.367347e+01
      vertex 5.211956e+00 -2.523189e+01 6.367347e+01
      vertex 5.044313e+00 -2.467531e+01 6.530612e+01
    endloop
  endfacet
  facet normal 1.224980e-01 -9.342866e-01 3.348176e-01
    outer loop
      vertex 6.053176e+00 -2.454983e+01 6.530612e+01
      vertex 5.852005e+00 -2.399112e+01 6.693878e+01
      vertex 4.876671e+00 -2.411900e+01 6.693878e+01
    endloop
  endfacet
  facet normal -1.164652e-01 9.364055e-01 -3.310295e-01
    outer loop
      vertex 6.053176e+00 -2.454983e+01 6.530612e+01
      vertex 5.044313e+00 -2.467531e+01 6.530612e+01
      vertex 4.876671e+00 -2.411900e+01 6.693878e+01
    endloop
  endfacet
  facet normal 1.289826e-01 -9.333346e-01 3.350373e-01
    outer loop
      vertex 5.852005e+00 -2.399112e+01 6.693878e+01
      vertex 5.650835e+00 -2.343285e+01 6.857143e+01
      vertex 4.709029e+00 -2.356300e+01 6.857143e+01
    endloop
  endfacet
  facet normal -1.226643e-01 9.355547e-01 -3.311962e-01
    outer loop
      vertex 5.852005e+00 -2.399112e+01 6.693878e+01
      vertex 4.876671e+00 -2.411900e+01 6.693878e+01
      vertex 4.709029e+00 -2.356300e+01 6.857143e+01
    endloop
  endfacet
  facet normal 1.357756e-01 -9.323017e-01 3.352290e-01
    outer loop
      vertex 5.650835e+00 -2.343285e+01 6.857143e+01
      vertex 5.449664e+00 -2.287509e+01 7.020408e+01
      vertex 4.541387e+00 -2.300737e+01 7.020408e+01
    endloop
  endfacet
  facet normal -1.291614e-01 9.346286e-01 -3.313408e-01
    outer loop
      vertex 5.650835e+00 -2.343285e+01 6.857143e+01
      vertex 4.709029e+00 -2.356300e+01 6.857143e+01
      vertex 4.541387e+00 -2.300737e+01 7.020408e+01
    endloop
  endfacet
  facet normal 1.428861e-01 -9.311821e-01 3.353855e-01
    outer loop
      vertex 5.449664e+00 -2.287509e+01 7.020408e+01
      vertex 5.248494e+00 -2.231793e+01 7.183673e+01
      vertex 4.373745e+00 -2.245215e+01 7.183673e+01
    endloop
  endfacet
  facet normal -1.359677e-01 9.336211e-01 -3.314581e-01
    outer loop
      vertex 5.449664e+00 -2.287509e+01 7.020408e+01
      vertex 4.541387e+00 -2.300737e+01 7.020408e+01
      vertex 4.373745e+00 -2.245215e+01 7.183673e+01
    endloop
  endfacet
  facet normal 1.503204e-01 -9.299702e-01 3.354984e-01
    outer loop
      vertex 5.248494e+00 -2.231793e+01 7.183673e+01
      vertex 5.047323e+00 -2.176144e+01 7.346939e+01
      vertex 4.206103e+00 -2.189742e+01 7.346939e+01
    endloop
  endfacet
  facet normal -1.430923e-01 9.325259e-01 -3.315418e-01
    outer loop
      vertex 5.248494e+00 -2.231793e+01 7.183673e+01
      vertex 4.373745e+00 -2.245215e+01 7.183673e+01
      vertex 4.206103e+00 -2.189742e+01 7.346939e+01
    endloop
  endfacet
  facet normal 1.580804e-01 -9.286613e-01 3.355575e-01
    outer loop
      vertex 5.047323e+00 -2.176144e+01 7.346939e+01
      vertex 4.846152e+00 -2.120575e+01 7.510204e+01
      vertex 4.038460e+00 -2.134324e+01 7.510204e+01
    endloop
  endfacet
  facet normal -1.505414e-01 9.313373e-01 -3.315844e-01
    outer loop
      vertex 5.047323e+00 -2.176144e+01 7.346939e+01
      vertex 4.206103e+00 -2.189742e+01 7.346939e+01
      vertex 4.038460e+00 -2.134324e+01 7.510204e+01
    endloop
  endfacet
  facet normal 1.661620e-01 -9.272516e-01 3.355512e-01
    outer loop
      vertex 4.846152e+00 -2.120575e+01 7.510204e+01
      vertex 4.644982e+00 -2.065098e+01 7.673469e+01
      vertex 3.870818e+00 -2.078971e+01 7.673469e+01
    endloop
  endfacet
  facet normal -1.583167e-01 9.300496e-01 -3.315774e-01
    outer loop
      vertex 4.846152e+00 -2.120575e+01 7.510204e+01
      vertex 4.038460e+00 -2.134324e+01 7.510204e+01
      vertex 3.870818e+00 -2.078971e+01 7.673469e+01
    endloop
  endfacet
  facet normal 1.745527e-01 -9.257398e-01 3.354657e-01
    outer loop
      vertex 4.644982e+00 -2.065098e+01 7.673469e+01
      vertex 4.443811e+00 -2.009728e+01 7.836735e+01
      vertex 3.703176e+00 -2.023693e+01 7.836735e+01
    endloop
  endfacet
  facet normal -1.664141e-01 9.286586e-01 -3.315111e-01
    outer loop
      vertex 4.644982e+00 -2.065098e+01 7.673469e+01
      vertex 3.870818e+00 -2.078971e+01 7.673469e+01
      vertex 3.703176e+00 -2.023693e+01 7.836735e+01
    endloop
  endfacet
  facet normal 1.832285e-01 -9.241272e-01 3.352852e-01
    outer loop
      vertex 4.443811e+00 -2.009728e+01 7.836735e+01
      vertex 4.242641e+00 -1.954482e+01 8.000000e+01
      vertex 3.535534e+00 -1.968502e+01 8.000000e+01
    endloop
  endfacet
  facet normal -1.748208e-01 9.271617e-01 -3.313741e-01
    outer loop
      vertex 4.443811e+00 -2.009728e+01 7.836735e+01
      vertex 3.703176e+00 -2.023693e+01 7.836735e+01
      vertex 3.535534e+00 -1.968502e+01 8.000000e+01
    endloop
  endfacet
  facet normal 1.098627e-03 -9.461372e-01 3.237640e-01
    outer loop
      vertex 1.175000e+01 -4.700000e+01 0.000000e+00
      vertex 1.158236e+01 -4.644151e+01 1.632653e+00
      vertex 9.265886e+00 -4.644420e+01 1.632653e+00
    endloop
  endfacet
  facet normal 0.000000e+00 9.466489e-01 -3.222667e-01
    outer loop
      vertex 1.175000e+01 -4.700000e+01 0.000000e+00
      vertex 9.400000e+00 -4.700000e+01 0.000000e+00
      vertex 9.265886e+00 -4.644420e+01 1.632653e+00
    endloop
  endfacet
  facet normal 2.229395e-03 -9.460999e-01 3.238672e-01
    outer loop
      vertex 1.158236e+01 -4.644151e+01 1.632653e+00
      vertex 1.141472e+01 -4.588302e+01 3.265306e+00
      vertex 9.131773e+00 -4.588840e+01 3.265306e+00
    endloop
  endfacet
  facet normal -1.099189e-03 9.466208e-01 -3.223473e-01
    outer loop
      vertex 1.158236e+01 -4.644151e+01 1.632653e+00
      vertex 9.265886e+00 -4.644420e+01 1.632653e+00
      vertex 9.131773e+00 -4.588840e+01 3.265306e+00
    endloop
  endfacet
  facet normal 3.393685e-03 -9.460603e-01 3.239729e-01
    outer loop
      vertex 1.141472e+01 -4.588302e+01 3.265306e+00
      vertex 1.124707e+01 -4.532452e+01 4.897959e+00
      vertex 8.997659e+00 -4.533259e+01 4.897959e+00
    endloop
  endfacet
  facet normal -2.230551e-03 9.465908e-01 -3.224298e-01
    outer loop
      vertex 1.141472e+01 -4.588302e+01 3.265306e+00
      vertex 9.131773e+00 -4.588840e+01 3.265306e+00
      vertex 8.997659e+00 -4.533259e+01 4.897959e+00
    endloop
  endfacet
  facet normal 4.592957e-03 -9.460182e-01 3.240810e-01
    outer loop
      vertex 1.124707e+01 -4.532452e+01 4.897959e+00
      vertex 1.107943e+01 -4.476603e+01 6.530612e+00
      vertex 8.863545e+00 -4.477679e+01 6.530612e+00
    endloop
  endfacet
  facet normal -3.395472e-03 9.465586e-01 -3.225141e-01
    outer loop
      vertex 1.124707e+01 -4.532452e+01 4.897959e+00
      vertex 8.997659e+00 -4.533259e+01 4.897959e+00
      vertex 8.863545e+00 -4.477679e+01 6.530612e+00
    endloop
  endfacet
  facet normal 5.828753e-03 -9.459734e-01 3.241918e-01
    outer loop
      vertex 1.107943e+01 -4.476603e+01 6.530612e+00
      vertex 1.091179e+01 -4.420755e+01 8.163265e+00
      vertex 8.729431e+00 -4.422099e+01 8.163265e+00
    endloop
  endfacet
  facet normal -4.595413e-03 9.465241e-01 -3.226004e-01
    outer loop
      vertex 1.107943e+01 -4.476603e+01 6.530612e+00
      vertex 8.863545e+00 -4.477679e+01 6.530612e+00
      vertex 8.729431e+00 -4.422099e+01 8.163265e+00
    endloop
  endfacet
  facet normal 7.102702e-03 -9.459258e-01 3.243053e-01
    outer loop
      vertex 1.091179e+01 -4.420755e+01 8.163265e+00
      vertex 1.074415e+01 -4.364906e+01 9.795918e+00
      vertex 8.595318e+00 -4.366519e+01 9.795918e+00
    endloop
  endfacet
  facet normal -5.831918e-03 9.464872e-01 -3.226887e-01
    outer loop
      vertex 1.091179e+01 -4.420755e+01 8.163265e+00
      vertex 8.729431e+00 -4.422099e+01 8.163265e+00
      vertex 8.595318e+00 -4.366519e+01 9.795918e+00
    endloop
  endfacet
  facet normal 8.416528e-03 -9.458752e-01 3.244215e-01
    outer loop
      vertex 1.074415e+01 -4.364906e+01 9.795918e+00
      vertex 1.057650e+01 -4.309057e+01 1.142857e+01
      vertex 8.461204e+00 -4.310940e+01 1.142857e+01
    endloop
  endfacet
  facet normal -7.106620e-03 9.464476e-01 -3.227791e-01
    outer loop
      vertex 1.074415e+01 -4.364906e+01 9.795918e+00
      vertex 8.595318e+00 -4.366519e+01 9.795918e+00
      vertex 8.461204e+00 -4.310940e+01 1.142857e+01
    endloop
  endfacet
  facet normal 9.772055e-03 -9.458213e-01 3.245406e-01
    outer loop
      vertex 1.057650e+01 -4.309057e+01 1.142857e+01
      vertex 1.040886e+01 -4.253209e+01 1.306122e+01
      vertex 8.327090e+00 -4.255360e+01 1.306122e+01
    endloop
  endfacet
  facet normal -8.421245e-03 9.464053e-01 -3.228716e-01
    outer loop
      vertex 1.057650e+01 -4.309057e+01 1.142857e+01
      vertex 8.461204e+00 -4.310940e+01 1.142857e+01
      vertex 8.327090e+00 -4.255360e+01 1.306122e+01
    endloop
  endfacet
  facet normal 1.117122e-02 -9.457639e-01 3.246626e-01
    outer loop
      vertex 1.040886e+01 -4.253209e+01 1.306122e+01
      vertex 1.024122e+01 -4.197361e+01 1.469388e+01
      vertex 8.192976e+00 -4.199781e+01 1.469388e+01
    endloop
  endfacet
  facet normal -9.777621e-03 9.463600e-01 -3.229662e-01
    outer loop
      vertex 1.040886e+01 -4.253209e+01 1.306122e+01
      vertex 8.327090e+00 -4.255360e+01 1.306122e+01
      vertex 8.192976e+00 -4.199781e+01 1.469388e+01
    endloop
  endfacet
  facet normal 1.261606e-02 -9.457028e-01 3.247876e-01
    outer loop
      vertex 1.024122e+01 -4.197361e+01 1.469388e+01
      vertex 1.007358e+01 -4.141514e+01 1.632653e+01
      vertex 8.058863e+00 -4.144202e+01 1.632653e+01
    endloop
  endfacet
  facet normal -1.117768e-02 9.463114e-01 -3.230631e-01
    outer loop
      vertex 1.024122e+01 -4.197361e+01 1.469388e+01
      vertex 8.192976e+00 -4.199781e+01 1.469388e+01
      vertex 8.058863e+00 -4.144202e+01 1.632653e+01
    endloop
  endfacet
  facet normal 1.410875e-02 -9.456377e-01 3.249157e-01
    outer loop
      vertex 1.007358e+01 -4.141514e+01 1.632653e+01
      vertex 9.905936e+00 -4.085667e+01 1.795918e+01
      vertex 7.924749e+00 -4.088623e+01 1.795918e+01
    endloop
  endfacet
  facet normal -1.262348e-02 9.462594e-01 -3.231622e-01
    outer loop
      vertex 1.007358e+01 -4.141514e+01 1.632653e+01
      vertex 8.058863e+00 -4.144202e+01 1.632653e+01
      vertex 7.924749e+00 -4.088623e+01 1.795918e+01
    endloop
  endfacet
  facet normal 1.565160e-02 -9.455684e-01 3.250469e-01
    outer loop
      vertex 9.905936e+00 -4.085667e+01 1.795918e+01
      vertex 9.738294e+00 -4.029821e+01 1.959184e+01
      vertex 7.790635e+00 -4.033045e+01 1.959184e+01
    endloop
  endfacet
  facet normal -1.411719e-02 9.462036e-01 -3.232637e-01
    outer loop
      vertex 9.905936e+00 -4.085667e+01 1.795918e+01
      vertex 7.924749e+00 -4.088623e+01 1.795918e+01
      vertex 7.790635e+00 -4.033045e+01 1.959184e+01
    endloop
  endfacet
  facet normal 1.724704e-02 -9.454943e-01 3.251815e-01
    outer loop
      vertex 9.738294e+00 -4.029821e+01 1.959184e+01
      vertex 9.570652e+00 -3.973975e+01 2.122449e+01
      vertex 7.656521e+00 -3.977467e+01 2.122449e+01
    endloop
  endfacet
  facet normal -1.566112e-02 9.461438e-01 -3.233675e-01
    outer loop
      vertex 9.738294e+00 -4.029821e+01 1.959184e+01
      vertex 7.790635e+00 -4.033045e+01 1.959184e+01
      vertex 7.656521e+00 -3.977467e+01 2.122449e+01
    endloop
  endfacet
  facet normal 1.889767e-02 -9.454154e-01 3.253193e-01
    outer loop
      vertex 9.570652e+00 -3.973975e+01 2.122449e+01
      vertex 9.403010e+00 -3.918130e+01 2.285714e+01
      vertex 7.522408e+00 -3.921889e+01 2.285714e+01
    endloop
  endfacet
  facet normal -1.725772e-02 9.460797e-01 -3.234738e-01
    outer loop
      vertex 9.570652e+00 -3.973975e+01 2.122449e+01
      vertex 7.656521e+00 -3.977467e+01 2.122449e+01
      vertex 7.522408e+00 -3.921889e+01 2.285714e+01
    endloop
  endfacet
  facet normal 2.060625e-02 -9.453311e-01 3.254605e-01
    outer loop
      vertex 9.403010e+00 -3.918130e+01 2.285714e+01
      vertex 9.235368e+00 -3.862286e+01 2.448980e+01
      vertex 7.388294e+00 -3.866313e+01 2.448980e+01
    endloop
  endfacet
  facet normal -1.890958e-02 9.460110e-01 -3.235826e-01
    outer loop
      vertex 9.403010e+00 -3.918130e+01 2.285714e+01
      vertex 7.522408e+00 -3.921889e+01 2.285714e+01
      vertex 7.388294e+00 -3.866313e+01 2.448980e+01
    endloop
  endfacet
  facet normal 2.237572e-02 -9.452410e-01 3.256053e-01
    outer loop
      vertex 9.235368e+00 -3.862286e+01 2.448980e+01
      vertex 9.067725e+00 -3.806444e+01 2.612245e+01
      vertex 7.254180e+00 -3.810737e+01 2.612245e+01
    endloop
  endfacet
  facet normal -2.061946e-02 9.459371e-01 -3.236939e-01
    outer loop
      vertex 9.235368e+00 -3.862286e+01 2.448980e+01
      vertex 7.388294e+00 -3.866313e+01 2.448980e+01
      vertex 7.254180e+00 -3.810737e+01 2.612245e+01
    endloop
  endfacet
  facet normal 2.420918e-02 -9.451447e-01 3.257536e-01
    outer loop
      vertex 9.067725e+00 -3.806444e+01 2.612245e+01
      vertex 8.900083e+00 -3.750602e+01 2.775510e+01
      vertex 7.120067e+00 -3.755161e+01 2.775510e+01
    endloop
  endfacet
  facet normal -2.239032e-02 9.458579e-01 -3.238078e-01
    outer loop
      vertex 9.067725e+00 -3.806444e+01 2.612245e+01
      vertex 7.254180e+00 -3.810737e+01 2.612245e+01
      vertex 7.120067e+00 -3.755161e+01 2.775510e+01
    endloop
  endfacet
  facet normal 2.610996e-02 -9.450417e-01 3.259054e-01
    outer loop
      vertex 8.900083e+00 -3.750602e+01 2.775510e+01
      vertex 8.732441e+00 -3.694762e+01 2.938776e+01
      vertex 6.985953e+00 -3.699587e+01 2.938776e+01
    endloop
  endfacet
  facet normal -2.422527e-02 9.457728e-01 -3.239243e-01
    outer loop
      vertex 8.900083e+00 -3.750602e+01 2.775510e+01
      vertex 7.120067e+00 -3.755161e+01 2.775510e+01
      vertex 6.985953e+00 -3.699587e+01 2.938776e+01
    endloop
  endfacet
  facet normal 2.808159e-02 -9.449316e-01 3.260610e-01
    outer loop
      vertex 8.732441e+00 -3.694762e+01 2.938776e+01
      vertex 8.564799e+00 -3.638923e+01 3.102041e+01
      vertex 6.851839e+00 -3.644014e+01 3.102041e+01
    endloop
  endfacet
  facet normal -2.612763e-02 9.456814e-01 -3.240434e-01
    outer loop
      vertex 8.732441e+00 -3.694762e+01 2.938776e+01
      vertex 6.985953e+00 -3.699587e+01 2.938776e+01
      vertex 6.851839e+00 -3.644014e+01 3.102041e+01
    endloop
  endfacet
  facet normal 3.012784e-02 -9.448135e-01 3.262203e-01
    outer loop
      vertex 8.564799e+00 -3.638923e+01 3.102041e+01
      vertex 8.397157e+00 -3.583086e+01 3.265306e+01
      vertex 6.717725e+00 -3.588442e+01 3.265306e+01
    endloop
  endfacet
  facet normal -2.810095e-02 9.455830e-01 -3.241651e-01
    outer loop
      vertex 8.564799e+00 -3.638923e+01 3.102041e+01
      vertex 6.851839e+00 -3.644014e+01 3.102041e+01
      vertex 6.717725e+00 -3.588442e+01 3.265306e+01
    endloop
  endfacet
  facet normal 3.225271e-02 -9.446871e-01 3.263833e-01
    outer loop
      vertex 8.397157e+00 -3.583086e+01 3.265306e+01
      vertex 8.229515e+00 -3.527252e+01 3.428571e+01
      vertex 6.583612e+00 -3.532871e+01 3.428571e+01
    endloop
  endfacet
  facet normal -3.014900e-02 9.454773e-01 -3.242896e-01
    outer loop
      vertex 8.397157e+00 -3.583086e+01 3.265306e+01
      vertex 6.717725e+00 -3.588442e+01 3.265306e+01
      vertex 6.583612e+00 -3.532871e+01 3.428571e+01
    endloop
  endfacet
  facet normal 3.446048e-02 -9.445515e-01 3.265501e-01
    outer loop
      vertex 8.229515e+00 -3.527252e+01 3.428571e+01
      vertex 8.061872e+00 -3.471419e+01 3.591837e+01
      vertex 6.449498e+00 -3.477302e+01 3.591837e+01
    endloop
  endfacet
  facet normal -3.227580e-02 9.453635e-01 -3.244167e-01
    outer loop
      vertex 8.229515e+00 -3.527252e+01 3.428571e+01
      vertex 6.583612e+00 -3.532871e+01 3.428571e+01
      vertex 6.449498e+00 -3.477302e+01 3.591837e+01
    endloop
  endfacet
  facet normal 3.675570e-02 -9.444060e-01 3.267207e-01
    outer loop
      vertex 8.061872e+00 -3.471419e+01 3.591837e+01
      vertex 7.894230e+00 -3.415589e+01 3.755102e+01
      vertex 6.315384e+00 -3.421734e+01 3.755102e+01
    endloop
  endfacet
  facet normal -3.448563e-02 9.452409e-01 -3.245464e-01
    outer loop
      vertex 8.061872e+00 -3.471419e+01 3.591837e+01
      vertex 6.449498e+00 -3.477302e+01 3.591837e+01
      vertex 6.315384e+00 -3.421734e+01 3.755102e+01
    endloop
  endfacet
  facet normal 3.914324e-02 -9.442497e-01 3.268950e-01
    outer loop
      vertex 7.894230e+00 -3.415589e+01 3.755102e+01
      vertex 7.726588e+00 -3.359763e+01 3.918367e+01
      vertex 6.181270e+00 -3.366169e+01 3.918367e+01
    endloop
  endfacet
  facet normal -3.678306e-02 9.451088e-01 -3.246788e-01
    outer loop
      vertex 7.894230e+00 -3.415589e+01 3.755102e+01
      vertex 6.315384e+00 -3.421734e+01 3.755102e+01
      vertex 6.181270e+00 -3.366169e+01 3.918367e+01
    endloop
  endfacet
  facet normal 4.162827e-02 -9.440817e-01 3.270731e-01
    outer loop
      vertex 7.726588e+00 -3.359763e+01 3.918367e+01
      vertex 7.558946e+00 -3.303939e+01 4.081633e+01
      vertex 6.047157e+00 -3.310605e+01 4.081633e+01
    endloop
  endfacet
  facet normal -3.917295e-02 9.449664e-01 -3.248138e-01
    outer loop
      vertex 7.726588e+00 -3.359763e+01 3.918367e+01
      vertex 6.181270e+00 -3.366169e+01 3.918367e+01
      vertex 6.047157e+00 -3.310605e+01 4.081633e+01
    endloop
  endfacet
  facet normal 4.421632e-02 -9.439011e-01 3.272547e-01
    outer loop
      vertex 7.558946e+00 -3.303939e+01 4.081633e+01
      vertex 7.391304e+00 -3.248120e+01 4.244898e+01
      vertex 5.913043e+00 -3.255045e+01 4.244898e+01
    endloop
  endfacet
  facet normal -4.166050e-02 9.448128e-01 -3.249512e-01
    outer loop
      vertex 7.558946e+00 -3.303939e+01 4.081633e+01
      vertex 6.047157e+00 -3.310605e+01 4.081633e+01
      vertex 5.913043e+00 -3.255045e+01 4.244898e+01
    endloop
  endfacet
  facet normal 4.691327e-02 -9.437067e-01 3.274399e-01
    outer loop
      vertex 7.391304e+00 -3.248120e+01 4.244898e+01
      vertex 7.223662e+00 -3.192305e+01 4.408163e+01
      vertex 5.778929e+00 -3.199487e+01 4.408163e+01
    endloop
  endfacet
  facet normal -4.425125e-02 9.446469e-01 -3.250910e-01
    outer loop
      vertex 7.391304e+00 -3.248120e+01 4.244898e+01
      vertex 5.913043e+00 -3.255045e+01 4.244898e+01
      vertex 5.778929e+00 -3.199487e+01 4.408163e+01
    endloop
  endfacet
  facet normal 4.972540e-02 -9.434972e-01 3.276283e-01
    outer loop
      vertex 7.223662e+00 -3.192305e+01 4.408163e+01
      vertex 7.056019e+00 -3.136494e+01 4.571429e+01
      vertex 5.644815e+00 -3.143932e+01 4.571429e+01
    endloop
  endfacet
  facet normal -4.695110e-02 9.444676e-01 -3.252330e-01
    outer loop
      vertex 7.223662e+00 -3.192305e+01 4.408163e+01
      vertex 5.778929e+00 -3.199487e+01 4.408163e+01
      vertex 5.644815e+00 -3.143932e+01 4.571429e+01
    endloop
  endfacet
  facet normal 5.265939e-02 -9.432715e-01 3.278199e-01
    outer loop
      vertex 7.056019e+00 -3.136494e+01 4.571429e+01
      vertex 6.888377e+00 -3.080690e+01 4.734694e+01
      vertex 5.510702e+00 -3.088381e+01 4.734694e+01
    endloop
  endfacet
  facet normal -4.976633e-02 9.442739e-01 -3.253770e-01
    outer loop
      vertex 7.056019e+00 -3.136494e+01 4.571429e+01
      vertex 5.644815e+00 -3.143932e+01 4.571429e+01
      vertex 5.510702e+00 -3.088381e+01 4.734694e+01
    endloop
  endfacet
  facet normal 5.572234e-02 -9.430279e-01 3.280143e-01
    outer loop
      vertex 6.888377e+00 -3.080690e+01 4.734694e+01
      vertex 6.720735e+00 -3.024892e+01 4.897959e+01
      vertex 5.376588e+00 -3.032834e+01 4.897959e+01
    endloop
  endfacet
  facet normal -5.270364e-02 9.440642e-01 -3.255228e-01
    outer loop
      vertex 6.888377e+00 -3.080690e+01 4.734694e+01
      vertex 5.510702e+00 -3.088381e+01 4.734694e+01
      vertex 5.376588e+00 -3.032834e+01 4.897959e+01
    endloop
  endfacet
  facet normal 5.892179e-02 -9.427649e-01 3.282111e-01
    outer loop
      vertex 6.720735e+00 -3.024892e+01 4.897959e+01
      vertex 6.553093e+00 -2.969101e+01 5.061224e+01
      vertex 5.242474e+00 -2.977292e+01 5.061224e+01
    endloop
  endfacet
  facet normal -5.577016e-02 9.438372e-01 -3.256701e-01
    outer loop
      vertex 6.720735e+00 -3.024892e+01 4.897959e+01
      vertex 5.376588e+00 -3.032834e+01 4.897959e+01
      vertex 5.242474e+00 -2.977292e+01 5.061224e+01
    endloop
  endfacet
  facet normal 6.226576e-02 -9.424808e-01 3.284098e-01
    outer loop
      vertex 6.553093e+00 -2.969101e+01 5.061224e+01
      vertex 6.385451e+00 -2.913318e+01 5.224490e+01
      vertex 5.108361e+00 -2.921755e+01 5.224490e+01
    endloop
  endfacet
  facet normal -5.897344e-02 9.435913e-01 -3.258185e-01
    outer loop
      vertex 6.553093e+00 -2.969101e+01 5.061224e+01
      vertex 5.242474e+00 -2.977292e+01 5.061224e+01
      vertex 5.108361e+00 -2.921755e+01 5.224490e+01
    endloop
  endfacet
  facet normal 6.576272e-02 -9.421735e-01 3.286099e-01
    outer loop
      vertex 6.385451e+00 -2.913318e+01 5.224490e+01
      vertex 6.217809e+00 -2.857545e+01 5.387755e+01
      vertex 4.974247e+00 -2.866225e+01 5.387755e+01
    endloop
  endfacet
  facet normal -6.232151e-02 9.433246e-01 -3.259674e-01
    outer loop
      vertex 6.385451e+00 -2.913318e+01 5.224490e+01
      vertex 5.108361e+00 -2.921755e+01 5.224490e+01
      vertex 4.974247e+00 -2.866225e+01 5.387755e+01
    endloop
  endfacet
  facet normal 6.942159e-02 -9.418409e-01 3.288105e-01
    outer loop
      vertex 6.217809e+00 -2.857545e+01 5.387755e+01
      vertex 6.050166e+00 -2.801782e+01 5.551020e+01
      vertex 4.840133e+00 -2.810701e+01 5.551020e+01
    endloop
  endfacet
  facet normal -6.582287e-02 9.430352e-01 -3.261165e-01
    outer loop
      vertex 6.217809e+00 -2.857545e+01 5.387755e+01
      vertex 4.974247e+00 -2.866225e+01 5.387755e+01
      vertex 4.840133e+00 -2.810701e+01 5.551020e+01
    endloop
  endfacet
  facet normal 7.325178e-02 -9.414808e-01 3.290108e-01
    outer loop
      vertex 6.050166e+00 -2.801782e+01 5.551020e+01
      vertex 5.882524e+00 -2.746032e+01 5.714286e+01
      vertex 4.706019e+00 -2.755185e+01 5.714286e+01
    endloop
  endfacet
  facet normal -6.948646e-02 9.427210e-01 -3.262648e-01
    outer loop
      vertex 6.050166e+00 -2.801782e+01 5.551020e+01
      vertex 4.840133e+00 -2.810701e+01 5.551020e+01
      vertex 4.706019e+00 -2.755185e+01 5.714286e+01
    endloop
  endfacet
  facet normal 7.726310e-02 -9.410906e-01 3.292096e-01
    outer loop
      vertex 5.882524e+00 -2.746032e+01 5.714286e+01
      vertex 5.714882e+00 -2.690295e+01 5.877551e+01
      vertex 4.571906e+00 -2.699679e+01 5.877551e+01
    endloop
  endfacet
  facet normal -7.332171e-02 9.423796e-01 -3.264116e-01
    outer loop
      vertex 5.882524e+00 -2.746032e+01 5.714286e+01
      vertex 4.706019e+00 -2.755185e+01 5.714286e+01
      vertex 4.571906e+00 -2.699679e+01 5.877551e+01
    endloop
  endfacet
  facet normal 8.146575e-02 -9.406675e-01 3.294056e-01
    outer loop
      vertex 5.714882e+00 -2.690295e+01 5.877551e+01
      vertex 5.547240e+00 -2.634574e+01 6.040816e+01
      vertex 4.437792e+00 -2.644182e+01 6.040816e+01
    endloop
  endfacet
  facet normal -7.733846e-02 9.420085e-01 -3.265559e-01
    outer loop
      vertex 5.714882e+00 -2.690295e+01 5.877551e+01
      vertex 4.571906e+00 -2.699679e+01 5.877551e+01
      vertex 4.437792e+00 -2.644182e+01 6.040816e+01
    endloop
  endfacet
  facet normal 8.587025e-02 -9.402085e-01 3.295971e-01
    outer loop
      vertex 5.547240e+00 -2.634574e+01 6.040816e+01
      vertex 5.379598e+00 -2.578871e+01 6.204082e+01
      vertex 4.303678e+00 -2.588698e+01 6.204082e+01
    endloop
  endfacet
  facet normal -8.154692e-02 9.416048e-01 -3.266964e-01
    outer loop
      vertex 5.547240e+00 -2.634574e+01 6.040816e+01
      vertex 4.437792e+00 -2.644182e+01 6.040816e+01
      vertex 4.303678e+00 -2.588698e+01 6.204082e+01
    endloop
  endfacet
  facet normal 9.048729e-02 -9.397105e-01 3.297820e-01
    outer loop
      vertex 5.379598e+00 -2.578871e+01 6.204082e+01
      vertex 5.211956e+00 -2.523189e+01 6.367347e+01
      vertex 4.169564e+00 -2.533227e+01 6.367347e+01
    endloop
  endfacet
  facet normal -8.595764e-02 9.411654e-01 -3.268316e-01
    outer loop
      vertex 5.379598e+00 -2.578871e+01 6.204082e+01
      vertex 4.303678e+00 -2.588698e+01 6.204082e+01
      vertex 4.169564e+00 -2.533227e+01 6.367347e+01
    endloop
  endfacet
  facet normal 9.532759e-02 -9.391700e-01 3.299580e-01
    outer loop
      vertex 5.211956e+00 -2.523189e+01 6.367347e+01
      vertex 5.044313e+00 -2.467531e+01 6.530612e+01
      vertex 4.035451e+00 -2.477771e+01 6.530612e+01
    endloop
  endfacet
  facet normal -9.058133e-02 9.406871e-01 -3.269598e-01
    outer loop
      vertex 5.211956e+00 -2.523189e+01 6.367347e+01
      vertex 4.169564e+00 -2.533227e+01 6.367347e+01
      vertex 4.035451e+00 -2.477771e+01 6.530612e+01
    endloop
  endfacet
  facet normal 1.004017e-01 -9.385834e-01 3.301222e-01
    outer loop
      vertex 5.044313e+00 -2.467531e+01 6.530612e+01
      vertex 4.876671e+00 -2.411900e+01 6.693878e+01
      vertex 3.901337e+00 -2.422333e+01 6.693878e+01
    endloop
  endfacet
  facet normal -9.542872e-02 9.401663e-01 -3.270789e-01
    outer loop
      vertex 5.044313e+00 -2.467531e+01 6.530612e+01
      vertex 4.035451e+00 -2.477771e+01 6.530612e+01
      vertex 3.901337e+00 -2.422333e+01 6.693878e+01
    endloop
  endfacet
  facet normal 1.057195e-01 -9.379469e-01 3.302710e-01
    outer loop
      vertex 4.876671e+00 -2.411900e+01 6.693878e+01
      vertex 4.709029e+00 -2.356300e+01 6.857143e+01
      vertex 3.767223e+00 -2.366916e+01 6.857143e+01
    endloop
  endfacet
  facet normal -1.005103e-01 9.395992e-01 -3.271864e-01
    outer loop
      vertex 4.876671e+00 -2.411900e+01 6.693878e+01
      vertex 3.901337e+00 -2.422333e+01 6.693878e+01
      vertex 3.767223e+00 -2.366916e+01 6.857143e+01
    endloop
  endfacet
  facet normal 1.112900e-01 -9.372568e-01 3.304002e-01
    outer loop
      vertex 4.709029e+00 -2.356300e+01 6.857143e+01
      vertex 4.541387e+00 -2.300737e+01 7.020408e+01
      vertex 3.633110e+00 -2.311522e+01 7.020408e+01
    endloop
  endfacet
  facet normal -1.058361e-01 9.389819e-01 -3.272793e-01
    outer loop
      vertex 4.709029e+00 -2.356300e+01 6.857143e+01
      vertex 3.767223e+00 -2.366916e+01 6.857143e+01
      vertex 3.633110e+00 -2.311522e+01 7.020408e+01
    endloop
  endfacet
  facet normal 1.171206e-01 -9.365091e-01 3.305050e-01
    outer loop
      vertex 4.541387e+00 -2.300737e+01 7.020408e+01
      vertex 4.373745e+00 -2.245215e+01 7.183673e+01
      vertex 3.498996e+00 -2.256155e+01 7.183673e+01
    endloop
  endfacet
  facet normal -1.114151e-01 9.383102e-01 -3.273541e-01
    outer loop
      vertex 4.541387e+00 -2.300737e+01 7.020408e+01
      vertex 3.633110e+00 -2.311522e+01 7.020408e+01
      vertex 3.498996e+00 -2.256155e+01 7.183673e+01
    endloop
  endfacet
  facet normal 1.232162e-01 -9.357003e-01 3.305794e-01
    outer loop
      vertex 4.373745e+00 -2.245215e+01 7.183673e+01
      vertex 4.206103e+00 -2.189742e+01 7.346939e+01
      vertex 3.364882e+00 -2.200819e+01 7.346939e+01
    endloop
  endfacet
  facet normal -1.172545e-01 9.375800e-01 -3.274067e-01
    outer loop
      vertex 4.373745e+00 -2.245215e+01 7.183673e+01
      vertex 3.498996e+00 -2.256155e+01 7.183673e+01
      vertex 3.364882e+00 -2.200819e+01 7.346939e+01
    endloop
  endfacet
  facet normal 1.295780e-01 -9.348274e-01 3.306165e-01
    outer loop
      vertex 4.206103e+00 -2.189742e+01 7.346939e+01
      vertex 4.038460e+00 -2.134324e+01 7.510204e+01
      vertex 3.230768e+00 -2.145520e+01 7.510204e+01
    endloop
  endfacet
  facet normal -1.233593e-01 9.367873e-01 -3.274324e-01
    outer loop
      vertex 4.206103e+00 -2.189742e+01 7.346939e+01
      vertex 3.364882e+00 -2.200819e+01 7.346939e+01
      vertex 3.230768e+00 -2.145520e+01 7.510204e+01
    endloop
  endfacet
  facet normal 1.362025e-01 -9.338882e-01 3.306082e-01
    outer loop
      vertex 4.038460e+00 -2.134324e+01 7.510204e+01
      vertex 3.870818e+00 -2.078971e+01 7.673469e+01
      vertex 3.096655e+00 -2.090262e+01 7.673469e+01
    endloop
  endfacet
  facet normal -1.297307e-01 9.359287e-01 -3.274255e-01
    outer loop
      vertex 4.038460e+00 -2.134324e+01 7.510204e+01
      vertex 3.230768e+00 -2.145520e+01 7.510204e+01
      vertex 3.096655e+00 -2.090262e+01 7.673469e+01
    endloop
  endfacet
  facet normal 1.430791e-01 -9.328818e-01 3.305449e-01
    outer loop
      vertex 3.870818e+00 -2.078971e+01 7.673469e+01
      vertex 3.703176e+00 -2.023693e+01 7.836735e+01
      vertex 2.962541e+00 -2.035053e+01 7.836735e+01
    endloop
  endfacet
  facet normal -1.363649e-01 9.350011e-01 -3.273798e-01
    outer loop
      vertex 3.870818e+00 -2.078971e+01 7.673469e+01
      vertex 3.096655e+00 -2.090262e+01 7.673469e+01
      vertex 2.962541e+00 -2.035053e+01 7.836735e+01
    endloop
  endfacet
  facet normal 1.501874e-01 -9.318096e-01 3.304159e-01
    outer loop
      vertex 3.703176e+00 -2.023693e+01 7.836735e+01
      vertex 3.535534e+00 -1.968502e+01 8.000000e+01
      vertex 2.828427e+00 -1.979899e+01 8.000000e+01
    endloop
  endfacet
  facet normal -1.432510e-01 9.340031e-01 -3.272879e-01
    outer loop
      vertex 3.703176e+00 -2.023693e+01 7.836735e+01
      vertex 2.962541e+00 -2.035053e+01 7.836735e+01
      vertex 2.828427e+00 -1.979899e+01 8.000000e+01
    endloop
  endfacet
  facet normal 8.549300e-04 -9.466272e-01 3.223295e-01
    outer loop
      vertex 9.400000e+00 -4.700000e+01 0.000000e+00
      vertex 9.265886e+00 -4.644420e+01 1.632653e+00
      vertex 6.949415e+00 -4.644629e+01 1.632653e+00
    endloop
  endfacet
  facet normal 0.000000e+00 9.470185e-01 -3.211790e-01
    outer loop
      vertex 9.400000e+00 -4.700000e+01 0.000000e+00
      vertex 7.050000e+00 -4.700000e+01 0.000000e+00
      vertex 6.949415e+00 -4.644629e+01 1.632653e+00
    endloop
  endfacet
  facet normal 1.734896e-03 -9.466041e-01 3.223938e-01
    outer loop
      vertex 9.265886e+00 -4.644420e+01 1.632653e+00
      vertex 9.131773e+00 -4.588840e+01 3.265306e+00
      vertex 6.848829e+00 -4.589258e+01 3.265306e+00
    endloop
  endfacet
  facet normal -8.552687e-04 9.470022e-01 -3.212261e-01
    outer loop
      vertex 9.265886e+00 -4.644420e+01 1.632653e+00
      vertex 6.949415e+00 -4.644629e+01 1.632653e+00
      vertex 6.848829e+00 -4.589258e+01 3.265306e+00
    endloop
  endfacet
  facet normal 2.640975e-03 -9.465795e-01 3.224596e-01
    outer loop
      vertex 9.131773e+00 -4.588840e+01 3.265306e+00
      vertex 8.997659e+00 -4.533259e+01 4.897959e+00
      vertex 6.748244e+00 -4.533887e+01 4.897959e+00
    endloop
  endfacet
  facet normal -1.735593e-03 9.469846e-01 -3.212742e-01
    outer loop
      vertex 9.131773e+00 -4.588840e+01 3.265306e+00
      vertex 6.848829e+00 -4.589258e+01 3.265306e+00
      vertex 6.748244e+00 -4.533887e+01 4.897959e+00
    endloop
  endfacet
  facet normal 3.574305e-03 -9.465535e-01 3.225271e-01
    outer loop
      vertex 8.997659e+00 -4.533259e+01 4.897959e+00
      vertex 8.863545e+00 -4.477679e+01 6.530612e+00
      vertex 6.647659e+00 -4.478516e+01 6.530612e+00
    endloop
  endfacet
  facet normal -2.642052e-03 9.469658e-01 -3.213235e-01
    outer loop
      vertex 8.997659e+00 -4.533259e+01 4.897959e+00
      vertex 6.748244e+00 -4.533887e+01 4.897959e+00
      vertex 6.647659e+00 -4.478516e+01 6.530612e+00
    endloop
  endfacet
  facet normal 4.536088e-03 -9.465258e-01 3.225961e-01
    outer loop
      vertex 8.863545e+00 -4.477679e+01 6.530612e+00
      vertex 8.729431e+00 -4.422099e+01 8.163265e+00
      vertex 6.547074e+00 -4.423145e+01 8.163265e+00
    endloop
  endfacet
  facet normal -3.575785e-03 9.469456e-01 -3.213739e-01
    outer loop
      vertex 8.863545e+00 -4.477679e+01 6.530612e+00
      vertex 6.647659e+00 -4.478516e+01 6.530612e+00
      vertex 6.547074e+00 -4.423145e+01 8.163265e+00
    endloop
  endfacet
  facet normal 5.527595e-03 -9.464964e-01 3.226669e-01
    outer loop
      vertex 8.729431e+00 -4.422099e+01 8.163265e+00
      vertex 8.595318e+00 -4.366519e+01 9.795918e+00
      vertex 6.446488e+00 -4.367774e+01 9.795918e+00
    endloop
  endfacet
  facet normal -4.537996e-03 9.469240e-01 -3.214254e-01
    outer loop
      vertex 8.729431e+00 -4.422099e+01 8.163265e+00
      vertex 6.547074e+00 -4.423145e+01 8.163265e+00
      vertex 6.446488e+00 -4.367774e+01 9.795918e+00
    endloop
  endfacet
  facet normal 6.550169e-03 -9.464652e-01 3.227394e-01
    outer loop
      vertex 8.595318e+00 -4.366519e+01 9.795918e+00
      vertex 8.461204e+00 -4.310940e+01 1.142857e+01
      vertex 6.345903e+00 -4.312404e+01 1.142857e+01
    endloop
  endfacet
  facet normal -5.529956e-03 9.469009e-01 -3.214781e-01
    outer loop
      vertex 8.595318e+00 -4.366519e+01 9.795918e+00
      vertex 6.446488e+00 -4.367774e+01 9.795918e+00
      vertex 6.345903e+00 -4.312404e+01 1.142857e+01
    endloop
  endfacet
  facet normal 7.605235e-03 -9.464320e-01 3.228136e-01
    outer loop
      vertex 8.461204e+00 -4.310940e+01 1.142857e+01
      vertex 8.327090e+00 -4.255360e+01 1.306122e+01
      vertex 6.245318e+00 -4.257033e+01 1.306122e+01
    endloop
  endfacet
  facet normal -6.553012e-03 9.468760e-01 -3.215321e-01
    outer loop
      vertex 8.461204e+00 -4.310940e+01 1.142857e+01
      vertex 6.345903e+00 -4.312404e+01 1.142857e+01
      vertex 6.245318e+00 -4.257033e+01 1.306122e+01
    endloop
  endfacet
  facet normal 8.694297e-03 -9.463967e-01 3.228897e-01
    outer loop
      vertex 8.327090e+00 -4.255360e+01 1.306122e+01
      vertex 8.192976e+00 -4.199781e+01 1.469388e+01
      vertex 6.144732e+00 -4.201662e+01 1.469388e+01
    endloop
  endfacet
  facet normal -7.608588e-03 9.468494e-01 -3.215873e-01
    outer loop
      vertex 8.327090e+00 -4.255360e+01 1.306122e+01
      vertex 6.245318e+00 -4.257033e+01 1.306122e+01
      vertex 6.144732e+00 -4.201662e+01 1.469388e+01
    endloop
  endfacet
  facet normal 9.818953e-03 -9.463591e-01 3.229677e-01
    outer loop
      vertex 8.192976e+00 -4.199781e+01 1.469388e+01
      vertex 8.058863e+00 -4.144202e+01 1.632653e+01
      vertex 6.044147e+00 -4.146292e+01 1.632653e+01
    endloop
  endfacet
  facet normal -8.698193e-03 9.468208e-01 -3.216439e-01
    outer loop
      vertex 8.192976e+00 -4.199781e+01 1.469388e+01
      vertex 6.144732e+00 -4.201662e+01 1.469388e+01
      vertex 6.044147e+00 -4.146292e+01 1.632653e+01
    endloop
  endfacet
  facet normal 1.098090e-02 -9.463190e-01 3.230476e-01
    outer loop
      vertex 8.058863e+00 -4.144202e+01 1.632653e+01
      vertex 7.924749e+00 -4.088623e+01 1.795918e+01
      vertex 5.943562e+00 -4.090922e+01 1.795918e+01
    endloop
  endfacet
  facet normal -9.823426e-03 9.467901e-01 -3.217017e-01
    outer loop
      vertex 8.058863e+00 -4.144202e+01 1.632653e+01
      vertex 6.044147e+00 -4.146292e+01 1.632653e+01
      vertex 5.943562e+00 -4.090922e+01 1.795918e+01
    endloop
  endfacet
  facet normal 1.218192e-02 -9.462764e-01 3.231295e-01
    outer loop
      vertex 7.924749e+00 -4.088623e+01 1.795918e+01
      vertex 7.790635e+00 -4.033045e+01 1.959184e+01
      vertex 5.842976e+00 -4.035552e+01 1.959184e+01
    endloop
  endfacet
  facet normal -1.098598e-02 9.467572e-01 -3.217609e-01
    outer loop
      vertex 7.924749e+00 -4.088623e+01 1.795918e+01
      vertex 5.943562e+00 -4.090922e+01 1.795918e+01
      vertex 5.842976e+00 -4.035552e+01 1.959184e+01
    endloop
  endfacet
  facet normal 1.342393e-02 -9.462309e-01 3.232134e-01
    outer loop
      vertex 7.790635e+00 -4.033045e+01 1.959184e+01
      vertex 7.656521e+00 -3.977467e+01 2.122449e+01
      vertex 5.742391e+00 -3.980182e+01 2.122449e+01
    endloop
  endfacet
  facet normal -1.218766e-02 9.467219e-01 -3.218214e-01
    outer loop
      vertex 7.790635e+00 -4.033045e+01 1.959184e+01
      vertex 5.842976e+00 -4.035552e+01 1.959184e+01
      vertex 5.742391e+00 -3.980182e+01 2.122449e+01
    endloop
  endfacet
  facet normal 1.470895e-02 -9.461824e-01 3.232994e-01
    outer loop
      vertex 7.656521e+00 -3.977467e+01 2.122449e+01
      vertex 7.522408e+00 -3.921889e+01 2.285714e+01
      vertex 5.641806e+00 -3.924813e+01 2.285714e+01
    endloop
  endfacet
  facet normal -1.343036e-02 9.466841e-01 -3.218834e-01
    outer loop
      vertex 7.656521e+00 -3.977467e+01 2.122449e+01
      vertex 5.742391e+00 -3.980182e+01 2.122449e+01
      vertex 5.641806e+00 -3.924813e+01 2.285714e+01
    endloop
  endfacet
  facet normal 1.603914e-02 -9.461307e-01 3.233876e-01
    outer loop
      vertex 7.522408e+00 -3.921889e+01 2.285714e+01
      vertex 7.388294e+00 -3.866313e+01 2.448980e+01
      vertex 5.541221e+00 -3.869444e+01 2.448980e+01
    endloop
  endfacet
  facet normal -1.471612e-02 9.466434e-01 -3.219468e-01
    outer loop
      vertex 7.522408e+00 -3.921889e+01 2.285714e+01
      vertex 5.641806e+00 -3.924813e+01 2.285714e+01
      vertex 5.541221e+00 -3.869444e+01 2.448980e+01
    endloop
  endfacet
  facet normal 1.741677e-02 -9.460754e-01 3.234779e-01
    outer loop
      vertex 7.388294e+00 -3.866313e+01 2.448980e+01
      vertex 7.254180e+00 -3.810737e+01 2.612245e+01
      vertex 5.440635e+00 -3.814075e+01 2.612245e+01
    endloop
  endfacet
  facet normal -1.604709e-02 9.465997e-01 -3.220117e-01
    outer loop
      vertex 7.388294e+00 -3.866313e+01 2.448980e+01
      vertex 5.541221e+00 -3.869444e+01 2.448980e+01
      vertex 5.440635e+00 -3.814075e+01 2.612245e+01
    endloop
  endfacet
  facet normal 1.884429e-02 -9.460164e-01 3.235704e-01
    outer loop
      vertex 7.254180e+00 -3.810737e+01 2.612245e+01
      vertex 7.120067e+00 -3.755161e+01 2.775510e+01
      vertex 5.340050e+00 -3.758707e+01 2.775510e+01
    endloop
  endfacet
  facet normal -1.742556e-02 9.465527e-01 -3.220780e-01
    outer loop
      vertex 7.254180e+00 -3.810737e+01 2.612245e+01
      vertex 5.440635e+00 -3.814075e+01 2.612245e+01
      vertex 5.340050e+00 -3.758707e+01 2.775510e+01
    endloop
  endfacet
  facet normal 2.032427e-02 -9.459533e-01 3.236653e-01
    outer loop
      vertex 7.120067e+00 -3.755161e+01 2.775510e+01
      vertex 6.985953e+00 -3.699587e+01 2.938776e+01
      vertex 5.239465e+00 -3.703339e+01 2.938776e+01
    endloop
  endfacet
  facet normal -1.885396e-02 9.465023e-01 -3.221459e-01
    outer loop
      vertex 7.120067e+00 -3.755161e+01 2.775510e+01
      vertex 5.340050e+00 -3.758707e+01 2.775510e+01
      vertex 5.239465e+00 -3.703339e+01 2.938776e+01
    endloop
  endfacet
  facet normal 2.185948e-02 -9.458859e-01 3.237624e-01
    outer loop
      vertex 6.985953e+00 -3.699587e+01 2.938776e+01
      vertex 6.851839e+00 -3.644014e+01 3.102041e+01
      vertex 5.138879e+00 -3.647972e+01 3.102041e+01
    endloop
  endfacet
  facet normal -2.033490e-02 9.464480e-01 -3.222153e-01
    outer loop
      vertex 6.985953e+00 -3.699587e+01 2.938776e+01
      vertex 5.239465e+00 -3.703339e+01 2.938776e+01
      vertex 5.138879e+00 -3.647972e+01 3.102041e+01
    endloop
  endfacet
  facet normal 2.345286e-02 -9.458137e-01 3.238618e-01
    outer loop
      vertex 6.851839e+00 -3.644014e+01 3.102041e+01
      vertex 6.717725e+00 -3.588442e+01 3.265306e+01
      vertex 5.038294e+00 -3.592606e+01 3.265306e+01
    endloop
  endfacet
  facet normal -2.187112e-02 9.463896e-01 -3.222862e-01
    outer loop
      vertex 6.851839e+00 -3.644014e+01 3.102041e+01
      vertex 5.138879e+00 -3.647972e+01 3.102041e+01
      vertex 5.038294e+00 -3.592606e+01 3.265306e+01
    endloop
  endfacet
  facet normal 2.510752e-02 -9.457363e-01 3.239636e-01
    outer loop
      vertex 6.717725e+00 -3.588442e+01 3.265306e+01
      vertex 6.583612e+00 -3.532871e+01 3.428571e+01
      vertex 4.937709e+00 -3.537240e+01 3.428571e+01
    endloop
  endfacet
  facet normal -2.346558e-02 9.463267e-01 -3.223586e-01
    outer loop
      vertex 6.717725e+00 -3.588442e+01 3.265306e+01
      vertex 5.038294e+00 -3.592606e+01 3.265306e+01
      vertex 4.937709e+00 -3.537240e+01 3.428571e+01
    endloop
  endfacet
  facet normal 2.682681e-02 -9.456534e-01 3.240678e-01
    outer loop
      vertex 6.583612e+00 -3.532871e+01 3.428571e+01
      vertex 6.449498e+00 -3.477302e+01 3.591837e+01
      vertex 4.837123e+00 -3.481876e+01 3.591837e+01
    endloop
  endfacet
  facet normal -2.512140e-02 9.462590e-01 -3.224326e-01
    outer loop
      vertex 6.583612e+00 -3.532871e+01 3.428571e+01
      vertex 4.937709e+00 -3.537240e+01 3.428571e+01
      vertex 4.837123e+00 -3.481876e+01 3.591837e+01
    endloop
  endfacet
  facet normal 2.861428e-02 -9.455645e-01 3.241743e-01
    outer loop
      vertex 6.449498e+00 -3.477302e+01 3.591837e+01
      vertex 6.315384e+00 -3.421734e+01 3.755102e+01
      vertex 4.736538e+00 -3.426512e+01 3.755102e+01
    endloop
  endfacet
  facet normal -2.684192e-02 9.461860e-01 -3.225081e-01
    outer loop
      vertex 6.449498e+00 -3.477302e+01 3.591837e+01
      vertex 4.837123e+00 -3.481876e+01 3.591837e+01
      vertex 4.736538e+00 -3.426512e+01 3.755102e+01
    endloop
  endfacet
  facet normal 3.047371e-02 -9.454691e-01 3.242832e-01
    outer loop
      vertex 6.315384e+00 -3.421734e+01 3.755102e+01
      vertex 6.181270e+00 -3.366169e+01 3.918367e+01
      vertex 4.635953e+00 -3.371149e+01 3.918367e+01
    endloop
  endfacet
  facet normal -2.863070e-02 9.461074e-01 -3.225851e-01
    outer loop
      vertex 6.315384e+00 -3.421734e+01 3.755102e+01
      vertex 4.736538e+00 -3.426512e+01 3.755102e+01
      vertex 4.635953e+00 -3.371149e+01 3.918367e+01
    endloop
  endfacet
  facet normal 3.240916e-02 -9.453666e-01 3.243943e-01
    outer loop
      vertex 6.181270e+00 -3.366169e+01 3.918367e+01
      vertex 6.047157e+00 -3.310605e+01 4.081633e+01
      vertex 4.535368e+00 -3.315788e+01 4.081633e+01
    endloop
  endfacet
  facet normal -3.049155e-02 9.460225e-01 -3.226636e-01
    outer loop
      vertex 6.181270e+00 -3.366169e+01 3.918367e+01
      vertex 4.635953e+00 -3.371149e+01 3.918367e+01
      vertex 4.535368e+00 -3.315788e+01 4.081633e+01
    endloop
  endfacet
  facet normal 3.442493e-02 -9.452564e-01 3.245078e-01
    outer loop
      vertex 6.047157e+00 -3.310605e+01 4.081633e+01
      vertex 5.913043e+00 -3.255045e+01 4.244898e+01
      vertex 4.434782e+00 -3.260428e+01 4.244898e+01
    endloop
  endfacet
  facet normal -3.242851e-02 9.459308e-01 -3.227434e-01
    outer loop
      vertex 6.047157e+00 -3.310605e+01 4.081633e+01
      vertex 4.535368e+00 -3.315788e+01 4.081633e+01
      vertex 4.434782e+00 -3.260428e+01 4.244898e+01
    endloop
  endfacet
  facet normal 3.652561e-02 -9.451378e-01 3.246234e-01
    outer loop
      vertex 5.913043e+00 -3.255045e+01 4.244898e+01
      vertex 5.778929e+00 -3.199487e+01 4.408163e+01
      vertex 4.334197e+00 -3.205070e+01 4.408163e+01
    endloop
  endfacet
  facet normal -3.444589e-02 9.458318e-01 -3.228246e-01
    outer loop
      vertex 5.913043e+00 -3.255045e+01 4.244898e+01
      vertex 4.434782e+00 -3.260428e+01 4.244898e+01
      vertex 4.334197e+00 -3.205070e+01 4.408163e+01
    endloop
  endfacet
  facet normal 3.871609e-02 -9.450102e-01 3.247411e-01
    outer loop
      vertex 5.778929e+00 -3.199487e+01 4.408163e+01
      vertex 5.644815e+00 -3.143932e+01 4.571429e+01
      vertex 4.233612e+00 -3.149713e+01 4.571429e+01
    endloop
  endfacet
  facet normal -3.654829e-02 9.457247e-01 -3.229071e-01
    outer loop
      vertex 5.778929e+00 -3.199487e+01 4.408163e+01
      vertex 4.334197e+00 -3.205070e+01 4.408163e+01
      vertex 4.233612e+00 -3.149713e+01 4.571429e+01
    endloop
  endfacet
  facet normal 4.100159e-02 -9.448727e-01 3.248608e-01
    outer loop
      vertex 5.644815e+00 -3.143932e+01 4.571429e+01
      vertex 5.510702e+00 -3.088381e+01 4.734694e+01
      vertex 4.133026e+00 -3.094359e+01 4.734694e+01
    endloop
  endfacet
  facet normal -3.874062e-02 9.456089e-01 -3.229907e-01
    outer loop
      vertex 5.644815e+00 -3.143932e+01 4.571429e+01
      vertex 4.233612e+00 -3.149713e+01 4.571429e+01
      vertex 4.133026e+00 -3.094359e+01 4.734694e+01
    endloop
  endfacet
  facet normal 4.338765e-02 -9.447244e-01 3.249822e-01
    outer loop
      vertex 5.510702e+00 -3.088381e+01 4.734694e+01
      vertex 5.376588e+00 -3.032834e+01 4.897959e+01
      vertex 4.032441e+00 -3.039007e+01 4.897959e+01
    endloop
  endfacet
  facet normal -4.102810e-02 9.454835e-01 -3.230753e-01
    outer loop
      vertex 5.510702e+00 -3.088381e+01 4.734694e+01
      vertex 4.133026e+00 -3.094359e+01 4.734694e+01
      vertex 4.032441e+00 -3.039007e+01 4.897959e+01
    endloop
  endfacet
  facet normal 4.588014e-02 -9.445643e-01 3.251050e-01
    outer loop
      vertex 5.376588e+00 -3.032834e+01 4.897959e+01
      vertex 5.242474e+00 -2.977292e+01 5.061224e+01
      vertex 3.931856e+00 -2.983658e+01 5.061224e+01
    endloop
  endfacet
  facet normal -4.341627e-02 9.453477e-01 -3.231607e-01
    outer loop
      vertex 5.376588e+00 -3.032834e+01 4.897959e+01
      vertex 4.032441e+00 -3.039007e+01 4.897959e+01
      vertex 3.931856e+00 -2.983658e+01 5.061224e+01
    endloop
  endfacet
  facet normal 4.848532e-02 -9.443914e-01 3.252291e-01
    outer loop
      vertex 5.242474e+00 -2.977292e+01 5.061224e+01
      vertex 5.108361e+00 -2.921755e+01 5.224490e+01
      vertex 3.831270e+00 -2.928312e+01 5.224490e+01
    endloop
  endfacet
  facet normal -4.591104e-02 9.452004e-01 -3.232467e-01
    outer loop
      vertex 5.242474e+00 -2.977292e+01 5.061224e+01
      vertex 3.931856e+00 -2.983658e+01 5.061224e+01
      vertex 3.831270e+00 -2.928312e+01 5.224490e+01
    endloop
  endfacet
  facet normal 5.120979e-02 -9.442046e-01 3.253540e-01
    outer loop
      vertex 5.108361e+00 -2.921755e+01 5.224490e+01
      vertex 4.974247e+00 -2.866225e+01 5.387755e+01
      vertex 3.730685e+00 -2.872969e+01 5.387755e+01
    endloop
  endfacet
  facet normal -4.851865e-02 9.450406e-01 -3.233329e-01
    outer loop
      vertex 5.108361e+00 -2.921755e+01 5.224490e+01
      vertex 3.831270e+00 -2.928312e+01 5.224490e+01
      vertex 3.730685e+00 -2.872969e+01 5.387755e+01
    endloop
  endfacet
  facet normal 5.406050e-02 -9.440025e-01 3.254792e-01
    outer loop
      vertex 4.974247e+00 -2.866225e+01 5.387755e+01
      vertex 4.840133e+00 -2.810701e+01 5.551020e+01
      vertex 3.630100e+00 -2.817631e+01 5.551020e+01
    endloop
  endfacet
  facet normal -5.124572e-02 9.448671e-01 -3.234192e-01
    outer loop
      vertex 4.974247e+00 -2.866225e+01 5.387755e+01
      vertex 3.730685e+00 -2.872969e+01 5.387755e+01
      vertex 3.630100e+00 -2.817631e+01 5.551020e+01
    endloop
  endfacet
  facet normal 5.704479e-02 -9.437838e-01 3.256042e-01
    outer loop
      vertex 4.840133e+00 -2.810701e+01 5.551020e+01
      vertex 4.706019e+00 -2.755185e+01 5.714286e+01
      vertex 3.529515e+00 -2.762297e+01 5.714286e+01
    endloop
  endfacet
  facet normal -5.409923e-02 9.446787e-01 -3.235049e-01
    outer loop
      vertex 4.840133e+00 -2.810701e+01 5.551020e+01
      vertex 3.630100e+00 -2.817631e+01 5.551020e+01
      vertex 3.529515e+00 -2.762297e+01 5.714286e+01
    endloop
  endfacet
  facet normal 6.017030e-02 -9.435469e-01 3.257281e-01
    outer loop
      vertex 4.706019e+00 -2.755185e+01 5.714286e+01
      vertex 4.571906e+00 -2.699679e+01 5.877551e+01
      vertex 3.428929e+00 -2.706968e+01 5.877551e+01
    endloop
  endfacet
  facet normal -5.708650e-02 9.444738e-01 -3.235897e-01
    outer loop
      vertex 4.706019e+00 -2.755185e+01 5.714286e+01
      vertex 3.529515e+00 -2.762297e+01 5.714286e+01
      vertex 3.428929e+00 -2.706968e+01 5.877551e+01
    endloop
  endfacet
  facet normal 6.344498e-02 -9.432902e-01 3.258503e-01
    outer loop
      vertex 4.571906e+00 -2.699679e+01 5.877551e+01
      vertex 4.437792e+00 -2.644182e+01 6.040816e+01
      vertex 3.328344e+00 -2.651645e+01 6.040816e+01
    endloop
  endfacet
  facet normal -6.021520e-02 9.442510e-01 -3.236729e-01
    outer loop
      vertex 4.571906e+00 -2.699679e+01 5.877551e+01
      vertex 3.428929e+00 -2.706968e+01 5.877551e+01
      vertex 3.328344e+00 -2.651645e+01 6.040816e+01
    endloop
  endfacet
  facet normal 6.687699e-02 -9.430118e-01 3.259695e-01
    outer loop
      vertex 4.437792e+00 -2.644182e+01 6.040816e+01
      vertex 4.303678e+00 -2.588698e+01 6.204082e+01
      vertex 3.227759e+00 -2.596328e+01 6.204082e+01
    endloop
  endfacet
  facet normal -6.349329e-02 9.440085e-01 -3.237538e-01
    outer loop
      vertex 4.437792e+00 -2.644182e+01 6.040816e+01
      vertex 3.328344e+00 -2.651645e+01 6.040816e+01
      vertex 3.227759e+00 -2.596328e+01 6.204082e+01
    endloop
  endfacet
  facet normal 7.047467e-02 -9.427100e-01 3.260846e-01
    outer loop
      vertex 4.303678e+00 -2.588698e+01 6.204082e+01
      vertex 4.169564e+00 -2.533227e+01 6.367347e+01
      vertex 3.127173e+00 -2.541020e+01 6.367347e+01
    endloop
  endfacet
  facet normal -6.692895e-02 9.437445e-01 -3.238316e-01
    outer loop
      vertex 4.303678e+00 -2.588698e+01 6.204082e+01
      vertex 3.227759e+00 -2.596328e+01 6.204082e+01
      vertex 3.127173e+00 -2.541020e+01 6.367347e+01
    endloop
  endfacet
  facet normal 7.424634e-02 -9.423826e-01 3.261939e-01
    outer loop
      vertex 4.169564e+00 -2.533227e+01 6.367347e+01
      vertex 4.035451e+00 -2.477771e+01 6.530612e+01
      vertex 3.026588e+00 -2.485720e+01 6.530612e+01
    endloop
  endfacet
  facet normal -7.053050e-02 9.434569e-01 -3.239052e-01
    outer loop
      vertex 4.169564e+00 -2.533227e+01 6.367347e+01
      vertex 3.127173e+00 -2.541020e+01 6.367347e+01
      vertex 3.026588e+00 -2.485720e+01 6.530612e+01
    endloop
  endfacet
  facet normal 7.820016e-02 -9.420275e-01 3.262957e-01
    outer loop
      vertex 4.035451e+00 -2.477771e+01 6.530612e+01
      vertex 3.901337e+00 -2.422333e+01 6.693878e+01
      vertex 2.926003e+00 -2.430430e+01 6.693878e+01
    endloop
  endfacet
  facet normal -7.430630e-02 9.431436e-01 -3.239733e-01
    outer loop
      vertex 4.035451e+00 -2.477771e+01 6.530612e+01
      vertex 3.026588e+00 -2.485720e+01 6.530612e+01
      vertex 2.926003e+00 -2.430430e+01 6.693878e+01
    endloop
  endfacet
  facet normal 8.234383e-02 -9.416425e-01 3.263877e-01
    outer loop
      vertex 3.901337e+00 -2.422333e+01 6.693878e+01
      vertex 3.767223e+00 -2.366916e+01 6.857143e+01
      vertex 2.825417e+00 -2.375152e+01 6.857143e+01
    endloop
  endfacet
  facet normal -7.826448e-02 9.428024e-01 -3.240346e-01
    outer loop
      vertex 3.901337e+00 -2.422333e+01 6.693878e+01
      vertex 2.926003e+00 -2.430430e+01 6.693878e+01
      vertex 2.825417e+00 -2.375152e+01 6.857143e+01
    endloop
  endfacet
  facet normal 8.668428e-02 -9.412253e-01 3.264672e-01
    outer loop
      vertex 3.767223e+00 -2.366916e+01 6.857143e+01
      vertex 3.633110e+00 -2.311522e+01 7.020408e+01
      vertex 2.724832e+00 -2.319887e+01 7.020408e+01
    endloop
  endfacet
  facet normal -8.241276e-02 9.424307e-01 -3.240872e-01
    outer loop
      vertex 3.767223e+00 -2.366916e+01 6.857143e+01
      vertex 2.825417e+00 -2.375152e+01 6.857143e+01
      vertex 2.724832e+00 -2.319887e+01 7.020408e+01
    endloop
  endfacet
  facet normal 9.122715e-02 -9.407736e-01 3.265312e-01
    outer loop
      vertex 3.633110e+00 -2.311522e+01 7.020408e+01
      vertex 3.498996e+00 -2.256155e+01 7.183673e+01
      vertex 2.624247e+00 -2.264637e+01 7.183673e+01
    endloop
  endfacet
  facet normal -8.675804e-02 9.420262e-01 -3.241292e-01
    outer loop
      vertex 3.633110e+00 -2.311522e+01 7.020408e+01
      vertex 2.724832e+00 -2.319887e+01 7.020408e+01
      vertex 2.624247e+00 -2.264637e+01 7.183673e+01
    endloop
  endfacet
  facet normal 9.597615e-02 -9.402855e-01 3.265758e-01
    outer loop
      vertex 3.498996e+00 -2.256155e+01 7.183673e+01
      vertex 3.364882e+00 -2.200819e+01 7.346939e+01
      vertex 2.523662e+00 -2.209406e+01 7.346939e+01
    endloop
  endfacet
  facet normal -9.130595e-02 9.415862e-01 -3.241583e-01
    outer loop
      vertex 3.498996e+00 -2.256155e+01 7.183673e+01
      vertex 2.624247e+00 -2.264637e+01 7.183673e+01
      vertex 2.523662e+00 -2.209406e+01 7.346939e+01
    endloop
  endfacet
  facet normal 1.009322e-01 -9.397592e-01 3.265967e-01
    outer loop
      vertex 3.364882e+00 -2.200819e+01 7.346939e+01
      vertex 3.230768e+00 -2.145520e+01 7.510204e+01
      vertex 2.423076e+00 -2.154195e+01 7.510204e+01
    endloop
  endfacet
  facet normal -9.606015e-02 9.411085e-01 -3.241716e-01
    outer loop
      vertex 3.364882e+00 -2.200819e+01 7.346939e+01
      vertex 2.523662e+00 -2.209406e+01 7.346939e+01
      vertex 2.423076e+00 -2.154195e+01 7.510204e+01
    endloop
  endfacet
  facet normal 1.060922e-01 -9.391934e-01 3.265887e-01
    outer loop
      vertex 3.230768e+00 -2.145520e+01 7.510204e+01
      vertex 3.096655e+00 -2.090262e+01 7.673469e+01
      vertex 2.322491e+00 -2.099007e+01 7.673469e+01
    endloop
  endfacet
  facet normal -1.010215e-01 9.405908e-01 -3.241659e-01
    outer loop
      vertex 3.230768e+00 -2.145520e+01 7.510204e+01
      vertex 2.423076e+00 -2.154195e+01 7.510204e+01
      vertex 2.322491e+00 -2.099007e+01 7.673469e+01
    endloop
  endfacet
  facet normal 1.114476e-01 -9.385879e-01 3.265459e-01
    outer loop
      vertex 3.096655e+00 -2.090262e+01 7.673469e+01
      vertex 2.962541e+00 -2.035053e+01 7.836735e+01
      vertex 2.221906e+00 -2.043847e+01 7.836735e+01
    endloop
  endfacet
  facet normal -1.061868e-01 9.400315e-01 -3.241376e-01
    outer loop
      vertex 3.096655e+00 -2.090262e+01 7.673469e+01
      vertex 2.322491e+00 -2.099007e+01 7.673469e+01
      vertex 2.221906e+00 -2.043847e+01 7.836735e+01
    endloop
  endfacet
  facet normal 1.169824e-01 -9.379436e-01 3.264613e-01
    outer loop
      vertex 2.962541e+00 -2.035053e+01 7.836735e+01
      vertex 2.828427e+00 -1.979899e+01 8.000000e+01
      vertex 2.121320e+00 -1.988718e+01 8.000000e+01
    endloop
  endfacet
  facet normal -1.115475e-01 9.394294e-01 -3.240826e-01
    outer loop
      vertex 2.962541e+00 -2.035053e+01 7.836735e+01
      vertex 2.221906e+00 -2.043847e+01 7.836735e+01
      vertex 2.121320e+00 -1.988718e+01 8.000000e+01
    endloop
  endfacet
  facet normal 6.109091e-04 -9.470069e-01 3.212127e-01
    outer loop
      vertex 7.050000e+00 -4.700000e+01 0.000000e+00
      vertex 6.949415e+00 -4.644629e+01 1.632653e+00
      vertex 4.632943e+00 -4.644778e+01 1.632653e+00
    endloop
  endfacet
  facet normal 0.000000e+00 9.472819e-01 -3.204013e-01
    outer loop
      vertex 7.050000e+00 -4.700000e+01 0.000000e+00
      vertex 4.700000e+00 -4.700000e+01 0.000000e+00
      vertex 4.632943e+00 -4.644778e+01 1.632653e+00
    endloop
  endfacet
  facet normal 1.239721e-03 -9.469946e-01 3.212472e-01
    outer loop
      vertex 6.949415e+00 -4.644629e+01 1.632653e+00
      vertex 6.848829e+00 -4.589258e+01 3.265306e+00
      vertex 4.565886e+00 -4.589557e+01 3.265306e+00
    endloop
  endfacet
  facet normal -6.110815e-04 9.472741e-01 -3.204237e-01
    outer loop
      vertex 6.949415e+00 -4.644629e+01 1.632653e+00
      vertex 4.632943e+00 -4.644778e+01 1.632653e+00
      vertex 4.565886e+00 -4.589557e+01 3.265306e+00
    endloop
  endfacet
  facet normal 1.887208e-03 -9.469815e-01 3.212825e-01
    outer loop
      vertex 6.848829e+00 -4.589258e+01 3.265306e+00
      vertex 6.748244e+00 -4.533887e+01 4.897959e+00
      vertex 4.498829e+00 -4.534335e+01 4.897959e+00
    endloop
  endfacet
  facet normal -1.240076e-03 9.472658e-01 -3.204467e-01
    outer loop
      vertex 6.848829e+00 -4.589258e+01 3.265306e+00
      vertex 4.565886e+00 -4.589557e+01 3.265306e+00
      vertex 4.498829e+00 -4.534335e+01 4.897959e+00
    endloop
  endfacet
  facet normal 2.554183e-03 -9.469677e-01 3.213187e-01
    outer loop
      vertex 6.748244e+00 -4.533887e+01 4.897959e+00
      vertex 6.647659e+00 -4.478516e+01 6.530612e+00
      vertex 4.431773e+00 -4.479114e+01 6.530612e+00
    endloop
  endfacet
  facet normal -1.887757e-03 9.472567e-01 -3.204701e-01
    outer loop
      vertex 6.748244e+00 -4.533887e+01 4.897959e+00
      vertex 4.498829e+00 -4.534335e+01 4.897959e+00
      vertex 4.431773e+00 -4.479114e+01 6.530612e+00
    endloop
  endfacet
  facet normal 3.241507e-03 -9.469530e-01 3.213557e-01
    outer loop
      vertex 6.647659e+00 -4.478516e+01 6.530612e+00
      vertex 6.547074e+00 -4.423145e+01 8.163265e+00
      vertex 4.364716e+00 -4.423892e+01 8.163265e+00
    endloop
  endfacet
  facet normal -2.554937e-03 9.472471e-01 -3.204941e-01
    outer loop
      vertex 6.647659e+00 -4.478516e+01 6.530612e+00
      vertex 4.431773e+00 -4.479114e+01 6.530612e+00
      vertex 4.364716e+00 -4.423892e+01 8.163265e+00
    endloop
  endfacet
  facet normal 3.950088e-03 -9.469374e-01 3.213937e-01
    outer loop
      vertex 6.547074e+00 -4.423145e+01 8.163265e+00
      vertex 6.446488e+00 -4.367774e+01 9.795918e+00
      vertex 4.297659e+00 -4.368671e+01 9.795918e+00
    endloop
  endfacet
  facet normal -3.242478e-03 9.472367e-01 -3.205186e-01
    outer loop
      vertex 6.547074e+00 -4.423145e+01 8.163265e+00
      vertex 4.364716e+00 -4.423892e+01 8.163265e+00
      vertex 4.297659e+00 -4.368671e+01 9.795918e+00
    endloop
  endfacet
  facet normal 4.680890e-03 -9.469209e-01 3.214326e-01
    outer loop
      vertex 6.446488e+00 -4.367774e+01 9.795918e+00
      vertex 6.345903e+00 -4.312404e+01 1.142857e+01
      vertex 4.230602e+00 -4.313449e+01 1.142857e+01
    endloop
  endfacet
  facet normal -3.951290e-03 9.472255e-01 -3.205437e-01
    outer loop
      vertex 6.446488e+00 -4.367774e+01 9.795918e+00
      vertex 4.297659e+00 -4.368671e+01 9.795918e+00
      vertex 4.230602e+00 -4.313449e+01 1.142857e+01
    endloop
  endfacet
  facet normal 5.434930e-03 -9.469033e-01 3.214725e-01
    outer loop
      vertex 6.345903e+00 -4.312404e+01 1.142857e+01
      vertex 6.245318e+00 -4.257033e+01 1.306122e+01
      vertex 4.163545e+00 -4.258228e+01 1.306122e+01
    endloop
  endfacet
  facet normal -4.682336e-03 9.472135e-01 -3.205694e-01
    outer loop
      vertex 6.345903e+00 -4.312404e+01 1.142857e+01
      vertex 4.230602e+00 -4.313449e+01 1.142857e+01
      vertex 4.163545e+00 -4.258228e+01 1.306122e+01
    endloop
  endfacet
  facet normal 6.213286e-03 -9.468847e-01 3.215134e-01
    outer loop
      vertex 6.245318e+00 -4.257033e+01 1.306122e+01
      vertex 6.144732e+00 -4.201662e+01 1.469388e+01
      vertex 4.096488e+00 -4.203006e+01 1.469388e+01
    endloop
  endfacet
  facet normal -5.436636e-03 9.472005e-01 -3.205957e-01
    outer loop
      vertex 6.245318e+00 -4.257033e+01 1.306122e+01
      vertex 4.163545e+00 -4.258228e+01 1.306122e+01
      vertex 4.096488e+00 -4.203006e+01 1.469388e+01
    endloop
  endfacet
  facet normal 7.017101e-03 -9.468648e-01 3.215552e-01
    outer loop
      vertex 6.144732e+00 -4.201662e+01 1.469388e+01
      vertex 6.044147e+00 -4.146292e+01 1.632653e+01
      vertex 4.029431e+00 -4.147785e+01 1.632653e+01
    endloop
  endfacet
  facet normal -6.215268e-03 9.471866e-01 -3.206226e-01
    outer loop
      vertex 6.144732e+00 -4.201662e+01 1.469388e+01
      vertex 4.096488e+00 -4.203006e+01 1.469388e+01
      vertex 4.029431e+00 -4.147785e+01 1.632653e+01
    endloop
  endfacet
  facet normal 7.847587e-03 -9.468437e-01 3.215981e-01
    outer loop
      vertex 6.044147e+00 -4.146292e+01 1.632653e+01
      vertex 5.943562e+00 -4.090922e+01 1.795918e+01
      vertex 3.962374e+00 -4.092564e+01 1.795918e+01
    endloop
  endfacet
  facet normal -7.019376e-03 9.471717e-01 -3.206500e-01
    outer loop
      vertex 6.044147e+00 -4.146292e+01 1.632653e+01
      vertex 4.029431e+00 -4.147785e+01 1.632653e+01
      vertex 3.962374e+00 -4.092564e+01 1.795918e+01
    endloop
  endfacet
  facet normal 8.706028e-03 -9.468213e-01 3.216421e-01
    outer loop
      vertex 5.943562e+00 -4.090922e+01 1.795918e+01
      vertex 5.842976e+00 -4.035552e+01 1.959184e+01
      vertex 3.895318e+00 -4.037343e+01 1.959184e+01
    endloop
  endfacet
  facet normal -7.850173e-03 9.471557e-01 -3.206782e-01
    outer loop
      vertex 5.943562e+00 -4.090922e+01 1.795918e+01
      vertex 3.962374e+00 -4.092564e+01 1.795918e+01
      vertex 3.895318e+00 -4.037343e+01 1.959184e+01
    endloop
  endfacet
  facet normal 9.593789e-03 -9.467974e-01 3.216872e-01
    outer loop
      vertex 5.842976e+00 -4.035552e+01 1.959184e+01
      vertex 5.742391e+00 -3.980182e+01 2.122449e+01
      vertex 3.828261e+00 -3.982122e+01 2.122449e+01
    endloop
  endfacet
  facet normal -8.708945e-03 9.471384e-01 -3.207069e-01
    outer loop
      vertex 5.842976e+00 -4.035552e+01 1.959184e+01
      vertex 3.895318e+00 -4.037343e+01 1.959184e+01
      vertex 3.828261e+00 -3.982122e+01 2.122449e+01
    endloop
  endfacet
  facet normal 1.051232e-02 -9.467719e-01 3.217334e-01
    outer loop
      vertex 5.742391e+00 -3.980182e+01 2.122449e+01
      vertex 5.641806e+00 -3.924813e+01 2.285714e+01
      vertex 3.761204e+00 -3.926901e+01 2.285714e+01
    endloop
  endfacet
  facet normal -9.597057e-03 9.471199e-01 -3.207363e-01
    outer loop
      vertex 5.742391e+00 -3.980182e+01 2.122449e+01
      vertex 3.828261e+00 -3.982122e+01 2.122449e+01
      vertex 3.761204e+00 -3.926901e+01 2.285714e+01
    endloop
  endfacet
  facet normal 1.146316e-02 -9.467448e-01 3.217808e-01
    outer loop
      vertex 5.641806e+00 -3.924813e+01 2.285714e+01
      vertex 5.541221e+00 -3.869444e+01 2.448980e+01
      vertex 3.694147e+00 -3.871680e+01 2.448980e+01
    endloop
  endfacet
  facet normal -1.051596e-02 9.470999e-01 -3.207664e-01
    outer loop
      vertex 5.641806e+00 -3.924813e+01 2.285714e+01
      vertex 3.761204e+00 -3.926901e+01 2.285714e+01
      vertex 3.694147e+00 -3.871680e+01 2.448980e+01
    endloop
  endfacet
  facet normal 1.244794e-02 -9.467159e-01 3.218293e-01
    outer loop
      vertex 5.541221e+00 -3.869444e+01 2.448980e+01
      vertex 5.440635e+00 -3.814075e+01 2.612245e+01
      vertex 3.627090e+00 -3.816460e+01 2.612245e+01
    endloop
  endfacet
  facet normal -1.146720e-02 9.470785e-01 -3.207972e-01
    outer loop
      vertex 5.541221e+00 -3.869444e+01 2.448980e+01
      vertex 3.694147e+00 -3.871680e+01 2.448980e+01
      vertex 3.627090e+00 -3.816460e+01 2.612245e+01
    endloop
  endfacet
  facet normal 1.346841e-02 -9.466850e-01 3.218791e-01
    outer loop
      vertex 5.440635e+00 -3.814075e+01 2.612245e+01
      vertex 5.340050e+00 -3.758707e+01 2.775510e+01
      vertex 3.560033e+00 -3.761240e+01 2.775510e+01
    endloop
  endfacet
  facet normal -1.245240e-02 9.470554e-01 -3.208287e-01
    outer loop
      vertex 5.440635e+00 -3.814075e+01 2.612245e+01
      vertex 3.627090e+00 -3.816460e+01 2.612245e+01
      vertex 3.560033e+00 -3.761240e+01 2.775510e+01
    endloop
  endfacet
  facet normal 1.452642e-02 -9.466520e-01 3.219301e-01
    outer loop
      vertex 5.340050e+00 -3.758707e+01 2.775510e+01
      vertex 5.239465e+00 -3.703339e+01 2.938776e+01
      vertex 3.492976e+00 -3.706019e+01 2.938776e+01
    endloop
  endfacet
  facet normal -1.347332e-02 9.470305e-01 -3.208608e-01
    outer loop
      vertex 5.340050e+00 -3.758707e+01 2.775510e+01
      vertex 3.560033e+00 -3.761240e+01 2.775510e+01
      vertex 3.492976e+00 -3.706019e+01 2.938776e+01
    endloop
  endfacet
  facet normal 1.562394e-02 -9.466168e-01 3.219823e-01
    outer loop
      vertex 5.239465e+00 -3.703339e+01 2.938776e+01
      vertex 5.138879e+00 -3.647972e+01 3.102041e+01
      vertex 3.425920e+00 -3.650800e+01 3.102041e+01
    endloop
  endfacet
  facet normal -1.453181e-02 9.470037e-01 -3.208937e-01
    outer loop
      vertex 5.239465e+00 -3.703339e+01 2.938776e+01
      vertex 3.492976e+00 -3.706019e+01 2.938776e+01
      vertex 3.425920e+00 -3.650800e+01 3.102041e+01
    endloop
  endfacet
  facet normal 1.676307e-02 -9.465791e-01 3.220357e-01
    outer loop
      vertex 5.138879e+00 -3.647972e+01 3.102041e+01
      vertex 5.038294e+00 -3.592606e+01 3.265306e+01
      vertex 3.358863e+00 -3.595580e+01 3.265306e+01
    endloop
  endfacet
  facet normal -1.562985e-02 9.469749e-01 -3.209272e-01
    outer loop
      vertex 5.138879e+00 -3.647972e+01 3.102041e+01
      vertex 3.425920e+00 -3.650800e+01 3.102041e+01
      vertex 3.358863e+00 -3.595580e+01 3.265306e+01
    endloop
  endfacet
  facet normal 1.794606e-02 -9.465388e-01 3.220905e-01
    outer loop
      vertex 5.038294e+00 -3.592606e+01 3.265306e+01
      vertex 4.937709e+00 -3.537240e+01 3.428571e+01
      vertex 3.291806e+00 -3.540361e+01 3.428571e+01
    endloop
  endfacet
  facet normal -1.676953e-02 9.469438e-01 -3.209615e-01
    outer loop
      vertex 5.038294e+00 -3.592606e+01 3.265306e+01
      vertex 3.358863e+00 -3.595580e+01 3.265306e+01
      vertex 3.291806e+00 -3.540361e+01 3.428571e+01
    endloop
  endfacet
  facet normal 1.917529e-02 -9.464956e-01 3.221465e-01
    outer loop
      vertex 4.937709e+00 -3.537240e+01 3.428571e+01
      vertex 4.837123e+00 -3.481876e+01 3.591837e+01
      vertex 3.224749e+00 -3.485142e+01 3.591837e+01
    endloop
  endfacet
  facet normal -1.795310e-02 9.469102e-01 -3.209965e-01
    outer loop
      vertex 4.937709e+00 -3.537240e+01 3.428571e+01
      vertex 3.291806e+00 -3.540361e+01 3.428571e+01
      vertex 3.224749e+00 -3.485142e+01 3.591837e+01
    endloop
  endfacet
  facet normal 2.045331e-02 -9.464494e-01 3.222038e-01
    outer loop
      vertex 4.837123e+00 -3.481876e+01 3.591837e+01
      vertex 4.736538e+00 -3.426512e+01 3.755102e+01
      vertex 3.157692e+00 -3.429924e+01 3.755102e+01
    endloop
  endfacet
  facet normal -1.918296e-02 9.468740e-01 -3.210322e-01
    outer loop
      vertex 4.837123e+00 -3.481876e+01 3.591837e+01
      vertex 3.224749e+00 -3.485142e+01 3.591837e+01
      vertex 3.157692e+00 -3.429924e+01 3.755102e+01
    endloop
  endfacet
  facet normal 2.178282e-02 -9.463997e-01 3.222624e-01
    outer loop
      vertex 4.736538e+00 -3.426512e+01 3.755102e+01
      vertex 4.635953e+00 -3.371149e+01 3.918367e+01
      vertex 3.090635e+00 -3.374706e+01 3.918367e+01
    endloop
  endfacet
  facet normal -2.046164e-02 9.468349e-01 -3.210685e-01
    outer loop
      vertex 4.736538e+00 -3.426512e+01 3.755102e+01
      vertex 3.157692e+00 -3.429924e+01 3.755102e+01
      vertex 3.090635e+00 -3.374706e+01 3.918367e+01
    endloop
  endfacet
  facet normal 2.316673e-02 -9.463465e-01 3.223222e-01
    outer loop
      vertex 4.635953e+00 -3.371149e+01 3.918367e+01
      vertex 4.535368e+00 -3.315788e+01 4.081633e+01
      vertex 3.023578e+00 -3.319489e+01 4.081633e+01
    endloop
  endfacet
  facet normal -2.179187e-02 9.467927e-01 -3.211055e-01
    outer loop
      vertex 4.635953e+00 -3.371149e+01 3.918367e+01
      vertex 3.090635e+00 -3.374706e+01 3.918367e+01
      vertex 3.023578e+00 -3.319489e+01 4.081633e+01
    endloop
  endfacet
  facet normal 2.460811e-02 -9.462893e-01 3.223832e-01
    outer loop
      vertex 4.535368e+00 -3.315788e+01 4.081633e+01
      vertex 4.434782e+00 -3.260428e+01 4.244898e+01
      vertex 2.956521e+00 -3.264272e+01 4.244898e+01
    endloop
  endfacet
  facet normal -2.317654e-02 9.467470e-01 -3.211432e-01
    outer loop
      vertex 4.535368e+00 -3.315788e+01 4.081633e+01
      vertex 3.023578e+00 -3.319489e+01 4.081633e+01
      vertex 2.956521e+00 -3.264272e+01 4.244898e+01
    endloop
  endfacet
  facet normal 2.611026e-02 -9.462279e-01 3.224454e-01
    outer loop
      vertex 4.434782e+00 -3.260428e+01 4.244898e+01
      vertex 4.334197e+00 -3.205070e+01 4.408163e+01
      vertex 2.889465e+00 -3.209056e+01 4.408163e+01
    endloop
  endfacet
  facet normal -2.461873e-02 9.466976e-01 -3.211815e-01
    outer loop
      vertex 4.434782e+00 -3.260428e+01 4.244898e+01
      vertex 2.956521e+00 -3.264272e+01 4.244898e+01
      vertex 2.889465e+00 -3.209056e+01 4.408163e+01
    endloop
  endfacet
  facet normal 2.767668e-02 -9.461618e-01 3.225087e-01
    outer loop
      vertex 4.334197e+00 -3.205070e+01 4.408163e+01
      vertex 4.233612e+00 -3.149713e+01 4.571429e+01
      vertex 2.822408e+00 -3.153841e+01 4.571429e+01
    endloop
  endfacet
  facet normal -2.612175e-02 9.466442e-01 -3.212203e-01
    outer loop
      vertex 4.334197e+00 -3.205070e+01 4.408163e+01
      vertex 2.889465e+00 -3.209056e+01 4.408163e+01
      vertex 2.822408e+00 -3.153841e+01 4.571429e+01
    endloop
  endfacet
  facet normal 2.931109e-02 -9.460906e-01 3.225731e-01
    outer loop
      vertex 4.233612e+00 -3.149713e+01 4.571429e+01
      vertex 4.133026e+00 -3.094359e+01 4.734694e+01
      vertex 2.755351e+00 -3.098627e+01 4.734694e+01
    endloop
  endfacet
  facet normal -2.768909e-02 9.465863e-01 -3.212596e-01
    outer loop
      vertex 4.233612e+00 -3.149713e+01 4.571429e+01
      vertex 2.822408e+00 -3.153841e+01 4.571429e+01
      vertex 2.755351e+00 -3.098627e+01 4.734694e+01
    endloop
  endfacet
  facet normal 3.101746e-02 -9.460139e-01 3.226384e-01
    outer loop
      vertex 4.133026e+00 -3.094359e+01 4.734694e+01
      vertex 4.032441e+00 -3.039007e+01 4.897959e+01
      vertex 2.688294e+00 -3.043414e+01 4.897959e+01
    endloop
  endfacet
  facet normal -2.932450e-02 9.465235e-01 -3.212993e-01
    outer loop
      vertex 4.133026e+00 -3.094359e+01 4.734694e+01
      vertex 2.755351e+00 -3.098627e+01 4.734694e+01
      vertex 2.688294e+00 -3.043414e+01 4.897959e+01
    endloop
  endfacet
  facet normal 3.280001e-02 -9.459313e-01 3.227045e-01
    outer loop
      vertex 4.032441e+00 -3.039007e+01 4.897959e+01
      vertex 3.931856e+00 -2.983658e+01 5.061224e+01
      vertex 2.621237e+00 -2.988203e+01 5.061224e+01
    endloop
  endfacet
  facet normal -3.103194e-02 9.464555e-01 -3.213394e-01
    outer loop
      vertex 4.032441e+00 -3.039007e+01 4.897959e+01
      vertex 2.688294e+00 -3.043414e+01 4.897959e+01
      vertex 2.621237e+00 -2.988203e+01 5.061224e+01
    endloop
  endfacet
  facet normal 3.466320e-02 -9.458421e-01 3.227712e-01
    outer loop
      vertex 3.931856e+00 -2.983658e+01 5.061224e+01
      vertex 3.831270e+00 -2.928312e+01 5.224490e+01
      vertex 2.554180e+00 -2.932992e+01 5.224490e+01
    endloop
  endfacet
  facet normal -3.281563e-02 9.463817e-01 -3.213797e-01
    outer loop
      vertex 3.931856e+00 -2.983658e+01 5.061224e+01
      vertex 2.621237e+00 -2.988203e+01 5.061224e+01
      vertex 2.554180e+00 -2.932992e+01 5.224490e+01
    endloop
  endfacet
  facet normal 3.661175e-02 -9.457457e-01 3.228384e-01
    outer loop
      vertex 3.831270e+00 -2.928312e+01 5.224490e+01
      vertex 3.730685e+00 -2.872969e+01 5.387755e+01
      vertex 2.487123e+00 -2.877783e+01 5.387755e+01
    endloop
  endfacet
  facet normal -3.468004e-02 9.463015e-01 -3.214200e-01
    outer loop
      vertex 3.831270e+00 -2.928312e+01 5.224490e+01
      vertex 2.554180e+00 -2.932992e+01 5.224490e+01
      vertex 2.487123e+00 -2.877783e+01 5.387755e+01
    endloop
  endfacet
  facet normal 3.865066e-02 -9.456416e-01 3.229057e-01
    outer loop
      vertex 3.730685e+00 -2.872969e+01 5.387755e+01
      vertex 3.630100e+00 -2.817631e+01 5.551020e+01
      vertex 2.420067e+00 -2.822576e+01 5.551020e+01
    endloop
  endfacet
  facet normal -3.662990e-02 9.462143e-01 -3.214603e-01
    outer loop
      vertex 3.730685e+00 -2.872969e+01 5.387755e+01
      vertex 2.487123e+00 -2.877783e+01 5.387755e+01
      vertex 2.420067e+00 -2.822576e+01 5.551020e+01
    endloop
  endfacet
  facet normal 4.078515e-02 -9.455290e-01 3.229728e-01
    outer loop
      vertex 3.630100e+00 -2.817631e+01 5.551020e+01
      vertex 3.529515e+00 -2.762297e+01 5.714286e+01
      vertex 2.353010e+00 -2.767371e+01 5.714286e+01
    endloop
  endfacet
  facet normal -3.867020e-02 9.461195e-01 -3.215003e-01
    outer loop
      vertex 3.630100e+00 -2.817631e+01 5.551020e+01
      vertex 2.420067e+00 -2.822576e+01 5.551020e+01
      vertex 2.353010e+00 -2.767371e+01 5.714286e+01
    endloop
  endfacet
  facet normal 4.302070e-02 -9.454072e-01 3.230394e-01
    outer loop
      vertex 3.529515e+00 -2.762297e+01 5.714286e+01
      vertex 3.428929e+00 -2.706968e+01 5.877551e+01
      vertex 2.285953e+00 -2.712169e+01 5.877551e+01
    endloop
  endfacet
  facet normal -4.080618e-02 9.460164e-01 -3.215397e-01
    outer loop
      vertex 3.529515e+00 -2.762297e+01 5.714286e+01
      vertex 2.353010e+00 -2.767371e+01 5.714286e+01
      vertex 2.285953e+00 -2.712169e+01 5.877551e+01
    endloop
  endfacet
  facet normal 4.536298e-02 -9.452753e-01 3.231050e-01
    outer loop
      vertex 3.428929e+00 -2.706968e+01 5.877551e+01
      vertex 3.328344e+00 -2.651645e+01 6.040816e+01
      vertex 2.218896e+00 -2.656969e+01 6.040816e+01
    endloop
  endfacet
  facet normal -4.304331e-02 9.459041e-01 -3.215783e-01
    outer loop
      vertex 3.428929e+00 -2.706968e+01 5.877551e+01
      vertex 2.285953e+00 -2.712169e+01 5.877551e+01
      vertex 2.218896e+00 -2.656969e+01 6.040816e+01
    endloop
  endfacet
  facet normal 4.781783e-02 -9.451324e-01 3.231689e-01
    outer loop
      vertex 3.328344e+00 -2.651645e+01 6.040816e+01
      vertex 3.227759e+00 -2.596328e+01 6.204082e+01
      vertex 2.151839e+00 -2.601772e+01 6.204082e+01
    endloop
  endfacet
  facet normal -4.538728e-02 9.457818e-01 -3.216158e-01
    outer loop
      vertex 3.328344e+00 -2.651645e+01 6.040816e+01
      vertex 2.218896e+00 -2.656969e+01 6.040816e+01
      vertex 2.151839e+00 -2.601772e+01 6.204082e+01
    endloop
  endfacet
  facet normal 5.039121e-02 -9.449777e-01 3.232305e-01
    outer loop
      vertex 3.227759e+00 -2.596328e+01 6.204082e+01
      vertex 3.127173e+00 -2.541020e+01 6.367347e+01
      vertex 2.084782e+00 -2.546578e+01 6.367347e+01
    endloop
  endfacet
  facet normal -4.784394e-02 9.456485e-01 -3.216516e-01
    outer loop
      vertex 3.227759e+00 -2.596328e+01 6.204082e+01
      vertex 2.151839e+00 -2.601772e+01 6.204082e+01
      vertex 2.084782e+00 -2.546578e+01 6.367347e+01
    endloop
  endfacet
  facet normal 5.308905e-02 -9.448099e-01 3.232889e-01
    outer loop
      vertex 3.127173e+00 -2.541020e+01 6.367347e+01
      vertex 3.026588e+00 -2.485720e+01 6.530612e+01
      vertex 2.017725e+00 -2.491388e+01 6.530612e+01
    endloop
  endfacet
  facet normal -5.041924e-02 9.455032e-01 -3.216854e-01
    outer loop
      vertex 3.127173e+00 -2.541020e+01 6.367347e+01
      vertex 2.084782e+00 -2.546578e+01 6.367347e+01
      vertex 2.017725e+00 -2.491388e+01 6.530612e+01
    endloop
  endfacet
  facet normal 5.591716e-02 -9.446282e-01 3.233431e-01
    outer loop
      vertex 3.026588e+00 -2.485720e+01 6.530612e+01
      vertex 2.926003e+00 -2.430430e+01 6.693878e+01
      vertex 1.950668e+00 -2.436203e+01 6.693878e+01
    endloop
  endfacet
  facet normal -5.311910e-02 9.453448e-01 -3.217165e-01
    outer loop
      vertex 3.026588e+00 -2.485720e+01 6.530612e+01
      vertex 2.017725e+00 -2.491388e+01 6.530612e+01
      vertex 1.950668e+00 -2.436203e+01 6.693878e+01
    endloop
  endfacet
  facet normal 5.888104e-02 -9.444314e-01 3.233919e-01
    outer loop
      vertex 2.926003e+00 -2.430430e+01 6.693878e+01
      vertex 2.825417e+00 -2.375152e+01 6.857143e+01
      vertex 1.883612e+00 -2.381023e+01 6.857143e+01
    endloop
  endfacet
  facet normal -5.594935e-02 9.451721e-01 -3.217443e-01
    outer loop
      vertex 2.926003e+00 -2.430430e+01 6.693878e+01
      vertex 1.950668e+00 -2.436203e+01 6.693878e+01
      vertex 1.883612e+00 -2.381023e+01 6.857143e+01
    endloop
  endfacet
  facet normal 6.198560e-02 -9.442184e-01 3.234338e-01
    outer loop
      vertex 2.825417e+00 -2.375152e+01 6.857143e+01
      vertex 2.724832e+00 -2.319887e+01 7.020408e+01
      vertex 1.816555e+00 -2.325850e+01 7.020408e+01
    endloop
  endfacet
  facet normal -5.891548e-02 9.449838e-01 -3.217679e-01
    outer loop
      vertex 2.825417e+00 -2.375152e+01 6.857143e+01
      vertex 1.883612e+00 -2.381023e+01 6.857143e+01
      vertex 1.816555e+00 -2.325850e+01 7.020408e+01
    endloop
  endfacet
  facet normal 6.523482e-02 -9.439880e-01 3.234671e-01
    outer loop
      vertex 2.724832e+00 -2.319887e+01 7.020408e+01
      vertex 2.624247e+00 -2.264637e+01 7.183673e+01
      vertex 1.749498e+00 -2.270682e+01 7.183673e+01
    endloop
  endfacet
  facet normal -6.202238e-02 9.447787e-01 -3.217863e-01
    outer loop
      vertex 2.724832e+00 -2.319887e+01 7.020408e+01
      vertex 1.816555e+00 -2.325850e+01 7.020408e+01
      vertex 1.749498e+00 -2.270682e+01 7.183673e+01
    endloop
  endfacet
  facet normal 6.863129e-02 -9.437394e-01 3.234898e-01
    outer loop
      vertex 2.624247e+00 -2.264637e+01 7.183673e+01
      vertex 2.523662e+00 -2.209406e+01 7.346939e+01
      vertex 1.682441e+00 -2.215523e+01 7.346939e+01
    endloop
  endfacet
  facet normal -6.527403e-02 9.445554e-01 -3.217986e-01
    outer loop
      vertex 2.624247e+00 -2.264637e+01 7.183673e+01
      vertex 1.749498e+00 -2.270682e+01 7.183673e+01
      vertex 1.682441e+00 -2.215523e+01 7.346939e+01
    endloop
  endfacet
  facet normal 7.217557e-02 -9.434717e-01 3.234992e-01
    outer loop
      vertex 2.523662e+00 -2.209406e+01 7.346939e+01
      vertex 2.423076e+00 -2.154195e+01 7.510204e+01
      vertex 1.615384e+00 -2.160373e+01 7.510204e+01
    endloop
  endfacet
  facet normal -6.867298e-02 9.443128e-01 -3.218033e-01
    outer loop
      vertex 2.523662e+00 -2.209406e+01 7.346939e+01
      vertex 1.682441e+00 -2.215523e+01 7.346939e+01
      vertex 1.615384e+00 -2.160373e+01 7.510204e+01
    endloop
  endfacet
  facet normal 7.586537e-02 -9.431844e-01 3.234928e-01
    outer loop
      vertex 2.423076e+00 -2.154195e+01 7.510204e+01
      vertex 2.322491e+00 -2.099007e+01 7.673469e+01
      vertex 1.548327e+00 -2.105234e+01 7.673469e+01
    endloop
  endfacet
  facet normal -7.221978e-02 9.440496e-01 -3.217990e-01
    outer loop
      vertex 2.423076e+00 -2.154195e+01 7.510204e+01
      vertex 1.615384e+00 -2.160373e+01 7.510204e+01
      vertex 1.548327e+00 -2.105234e+01 7.673469e+01
    endloop
  endfacet
  facet normal 7.969446e-02 -9.428774e-01 3.234670e-01
    outer loop
      vertex 2.322491e+00 -2.099007e+01 7.673469e+01
      vertex 2.221906e+00 -2.043847e+01 7.836735e+01
      vertex 1.481270e+00 -2.050107e+01 7.836735e+01
    endloop
  endfacet
  facet normal -7.591207e-02 9.437650e-01 -3.217840e-01
    outer loop
      vertex 2.322491e+00 -2.099007e+01 7.673469e+01
      vertex 1.548327e+00 -2.105234e+01 7.673469e+01
      vertex 1.481270e+00 -2.050107e+01 7.836735e+01
    endloop
  endfacet
  facet normal 8.365119e-02 -9.425514e-01 3.234182e-01
    outer loop
      vertex 2.221906e+00 -2.043847e+01 7.836735e+01
      vertex 2.121320e+00 -1.988718e+01 8.000000e+01
      vertex 1.414214e+00 -1.994994e+01 8.000000e+01
    endloop
  endfacet
  facet normal -7.974356e-02 9.434584e-01 -3.217564e-01
    outer loop
      vertex 2.221906e+00 -2.043847e+01 7.836735e+01
      vertex 1.481270e+00 -2.050107e+01 7.836735e+01
      vertex 1.414214e+00 -1.994994e+01 8.000000e+01
    endloop
  endfacet
  facet normal 3.666501e-04 -9.472773e-01 3.204148e-01
    outer loop
      vertex 4.700000e+00 -4.700000e+01 0.000000e+00
      vertex 4.632943e+00 -4.644778e+01 1.632653e+00
      vertex 2.316472e+00 -4.644868e+01 1.632653e+00
    endloop
  endfacet
  facet normal 0.000000e+00 9.474397e-01 -3.199343e-01
    outer loop
      vertex 4.700000e+00 -4.700000e+01 0.000000e+00
      vertex 2.350000e+00 -4.700000e+01 0.000000e+00
      vertex 2.316472e+00 -4.644868e+01 1.632653e+00
    endloop
  endfacet
  facet normal 7.440507e-04 -9.472724e-01 3.204286e-01
    outer loop
      vertex 4.632943e+00 -4.644778e+01 1.632653e+00
      vertex 4.565886e+00 -4.589557e+01 3.265306e+00
      vertex 2.282943e+00 -4.589736e+01 3.265306e+00
    endloop
  endfacet
  facet normal -3.667120e-04 9.474374e-01 -3.199411e-01
    outer loop
      vertex 4.632943e+00 -4.644778e+01 1.632653e+00
      vertex 2.316472e+00 -4.644868e+01 1.632653e+00
      vertex 2.282943e+00 -4.589736e+01 3.265306e+00
    endloop
  endfacet
  facet normal 1.132665e-03 -9.472672e-01 3.204427e-01
    outer loop
      vertex 4.565886e+00 -4.589557e+01 3.265306e+00
      vertex 4.498829e+00 -4.534335e+01 4.897959e+00
      vertex 2.249415e+00 -4.534604e+01 4.897959e+00
    endloop
  endfacet
  facet normal -7.441783e-04 9.474348e-01 -3.199479e-01
    outer loop
      vertex 4.565886e+00 -4.589557e+01 3.265306e+00
      vertex 2.282943e+00 -4.589736e+01 3.265306e+00
      vertex 2.249415e+00 -4.534604e+01 4.897959e+00
    endloop
  endfacet
  facet normal 1.532982e-03 -9.472617e-01 3.204572e-01
    outer loop
      vertex 4.498829e+00 -4.534335e+01 4.897959e+00
      vertex 4.431773e+00 -4.479114e+01 6.530612e+00
      vertex 2.215886e+00 -4.479472e+01 6.530612e+00
    endloop
  endfacet
  facet normal -1.132862e-03 9.474321e-01 -3.199550e-01
    outer loop
      vertex 4.498829e+00 -4.534335e+01 4.897959e+00
      vertex 2.249415e+00 -4.534604e+01 4.897959e+00
      vertex 2.215886e+00 -4.479472e+01 6.530612e+00
    endloop
  endfacet
  facet normal 1.945519e-03 -9.472560e-01 3.204721e-01
    outer loop
      vertex 4.431773e+00 -4.479114e+01 6.530612e+00
      vertex 4.364716e+00 -4.423892e+01 8.163265e+00
      vertex 2.182358e+00 -4.424340e+01 8.163265e+00
    endloop
  endfacet
  facet normal -1.533253e-03 9.474291e-01 -3.199622e-01
    outer loop
      vertex 4.431773e+00 -4.479114e+01 6.530612e+00
      vertex 2.215886e+00 -4.479472e+01 6.530612e+00
      vertex 2.182358e+00 -4.424340e+01 8.163265e+00
    endloop
  endfacet
  facet normal 2.370822e-03 -9.472498e-01 3.204873e-01
    outer loop
      vertex 4.364716e+00 -4.423892e+01 8.163265e+00
      vertex 4.297659e+00 -4.368671e+01 9.795918e+00
      vertex 2.148829e+00 -4.369208e+01 9.795918e+00
    endloop
  endfacet
  facet normal -1.945868e-03 9.474258e-01 -3.199695e-01
    outer loop
      vertex 4.364716e+00 -4.423892e+01 8.163265e+00
      vertex 2.182358e+00 -4.424340e+01 8.163265e+00
      vertex 2.148829e+00 -4.369208e+01 9.795918e+00
    endloop
  endfacet
  facet normal 2.809469e-03 -9.472434e-01 3.205029e-01
    outer loop
      vertex 4.297659e+00 -4.368671e+01 9.795918e+00
      vertex 4.230602e+00 -4.313449e+01 1.142857e+01
      vertex 2.115301e+00 -4.314077e+01 1.142857e+01
    endloop
  endfacet
  facet normal -2.371253e-03 9.474223e-01 -3.199770e-01
    outer loop
      vertex 4.297659e+00 -4.368671e+01 9.795918e+00
      vertex 2.148829e+00 -4.369208e+01 9.795918e+00
      vertex 2.115301e+00 -4.314077e+01 1.142857e+01
    endloop
  endfacet
  facet normal 3.262071e-03 -9.472365e-01 3.205189e-01
    outer loop
      vertex 4.230602e+00 -4.313449e+01 1.142857e+01
      vertex 4.163545e+00 -4.258228e+01 1.306122e+01
      vertex 2.081773e+00 -4.258945e+01 1.306122e+01
    endloop
  endfacet
  facet normal -2.809988e-03 9.474186e-01 -3.199846e-01
    outer loop
      vertex 4.230602e+00 -4.313449e+01 1.142857e+01
      vertex 2.115301e+00 -4.314077e+01 1.142857e+01
      vertex 2.081773e+00 -4.258945e+01 1.306122e+01
    endloop
  endfacet
  facet normal 3.729277e-03 -9.472292e-01 3.205353e-01
    outer loop
      vertex 4.163545e+00 -4.258228e+01 1.306122e+01
      vertex 4.096488e+00 -4.203006e+01 1.469388e+01
      vertex 2.048244e+00 -4.203813e+01 1.469388e+01
    endloop
  endfacet
  facet normal -3.262684e-03 9.474145e-01 -3.199925e-01
    outer loop
      vertex 4.163545e+00 -4.258228e+01 1.306122e+01
      vertex 2.081773e+00 -4.258945e+01 1.306122e+01
      vertex 2.048244e+00 -4.203813e+01 1.469388e+01
    endloop
  endfacet
  facet normal 4.211773e-03 -9.472215e-01 3.205521e-01
    outer loop
      vertex 4.096488e+00 -4.203006e+01 1.469388e+01
      vertex 4.029431e+00 -4.147785e+01 1.632653e+01
      vertex 2.014716e+00 -4.148681e+01 1.632653e+01
    endloop
  endfacet
  facet normal -3.729989e-03 9.474100e-01 -3.200005e-01
    outer loop
      vertex 4.096488e+00 -4.203006e+01 1.469388e+01
      vertex 2.048244e+00 -4.203813e+01 1.469388e+01
      vertex 2.014716e+00 -4.148681e+01 1.632653e+01
    endloop
  endfacet
  facet normal 4.710287e-03 -9.472134e-01 3.205693e-01
    outer loop
      vertex 4.029431e+00 -4.147785e+01 1.632653e+01
      vertex 3.962374e+00 -4.092564e+01 1.795918e+01
      vertex 1.981187e+00 -4.093549e+01 1.795918e+01
    endloop
  endfacet
  facet normal -4.212590e-03 9.474053e-01 -3.200086e-01
    outer loop
      vertex 4.029431e+00 -4.147785e+01 1.632653e+01
      vertex 2.014716e+00 -4.148681e+01 1.632653e+01
      vertex 1.981187e+00 -4.093549e+01 1.795918e+01
    endloop
  endfacet
  facet normal 5.225591e-03 -9.472047e-01 3.205869e-01
    outer loop
      vertex 3.962374e+00 -4.092564e+01 1.795918e+01
      vertex 3.895318e+00 -4.037343e+01 1.959184e+01
      vertex 1.947659e+00 -4.038417e+01 1.959184e+01
    endloop
  endfacet
  facet normal -4.711215e-03 9.474001e-01 -3.200170e-01
    outer loop
      vertex 3.962374e+00 -4.092564e+01 1.795918e+01
      vertex 1.981187e+00 -4.093549e+01 1.795918e+01
      vertex 1.947659e+00 -4.038417e+01 1.959184e+01
    endloop
  endfacet
  facet normal 5.758505e-03 -9.471955e-01 3.206050e-01
    outer loop
      vertex 3.895318e+00 -4.037343e+01 1.959184e+01
      vertex 3.828261e+00 -3.982122e+01 2.122449e+01
      vertex 1.914130e+00 -3.983286e+01 2.122449e+01
    endloop
  endfacet
  facet normal -5.226638e-03 9.473945e-01 -3.200255e-01
    outer loop
      vertex 3.895318e+00 -4.037343e+01 1.959184e+01
      vertex 1.947659e+00 -4.038417e+01 1.959184e+01
      vertex 1.914130e+00 -3.983286e+01 2.122449e+01
    endloop
  endfacet
  facet normal 6.309899e-03 -9.471857e-01 3.206236e-01
    outer loop
      vertex 3.828261e+00 -3.982122e+01 2.122449e+01
      vertex 3.761204e+00 -3.926901e+01 2.285714e+01
      vertex 1.880602e+00 -3.928154e+01 2.285714e+01
    endloop
  endfacet
  facet normal -5.759678e-03 9.473885e-01 -3.200342e-01
    outer loop
      vertex 3.828261e+00 -3.982122e+01 2.122449e+01
      vertex 1.914130e+00 -3.983286e+01 2.122449e+01
      vertex 1.880602e+00 -3.928154e+01 2.285714e+01
    endloop
  endfacet
  facet normal 6.880698e-03 -9.471753e-01 3.206426e-01
    outer loop
      vertex 3.761204e+00 -3.926901e+01 2.285714e+01
      vertex 3.694147e+00 -3.871680e+01 2.448980e+01
      vertex 1.847074e+00 -3.873022e+01 2.448980e+01
    endloop
  endfacet
  facet normal -6.311206e-03 9.473820e-01 -3.200431e-01
    outer loop
      vertex 3.761204e+00 -3.926901e+01 2.285714e+01
      vertex 1.880602e+00 -3.928154e+01 2.285714e+01
      vertex 1.847074e+00 -3.873022e+01 2.448980e+01
    endloop
  endfacet
  facet normal 7.471887e-03 -9.471642e-01 3.206621e-01
    outer loop
      vertex 3.694147e+00 -3.871680e+01 2.448980e+01
      vertex 3.627090e+00 -3.816460e+01 2.612245e+01
      vertex 1.813545e+00 -3.817890e+01 2.612245e+01
    endloop
  endfacet
  facet normal -6.882148e-03 9.473749e-01 -3.200522e-01
    outer loop
      vertex 3.694147e+00 -3.871680e+01 2.448980e+01
      vertex 1.847074e+00 -3.873022e+01 2.448980e+01
      vertex 1.813545e+00 -3.817890e+01 2.612245e+01
    endloop
  endfacet
  facet normal 8.084511e-03 -9.471524e-01 3.206821e-01
    outer loop
      vertex 3.627090e+00 -3.816460e+01 2.612245e+01
      vertex 3.560033e+00 -3.761240e+01 2.775510e+01
      vertex 1.780017e+00 -3.762759e+01 2.775510e+01
    endloop
  endfacet
  facet normal -7.473489e-03 9.473673e-01 -3.200615e-01
    outer loop
      vertex 3.627090e+00 -3.816460e+01 2.612245e+01
      vertex 1.813545e+00 -3.817890e+01 2.612245e+01
      vertex 1.780017e+00 -3.762759e+01 2.775510e+01
    endloop
  endfacet
  facet normal 8.719684e-03 -9.471398e-01 3.207025e-01
    outer loop
      vertex 3.560033e+00 -3.761240e+01 2.775510e+01
      vertex 3.492976e+00 -3.706019e+01 2.938776e+01
      vertex 1.746488e+00 -3.707627e+01 2.938776e+01
    endloop
  endfacet
  facet normal -8.086275e-03 9.473591e-01 -3.200709e-01
    outer loop
      vertex 3.560033e+00 -3.761240e+01 2.775510e+01
      vertex 1.780017e+00 -3.762759e+01 2.775510e+01
      vertex 1.746488e+00 -3.707627e+01 2.938776e+01
    endloop
  endfacet
  facet normal 9.378592e-03 -9.471264e-01 3.207235e-01
    outer loop
      vertex 3.492976e+00 -3.706019e+01 2.938776e+01
      vertex 3.425920e+00 -3.650800e+01 3.102041e+01
      vertex 1.712960e+00 -3.652496e+01 3.102041e+01
    endloop
  endfacet
  facet normal -8.721621e-03 9.473502e-01 -3.200806e-01
    outer loop
      vertex 3.492976e+00 -3.706019e+01 2.938776e+01
      vertex 1.746488e+00 -3.707627e+01 2.938776e+01
      vertex 1.712960e+00 -3.652496e+01 3.102041e+01
    endloop
  endfacet
  facet normal 1.006250e-02 -9.471121e-01 3.207450e-01
    outer loop
      vertex 3.425920e+00 -3.650800e+01 3.102041e+01
      vertex 3.358863e+00 -3.595580e+01 3.265306e+01
      vertex 1.679431e+00 -3.597364e+01 3.265306e+01
    endloop
  endfacet
  facet normal -9.380712e-03 9.473405e-01 -3.200904e-01
    outer loop
      vertex 3.425920e+00 -3.650800e+01 3.102041e+01
      vertex 1.712960e+00 -3.652496e+01 3.102041e+01
      vertex 1.679431e+00 -3.597364e+01 3.265306e+01
    endloop
  endfacet
  facet normal 1.077275e-02 -9.470969e-01 3.207670e-01
    outer loop
      vertex 3.358863e+00 -3.595580e+01 3.265306e+01
      vertex 3.291806e+00 -3.540361e+01 3.428571e+01
      vertex 1.645903e+00 -3.542233e+01 3.428571e+01
    endloop
  endfacet
  facet normal -1.006481e-02 9.473301e-01 -3.201005e-01
    outer loop
      vertex 3.358863e+00 -3.595580e+01 3.265306e+01
      vertex 1.679431e+00 -3.597364e+01 3.265306e+01
      vertex 1.645903e+00 -3.542233e+01 3.428571e+01
    endloop
  endfacet
  facet normal 1.151077e-02 -9.470806e-01 3.207895e-01
    outer loop
      vertex 3.291806e+00 -3.540361e+01 3.428571e+01
      vertex 3.224749e+00 -3.485142e+01 3.591837e+01
      vertex 1.612374e+00 -3.487102e+01 3.591837e+01
    endloop
  endfacet
  facet normal -1.077527e-02 9.473189e-01 -3.201107e-01
    outer loop
      vertex 3.291806e+00 -3.540361e+01 3.428571e+01
      vertex 1.645903e+00 -3.542233e+01 3.428571e+01
      vertex 1.612374e+00 -3.487102e+01 3.591837e+01
    endloop
  endfacet
  facet normal 1.227811e-02 -9.470631e-01 3.208125e-01
    outer loop
      vertex 3.224749e+00 -3.485142e+01 3.591837e+01
      vertex 3.157692e+00 -3.429924e+01 3.755102e+01
      vertex 1.578846e+00 -3.431971e+01 3.755102e+01
    endloop
  endfacet
  facet normal -1.151352e-02 9.473067e-01 -3.201211e-01
    outer loop
      vertex 3.224749e+00 -3.485142e+01 3.591837e+01
      vertex 1.612374e+00 -3.487102e+01 3.591837e+01
      vertex 1.578846e+00 -3.431971e+01 3.755102e+01
    endloop
  endfacet
  facet normal 1.307638e-02 -9.470445e-01 3.208361e-01
    outer loop
      vertex 3.157692e+00 -3.429924e+01 3.755102e+01
      vertex 3.090635e+00 -3.374706e+01 3.918367e+01
      vertex 1.545318e+00 -3.376840e+01 3.918367e+01
    endloop
  endfacet
  facet normal -1.228110e-02 9.472935e-01 -3.201316e-01
    outer loop
      vertex 3.157692e+00 -3.429924e+01 3.755102e+01
      vertex 1.578846e+00 -3.431971e+01 3.755102e+01
      vertex 1.545318e+00 -3.376840e+01 3.918367e+01
    endloop
  endfacet
  facet normal 1.390733e-02 -9.470245e-01 3.208601e-01
    outer loop
      vertex 3.090635e+00 -3.374706e+01 3.918367e+01
      vertex 3.023578e+00 -3.319489e+01 4.081633e+01
      vertex 1.511789e+00 -3.321709e+01 4.081633e+01
    endloop
  endfacet
  facet normal -1.307962e-02 9.472792e-01 -3.201424e-01
    outer loop
      vertex 3.090635e+00 -3.374706e+01 3.918367e+01
      vertex 1.545318e+00 -3.376840e+01 3.918367e+01
      vertex 1.511789e+00 -3.321709e+01 4.081633e+01
    endloop
  endfacet
  facet normal 1.477281e-02 -9.470031e-01 3.208846e-01
    outer loop
      vertex 3.023578e+00 -3.319489e+01 4.081633e+01
      vertex 2.956521e+00 -3.264272e+01 4.244898e+01
      vertex 1.478261e+00 -3.266578e+01 4.244898e+01
    endloop
  endfacet
  facet normal -1.391084e-02 9.472636e-01 -3.201532e-01
    outer loop
      vertex 3.023578e+00 -3.319489e+01 4.081633e+01
      vertex 1.511789e+00 -3.321709e+01 4.081633e+01
      vertex 1.478261e+00 -3.266578e+01 4.244898e+01
    endloop
  endfacet
  facet normal 1.567479e-02 -9.469801e-01 3.209097e-01
    outer loop
      vertex 2.956521e+00 -3.264272e+01 4.244898e+01
      vertex 2.889465e+00 -3.209056e+01 4.408163e+01
      vertex 1.444732e+00 -3.211448e+01 4.408163e+01
    endloop
  endfacet
  facet normal -1.477661e-02 9.472468e-01 -3.201643e-01
    outer loop
      vertex 2.956521e+00 -3.264272e+01 4.244898e+01
      vertex 1.478261e+00 -3.266578e+01 4.244898e+01
      vertex 1.444732e+00 -3.211448e+01 4.408163e+01
    endloop
  endfacet
  facet normal 1.661539e-02 -9.469554e-01 3.209351e-01
    outer loop
      vertex 2.889465e+00 -3.209056e+01 4.408163e+01
      vertex 2.822408e+00 -3.153841e+01 4.571429e+01
      vertex 1.411204e+00 -3.156318e+01 4.571429e+01
    endloop
  endfacet
  facet normal -1.567890e-02 9.472285e-01 -3.201754e-01
    outer loop
      vertex 2.889465e+00 -3.209056e+01 4.408163e+01
      vertex 1.444732e+00 -3.211448e+01 4.408163e+01
      vertex 1.411204e+00 -3.156318e+01 4.571429e+01
    endloop
  endfacet
  facet normal 1.759683e-02 -9.469289e-01 3.209610e-01
    outer loop
      vertex 2.822408e+00 -3.153841e+01 4.571429e+01
      vertex 2.755351e+00 -3.098627e+01 4.734694e+01
      vertex 1.377675e+00 -3.101188e+01 4.734694e+01
    endloop
  endfacet
  facet normal -1.661983e-02 9.472087e-01 -3.201866e-01
    outer loop
      vertex 2.822408e+00 -3.153841e+01 4.571429e+01
      vertex 1.411204e+00 -3.156318e+01 4.571429e+01
      vertex 1.377675e+00 -3.101188e+01 4.734694e+01
    endloop
  endfacet
  facet normal 1.862151e-02 -9.469005e-01 3.209872e-01
    outer loop
      vertex 2.755351e+00 -3.098627e+01 4.734694e+01
      vertex 2.688294e+00 -3.043414e+01 4.897959e+01
      vertex 1.344147e+00 -3.046058e+01 4.897959e+01
    endloop
  endfacet
  facet normal -1.760163e-02 9.471871e-01 -3.201980e-01
    outer loop
      vertex 2.755351e+00 -3.098627e+01 4.734694e+01
      vertex 1.377675e+00 -3.101188e+01 4.734694e+01
      vertex 1.344147e+00 -3.046058e+01 4.897959e+01
    endloop
  endfacet
  facet normal 1.969196e-02 -9.468698e-01 3.210137e-01
    outer loop
      vertex 2.688294e+00 -3.043414e+01 4.897959e+01
      vertex 2.621237e+00 -2.988203e+01 5.061224e+01
      vertex 1.310619e+00 -2.990928e+01 5.061224e+01
    endloop
  endfacet
  facet normal -1.862669e-02 9.471637e-01 -3.202093e-01
    outer loop
      vertex 2.688294e+00 -3.043414e+01 4.897959e+01
      vertex 1.344147e+00 -3.046058e+01 4.897959e+01
      vertex 1.310619e+00 -2.990928e+01 5.061224e+01
    endloop
  endfacet
  facet normal 2.081085e-02 -9.468368e-01 3.210405e-01
    outer loop
      vertex 2.621237e+00 -2.988203e+01 5.061224e+01
      vertex 2.554180e+00 -2.932992e+01 5.224490e+01
      vertex 1.277090e+00 -2.935799e+01 5.224490e+01
    endloop
  endfacet
  facet normal -1.969754e-02 9.471382e-01 -3.202207e-01
    outer loop
      vertex 2.621237e+00 -2.988203e+01 5.061224e+01
      vertex 1.310619e+00 -2.990928e+01 5.061224e+01
      vertex 1.277090e+00 -2.935799e+01 5.224490e+01
    endloop
  endfacet
  facet normal 2.198103e-02 -9.468012e-01 3.210674e-01
    outer loop
      vertex 2.554180e+00 -2.932992e+01 5.224490e+01
      vertex 2.487123e+00 -2.877783e+01 5.387755e+01
      vertex 1.243562e+00 -2.880671e+01 5.387755e+01
    endloop
  endfacet
  facet normal -2.081686e-02 9.471104e-01 -3.202320e-01
    outer loop
      vertex 2.554180e+00 -2.932992e+01 5.224490e+01
      vertex 1.277090e+00 -2.935799e+01 5.224490e+01
      vertex 1.243562e+00 -2.880671e+01 5.387755e+01
    endloop
  endfacet
  facet normal 2.320549e-02 -9.467628e-01 3.210944e-01
    outer loop
      vertex 2.487123e+00 -2.877783e+01 5.387755e+01
      vertex 2.420067e+00 -2.822576e+01 5.551020e+01
      vertex 1.210033e+00 -2.825542e+01 5.551020e+01
    endloop
  endfacet
  facet normal -2.198751e-02 9.470802e-01 -3.202432e-01
    outer loop
      vertex 2.487123e+00 -2.877783e+01 5.387755e+01
      vertex 1.243562e+00 -2.880671e+01 5.387755e+01
      vertex 1.210033e+00 -2.825542e+01 5.551020e+01
    endloop
  endfacet
  facet normal 2.448738e-02 -9.467214e-01 3.211213e-01
    outer loop
      vertex 2.420067e+00 -2.822576e+01 5.551020e+01
      vertex 2.353010e+00 -2.767371e+01 5.714286e+01
      vertex 1.176505e+00 -2.770415e+01 5.714286e+01
    endloop
  endfacet
  facet normal -2.321246e-02 9.470472e-01 -3.202543e-01
    outer loop
      vertex 2.420067e+00 -2.822576e+01 5.551020e+01
      vertex 1.210033e+00 -2.825542e+01 5.551020e+01
      vertex 1.176505e+00 -2.770415e+01 5.714286e+01
    endloop
  endfacet
  facet normal 2.582997e-02 -9.466767e-01 3.211479e-01
    outer loop
      vertex 2.353010e+00 -2.767371e+01 5.714286e+01
      vertex 2.285953e+00 -2.712169e+01 5.877551e+01
      vertex 1.142976e+00 -2.715287e+01 5.877551e+01
    endloop
  endfacet
  facet normal -2.449487e-02 9.470112e-01 -3.202651e-01
    outer loop
      vertex 2.353010e+00 -2.767371e+01 5.714286e+01
      vertex 1.176505e+00 -2.770415e+01 5.714286e+01
      vertex 1.142976e+00 -2.715287e+01 5.877551e+01
    endloop
  endfacet
  facet normal 2.723668e-02 -9.466284e-01 3.211740e-01
    outer loop
      vertex 2.285953e+00 -2.712169e+01 5.877551e+01
      vertex 2.218896e+00 -2.656969e+01 6.040816e+01
      vertex 1.109448e+00 -2.660161e+01 6.040816e+01
    endloop
  endfacet
  facet normal -2.583803e-02 9.469720e-01 -3.202756e-01
    outer loop
      vertex 2.285953e+00 -2.712169e+01 5.877551e+01
      vertex 1.142976e+00 -2.715287e+01 5.877551e+01
      vertex 1.109448e+00 -2.660161e+01 6.040816e+01
    endloop
  endfacet
  facet normal 2.871102e-02 -9.465763e-01 3.211994e-01
    outer loop
      vertex 2.218896e+00 -2.656969e+01 6.040816e+01
      vertex 2.151839e+00 -2.601772e+01 6.204082e+01
      vertex 1.075920e+00 -2.605035e+01 6.204082e+01
    endloop
  endfacet
  facet normal -2.724533e-02 9.469292e-01 -3.202856e-01
    outer loop
      vertex 2.218896e+00 -2.656969e+01 6.040816e+01
      vertex 1.109448e+00 -2.660161e+01 6.040816e+01
      vertex 1.075920e+00 -2.605035e+01 6.204082e+01
    endloop
  endfacet
  facet normal 3.025654e-02 -9.465198e-01 3.212238e-01
    outer loop
      vertex 2.151839e+00 -2.601772e+01 6.204082e+01
      vertex 2.084782e+00 -2.546578e+01 6.367347e+01
      vertex 1.042391e+00 -2.549910e+01 6.367347e+01
    endloop
  endfacet
  facet normal -2.872030e-02 9.468824e-01 -3.202951e-01
    outer loop
      vertex 2.151839e+00 -2.601772e+01 6.204082e+01
      vertex 1.075920e+00 -2.605035e+01 6.204082e+01
      vertex 1.042391e+00 -2.549910e+01 6.367347e+01
    endloop
  endfacet
  facet normal 3.187682e-02 -9.464588e-01 3.212469e-01
    outer loop
      vertex 2.084782e+00 -2.546578e+01 6.367347e+01
      vertex 2.017725e+00 -2.491388e+01 6.530612e+01
      vertex 1.008863e+00 -2.494786e+01 6.530612e+01
    endloop
  endfacet
  facet normal -3.026650e-02 9.468312e-01 -3.203038e-01
    outer loop
      vertex 2.084782e+00 -2.546578e+01 6.367347e+01
      vertex 1.042391e+00 -2.549910e+01 6.367347e+01
      vertex 1.008863e+00 -2.494786e+01 6.530612e+01
    endloop
  endfacet
  facet normal 3.357534e-02 -9.463929e-01 3.212681e-01
    outer loop
      vertex 2.017725e+00 -2.491388e+01 6.530612e+01
      vertex 1.950668e+00 -2.436203e+01 6.693878e+01
      vertex 9.753342e-01 -2.439664e+01 6.693878e+01
    endloop
  endfacet
  facet normal -3.188749e-02 9.467754e-01 -3.203116e-01
    outer loop
      vertex 2.017725e+00 -2.491388e+01 6.530612e+01
      vertex 1.008863e+00 -2.494786e+01 6.530612e+01
      vertex 9.753342e-01 -2.439664e+01 6.693878e+01
    endloop
  endfacet
  facet normal 3.535538e-02 -9.463217e-01 3.212870e-01
    outer loop
      vertex 1.950668e+00 -2.436203e+01 6.693878e+01
      vertex 1.883612e+00 -2.381023e+01 6.857143e+01
      vertex 9.418058e-01 -2.384542e+01 6.857143e+01
    endloop
  endfacet
  facet normal -3.358675e-02 9.467144e-01 -3.203184e-01
    outer loop
      vertex 1.950668e+00 -2.436203e+01 6.693878e+01
      vertex 9.753342e-01 -2.439664e+01 6.693878e+01
      vertex 9.418058e-01 -2.384542e+01 6.857143e+01
    endloop
  endfacet
  facet normal 3.721987e-02 -9.462447e-01 3.213029e-01
    outer loop
      vertex 1.883612e+00 -2.381023e+01 6.857143e+01
      vertex 1.816555e+00 -2.325850e+01 7.020408e+01
      vertex 9.082774e-01 -2.329422e+01 7.020408e+01
    endloop
  endfacet
  facet normal -3.536756e-02 9.466477e-01 -3.203237e-01
    outer loop
      vertex 1.883612e+00 -2.381023e+01 6.857143e+01
      vertex 9.418058e-01 -2.384542e+01 6.857143e+01
      vertex 9.082774e-01 -2.329422e+01 7.020408e+01
    endloop
  endfacet
  facet normal 3.917120e-02 -9.461618e-01 3.213151e-01
    outer loop
      vertex 1.816555e+00 -2.325850e+01 7.020408e+01
      vertex 1.749498e+00 -2.270682e+01 7.183673e+01
      vertex 8.747489e-01 -2.274304e+01 7.183673e+01
    endloop
  endfacet
  facet normal -3.723286e-02 9.465749e-01 -3.203274e-01
    outer loop
      vertex 1.816555e+00 -2.325850e+01 7.020408e+01
      vertex 9.082774e-01 -2.329422e+01 7.020408e+01
      vertex 8.747489e-01 -2.274304e+01 7.183673e+01
    endloop
  endfacet
  facet normal 4.121088e-02 -9.460726e-01 3.213228e-01
    outer loop
      vertex 1.749498e+00 -2.270682e+01 7.183673e+01
      vertex 1.682441e+00 -2.215523e+01 7.346939e+01
      vertex 8.412205e-01 -2.219188e+01 7.346939e+01
    endloop
  endfacet
  facet normal -3.918501e-02 9.464955e-01 -3.203292e-01
    outer loop
      vertex 1.749498e+00 -2.270682e+01 7.183673e+01
      vertex 8.747489e-01 -2.274304e+01 7.183673e+01
      vertex 8.412205e-01 -2.219188e+01 7.346939e+01
    endloop
  endfacet
  facet normal 4.333922e-02 -9.459768e-01 3.213248e-01
    outer loop
      vertex 1.682441e+00 -2.215523e+01 7.346939e+01
      vertex 1.615384e+00 -2.160373e+01 7.510204e+01
      vertex 8.076921e-01 -2.164074e+01 7.510204e+01
    endloop
  endfacet
  facet normal -4.122553e-02 9.464090e-01 -3.203286e-01
    outer loop
      vertex 1.682441e+00 -2.215523e+01 7.346939e+01
      vertex 8.412205e-01 -2.219188e+01 7.346939e+01
      vertex 8.076921e-01 -2.164074e+01 7.510204e+01
    endloop
  endfacet
  facet normal 4.555480e-02 -9.458743e-01 3.213200e-01
    outer loop
      vertex 1.615384e+00 -2.160373e+01 7.510204e+01
      vertex 1.548327e+00 -2.105234e+01 7.673469e+01
      vertex 7.741636e-01 -2.108963e+01 7.673469e+01
    endloop
  endfacet
  facet normal -4.335471e-02 9.463150e-01 -3.203252e-01
    outer loop
      vertex 1.615384e+00 -2.160373e+01 7.510204e+01
      vertex 8.076921e-01 -2.164074e+01 7.510204e+01
      vertex 7.741636e-01 -2.108963e+01 7.673469e+01
    endloop
  endfacet
  facet normal 4.785382e-02 -9.457652e-01 3.213069e-01
    outer loop
      vertex 1.548327e+00 -2.105234e+01 7.673469e+01
      vertex 1.481270e+00 -2.050107e+01 7.836735e+01
      vertex 7.406352e-01 -2.053854e+01 7.836735e+01
    endloop
  endfacet
  facet normal -4.557112e-02 9.462131e-01 -3.203186e-01
    outer loop
      vertex 1.548327e+00 -2.105234e+01 7.673469e+01
      vertex 7.741636e-01 -2.108963e+01 7.673469e+01
      vertex 7.406352e-01 -2.053854e+01 7.836735e+01
    endloop
  endfacet
  facet normal 5.022922e-02 -9.456499e-01 3.212839e-01
    outer loop
      vertex 1.481270e+00 -2.050107e+01 7.836735e+01
      vertex 1.414214e+00 -1.994994e+01 8.000000e+01
      vertex 7.071068e-01 -1.998750e+01 8.000000e+01
    endloop
  endfacet
  facet normal -4.787091e-02 9.461031e-01 -3.203083e-01
    outer loop
      vertex 1.481270e+00 -2.050107e+01 7.836735e+01
      vertex 7.406352e-01 -2.053854e+01 7.836735e+01
      vertex 7.071068e-01 -1.998750e+01 8.000000e+01
    endloop
  endfacet
  facet normal 1.222375e-04 -9.474389e-01 3.199366e-01
    outer loop
      vertex 2.350000e+00 -4.700000e+01 0.000000e+00
      vertex 2.316472e+00 -4.644868e+01 1.632653e+00
      vertex -5.688359e-15 -4.644898e+01 1.632653e+00
    endloop
  endfacet
  facet normal 0.000000e+00 9.474923e-01 -3.197786e-01
    outer loop
      vertex 2.350000e+00 -4.700000e+01 0.000000e+00
      vertex -5.755840e-15 -4.700000e+01 0.000000e+00
      vertex -5.688359e-15 -4.644898e+01 1.632653e+00
    endloop
  endfacet
  facet normal 2.480602e-04 -9.474381e-01 3.199389e-01
    outer loop
      vertex 2.316472e+00 -4.644868e+01 1.632653e+00
      vertex 2.282943e+00 -4.589736e+01 3.265306e+00
      vertex -5.620879e-15 -4.589796e+01 3.265306e+00
    endloop
  endfacet
  facet normal -1.222444e-04 9.474923e-01 -3.197786e-01
    outer loop
      vertex 2.316472e+00 -4.644868e+01 1.632653e+00
      vertex -5.688359e-15 -4.644898e+01 1.632653e+00
      vertex -5.620879e-15 -4.589796e+01 3.265306e+00
    endloop
  endfacet
  facet normal 3.776225e-04 -9.474373e-01 3.199413e-01
    outer loop
      vertex 2.282943e+00 -4.589736e+01 3.265306e+00
      vertex 2.249415e+00 -4.534604e+01 4.897959e+00
      vertex -1.265883e-14 -4.534694e+01 4.897959e+00
    endloop
  endfacet
  facet normal -2.480744e-04 9.474922e-01 -3.197786e-01
    outer loop
      vertex 2.282943e+00 -4.589736e+01 3.265306e+00
      vertex -5.620879e-15 -4.589796e+01 3.265306e+00
      vertex -1.265883e-14 -4.534694e+01 4.897959e+00
    endloop
  endfacet
  facet normal 5.110877e-04 -9.474364e-01 3.199437e-01
    outer loop
      vertex 2.249415e+00 -4.534604e+01 4.897959e+00
      vertex 2.215886e+00 -4.479472e+01 6.530612e+00
      vertex -1.259135e-14 -4.479592e+01 6.530612e+00
    endloop
  endfacet
  facet normal -3.776444e-04 9.474922e-01 -3.197786e-01
    outer loop
      vertex 2.249415e+00 -4.534604e+01 4.897959e+00
      vertex -1.265883e-14 -4.534694e+01 4.897959e+00
      vertex -1.259135e-14 -4.479592e+01 6.530612e+00
    endloop
  endfacet
  facet normal 6.486280e-04 -9.474355e-01 3.199462e-01
    outer loop
      vertex 2.215886e+00 -4.479472e+01 6.530612e+00
      vertex 2.182358e+00 -4.424340e+01 8.163265e+00
      vertex -1.252386e-14 -4.424490e+01 8.163265e+00
    endloop
  endfacet
  facet normal -5.111177e-04 9.474922e-01 -3.197786e-01
    outer loop
      vertex 2.215886e+00 -4.479472e+01 6.530612e+00
      vertex -1.259135e-14 -4.479592e+01 6.530612e+00
      vertex -1.252386e-14 -4.424490e+01 8.163265e+00
    endloop
  endfacet
  facet normal 7.904258e-04 -9.474345e-01 3.199487e-01
    outer loop
      vertex 2.182358e+00 -4.424340e+01 8.163265e+00
      vertex 2.148829e+00 -4.369208e+01 9.795918e+00
      vertex -5.350957e-15 -4.369388e+01 9.795918e+00
    endloop
  endfacet
  facet normal -6.486667e-04 9.474921e-01 -3.197786e-01
    outer loop
      vertex 2.182358e+00 -4.424340e+01 8.163265e+00
      vertex -1.252386e-14 -4.424490e+01 8.163265e+00
      vertex -5.350957e-15 -4.369388e+01 9.795918e+00
    endloop
  endfacet
  facet normal 9.366738e-04 -9.474335e-01 3.199513e-01
    outer loop
      vertex 2.148829e+00 -4.369208e+01 9.795918e+00
      vertex 2.115301e+00 -4.314077e+01 1.142857e+01
      vertex -5.283476e-15 -4.314286e+01 1.142857e+01
    endloop
  endfacet
  facet normal -7.904737e-04 9.474920e-01 -3.197785e-01
    outer loop
      vertex 2.148829e+00 -4.369208e+01 9.795918e+00
      vertex -5.350957e-15 -4.369388e+01 9.795918e+00
      vertex -5.283476e-15 -4.314286e+01 1.142857e+01
    endloop
  endfacet
  facet normal 1.087576e-03 -9.474325e-01 3.199540e-01
    outer loop
      vertex 2.115301e+00 -4.314077e+01 1.142857e+01
      vertex 2.081773e+00 -4.258945e+01 1.306122e+01
      vertex -5.215996e-15 -4.259184e+01 1.306122e+01
    endloop
  endfacet
  facet normal -9.367315e-04 9.474919e-01 -3.197785e-01
    outer loop
      vertex 2.115301e+00 -4.314077e+01 1.142857e+01
      vertex -5.283476e-15 -4.314286e+01 1.142857e+01
      vertex -5.215996e-15 -4.259184e+01 1.306122e+01
    endloop
  endfacet
  facet normal 1.243349e-03 -9.474313e-01 3.199567e-01
    outer loop
      vertex 2.081773e+00 -4.258945e+01 1.306122e+01
      vertex 2.048244e+00 -4.203813e+01 1.469388e+01
      vertex -5.148515e-15 -4.204082e+01 1.469388e+01
    endloop
  endfacet
  facet normal -1.087644e-03 9.474917e-01 -3.197785e-01
    outer loop
      vertex 2.081773e+00 -4.258945e+01 1.306122e+01
      vertex -5.215996e-15 -4.259184e+01 1.306122e+01
      vertex -5.148515e-15 -4.204082e+01 1.469388e+01
    endloop
  endfacet
  facet normal 1.404221e-03 -9.474302e-01 3.199595e-01
    outer loop
      vertex 2.048244e+00 -4.203813e+01 1.469388e+01
      vertex 2.014716e+00 -4.148681e+01 1.632653e+01
      vertex -5.081035e-15 -4.148980e+01 1.632653e+01
    endloop
  endfacet
  facet normal -1.243428e-03 9.474915e-01 -3.197784e-01
    outer loop
      vertex 2.048244e+00 -4.203813e+01 1.469388e+01
      vertex -5.148515e-15 -4.204082e+01 1.469388e+01
      vertex -5.081035e-15 -4.148980e+01 1.632653e+01
    endloop
  endfacet
  facet normal 1.570436e-03 -9.474289e-01 3.199624e-01
    outer loop
      vertex 2.014716e+00 -4.148681e+01 1.632653e+01
      vertex 1.981187e+00 -4.093549e+01 1.795918e+01
      vertex -5.013554e-15 -4.093878e+01 1.795918e+01
    endloop
  endfacet
  facet normal -1.404312e-03 9.474913e-01 -3.197783e-01
    outer loop
      vertex 2.014716e+00 -4.148681e+01 1.632653e+01
      vertex -5.081035e-15 -4.148980e+01 1.632653e+01
      vertex -5.013554e-15 -4.093878e+01 1.795918e+01
    endloop
  endfacet
  facet normal 1.742250e-03 -9.474277e-01 3.199653e-01
    outer loop
      vertex 1.981187e+00 -4.093549e+01 1.795918e+01
      vertex 1.947659e+00 -4.038417e+01 1.959184e+01
      vertex -4.946074e-15 -4.038776e+01 1.959184e+01
    endloop
  endfacet
  facet normal -1.570539e-03 9.474911e-01 -3.197782e-01
    outer loop
      vertex 1.981187e+00 -4.093549e+01 1.795918e+01
      vertex -5.013554e-15 -4.093878e+01 1.795918e+01
      vertex -4.946074e-15 -4.038776e+01 1.959184e+01
    endloop
  endfacet
  facet normal 1.919938e-03 -9.474263e-01 3.199683e-01
    outer loop
      vertex 1.947659e+00 -4.038417e+01 1.959184e+01
      vertex 1.914130e+00 -3.983286e+01 2.122449e+01
      vertex -4.878593e-15 -3.983673e+01 2.122449e+01
    endloop
  endfacet
  facet normal -1.742366e-03 9.474908e-01 -3.197782e-01
    outer loop
      vertex 1.947659e+00 -4.038417e+01 1.959184e+01
      vertex -4.946074e-15 -4.038776e+01 1.959184e+01
      vertex -4.878593e-15 -3.983673e+01 2.122449e+01
    endloop
  endfacet
  facet normal 2.103789e-03 -9.474249e-01 3.199714e-01
    outer loop
      vertex 1.914130e+00 -3.983286e+01 2.122449e+01
      vertex 1.880602e+00 -3.928154e+01 2.285714e+01
      vertex -4.811112e-15 -3.928571e+01 2.285714e+01
    endloop
  endfacet
  facet normal -1.920068e-03 9.474905e-01 -3.197781e-01
    outer loop
      vertex 1.914130e+00 -3.983286e+01 2.122449e+01
      vertex -4.878593e-15 -3.983673e+01 2.122449e+01
      vertex -4.811112e-15 -3.928571e+01 2.285714e+01
    endloop
  endfacet
  facet normal 2.294113e-03 -9.474233e-01 3.199746e-01
    outer loop
      vertex 1.880602e+00 -3.928154e+01 2.285714e+01
      vertex 1.847074e+00 -3.873022e+01 2.448980e+01
      vertex -4.743632e-15 -3.873469e+01 2.448980e+01
    endloop
  endfacet
  facet normal -2.103934e-03 9.474902e-01 -3.197779e-01
    outer loop
      vertex 1.880602e+00 -3.928154e+01 2.285714e+01
      vertex -4.811112e-15 -3.928571e+01 2.285714e+01
      vertex -4.743632e-15 -3.873469e+01 2.448980e+01
    endloop
  endfacet
  facet normal 2.491237e-03 -9.474217e-01 3.199779e-01
    outer loop
      vertex 1.847074e+00 -3.873022e+01 2.448980e+01
      vertex 1.813545e+00 -3.817890e+01 2.612245e+01
      vertex -4.676151e-15 -3.818367e+01 2.612245e+01
    endloop
  endfacet
  facet normal -2.294274e-03 9.474898e-01 -3.197778e-01
    outer loop
      vertex 1.847074e+00 -3.873022e+01 2.448980e+01
      vertex -4.743632e-15 -3.873469e+01 2.448980e+01
      vertex -4.676151e-15 -3.818367e+01 2.612245e+01
    endloop
  endfacet
  facet normal 2.695511e-03 -9.474201e-01 3.199812e-01
    outer loop
      vertex 1.813545e+00 -3.817890e+01 2.612245e+01
      vertex 1.780017e+00 -3.762759e+01 2.775510e+01
      vertex -4.608671e-15 -3.763265e+01 2.775510e+01
    endloop
  endfacet
  facet normal -2.491415e-03 9.474893e-01 -3.197777e-01
    outer loop
      vertex 1.813545e+00 -3.817890e+01 2.612245e+01
      vertex -4.676151e-15 -3.818367e+01 2.612245e+01
      vertex -4.608671e-15 -3.763265e+01 2.775510e+01
    endloop
  endfacet
  facet normal 2.907306e-03 -9.474183e-01 3.199846e-01
    outer loop
      vertex 1.780017e+00 -3.762759e+01 2.775510e+01
      vertex 1.746488e+00 -3.707627e+01 2.938776e+01
      vertex -4.541190e-15 -3.708163e+01 2.938776e+01
    endloop
  endfacet
  facet normal -2.695707e-03 9.474888e-01 -3.197775e-01
    outer loop
      vertex 1.780017e+00 -3.762759e+01 2.775510e+01
      vertex -4.608671e-15 -3.763265e+01 2.775510e+01
      vertex -4.541190e-15 -3.708163e+01 2.938776e+01
    endloop
  endfacet
  facet normal 3.127018e-03 -9.474164e-01 3.199881e-01
    outer loop
      vertex 1.746488e+00 -3.707627e+01 2.938776e+01
      vertex 1.712960e+00 -3.652496e+01 3.102041e+01
      vertex -4.473710e-15 -3.653061e+01 3.102041e+01
    endloop
  endfacet
  facet normal -2.907521e-03 9.474883e-01 -3.197773e-01
    outer loop
      vertex 1.746488e+00 -3.707627e+01 2.938776e+01
      vertex -4.541190e-15 -3.708163e+01 2.938776e+01
      vertex -4.473710e-15 -3.653061e+01 3.102041e+01
    endloop
  endfacet
  facet normal 3.355068e-03 -9.474144e-01 3.199916e-01
    outer loop
      vertex 1.712960e+00 -3.652496e+01 3.102041e+01
      vertex 1.679431e+00 -3.597364e+01 3.265306e+01
      vertex -4.406229e-15 -3.597959e+01 3.265306e+01
    endloop
  endfacet
  facet normal -3.127253e-03 9.474876e-01 -3.197771e-01
    outer loop
      vertex 1.712960e+00 -3.652496e+01 3.102041e+01
      vertex -4.473710e-15 -3.653061e+01 3.102041e+01
      vertex -4.406229e-15 -3.597959e+01 3.265306e+01
    endloop
  endfacet
  facet normal 3.591905e-03 -9.474123e-01 3.199953e-01
    outer loop
      vertex 1.679431e+00 -3.597364e+01 3.265306e+01
      vertex 1.645903e+00 -3.542233e+01 3.428571e+01
      vertex -4.338749e-15 -3.542857e+01 3.428571e+01
    endloop
  endfacet
  facet normal -3.355325e-03 9.474869e-01 -3.197768e-01
    outer loop
      vertex 1.679431e+00 -3.597364e+01 3.265306e+01
      vertex -4.406229e-15 -3.597959e+01 3.265306e+01
      vertex -4.338749e-15 -3.542857e+01 3.428571e+01
    endloop
  endfacet
  facet normal 3.838008e-03 -9.474101e-01 3.199990e-01
    outer loop
      vertex 1.645903e+00 -3.542233e+01 3.428571e+01
      vertex 1.612374e+00 -3.487102e+01 3.591837e+01
      vertex -4.271268e-15 -3.487755e+01 3.591837e+01
    endloop
  endfacet
  facet normal -3.592185e-03 9.474862e-01 -3.197766e-01
    outer loop
      vertex 1.645903e+00 -3.542233e+01 3.428571e+01
      vertex -4.338749e-15 -3.542857e+01 3.428571e+01
      vertex -4.271268e-15 -3.487755e+01 3.591837e+01
    endloop
  endfacet
  facet normal 4.093886e-03 -9.474077e-01 3.200028e-01
    outer loop
      vertex 1.612374e+00 -3.487102e+01 3.591837e+01
      vertex 1.578846e+00 -3.431971e+01 3.755102e+01
      vertex -4.203788e-15 -3.432653e+01 3.755102e+01
    endloop
  endfacet
  facet normal -3.838313e-03 9.474853e-01 -3.197763e-01
    outer loop
      vertex 1.612374e+00 -3.487102e+01 3.591837e+01
      vertex -4.271268e-15 -3.487755e+01 3.591837e+01
      vertex -4.203788e-15 -3.432653e+01 3.755102e+01
    endloop
  endfacet
  facet normal 4.360085e-03 -9.474052e-01 3.200067e-01
    outer loop
      vertex 1.578846e+00 -3.431971e+01 3.755102e+01
      vertex 1.545318e+00 -3.376840e+01 3.918367e+01
      vertex -4.136307e-15 -3.377551e+01 3.918367e+01
    endloop
  endfacet
  facet normal -4.094217e-03 9.474843e-01 -3.197760e-01
    outer loop
      vertex 1.578846e+00 -3.431971e+01 3.755102e+01
      vertex -4.203788e-15 -3.432653e+01 3.755102e+01
      vertex -4.136307e-15 -3.377551e+01 3.918367e+01
    endloop
  endfacet
  facet normal 4.637183e-03 -9.474026e-01 3.200107e-01
    outer loop
      vertex 1.545318e+00 -3.376840e+01 3.918367e+01
      vertex 1.511789e+00 -3.321709e+01 4.081633e+01
      vertex -4.068827e-15 -3.322449e+01 4.081633e+01
    endloop
  endfacet
  facet normal -4.360444e-03 9.474833e-01 -3.197756e-01
    outer loop
      vertex 1.545318e+00 -3.376840e+01 3.918367e+01
      vertex -4.136307e-15 -3.377551e+01 3.918367e+01
      vertex -4.068827e-15 -3.322449e+01 4.081633e+01
    endloop
  endfacet
  facet normal 4.925800e-03 -9.473998e-01 3.200147e-01
    outer loop
      vertex 1.511789e+00 -3.321709e+01 4.081633e+01
      vertex 1.478261e+00 -3.266578e+01 4.244898e+01
      vertex -4.001346e-15 -3.267347e+01 4.244898e+01
    endloop
  endfacet
  facet normal -4.637572e-03 9.474821e-01 -3.197752e-01
    outer loop
      vertex 1.511789e+00 -3.321709e+01 4.081633e+01
      vertex -4.068827e-15 -3.322449e+01 4.081633e+01
      vertex -4.001346e-15 -3.267347e+01 4.244898e+01
    endloop
  endfacet
  facet normal 5.226594e-03 -9.473968e-01 3.200188e-01
    outer loop
      vertex 1.478261e+00 -3.266578e+01 4.244898e+01
      vertex 1.444732e+00 -3.211448e+01 4.408163e+01
      vertex -3.933865e-15 -3.212245e+01 4.408163e+01
    endloop
  endfacet
  facet normal -4.926221e-03 9.474808e-01 -3.197748e-01
    outer loop
      vertex 1.478261e+00 -3.266578e+01 4.244898e+01
      vertex -4.001346e-15 -3.267347e+01 4.244898e+01
      vertex -3.933865e-15 -3.212245e+01 4.408163e+01
    endloop
  endfacet
  facet normal 5.540267e-03 -9.473936e-01 3.200229e-01
    outer loop
      vertex 1.444732e+00 -3.211448e+01 4.408163e+01
      vertex 1.411204e+00 -3.156318e+01 4.571429e+01
      vertex -3.866385e-15 -3.157143e+01 4.571429e+01
    endloop
  endfacet
  facet normal -5.227049e-03 9.474793e-01 -3.197743e-01
    outer loop
      vertex 1.444732e+00 -3.211448e+01 4.408163e+01
      vertex -3.933865e-15 -3.212245e+01 4.408163e+01
      vertex -3.866385e-15 -3.157143e+01 4.571429e+01
    endloop
  endfacet
  facet normal 5.867568e-03 -9.473902e-01 3.200271e-01
    outer loop
      vertex 1.411204e+00 -3.156318e+01 4.571429e+01
      vertex 1.377675e+00 -3.101188e+01 4.734694e+01
      vertex -3.798904e-15 -3.102041e+01 4.734694e+01
    endloop
  endfacet
  facet normal -5.540759e-03 9.474777e-01 -3.197737e-01
    outer loop
      vertex 1.411204e+00 -3.156318e+01 4.571429e+01
      vertex -3.866385e-15 -3.157143e+01 4.571429e+01
      vertex -3.798904e-15 -3.102041e+01 4.734694e+01
    endloop
  endfacet
  facet normal 6.209290e-03 -9.473866e-01 3.200314e-01
    outer loop
      vertex 1.377675e+00 -3.101188e+01 4.734694e+01
      vertex 1.344147e+00 -3.046058e+01 4.897959e+01
      vertex -3.731424e-15 -3.046939e+01 4.897959e+01
    endloop
  endfacet
  facet normal -5.868099e-03 9.474760e-01 -3.197731e-01
    outer loop
      vertex 1.377675e+00 -3.101188e+01 4.734694e+01
      vertex -3.798904e-15 -3.102041e+01 4.734694e+01
      vertex -3.731424e-15 -3.046939e+01 4.897959e+01
    endloop
  endfacet
  facet normal 6.566279e-03 -9.473828e-01 3.200356e-01
    outer loop
      vertex 1.344147e+00 -3.046058e+01 4.897959e+01
      vertex 1.310619e+00 -2.990928e+01 5.061224e+01
      vertex -3.663943e-15 -2.991837e+01 5.061224e+01
    endloop
  endfacet
  facet normal -6.209863e-03 9.474740e-01 -3.197725e-01
    outer loop
      vertex 1.344147e+00 -3.046058e+01 4.897959e+01
      vertex -3.731424e-15 -3.046939e+01 4.897959e+01
      vertex -3.663943e-15 -2.991837e+01 5.061224e+01
    endloop
  endfacet
  facet normal 6.939430e-03 -9.473787e-01 3.200399e-01
    outer loop
      vertex 1.310619e+00 -2.990928e+01 5.061224e+01
      vertex 1.277090e+00 -2.935799e+01 5.224490e+01
      vertex -3.596463e-15 -2.936735e+01 5.224490e+01
    endloop
  endfacet
  facet normal -6.566897e-03 9.474718e-01 -3.197717e-01
    outer loop
      vertex 1.310619e+00 -2.990928e+01 5.061224e+01
      vertex -3.663943e-15 -2.991837e+01 5.061224e+01
      vertex -3.596463e-15 -2.936735e+01 5.224490e+01
    endloop
  endfacet
  facet normal 7.329689e-03 -9.473743e-01 3.200441e-01
    outer loop
      vertex 1.277090e+00 -2.935799e+01 5.224490e+01
      vertex 1.243562e+00 -2.880671e+01 5.387755e+01
      vertex -3.528982e-15 -2.881633e+01 5.387755e+01
    endloop
  endfacet
  facet normal -6.940095e-03 9.474695e-01 -3.197709e-01
    outer loop
      vertex 1.277090e+00 -2.935799e+01 5.224490e+01
      vertex -3.596463e-15 -2.936735e+01 5.224490e+01
      vertex -3.528982e-15 -2.881633e+01 5.387755e+01
    endloop
  endfacet
  facet normal 7.738055e-03 -9.473696e-01 3.200483e-01
    outer loop
      vertex 1.243562e+00 -2.880671e+01 5.387755e+01
      vertex 1.210033e+00 -2.825542e+01 5.551020e+01
      vertex -7.014215e-15 -2.826531e+01 5.551020e+01
    endloop
  endfacet
  facet normal -7.330405e-03 9.474668e-01 -3.197701e-01
    outer loop
      vertex 1.243562e+00 -2.880671e+01 5.387755e+01
      vertex -3.528982e-15 -2.881633e+01 5.387755e+01
      vertex -7.014215e-15 -2.826531e+01 5.551020e+01
    endloop
  endfacet
  facet normal 8.165576e-03 -9.473646e-01 3.200525e-01
    outer loop
      vertex 1.210033e+00 -2.825542e+01 5.551020e+01
      vertex 1.176505e+00 -2.770415e+01 5.714286e+01
      vertex -6.946735e-15 -2.771429e+01 5.714286e+01
    endloop
  endfacet
  facet normal -7.738825e-03 9.474639e-01 -3.197691e-01
    outer loop
      vertex 1.210033e+00 -2.825542e+01 5.551020e+01
      vertex -7.014215e-15 -2.826531e+01 5.551020e+01
      vertex -6.946735e-15 -2.771429e+01 5.714286e+01
    endloop
  endfacet
  facet normal 8.613348e-03 -9.473593e-01 3.200565e-01
    outer loop
      vertex 1.176505e+00 -2.770415e+01 5.714286e+01
      vertex 1.142976e+00 -2.715287e+01 5.877551e+01
      vertex -3.326541e-15 -2.716327e+01 5.877551e+01
    endloop
  endfacet
  facet normal -8.166404e-03 9.474607e-01 -3.197680e-01
    outer loop
      vertex 1.176505e+00 -2.770415e+01 5.714286e+01
      vertex -6.946735e-15 -2.771429e+01 5.714286e+01
      vertex -3.326541e-15 -2.716327e+01 5.877551e+01
    endloop
  endfacet
  facet normal 9.082507e-03 -9.473536e-01 3.200603e-01
    outer loop
      vertex 1.142976e+00 -2.715287e+01 5.877551e+01
      vertex 1.109448e+00 -2.660161e+01 6.040816e+01
      vertex -3.259060e-15 -2.661224e+01 6.040816e+01
    endloop
  endfacet
  facet normal -8.614237e-03 9.474571e-01 -3.197668e-01
    outer loop
      vertex 1.142976e+00 -2.715287e+01 5.877551e+01
      vertex -3.326541e-15 -2.716327e+01 5.877551e+01
      vertex -3.259060e-15 -2.661224e+01 6.040816e+01
    endloop
  endfacet
  facet normal 9.574223e-03 -9.473476e-01 3.200640e-01
    outer loop
      vertex 1.109448e+00 -2.660161e+01 6.040816e+01
      vertex 1.075920e+00 -2.605035e+01 6.204082e+01
      vertex -3.191580e-15 -2.606122e+01 6.204082e+01
    endloop
  endfacet
  facet normal -9.083462e-03 9.474532e-01 -3.197655e-01
    outer loop
      vertex 1.109448e+00 -2.660161e+01 6.040816e+01
      vertex -3.259060e-15 -2.661224e+01 6.040816e+01
      vertex -3.191580e-15 -2.606122e+01 6.204082e+01
    endloop
  endfacet
  facet normal 1.008968e-02 -9.473411e-01 3.200673e-01
    outer loop
      vertex 1.075920e+00 -2.605035e+01 6.204082e+01
      vertex 1.042391e+00 -2.549910e+01 6.367347e+01
      vertex -3.124099e-15 -2.551020e+01 6.367347e+01
    endloop
  endfacet
  facet normal -9.575247e-03 9.474488e-01 -3.197640e-01
    outer loop
      vertex 1.075920e+00 -2.605035e+01 6.204082e+01
      vertex -3.191580e-15 -2.606122e+01 6.204082e+01
      vertex -3.124099e-15 -2.551020e+01 6.367347e+01
    endloop
  endfacet
  facet normal 1.063008e-02 -9.473341e-01 3.200703e-01
    outer loop
      vertex 1.042391e+00 -2.549910e+01 6.367347e+01
      vertex 1.008863e+00 -2.494786e+01 6.530612e+01
      vertex -3.056618e-15 -2.495918e+01 6.530612e+01
    endloop
  endfacet
  facet normal -1.009078e-02 9.474440e-01 -3.197624e-01
    outer loop
      vertex 1.042391e+00 -2.549910e+01 6.367347e+01
      vertex -3.124099e-15 -2.551020e+01 6.367347e+01
      vertex -3.056618e-15 -2.495918e+01 6.530612e+01
    endloop
  endfacet
  facet normal 1.119656e-02 -9.473268e-01 3.200729e-01
    outer loop
      vertex 1.008863e+00 -2.494786e+01 6.530612e+01
      vertex 9.753342e-01 -2.439664e+01 6.693878e+01
      vertex -2.989138e-15 -2.440816e+01 6.693878e+01
    endloop
  endfacet
  facet normal -1.063125e-02 9.474387e-01 -3.197606e-01
    outer loop
      vertex 1.008863e+00 -2.494786e+01 6.530612e+01
      vertex -3.056618e-15 -2.495918e+01 6.530612e+01
      vertex -2.989138e-15 -2.440816e+01 6.693878e+01
    endloop
  endfacet
  facet normal 1.179023e-02 -9.473189e-01 3.200748e-01
    outer loop
      vertex 9.753342e-01 -2.439664e+01 6.693878e+01
      vertex 9.418058e-01 -2.384542e+01 6.857143e+01
      vertex -2.921657e-15 -2.385714e+01 6.857143e+01
    endloop
  endfacet
  facet normal -1.119782e-02 9.474329e-01 -3.197586e-01
    outer loop
      vertex 9.753342e-01 -2.439664e+01 6.693878e+01
      vertex -2.989138e-15 -2.440816e+01 6.693878e+01
      vertex -2.921657e-15 -2.385714e+01 6.857143e+01
    endloop
  endfacet
  facet normal 1.241206e-02 -9.473105e-01 3.200761e-01
    outer loop
      vertex 9.418058e-01 -2.384542e+01 6.857143e+01
      vertex 9.082774e-01 -2.329422e+01 7.020408e+01
      vertex -2.854177e-15 -2.330612e+01 7.020408e+01
    endloop
  endfacet
  facet normal -1.179157e-02 9.474264e-01 -3.197564e-01
    outer loop
      vertex 9.418058e-01 -2.384542e+01 6.857143e+01
      vertex -2.921657e-15 -2.385714e+01 6.857143e+01
      vertex -2.854177e-15 -2.330612e+01 7.020408e+01
    endloop
  endfacet
  facet normal 1.306285e-02 -9.473017e-01 3.200764e-01
    outer loop
      vertex 9.082774e-01 -2.329422e+01 7.020408e+01
      vertex 8.747489e-01 -2.274304e+01 7.183673e+01
      vertex -2.786696e-15 -2.275510e+01 7.183673e+01
    endloop
  endfacet
  facet normal -1.241349e-02 9.474193e-01 -3.197540e-01
    outer loop
      vertex 9.082774e-01 -2.329422e+01 7.020408e+01
      vertex -2.854177e-15 -2.330612e+01 7.020408e+01
      vertex -2.786696e-15 -2.275510e+01 7.183673e+01
    endloop
  endfacet
  facet normal 1.374308e-02 -9.472923e-01 3.200757e-01
    outer loop
      vertex 8.747489e-01 -2.274304e+01 7.183673e+01
      vertex 8.412205e-01 -2.219188e+01 7.346939e+01
      vertex -2.719216e-15 -2.220408e+01 7.346939e+01
    endloop
  endfacet
  facet normal -1.306436e-02 9.474114e-01 -3.197514e-01
    outer loop
      vertex 8.747489e-01 -2.274304e+01 7.183673e+01
      vertex -2.786696e-15 -2.275510e+01 7.183673e+01
      vertex -2.719216e-15 -2.220408e+01 7.346939e+01
    endloop
  endfacet
  facet normal 1.445287e-02 -9.472824e-01 3.200736e-01
    outer loop
      vertex 8.412205e-01 -2.219188e+01 7.346939e+01
      vertex 8.076921e-01 -2.164074e+01 7.510204e+01
      vertex -2.651735e-15 -2.165306e+01 7.510204e+01
    endloop
  endfacet
  facet normal -1.374468e-02 9.474028e-01 -3.197484e-01
    outer loop
      vertex 8.412205e-01 -2.219188e+01 7.346939e+01
      vertex -2.719216e-15 -2.220408e+01 7.346939e+01
      vertex -2.651735e-15 -2.165306e+01 7.510204e+01
    endloop
  endfacet
  facet normal 1.519172e-02 -9.472721e-01 3.200699e-01
    outer loop
      vertex 8.076921e-01 -2.164074e+01 7.510204e+01
      vertex 7.741636e-01 -2.108963e+01 7.673469e+01
      vertex -2.584255e-15 -2.110204e+01 7.673469e+01
    endloop
  endfacet
  facet normal -1.445456e-02 9.473933e-01 -3.197452e-01
    outer loop
      vertex 8.076921e-01 -2.164074e+01 7.510204e+01
      vertex -2.651735e-15 -2.165306e+01 7.510204e+01
      vertex -2.584255e-15 -2.110204e+01 7.673469e+01
    endloop
  endfacet
  facet normal 1.595835e-02 -9.472614e-01 3.200643e-01
    outer loop
      vertex 7.741636e-01 -2.108963e+01 7.673469e+01
      vertex 7.406352e-01 -2.053854e+01 7.836735e+01
      vertex -2.516774e-15 -2.055102e+01 7.836735e+01
    endloop
  endfacet
  facet normal -1.519349e-02 9.473829e-01 -3.197417e-01
    outer loop
      vertex 7.741636e-01 -2.108963e+01 7.673469e+01
      vertex -2.584255e-15 -2.110204e+01 7.673469e+01
      vertex -2.516774e-15 -2.055102e+01 7.836735e+01
    endloop
  endfacet
  facet normal 1.675042e-02 -9.472504e-01 3.200564e-01
    outer loop
      vertex 7.406352e-01 -2.053854e+01 7.836735e+01
      vertex 7.071068e-01 -1.998750e+01 8.000000e+01
      vertex -2.449294e-15 -2.000000e+01 8.000000e+01
    endloop
  endfacet
  facet normal -1.596021e-02 9.473716e-01 -3.197379e-01
    outer loop
      vertex 7.406352e-01 -2.053854e+01 7.836735e+01
      vertex -2.516774e-15 -2.055102e+01 7.836735e+01
      vertex -2.449294e-15 -2.000000e+01 8.000000e+01
    endloop
  endfacet
  facet normal -1.222444e-04 -9.474923e-01 3.197786e-01
    outer loop
      vertex -5.755840e-15 -4.700000e+01 0.000000e+00
      vertex -5.688359e-15 -4.644898e+01 1.632653e+00
      vertex -2.316472e+00 -4.644868e+01 1.632653e+00
    endloop
  endfacet
  facet normal 0.000000e+00 9.474397e-01 -3.199343e-01
    outer loop
      vertex -5.755840e-15 -4.700000e+01 0.000000e+00
      vertex -2.350000e+00 -4.700000e+01 0.000000e+00
      vertex -2.316472e+00 -4.644868e+01 1.632653e+00
    endloop
  endfacet
  facet normal -2.480744e-04 -9.474922e-01 3.197786e-01
    outer loop
      vertex -5.688359e-15 -4.644898e+01 1.632653e+00
      vertex -5.620879e-15 -4.589796e+01 3.265306e+00
      vertex -2.282943e+00 -4.589736e+01 3.265306e+00
    endloop
  endfacet
  facet normal 1.222375e-04 9.474390e-01 -3.199366e-01
    outer loop
      vertex -5.688359e-15 -4.644898e+01 1.632653e+00
      vertex -2.316472e+00 -4.644868e+01 1.632653e+00
      vertex -2.282943e+00 -4.589736e+01 3.265306e+00
    endloop
  endfacet
  facet normal -3.776444e-04 -9.474922e-01 3.197786e-01
    outer loop
      vertex -5.620879e-15 -4.589796e+01 3.265306e+00
      vertex -1.265883e-14 -4.534694e+01 4.897959e+00
      vertex -2.249415e+00 -4.534604e+01 4.897959e+00
    endloop
  endfacet
  facet normal 2.480602e-04 9.474382e-01 -3.199389e-01
    outer loop
      vertex -5.620879e-15 -4.589796e+01 3.265306e+00
      vertex -2.282943e+00 -4.589736e+01 3.265306e+00
      vertex -2.249415e+00 -4.534604e+01 4.897959e+00
    endloop
  endfacet
  facet normal -5.111177e-04 -9.474922e-01 3.197786e-01
    outer loop
      vertex -1.265883e-14 -4.534694e+01 4.897959e+00
      vertex -1.259135e-14 -4.479592e+01 6.530612e+00
      vertex -2.215886e+00 -4.479472e+01 6.530612e+00
    endloop
  endfacet
  facet normal 3.776226e-04 9.474373e-01 -3.199412e-01
    outer loop
      vertex -1.265883e-14 -4.534694e+01 4.897959e+00
      vertex -2.249415e+00 -4.534604e+01 4.897959e+00
      vertex -2.215886e+00 -4.479472e+01 6.530612e+00
    endloop
  endfacet
  facet normal -6.486667e-04 -9.474921e-01 3.197786e-01
    outer loop
      vertex -1.259135e-14 -4.479592e+01 6.530612e+00
      vertex -1.252386e-14 -4.424490e+01 8.163265e+00
      vertex -2.182358e+00 -4.424340e+01 8.163265e+00
    endloop
  endfacet
  facet normal 5.110877e-04 9.474364e-01 -3.199436e-01
    outer loop
      vertex -1.259135e-14 -4.479592e+01 6.530612e+00
      vertex -2.215886e+00 -4.479472e+01 6.530612e+00
      vertex -2.182358e+00 -4.424340e+01 8.163265e+00
    endloop
  endfacet
  facet normal -7.904737e-04 -9.474920e-01 3.197785e-01
    outer loop
      vertex -1.252386e-14 -4.424490e+01 8.163265e+00
      vertex -5.350957e-15 -4.369388e+01 9.795918e+00
      vertex -2.148829e+00 -4.369208e+01 9.795918e+00
    endloop
  endfacet
  facet normal 6.486280e-04 9.474355e-01 -3.199461e-01
    outer loop
      vertex -1.252386e-14 -4.424490e+01 8.163265e+00
      vertex -2.182358e+00 -4.424340e+01 8.163265e+00
      vertex -2.148829e+00 -4.369208e+01 9.795918e+00
    endloop
  endfacet
  facet normal -9.367315e-04 -9.474919e-01 3.197785e-01
    outer loop
      vertex -5.350957e-15 -4.369388e+01 9.795918e+00
      vertex -5.283476e-15 -4.314286e+01 1.142857e+01
      vertex -2.115301e+00 -4.314077e+01 1.142857e+01
    endloop
  endfacet
  facet normal 7.904258e-04 9.474346e-01 -3.199486e-01
    outer loop
      vertex -5.350957e-15 -4.369388e+01 9.795918e+00
      vertex -2.148829e+00 -4.369208e+01 9.795918e+00
      vertex -2.115301e+00 -4.314077e+01 1.142857e+01
    endloop
  endfacet
  facet normal -1.087644e-03 -9.474917e-01 3.197785e-01
    outer loop
      vertex -5.283476e-15 -4.314286e+01 1.142857e+01
      vertex -5.215996e-15 -4.259184e+01 1.306122e+01
      vertex -2.081773e+00 -4.258945e+01 1.306122e+01
    endloop
  endfacet
  facet normal 9.366739e-04 9.474335e-01 -3.199512e-01
    outer loop
      vertex -5.283476e-15 -4.314286e+01 1.142857e+01
      vertex -2.115301e+00 -4.314077e+01 1.142857e+01
      vertex -2.081773e+00 -4.258945e+01 1.306122e+01
    endloop
  endfacet
  facet normal -1.243428e-03 -9.474915e-01 3.197784e-01
    outer loop
      vertex -5.215996e-15 -4.259184e+01 1.306122e+01
      vertex -5.148515e-15 -4.204082e+01 1.469388e+01
      vertex -2.048244e+00 -4.203813e+01 1.469388e+01
    endloop
  endfacet
  facet normal 1.087576e-03 9.474325e-01 -3.199539e-01
    outer loop
      vertex -5.215996e-15 -4.259184e+01 1.306122e+01
      vertex -2.081773e+00 -4.258945e+01 1.306122e+01
      vertex -2.048244e+00 -4.203813e+01 1.469388e+01
    endloop
  endfacet
  facet normal -1.404312e-03 -9.474913e-01 3.197783e-01
    outer loop
      vertex -5.148515e-15 -4.204082e+01 1.469388e+01
      vertex -5.081035e-15 -4.148980e+01 1.632653e+01
      vertex -2.014716e+00 -4.148681e+01 1.632653e+01
    endloop
  endfacet
  facet normal 1.243349e-03 9.474314e-01 -3.199566e-01
    outer loop
      vertex -5.148515e-15 -4.204082e+01 1.469388e+01
      vertex -2.048244e+00 -4.203813e+01 1.469388e+01
      vertex -2.014716e+00 -4.148681e+01 1.632653e+01
    endloop
  endfacet
  facet normal -1.570539e-03 -9.474911e-01 3.197782e-01
    outer loop
      vertex -5.081035e-15 -4.148980e+01 1.632653e+01
      vertex -5.013554e-15 -4.093878e+01 1.795918e+01
      vertex -1.981187e+00 -4.093549e+01 1.795918e+01
    endloop
  endfacet
  facet normal 1.404221e-03 9.474302e-01 -3.199594e-01
    outer loop
      vertex -5.081035e-15 -4.148980e+01 1.632653e+01
      vertex -2.014716e+00 -4.148681e+01 1.632653e+01
      vertex -1.981187e+00 -4.093549e+01 1.795918e+01
    endloop
  endfacet
  facet normal -1.742366e-03 -9.474908e-01 3.197782e-01
    outer loop
      vertex -5.013554e-15 -4.093878e+01 1.795918e+01
      vertex -4.946074e-15 -4.038776e+01 1.959184e+01
      vertex -1.947659e+00 -4.038417e+01 1.959184e+01
    endloop
  endfacet
  facet normal 1.570436e-03 9.474290e-01 -3.199623e-01
    outer loop
      vertex -5.013554e-15 -4.093878e+01 1.795918e+01
      vertex -1.981187e+00 -4.093549e+01 1.795918e+01
      vertex -1.947659e+00 -4.038417e+01 1.959184e+01
    endloop
  endfacet
  facet normal -1.920068e-03 -9.474905e-01 3.197781e-01
    outer loop
      vertex -4.946074e-15 -4.038776e+01 1.959184e+01
      vertex -4.878593e-15 -3.983673e+01 2.122449e+01
      vertex -1.914130e+00 -3.983286e+01 2.122449e+01
    endloop
  endfacet
  facet normal 1.742250e-03 9.474277e-01 -3.199652e-01
    outer loop
      vertex -4.946074e-15 -4.038776e+01 1.959184e+01
      vertex -1.947659e+00 -4.038417e+01 1.959184e+01
      vertex -1.914130e+00 -3.983286e+01 2.122449e+01
    endloop
  endfacet
  facet normal -2.103934e-03 -9.474902e-01 3.197779e-01
    outer loop
      vertex -4.878593e-15 -3.983673e+01 2.122449e+01
      vertex -4.811112e-15 -3.928571e+01 2.285714e+01
      vertex -1.880602e+00 -3.928154e+01 2.285714e+01
    endloop
  endfacet
  facet normal 1.919938e-03 9.474263e-01 -3.199682e-01
    outer loop
      vertex -4.878593e-15 -3.983673e+01 2.122449e+01
      vertex -1.914130e+00 -3.983286e+01 2.122449e+01
      vertex -1.880602e+00 -3.928154e+01 2.285714e+01
    endloop
  endfacet
  facet normal -2.294274e-03 -9.474898e-01 3.197778e-01
    outer loop
      vertex -4.811112e-15 -3.928571e+01 2.285714e+01
      vertex -4.743632e-15 -3.873469e+01 2.448980e+01
      vertex -1.847074e+00 -3.873022e+01 2.448980e+01
    endloop
  endfacet
  facet normal 2.103789e-03 9.474249e-01 -3.199712e-01
    outer loop
      vertex -4.811112e-15 -3.928571e+01 2.285714e+01
      vertex -1.880602e+00 -3.928154e+01 2.285714e+01
      vertex -1.847074e+00 -3.873022e+01 2.448980e+01
    endloop
  endfacet
  facet normal -2.491415e-03 -9.474893e-01 3.197777e-01
    outer loop
      vertex -4.743632e-15 -3.873469e+01 2.448980e+01
      vertex -4.676151e-15 -3.818367e+01 2.612245e+01
      vertex -1.813545e+00 -3.817890e+01 2.612245e+01
    endloop
  endfacet
  facet normal 2.294113e-03 9.474234e-01 -3.199744e-01
    outer loop
      vertex -4.743632e-15 -3.873469e+01 2.448980e+01
      vertex -1.847074e+00 -3.873022e+01 2.448980e+01
      vertex -1.813545e+00 -3.817890e+01 2.612245e+01
    endloop
  endfacet
  facet normal -2.695707e-03 -9.474888e-01 3.197775e-01
    outer loop
      vertex -4.676151e-15 -3.818367e+01 2.612245e+01
      vertex -4.608671e-15 -3.763265e+01 2.775510e+01
      vertex -1.780017e+00 -3.762759e+01 2.775510e+01
    endloop
  endfacet
  facet normal 2.491238e-03 9.474218e-01 -3.199776e-01
    outer loop
      vertex -4.676151e-15 -3.818367e+01 2.612245e+01
      vertex -1.813545e+00 -3.817890e+01 2.612245e+01
      vertex -1.780017e+00 -3.762759e+01 2.775510e+01
    endloop
  endfacet
  facet normal -2.907521e-03 -9.474883e-01 3.197773e-01
    outer loop
      vertex -4.608671e-15 -3.763265e+01 2.775510e+01
      vertex -4.541190e-15 -3.708163e+01 2.938776e+01
      vertex -1.746488e+00 -3.707627e+01 2.938776e+01
    endloop
  endfacet
  facet normal 2.695512e-03 9.474202e-01 -3.199809e-01
    outer loop
      vertex -4.608671e-15 -3.763265e+01 2.775510e+01
      vertex -1.780017e+00 -3.762759e+01 2.775510e+01
      vertex -1.746488e+00 -3.707627e+01 2.938776e+01
    endloop
  endfacet
  facet normal -3.127253e-03 -9.474876e-01 3.197771e-01
    outer loop
      vertex -4.541190e-15 -3.708163e+01 2.938776e+01
      vertex -4.473710e-15 -3.653061e+01 3.102041e+01
      vertex -1.712960e+00 -3.652496e+01 3.102041e+01
    endloop
  endfacet
  facet normal 2.907307e-03 9.474184e-01 -3.199842e-01
    outer loop
      vertex -4.541190e-15 -3.708163e+01 2.938776e+01
      vertex -1.746488e+00 -3.707627e+01 2.938776e+01
      vertex -1.712960e+00 -3.652496e+01 3.102041e+01
    endloop
  endfacet
  facet normal -3.355325e-03 -9.474869e-01 3.197768e-01
    outer loop
      vertex -4.473710e-15 -3.653061e+01 3.102041e+01
      vertex -4.406229e-15 -3.597959e+01 3.265306e+01
      vertex -1.679431e+00 -3.597364e+01 3.265306e+01
    endloop
  endfacet
  facet normal 3.127019e-03 9.474165e-01 -3.199877e-01
    outer loop
      vertex -4.473710e-15 -3.653061e+01 3.102041e+01
      vertex -1.712960e+00 -3.652496e+01 3.102041e+01
      vertex -1.679431e+00 -3.597364e+01 3.265306e+01
    endloop
  endfacet
  facet normal -3.592185e-03 -9.474862e-01 3.197766e-01
    outer loop
      vertex -4.406229e-15 -3.597959e+01 3.265306e+01
      vertex -4.338749e-15 -3.542857e+01 3.428571e+01
      vertex -1.645903e+00 -3.542233e+01 3.428571e+01
    endloop
  endfacet
  facet normal 3.355069e-03 9.474146e-01 -3.199912e-01
    outer loop
      vertex -4.406229e-15 -3.597959e+01 3.265306e+01
      vertex -1.679431e+00 -3.597364e+01 3.265306e+01
      vertex -1.645903e+00 -3.542233e+01 3.428571e+01
    endloop
  endfacet
  facet normal -3.838313e-03 -9.474853e-01 3.197763e-01
    outer loop
      vertex -4.338749e-15 -3.542857e+01 3.428571e+01
      vertex -4.271268e-15 -3.487755e+01 3.591837e+01
      vertex -1.612374e+00 -3.487102e+01 3.591837e+01
    endloop
  endfacet
  facet normal 3.591906e-03 9.474125e-01 -3.199948e-01
    outer loop
      vertex -4.338749e-15 -3.542857e+01 3.428571e+01
      vertex -1.645903e+00 -3.542233e+01 3.428571e+01
      vertex -1.612374e+00 -3.487102e+01 3.591837e+01
    endloop
  endfacet
  facet normal -4.094217e-03 -9.474843e-01 3.197760e-01
    outer loop
      vertex -4.271268e-15 -3.487755e+01 3.591837e+01
      vertex -4.203788e-15 -3.432653e+01 3.755102e+01
      vertex -1.578846e+00 -3.431971e+01 3.755102e+01
    endloop
  endfacet
  facet normal 3.838009e-03 9.474103e-01 -3.199984e-01
    outer loop
      vertex -4.271268e-15 -3.487755e+01 3.591837e+01
      vertex -1.612374e+00 -3.487102e+01 3.591837e+01
      vertex -1.578846e+00 -3.431971e+01 3.755102e+01
    endloop
  endfacet
  facet normal -4.360444e-03 -9.474833e-01 3.197756e-01
    outer loop
      vertex -4.203788e-15 -3.432653e+01 3.755102e+01
      vertex -4.136307e-15 -3.377551e+01 3.918367e+01
      vertex -1.545318e+00 -3.376840e+01 3.918367e+01
    endloop
  endfacet
  facet normal 4.093887e-03 9.474080e-01 -3.200022e-01
    outer loop
      vertex -4.203788e-15 -3.432653e+01 3.755102e+01
      vertex -1.578846e+00 -3.431971e+01 3.755102e+01
      vertex -1.545318e+00 -3.376840e+01 3.918367e+01
    endloop
  endfacet
  facet normal -4.637572e-03 -9.474821e-01 3.197752e-01
    outer loop
      vertex -4.136307e-15 -3.377551e+01 3.918367e+01
      vertex -4.068827e-15 -3.322449e+01 4.081633e+01
      vertex -1.511789e+00 -3.321709e+01 4.081633e+01
    endloop
  endfacet
  facet normal 4.360086e-03 9.474055e-01 -3.200060e-01
    outer loop
      vertex -4.136307e-15 -3.377551e+01 3.918367e+01
      vertex -1.545318e+00 -3.376840e+01 3.918367e+01
      vertex -1.511789e+00 -3.321709e+01 4.081633e+01
    endloop
  endfacet
  facet normal -4.926221e-03 -9.474808e-01 3.197748e-01
    outer loop
      vertex -4.068827e-15 -3.322449e+01 4.081633e+01
      vertex -4.001346e-15 -3.267347e+01 4.244898e+01
      vertex -1.478261e+00 -3.266578e+01 4.244898e+01
    endloop
  endfacet
  facet normal 4.637184e-03 9.474029e-01 -3.200098e-01
    outer loop
      vertex -4.068827e-15 -3.322449e+01 4.081633e+01
      vertex -1.511789e+00 -3.321709e+01 4.081633e+01
      vertex -1.478261e+00 -3.266578e+01 4.244898e+01
    endloop
  endfacet
  facet normal -5.227049e-03 -9.474793e-01 3.197743e-01
    outer loop
      vertex -4.001346e-15 -3.267347e+01 4.244898e+01
      vertex -3.933865e-15 -3.212245e+01 4.408163e+01
      vertex -1.444732e+00 -3.211448e+01 4.408163e+01
    endloop
  endfacet
  facet normal 4.925801e-03 9.474001e-01 -3.200137e-01
    outer loop
      vertex -4.001346e-15 -3.267347e+01 4.244898e+01
      vertex -1.478261e+00 -3.266578e+01 4.244898e+01
      vertex -1.444732e+00 -3.211448e+01 4.408163e+01
    endloop
  endfacet
  facet normal -5.540759e-03 -9.474777e-01 3.197737e-01
    outer loop
      vertex -3.933865e-15 -3.212245e+01 4.408163e+01
      vertex -3.866385e-15 -3.157143e+01 4.571429e+01
      vertex -1.411204e+00 -3.156318e+01 4.571429e+01
    endloop
  endfacet
  facet normal 5.226596e-03 9.473972e-01 -3.200177e-01
    outer loop
      vertex -3.933865e-15 -3.212245e+01 4.408163e+01
      vertex -1.444732e+00 -3.211448e+01 4.408163e+01
      vertex -1.411204e+00 -3.156318e+01 4.571429e+01
    endloop
  endfacet
  facet normal -5.868099e-03 -9.474760e-01 3.197731e-01
    outer loop
      vertex -3.866385e-15 -3.157143e+01 4.571429e+01
      vertex -3.798904e-15 -3.102041e+01 4.734694e+01
      vertex -1.377675e+00 -3.101188e+01 4.734694e+01
    endloop
  endfacet
  facet normal 5.540269e-03 9.473940e-01 -3.200217e-01
    outer loop
      vertex -3.866385e-15 -3.157143e+01 4.571429e+01
      vertex -1.411204e+00 -3.156318e+01 4.571429e+01
      vertex -1.377675e+00 -3.101188e+01 4.734694e+01
    endloop
  endfacet
  facet normal -6.209863e-03 -9.474740e-01 3.197725e-01
    outer loop
      vertex -3.798904e-15 -3.102041e+01 4.734694e+01
      vertex -3.731424e-15 -3.046939e+01 4.897959e+01
      vertex -1.344147e+00 -3.046058e+01 4.897959e+01
    endloop
  endfacet
  facet normal 5.867570e-03 9.473907e-01 -3.200257e-01
    outer loop
      vertex -3.798904e-15 -3.102041e+01 4.734694e+01
      vertex -1.377675e+00 -3.101188e+01 4.734694e+01
      vertex -1.344147e+00 -3.046058e+01 4.897959e+01
    endloop
  endfacet
  facet normal -6.566897e-03 -9.474718e-01 3.197717e-01
    outer loop
      vertex -3.731424e-15 -3.046939e+01 4.897959e+01
      vertex -3.663943e-15 -2.991837e+01 5.061224e+01
      vertex -1.310619e+00 -2.990928e+01 5.061224e+01
    endloop
  endfacet
  facet normal 6.209294e-03 9.473871e-01 -3.200298e-01
    outer loop
      vertex -3.731424e-15 -3.046939e+01 4.897959e+01
      vertex -1.344147e+00 -3.046058e+01 4.897959e+01
      vertex -1.310619e+00 -2.990928e+01 5.061224e+01
    endloop
  endfacet
  facet normal -6.940095e-03 -9.474695e-01 3.197709e-01
    outer loop
      vertex -3.663943e-15 -2.991837e+01 5.061224e+01
      vertex -3.596463e-15 -2.936735e+01 5.224490e+01
      vertex -1.277090e+00 -2.935799e+01 5.224490e+01
    endloop
  endfacet
  facet normal 6.566283e-03 9.473834e-01 -3.200338e-01
    outer loop
      vertex -3.663943e-15 -2.991837e+01 5.061224e+01
      vertex -1.310619e+00 -2.990928e+01 5.061224e+01
      vertex -1.277090e+00 -2.935799e+01 5.224490e+01
    endloop
  endfacet
  facet normal -7.330405e-03 -9.474668e-01 3.197701e-01
    outer loop
      vertex -3.596463e-15 -2.936735e+01 5.224490e+01
      vertex -3.528982e-15 -2.881633e+01 5.387755e+01
      vertex -1.243562e+00 -2.880671e+01 5.387755e+01
    endloop
  endfacet
  facet normal 6.939435e-03 9.473794e-01 -3.200378e-01
    outer loop
      vertex -3.596463e-15 -2.936735e+01 5.224490e+01
      vertex -1.277090e+00 -2.935799e+01 5.224490e+01
      vertex -1.243562e+00 -2.880671e+01 5.387755e+01
    endloop
  endfacet
  facet normal -7.738825e-03 -9.474639e-01 3.197691e-01
    outer loop
      vertex -3.528982e-15 -2.881633e+01 5.387755e+01
      vertex -7.014215e-15 -2.826531e+01 5.551020e+01
      vertex -1.210033e+00 -2.825542e+01 5.551020e+01
    endloop
  endfacet
  facet normal 7.329695e-03 9.473751e-01 -3.200418e-01
    outer loop
      vertex -3.528982e-15 -2.881633e+01 5.387755e+01
      vertex -1.243562e+00 -2.880671e+01 5.387755e+01
      vertex -1.210033e+00 -2.825542e+01 5.551020e+01
    endloop
  endfacet
  facet normal -8.166404e-03 -9.474607e-01 3.197680e-01
    outer loop
      vertex -7.014215e-15 -2.826531e+01 5.551020e+01
      vertex -6.946735e-15 -2.771429e+01 5.714286e+01
      vertex -1.176505e+00 -2.770415e+01 5.714286e+01
    endloop
  endfacet
  facet normal 7.738062e-03 9.473705e-01 -3.200457e-01
    outer loop
      vertex -7.014215e-15 -2.826531e+01 5.551020e+01
      vertex -1.210033e+00 -2.825542e+01 5.551020e+01
      vertex -1.176505e+00 -2.770415e+01 5.714286e+01
    endloop
  endfacet
  facet normal -8.614237e-03 -9.474571e-01 3.197668e-01
    outer loop
      vertex -6.946735e-15 -2.771429e+01 5.714286e+01
      vertex -3.326541e-15 -2.716327e+01 5.877551e+01
      vertex -1.142976e+00 -2.715287e+01 5.877551e+01
    endloop
  endfacet
  facet normal 8.165585e-03 9.473657e-01 -3.200494e-01
    outer loop
      vertex -6.946735e-15 -2.771429e+01 5.714286e+01
      vertex -1.176505e+00 -2.770415e+01 5.714286e+01
      vertex -1.142976e+00 -2.715287e+01 5.877551e+01
    endloop
  endfacet
  facet normal -9.083462e-03 -9.474532e-01 3.197655e-01
    outer loop
      vertex -3.326541e-15 -2.716327e+01 5.877551e+01
      vertex -3.259060e-15 -2.661224e+01 6.040816e+01
      vertex -1.109448e+00 -2.660161e+01 6.040816e+01
    endloop
  endfacet
  facet normal 8.613359e-03 9.473605e-01 -3.200530e-01
    outer loop
      vertex -3.326541e-15 -2.716327e+01 5.877551e+01
      vertex -1.142976e+00 -2.715287e+01 5.877551e+01
      vertex -1.109448e+00 -2.660161e+01 6.040816e+01
    endloop
  endfacet
  facet normal -9.575247e-03 -9.474488e-01 3.197640e-01
    outer loop
      vertex -3.259060e-15 -2.661224e+01 6.040816e+01
      vertex -3.191580e-15 -2.606122e+01 6.204082e+01
      vertex -1.075920e+00 -2.605035e+01 6.204082e+01
    endloop
  endfacet
  facet normal 9.082520e-03 9.473550e-01 -3.200564e-01
    outer loop
      vertex -3.259060e-15 -2.661224e+01 6.040816e+01
      vertex -1.109448e+00 -2.660161e+01 6.040816e+01
      vertex -1.075920e+00 -2.605035e+01 6.204082e+01
    endloop
  endfacet
  facet normal -1.009078e-02 -9.474440e-01 3.197624e-01
    outer loop
      vertex -3.191580e-15 -2.606122e+01 6.204082e+01
      vertex -3.124099e-15 -2.551020e+01 6.367347e+01
      vertex -1.042391e+00 -2.549910e+01 6.367347e+01
    endloop
  endfacet
  facet normal 9.574239e-03 9.473491e-01 -3.200595e-01
    outer loop
      vertex -3.191580e-15 -2.606122e+01 6.204082e+01
      vertex -1.075920e+00 -2.605035e+01 6.204082e+01
      vertex -1.042391e+00 -2.549910e+01 6.367347e+01
    endloop
  endfacet
  facet normal -1.063125e-02 -9.474387e-01 3.197606e-01
    outer loop
      vertex -3.124099e-15 -2.551020e+01 6.367347e+01
      vertex -3.056618e-15 -2.495918e+01 6.530612e+01
      vertex -1.008863e+00 -2.494786e+01 6.530612e+01
    endloop
  endfacet
  facet normal 1.008970e-02 9.473428e-01 -3.200622e-01
    outer loop
      vertex -3.124099e-15 -2.551020e+01 6.367347e+01
      vertex -1.042391e+00 -2.549910e+01 6.367347e+01
      vertex -1.008863e+00 -2.494786e+01 6.530612e+01
    endloop
  endfacet
  facet normal -1.119782e-02 -9.474329e-01 3.197586e-01
    outer loop
      vertex -3.056618e-15 -2.495918e+01 6.530612e+01
      vertex -2.989138e-15 -2.440816e+01 6.693878e+01
      vertex -9.753342e-01 -2.439664e+01 6.693878e+01
    endloop
  endfacet
  facet normal 1.063010e-02 9.473361e-01 -3.200644e-01
    outer loop
      vertex -3.056618e-15 -2.495918e+01 6.530612e+01
      vertex -1.008863e+00 -2.494786e+01 6.530612e+01
      vertex -9.753342e-01 -2.439664e+01 6.693878e+01
    endloop
  endfacet
  facet normal -1.179157e-02 -9.474264e-01 3.197564e-01
    outer loop
      vertex -2.989138e-15 -2.440816e+01 6.693878e+01
      vertex -2.921657e-15 -2.385714e+01 6.857143e+01
      vertex -9.418058e-01 -2.384542e+01 6.857143e+01
    endloop
  endfacet
  facet normal 1.119659e-02 9.473291e-01 -3.200661e-01
    outer loop
      vertex -2.989138e-15 -2.440816e+01 6.693878e+01
      vertex -9.753342e-01 -2.439664e+01 6.693878e+01
      vertex -9.418058e-01 -2.384542e+01 6.857143e+01
    endloop
  endfacet
  facet normal -1.241349e-02 -9.474193e-01 3.197540e-01
    outer loop
      vertex -2.921657e-15 -2.385714e+01 6.857143e+01
      vertex -2.854177e-15 -2.330612e+01 7.020408e+01
      vertex -9.082774e-01 -2.329422e+01 7.020408e+01
    endloop
  endfacet
  facet normal 1.179026e-02 9.473215e-01 -3.200670e-01
    outer loop
      vertex -2.921657e-15 -2.385714e+01 6.857143e+01
      vertex -9.418058e-01 -2.384542e+01 6.857143e+01
      vertex -9.082774e-01 -2.329422e+01 7.020408e+01
    endloop
  endfacet
  facet normal -1.306436e-02 -9.474114e-01 3.197514e-01
    outer loop
      vertex -2.854177e-15 -2.330612e+01 7.020408e+01
      vertex -2.786696e-15 -2.275510e+01 7.183673e+01
      vertex -8.747489e-01 -2.274304e+01 7.183673e+01
    endloop
  endfacet
  facet normal 1.241210e-02 9.473136e-01 -3.200671e-01
    outer loop
      vertex -2.854177e-15 -2.330612e+01 7.020408e+01
      vertex -9.082774e-01 -2.329422e+01 7.020408e+01
      vertex -8.747489e-01 -2.274304e+01 7.183673e+01
    endloop
  endfacet
  facet normal -1.374468e-02 -9.474028e-01 3.197484e-01
    outer loop
      vertex -2.786696e-15 -2.275510e+01 7.183673e+01
      vertex -2.719216e-15 -2.220408e+01 7.346939e+01
      vertex -8.412205e-01 -2.219188e+01 7.346939e+01
    endloop
  endfacet
  facet normal 1.306289e-02 9.473052e-01 -3.200661e-01
    outer loop
      vertex -2.786696e-15 -2.275510e+01 7.183673e+01
      vertex -8.747489e-01 -2.274304e+01 7.183673e+01
      vertex -8.412205e-01 -2.219188e+01 7.346939e+01
    endloop
  endfacet
  facet normal -1.445456e-02 -9.473933e-01 3.197452e-01
    outer loop
      vertex -2.719216e-15 -2.220408e+01 7.346939e+01
      vertex -2.651735e-15 -2.165306e+01 7.510204e+01
      vertex -8.076921e-01 -2.164074e+01 7.510204e+01
    endloop
  endfacet
  facet normal 1.374314e-02 9.472963e-01 -3.200637e-01
    outer loop
      vertex -2.719216e-15 -2.220408e+01 7.346939e+01
      vertex -8.412205e-01 -2.219188e+01 7.346939e+01
      vertex -8.076921e-01 -2.164074e+01 7.510204e+01
    endloop
  endfacet
  facet normal -1.519349e-02 -9.473829e-01 3.197417e-01
    outer loop
      vertex -2.651735e-15 -2.165306e+01 7.510204e+01
      vertex -2.584255e-15 -2.110204e+01 7.673469e+01
      vertex -7.741636e-01 -2.108963e+01 7.673469e+01
    endloop
  endfacet
  facet normal 1.445294e-02 9.472871e-01 -3.200598e-01
    outer loop
      vertex -2.651735e-15 -2.165306e+01 7.510204e+01
      vertex -8.076921e-01 -2.164074e+01 7.510204e+01
      vertex -7.741636e-01 -2.108963e+01 7.673469e+01
    endloop
  endfacet
  facet normal -1.596021e-02 -9.473716e-01 3.197379e-01
    outer loop
      vertex -2.584255e-15 -2.110204e+01 7.673469e+01
      vertex -2.516774e-15 -2.055102e+01 7.836735e+01
      vertex -7.406352e-01 -2.053854e+01 7.836735e+01
    endloop
  endfacet
  facet normal 1.519180e-02 9.472775e-01 -3.200540e-01
    outer loop
      vertex -2.584255e-15 -2.110204e+01 7.673469e+01
      vertex -7.741636e-01 -2.108963e+01 7.673469e+01
      vertex -7.406352e-01 -2.053854e+01 7.836735e+01
    endloop
  endfacet
  facet normal -1.675234e-02 -9.473593e-01 3.197338e-01
    outer loop
      vertex -2.516774e-15 -2.055102e+01 7.836735e+01
      vertex -2.449294e-15 -2.000000e+01 8.000000e+01
      vertex -7.071068e-01 -1.998750e+01 8.000000e+01
    endloop
  endfacet
  facet normal 1.595846e-02 9.472676e-01 -3.200459e-01
    outer loop
      vertex -2.516774e-15 -2.055102e+01 7.836735e+01
      vertex -7.406352e-01 -2.053854e+01 7.836735e+01
      vertex -7.071068e-01 -1.998750e+01 8.000000e+01
    endloop
  endfacet
  facet normal -3.667120e-04 -9.474374e-01 3.199411e-01
    outer loop
      vertex -2.350000e+00 -4.700000e+01 0.000000e+00
      vertex -2.316472e+00 -4.644868e+01 1.632653e+00
      vertex -4.632943e+00 -4.644778e+01 1.632653e+00
    endloop
  endfacet
  facet normal 0.000000e+00 9.472819e-01 -3.204013e-01
    outer loop
      vertex -2.350000e+00 -4.700000e+01 0.000000e+00
      vertex -4.700000e+00 -4.700000e+01 0.000000e+00
      vertex -4.632943e+00 -4.644778e+01 1.632653e+00
    endloop
  endfacet
  facet normal -7.441783e-04 -9.474348e-01 3.199480e-01
    outer loop
      vertex -2.316472e+00 -4.644868e+01 1.632653e+00
      vertex -2.282943e+00 -4.589736e+01 3.265306e+00
      vertex -4.565886e+00 -4.589557e+01 3.265306e+00
    endloop
  endfacet
  facet normal 3.666501e-04 9.472773e-01 -3.204147e-01
    outer loop
      vertex -2.316472e+00 -4.644868e+01 1.632653e+00
      vertex -4.632943e+00 -4.644778e+01 1.632653e+00
      vertex -4.565886e+00 -4.589557e+01 3.265306e+00
    endloop
  endfacet
  facet normal -1.132862e-03 -9.474321e-01 3.199550e-01
    outer loop
      vertex -2.282943e+00 -4.589736e+01 3.265306e+00
      vertex -2.249415e+00 -4.534604e+01 4.897959e+00
      vertex -4.498829e+00 -4.534335e+01 4.897959e+00
    endloop
  endfacet
  facet normal 7.440507e-04 9.472724e-01 -3.204285e-01
    outer loop
      vertex -2.282943e+00 -4.589736e+01 3.265306e+00
      vertex -4.565886e+00 -4.589557e+01 3.265306e+00
      vertex -4.498829e+00 -4.534335e+01 4.897959e+00
    endloop
  endfacet
  facet normal -1.533253e-03 -9.474291e-01 3.199622e-01
    outer loop
      vertex -2.249415e+00 -4.534604e+01 4.897959e+00
      vertex -2.215886e+00 -4.479472e+01 6.530612e+00
      vertex -4.431773e+00 -4.479114e+01 6.530612e+00
    endloop
  endfacet
  facet normal 1.132665e-03 9.472672e-01 -3.204426e-01
    outer loop
      vertex -2.249415e+00 -4.534604e+01 4.897959e+00
      vertex -4.498829e+00 -4.534335e+01 4.897959e+00
      vertex -4.431773e+00 -4.479114e+01 6.530612e+00
    endloop
  endfacet
  facet normal -1.945868e-03 -9.474258e-01 3.199695e-01
    outer loop
      vertex -2.215886e+00 -4.479472e+01 6.530612e+00
      vertex -2.182358e+00 -4.424340e+01 8.163265e+00
      vertex -4.364716e+00 -4.423892e+01 8.163265e+00
    endloop
  endfacet
  facet normal 1.532982e-03 9.472618e-01 -3.204571e-01
    outer loop
      vertex -2.215886e+00 -4.479472e+01 6.530612e+00
      vertex -4.431773e+00 -4.479114e+01 6.530612e+00
      vertex -4.364716e+00 -4.423892e+01 8.163265e+00
    endloop
  endfacet
  facet normal -2.371253e-03 -9.474223e-01 3.199770e-01
    outer loop
      vertex -2.182358e+00 -4.424340e+01 8.163265e+00
      vertex -2.148829e+00 -4.369208e+01 9.795918e+00
      vertex -4.297659e+00 -4.368671e+01 9.795918e+00
    endloop
  endfacet
  facet normal 1.945519e-03 9.472560e-01 -3.204719e-01
    outer loop
      vertex -2.182358e+00 -4.424340e+01 8.163265e+00
      vertex -4.364716e+00 -4.423892e+01 8.163265e+00
      vertex -4.297659e+00 -4.368671e+01 9.795918e+00
    endloop
  endfacet
  facet normal -2.809988e-03 -9.474185e-01 3.199847e-01
    outer loop
      vertex -2.148829e+00 -4.369208e+01 9.795918e+00
      vertex -2.115301e+00 -4.314077e+01 1.142857e+01
      vertex -4.230602e+00 -4.313449e+01 1.142857e+01
    endloop
  endfacet
  facet normal 2.370822e-03 9.472499e-01 -3.204871e-01
    outer loop
      vertex -2.148829e+00 -4.369208e+01 9.795918e+00
      vertex -4.297659e+00 -4.368671e+01 9.795918e+00
      vertex -4.230602e+00 -4.313449e+01 1.142857e+01
    endloop
  endfacet
  facet normal -3.262684e-03 -9.474144e-01 3.199926e-01
    outer loop
      vertex -2.115301e+00 -4.314077e+01 1.142857e+01
      vertex -2.081773e+00 -4.258945e+01 1.306122e+01
      vertex -4.163545e+00 -4.258228e+01 1.306122e+01
    endloop
  endfacet
  facet normal 2.809469e-03 9.472435e-01 -3.205026e-01
    outer loop
      vertex -2.115301e+00 -4.314077e+01 1.142857e+01
      vertex -4.230602e+00 -4.313449e+01 1.142857e+01
      vertex -4.163545e+00 -4.258228e+01 1.306122e+01
    endloop
  endfacet
  facet normal -3.729989e-03 -9.474100e-01 3.200006e-01
    outer loop
      vertex -2.081773e+00 -4.258945e+01 1.306122e+01
      vertex -2.048244e+00 -4.203813e+01 1.469388e+01
      vertex -4.096488e+00 -4.203006e+01 1.469388e+01
    endloop
  endfacet
  facet normal 3.262071e-03 9.472366e-01 -3.205186e-01
    outer loop
      vertex -2.081773e+00 -4.258945e+01 1.306122e+01
      vertex -4.163545e+00 -4.258228e+01 1.306122e+01
      vertex -4.096488e+00 -4.203006e+01 1.469388e+01
    endloop
  endfacet
  facet normal -4.212590e-03 -9.474052e-01 3.200088e-01
    outer loop
      vertex -2.048244e+00 -4.203813e+01 1.469388e+01
      vertex -2.014716e+00 -4.148681e+01 1.632653e+01
      vertex -4.029431e+00 -4.147785e+01 1.632653e+01
    endloop
  endfacet
  facet normal 3.729277e-03 9.472294e-01 -3.205349e-01
    outer loop
      vertex -2.048244e+00 -4.203813e+01 1.469388e+01
      vertex -4.096488e+00 -4.203006e+01 1.469388e+01
      vertex -4.029431e+00 -4.147785e+01 1.632653e+01
    endloop
  endfacet
  facet normal -4.711215e-03 -9.474000e-01 3.200171e-01
    outer loop
      vertex -2.014716e+00 -4.148681e+01 1.632653e+01
      vertex -1.981187e+00 -4.093549e+01 1.795918e+01
      vertex -3.962374e+00 -4.092564e+01 1.795918e+01
    endloop
  endfacet
  facet normal 4.211774e-03 9.472217e-01 -3.205516e-01
    outer loop
      vertex -2.014716e+00 -4.148681e+01 1.632653e+01
      vertex -4.029431e+00 -4.147785e+01 1.632653e+01
      vertex -3.962374e+00 -4.092564e+01 1.795918e+01
    endloop
  endfacet
  facet normal -5.226638e-03 -9.473945e-01 3.200257e-01
    outer loop
      vertex -1.981187e+00 -4.093549e+01 1.795918e+01
      vertex -1.947659e+00 -4.038417e+01 1.959184e+01
      vertex -3.895318e+00 -4.037343e+01 1.959184e+01
    endloop
  endfacet
  facet normal 4.710288e-03 9.472135e-01 -3.205688e-01
    outer loop
      vertex -1.981187e+00 -4.093549e+01 1.795918e+01
      vertex -3.962374e+00 -4.092564e+01 1.795918e+01
      vertex -3.895318e+00 -4.037343e+01 1.959184e+01
    endloop
  endfacet
  facet normal -5.759678e-03 -9.473884e-01 3.200344e-01
    outer loop
      vertex -1.947659e+00 -4.038417e+01 1.959184e+01
      vertex -1.914130e+00 -3.983286e+01 2.122449e+01
      vertex -3.828261e+00 -3.982122e+01 2.122449e+01
    endloop
  endfacet
  facet normal 5.225592e-03 9.472049e-01 -3.205863e-01
    outer loop
      vertex -1.947659e+00 -4.038417e+01 1.959184e+01
      vertex -3.895318e+00 -4.037343e+01 1.959184e+01
      vertex -3.828261e+00 -3.982122e+01 2.122449e+01
    endloop
  endfacet
  facet normal -6.311206e-03 -9.473819e-01 3.200433e-01
    outer loop
      vertex -1.914130e+00 -3.983286e+01 2.122449e+01
      vertex -1.880602e+00 -3.928154e+01 2.285714e+01
      vertex -3.761204e+00 -3.926901e+01 2.285714e+01
    endloop
  endfacet
  facet normal 5.758506e-03 9.471957e-01 -3.206043e-01
    outer loop
      vertex -1.914130e+00 -3.983286e+01 2.122449e+01
      vertex -3.828261e+00 -3.982122e+01 2.122449e+01
      vertex -3.761204e+00 -3.926901e+01 2.285714e+01
    endloop
  endfacet
  facet normal -6.882148e-03 -9.473748e-01 3.200524e-01
    outer loop
      vertex -1.880602e+00 -3.928154e+01 2.285714e+01
      vertex -1.847074e+00 -3.873022e+01 2.448980e+01
      vertex -3.694147e+00 -3.871680e+01 2.448980e+01
    endloop
  endfacet
  facet normal 6.309900e-03 9.471860e-01 -3.206228e-01
    outer loop
      vertex -1.880602e+00 -3.928154e+01 2.285714e+01
      vertex -3.761204e+00 -3.926901e+01 2.285714e+01
      vertex -3.694147e+00 -3.871680e+01 2.448980e+01
    endloop
  endfacet
  facet normal -7.473488e-03 -9.473672e-01 3.200618e-01
    outer loop
      vertex -1.847074e+00 -3.873022e+01 2.448980e+01
      vertex -1.813545e+00 -3.817890e+01 2.612245e+01
      vertex -3.627090e+00 -3.816460e+01 2.612245e+01
    endloop
  endfacet
  facet normal 6.880700e-03 9.471756e-01 -3.206417e-01
    outer loop
      vertex -1.847074e+00 -3.873022e+01 2.448980e+01
      vertex -3.694147e+00 -3.871680e+01 2.448980e+01
      vertex -3.627090e+00 -3.816460e+01 2.612245e+01
    endloop
  endfacet
  facet normal -8.086274e-03 -9.473590e-01 3.200713e-01
    outer loop
      vertex -1.813545e+00 -3.817890e+01 2.612245e+01
      vertex -1.780017e+00 -3.762759e+01 2.775510e+01
      vertex -3.560033e+00 -3.761240e+01 2.775510e+01
    endloop
  endfacet
  facet normal 7.471890e-03 9.471645e-01 -3.206610e-01
    outer loop
      vertex -1.813545e+00 -3.817890e+01 2.612245e+01
      vertex -3.627090e+00 -3.816460e+01 2.612245e+01
      vertex -3.560033e+00 -3.761240e+01 2.775510e+01
    endloop
  endfacet
  facet normal -8.721620e-03 -9.473501e-01 3.200810e-01
    outer loop
      vertex -1.780017e+00 -3.762759e+01 2.775510e+01
      vertex -1.746488e+00 -3.707627e+01 2.938776e+01
      vertex -3.492976e+00 -3.706019e+01 2.938776e+01
    endloop
  endfacet
  facet normal 8.084515e-03 9.471528e-01 -3.206808e-01
    outer loop
      vertex -1.780017e+00 -3.762759e+01 2.775510e+01
      vertex -3.560033e+00 -3.761240e+01 2.775510e+01
      vertex -3.492976e+00 -3.706019e+01 2.938776e+01
    endloop
  endfacet
  facet normal -9.380711e-03 -9.473404e-01 3.200908e-01
    outer loop
      vertex -1.746488e+00 -3.707627e+01 2.938776e+01
      vertex -1.712960e+00 -3.652496e+01 3.102041e+01
      vertex -3.425920e+00 -3.650800e+01 3.102041e+01
    endloop
  endfacet
  facet normal 8.719689e-03 9.471403e-01 -3.207011e-01
    outer loop
      vertex -1.746488e+00 -3.707627e+01 2.938776e+01
      vertex -3.492976e+00 -3.706019e+01 2.938776e+01
      vertex -3.425920e+00 -3.650800e+01 3.102041e+01
    endloop
  endfacet
  facet normal -1.006481e-02 -9.473300e-01 3.201009e-01
    outer loop
      vertex -1.712960e+00 -3.652496e+01 3.102041e+01
      vertex -1.679431e+00 -3.597364e+01 3.265306e+01
      vertex -3.358863e+00 -3.595580e+01 3.265306e+01
    endloop
  endfacet
  facet normal 9.378597e-03 9.471270e-01 -3.207219e-01
    outer loop
      vertex -1.712960e+00 -3.652496e+01 3.102041e+01
      vertex -3.425920e+00 -3.650800e+01 3.102041e+01
      vertex -3.358863e+00 -3.595580e+01 3.265306e+01
    endloop
  endfacet
  facet normal -1.077527e-02 -9.473187e-01 3.201112e-01
    outer loop
      vertex -1.679431e+00 -3.597364e+01 3.265306e+01
      vertex -1.645903e+00 -3.542233e+01 3.428571e+01
      vertex -3.291806e+00 -3.540361e+01 3.428571e+01
    endloop
  endfacet
  facet normal 1.006250e-02 9.471127e-01 -3.207432e-01
    outer loop
      vertex -1.679431e+00 -3.597364e+01 3.265306e+01
      vertex -3.358863e+00 -3.595580e+01 3.265306e+01
      vertex -3.291806e+00 -3.540361e+01 3.428571e+01
    endloop
  endfacet
  facet normal -1.151352e-02 -9.473065e-01 3.201217e-01
    outer loop
      vertex -1.645903e+00 -3.542233e+01 3.428571e+01
      vertex -1.612374e+00 -3.487102e+01 3.591837e+01
      vertex -3.224749e+00 -3.485142e+01 3.591837e+01
    endloop
  endfacet
  facet normal 1.077276e-02 9.470976e-01 -3.207650e-01
    outer loop
      vertex -1.645903e+00 -3.542233e+01 3.428571e+01
      vertex -3.291806e+00 -3.540361e+01 3.428571e+01
      vertex -3.224749e+00 -3.485142e+01 3.591837e+01
    endloop
  endfacet
  facet normal -1.228109e-02 -9.472932e-01 3.201323e-01
    outer loop
      vertex -1.612374e+00 -3.487102e+01 3.591837e+01
      vertex -1.578846e+00 -3.431971e+01 3.755102e+01
      vertex -3.157692e+00 -3.429924e+01 3.755102e+01
    endloop
  endfacet
  facet normal 1.151078e-02 9.470813e-01 -3.207872e-01
    outer loop
      vertex -1.612374e+00 -3.487102e+01 3.591837e+01
      vertex -3.224749e+00 -3.485142e+01 3.591837e+01
      vertex -3.157692e+00 -3.429924e+01 3.755102e+01
    endloop
  endfacet
  facet normal -1.307962e-02 -9.472789e-01 3.201431e-01
    outer loop
      vertex -1.578846e+00 -3.431971e+01 3.755102e+01
      vertex -1.545318e+00 -3.376840e+01 3.918367e+01
      vertex -3.090635e+00 -3.374706e+01 3.918367e+01
    endloop
  endfacet
  facet normal 1.227812e-02 9.470640e-01 -3.208099e-01
    outer loop
      vertex -1.578846e+00 -3.431971e+01 3.755102e+01
      vertex -3.157692e+00 -3.429924e+01 3.755102e+01
      vertex -3.090635e+00 -3.374706e+01 3.918367e+01
    endloop
  endfacet
  facet normal -1.391084e-02 -9.472633e-01 3.201541e-01
    outer loop
      vertex -1.545318e+00 -3.376840e+01 3.918367e+01
      vertex -1.511789e+00 -3.321709e+01 4.081633e+01
      vertex -3.023578e+00 -3.319489e+01 4.081633e+01
    endloop
  endfacet
  facet normal 1.307640e-02 9.470455e-01 -3.208331e-01
    outer loop
      vertex -1.545318e+00 -3.376840e+01 3.918367e+01
      vertex -3.090635e+00 -3.374706e+01 3.918367e+01
      vertex -3.023578e+00 -3.319489e+01 4.081633e+01
    endloop
  endfacet
  facet normal -1.477661e-02 -9.472465e-01 3.201652e-01
    outer loop
      vertex -1.511789e+00 -3.321709e+01 4.081633e+01
      vertex -1.478261e+00 -3.266578e+01 4.244898e+01
      vertex -2.956521e+00 -3.264272e+01 4.244898e+01
    endloop
  endfacet
  facet normal 1.390735e-02 9.470256e-01 -3.208567e-01
    outer loop
      vertex -1.511789e+00 -3.321709e+01 4.081633e+01
      vertex -3.023578e+00 -3.319489e+01 4.081633e+01
      vertex -2.956521e+00 -3.264272e+01 4.244898e+01
    endloop
  endfacet
  facet normal -1.567890e-02 -9.472282e-01 3.201765e-01
    outer loop
      vertex -1.478261e+00 -3.266578e+01 4.244898e+01
      vertex -1.444732e+00 -3.211448e+01 4.408163e+01
      vertex -2.889465e+00 -3.209056e+01 4.408163e+01
    endloop
  endfacet
  facet normal 1.477283e-02 9.470044e-01 -3.208808e-01
    outer loop
      vertex -1.478261e+00 -3.266578e+01 4.244898e+01
      vertex -2.956521e+00 -3.264272e+01 4.244898e+01
      vertex -2.889465e+00 -3.209056e+01 4.408163e+01
    endloop
  endfacet
  facet normal -1.661982e-02 -9.472083e-01 3.201879e-01
    outer loop
      vertex -1.444732e+00 -3.211448e+01 4.408163e+01
      vertex -1.411204e+00 -3.156318e+01 4.571429e+01
      vertex -2.822408e+00 -3.153841e+01 4.571429e+01
    endloop
  endfacet
  facet normal 1.567482e-02 9.469816e-01 -3.209053e-01
    outer loop
      vertex -1.444732e+00 -3.211448e+01 4.408163e+01
      vertex -2.889465e+00 -3.209056e+01 4.408163e+01
      vertex -2.822408e+00 -3.153841e+01 4.571429e+01
    endloop
  endfacet
  facet normal -1.760162e-02 -9.471867e-01 3.201994e-01
    outer loop
      vertex -1.411204e+00 -3.156318e+01 4.571429e+01
      vertex -1.377675e+00 -3.101188e+01 4.734694e+01
      vertex -2.755351e+00 -3.098627e+01 4.734694e+01
    endloop
  endfacet
  facet normal 1.661542e-02 9.469571e-01 -3.209302e-01
    outer loop
      vertex -1.411204e+00 -3.156318e+01 4.571429e+01
      vertex -2.822408e+00 -3.153841e+01 4.571429e+01
      vertex -2.755351e+00 -3.098627e+01 4.734694e+01
    endloop
  endfacet
  facet normal -1.862668e-02 -9.471631e-01 3.202109e-01
    outer loop
      vertex -1.377675e+00 -3.101188e+01 4.734694e+01
      vertex -1.344147e+00 -3.046058e+01 4.897959e+01
      vertex -2.688294e+00 -3.043414e+01 4.897959e+01
    endloop
  endfacet
  facet normal 1.759687e-02 9.469308e-01 -3.209554e-01
    outer loop
      vertex -1.377675e+00 -3.101188e+01 4.734694e+01
      vertex -2.755351e+00 -3.098627e+01 4.734694e+01
      vertex -2.688294e+00 -3.043414e+01 4.897959e+01
    endloop
  endfacet
  facet normal -1.969752e-02 -9.471376e-01 3.202225e-01
    outer loop
      vertex -1.344147e+00 -3.046058e+01 4.897959e+01
      vertex -1.310619e+00 -2.990928e+01 5.061224e+01
      vertex -2.621237e+00 -2.988203e+01 5.061224e+01
    endloop
  endfacet
  facet normal 1.862155e-02 9.469026e-01 -3.209809e-01
    outer loop
      vertex -1.344147e+00 -3.046058e+01 4.897959e+01
      vertex -2.688294e+00 -3.043414e+01 4.897959e+01
      vertex -2.621237e+00 -2.988203e+01 5.061224e+01
    endloop
  endfacet
  facet normal -2.081685e-02 -9.471097e-01 3.202340e-01
    outer loop
      vertex -1.310619e+00 -2.990928e+01 5.061224e+01
      vertex -1.277090e+00 -2.935799e+01 5.224490e+01
      vertex -2.554180e+00 -2.932992e+01 5.224490e+01
    endloop
  endfacet
  facet normal 1.969201e-02 9.468722e-01 -3.210065e-01
    outer loop
      vertex -1.310619e+00 -2.990928e+01 5.061224e+01
      vertex -2.621237e+00 -2.988203e+01 5.061224e+01
      vertex -2.554180e+00 -2.932992e+01 5.224490e+01
    endloop
  endfacet
  facet normal -2.198749e-02 -9.470794e-01 3.202455e-01
    outer loop
      vertex -1.277090e+00 -2.935799e+01 5.224490e+01
      vertex -1.243562e+00 -2.880671e+01 5.387755e+01
      vertex -2.487123e+00 -2.877783e+01 5.387755e+01
    endloop
  endfacet
  facet normal 2.081091e-02 9.468396e-01 -3.210323e-01
    outer loop
      vertex -1.277090e+00 -2.935799e+01 5.224490e+01
      vertex -2.554180e+00 -2.932992e+01 5.224490e+01
      vertex -2.487123e+00 -2.877783e+01 5.387755e+01
    endloop
  endfacet
  facet normal -2.321244e-02 -9.470463e-01 3.202569e-01
    outer loop
      vertex -1.243562e+00 -2.880671e+01 5.387755e+01
      vertex -1.210033e+00 -2.825542e+01 5.551020e+01
      vertex -2.420067e+00 -2.822576e+01 5.551020e+01
    endloop
  endfacet
  facet normal 2.198110e-02 9.468044e-01 -3.210582e-01
    outer loop
      vertex -1.243562e+00 -2.880671e+01 5.387755e+01
      vertex -2.487123e+00 -2.877783e+01 5.387755e+01
      vertex -2.420067e+00 -2.822576e+01 5.551020e+01
    endloop
  endfacet
  facet normal -2.449484e-02 -9.470102e-01 3.202681e-01
    outer loop
      vertex -1.210033e+00 -2.825542e+01 5.551020e+01
      vertex -1.176505e+00 -2.770415e+01 5.714286e+01
      vertex -2.353010e+00 -2.767371e+01 5.714286e+01
    endloop
  endfacet
  facet normal 2.320558e-02 9.467664e-01 -3.210838e-01
    outer loop
      vertex -1.210033e+00 -2.825542e+01 5.551020e+01
      vertex -2.420067e+00 -2.822576e+01 5.551020e+01
      vertex -2.353010e+00 -2.767371e+01 5.714286e+01
    endloop
  endfacet
  facet normal -2.583799e-02 -9.469708e-01 3.202790e-01
    outer loop
      vertex -1.176505e+00 -2.770415e+01 5.714286e+01
      vertex -1.142976e+00 -2.715287e+01 5.877551e+01
      vertex -2.285953e+00 -2.712169e+01 5.877551e+01
    endloop
  endfacet
  facet normal 2.448748e-02 9.467255e-01 -3.211092e-01
    outer loop
      vertex -1.176505e+00 -2.770415e+01 5.714286e+01
      vertex -2.353010e+00 -2.767371e+01 5.714286e+01
      vertex -2.285953e+00 -2.712169e+01 5.877551e+01
    endloop
  endfacet
  facet normal -2.724530e-02 -9.469278e-01 3.202896e-01
    outer loop
      vertex -1.142976e+00 -2.715287e+01 5.877551e+01
      vertex -1.109448e+00 -2.660161e+01 6.040816e+01
      vertex -2.218896e+00 -2.656969e+01 6.040816e+01
    endloop
  endfacet
  facet normal 2.583010e-02 9.466814e-01 -3.211341e-01
    outer loop
      vertex -1.142976e+00 -2.715287e+01 5.877551e+01
      vertex -2.285953e+00 -2.712169e+01 5.877551e+01
      vertex -2.218896e+00 -2.656969e+01 6.040816e+01
    endloop
  endfacet
  facet normal -2.872026e-02 -9.468808e-01 3.202996e-01
    outer loop
      vertex -1.109448e+00 -2.660161e+01 6.040816e+01
      vertex -1.075920e+00 -2.605035e+01 6.204082e+01
      vertex -2.151839e+00 -2.601772e+01 6.204082e+01
    endloop
  endfacet
  facet normal 2.723683e-02 9.466338e-01 -3.211583e-01
    outer loop
      vertex -1.109448e+00 -2.660161e+01 6.040816e+01
      vertex -2.218896e+00 -2.656969e+01 6.040816e+01
      vertex -2.151839e+00 -2.601772e+01 6.204082e+01
    endloop
  endfacet
  facet normal -3.026644e-02 -9.468295e-01 3.203090e-01
    outer loop
      vertex -1.075920e+00 -2.605035e+01 6.204082e+01
      vertex -1.042391e+00 -2.549910e+01 6.367347e+01
      vertex -2.084782e+00 -2.546578e+01 6.367347e+01
    endloop
  endfacet
  facet normal 2.871120e-02 9.465823e-01 -3.211815e-01
    outer loop
      vertex -1.075920e+00 -2.605035e+01 6.204082e+01
      vertex -2.151839e+00 -2.601772e+01 6.204082e+01
      vertex -2.084782e+00 -2.546578e+01 6.367347e+01
    endloop
  endfacet
  facet normal -3.188742e-02 -9.467734e-01 3.203176e-01
    outer loop
      vertex -1.042391e+00 -2.549910e+01 6.367347e+01
      vertex -1.008863e+00 -2.494786e+01 6.530612e+01
      vertex -2.017725e+00 -2.491388e+01 6.530612e+01
    endloop
  endfacet
  facet normal 3.025677e-02 9.465268e-01 -3.212033e-01
    outer loop
      vertex -1.042391e+00 -2.549910e+01 6.367347e+01
      vertex -2.084782e+00 -2.546578e+01 6.367347e+01
      vertex -2.017725e+00 -2.491388e+01 6.530612e+01
    endloop
  endfacet
  facet normal -3.358666e-02 -9.467121e-01 3.203251e-01
    outer loop
      vertex -1.008863e+00 -2.494786e+01 6.530612e+01
      vertex -9.753342e-01 -2.439664e+01 6.693878e+01
      vertex -1.950668e+00 -2.436203e+01 6.693878e+01
    endloop
  endfacet
  facet normal 3.187709e-02 9.464668e-01 -3.212233e-01
    outer loop
      vertex -1.008863e+00 -2.494786e+01 6.530612e+01
      vertex -2.017725e+00 -2.491388e+01 6.530612e+01
      vertex -1.950668e+00 -2.436203e+01 6.693878e+01
    endloop
  endfacet
  facet normal -3.536746e-02 -9.466451e-01 3.203315e-01
    outer loop
      vertex -9.753342e-01 -2.439664e+01 6.693878e+01
      vertex -9.418058e-01 -2.384542e+01 6.857143e+01
      vertex -1.883612e+00 -2.381023e+01 6.857143e+01
    endloop
  endfacet
  facet normal 3.357567e-02 9.464021e-01 -3.212411e-01
    outer loop
      vertex -9.753342e-01 -2.439664e+01 6.693878e+01
      vertex -1.950668e+00 -2.436203e+01 6.693878e+01
      vertex -1.883612e+00 -2.381023e+01 6.857143e+01
    endloop
  endfacet
  facet normal -3.723274e-02 -9.465719e-01 3.203364e-01
    outer loop
      vertex -9.418058e-01 -2.384542e+01 6.857143e+01
      vertex -9.082774e-01 -2.329422e+01 7.020408e+01
      vertex -1.816555e+00 -2.325850e+01 7.020408e+01
    endloop
  endfacet
  facet normal 3.535577e-02 9.463322e-01 -3.212559e-01
    outer loop
      vertex -9.418058e-01 -2.384542e+01 6.857143e+01
      vertex -1.883612e+00 -2.381023e+01 6.857143e+01
      vertex -1.816555e+00 -2.325850e+01 7.020408e+01
    endloop
  endfacet
  facet normal -3.918487e-02 -9.464920e-01 3.203395e-01
    outer loop
      vertex -9.082774e-01 -2.329422e+01 7.020408e+01
      vertex -8.747489e-01 -2.274304e+01 7.183673e+01
      vertex -1.749498e+00 -2.270682e+01 7.183673e+01
    endloop
  endfacet
  facet normal 3.722035e-02 9.462569e-01 -3.212671e-01
    outer loop
      vertex -9.082774e-01 -2.329422e+01 7.020408e+01
      vertex -1.816555e+00 -2.325850e+01 7.020408e+01
      vertex -1.749498e+00 -2.270682e+01 7.183673e+01
    endloop
  endfacet
  facet normal -4.122536e-02 -9.464050e-01 3.203405e-01
    outer loop
      vertex -8.747489e-01 -2.274304e+01 7.183673e+01
      vertex -8.412205e-01 -2.219188e+01 7.346939e+01
      vertex -1.682441e+00 -2.215523e+01 7.346939e+01
    endloop
  endfacet
  facet normal 3.917177e-02 9.461758e-01 -3.212739e-01
    outer loop
      vertex -8.747489e-01 -2.274304e+01 7.183673e+01
      vertex -1.749498e+00 -2.270682e+01 7.183673e+01
      vertex -1.682441e+00 -2.215523e+01 7.346939e+01
    endloop
  endfacet
  facet normal -4.335450e-02 -9.463104e-01 3.203390e-01
    outer loop
      vertex -8.412205e-01 -2.219188e+01 7.346939e+01
      vertex -8.076921e-01 -2.164074e+01 7.510204e+01
      vertex -1.615384e+00 -2.160373e+01 7.510204e+01
    endloop
  endfacet
  facet normal 4.121158e-02 9.460887e-01 -3.212753e-01
    outer loop
      vertex -8.412205e-01 -2.219188e+01 7.346939e+01
      vertex -1.682441e+00 -2.215523e+01 7.346939e+01
      vertex -1.615384e+00 -2.160373e+01 7.510204e+01
    endloop
  endfacet
  facet normal -4.557086e-02 -9.462077e-01 3.203345e-01
    outer loop
      vertex -8.076921e-01 -2.164074e+01 7.510204e+01
      vertex -7.741636e-01 -2.108963e+01 7.673469e+01
      vertex -1.548327e+00 -2.105234e+01 7.673469e+01
    endloop
  endfacet
  facet normal 4.334007e-02 9.459954e-01 -3.212700e-01
    outer loop
      vertex -8.076921e-01 -2.164074e+01 7.510204e+01
      vertex -1.615384e+00 -2.160373e+01 7.510204e+01
      vertex -1.548327e+00 -2.105234e+01 7.673469e+01
    endloop
  endfacet
  facet normal -4.787060e-02 -9.460969e-01 3.203266e-01
    outer loop
      vertex -7.741636e-01 -2.108963e+01 7.673469e+01
      vertex -7.406352e-01 -2.053854e+01 7.836735e+01
      vertex -1.481270e+00 -2.050107e+01 7.836735e+01
    endloop
  endfacet
  facet normal 4.555583e-02 9.458958e-01 -3.212566e-01
    outer loop
      vertex -7.741636e-01 -2.108963e+01 7.673469e+01
      vertex -1.548327e+00 -2.105234e+01 7.673469e+01
      vertex -1.481270e+00 -2.050107e+01 7.836735e+01
    endloop
  endfacet
  facet normal -5.024664e-02 -9.459777e-01 3.203147e-01
    outer loop
      vertex -7.406352e-01 -2.053854e+01 7.836735e+01
      vertex -7.071068e-01 -1.998750e+01 8.000000e+01
      vertex -1.414214e+00 -1.994994e+01 8.000000e+01
    endloop
  endfacet
  facet normal 4.785507e-02 9.457900e-01 -3.212337e-01
    outer loop
      vertex -7.406352e-01 -2.053854e+01 7.836735e+01
      vertex -1.481270e+00 -2.050107e+01 7.836735e+01
      vertex -1.414214e+00 -1.994994e+01 8.000000e+01
    endloop
  endfacet
  facet normal -6.110815e-04 -9.472741e-01 3.204237e-01
    outer loop
      vertex -4.700000e+00 -4.700000e+01 0.000000e+00
      vertex -4.632943e+00 -4.644778e+01 1.632653e+00
      vertex -6.949415e+00 -4.644629e+01 1.632653e+00
    endloop
  endfacet
  facet normal 0.000000e+00 9.470185e-01 -3.211790e-01
    outer loop
      vertex -4.700000e+00 -4.700000e+01 0.000000e+00
      vertex -7.050000e+00 -4.700000e+01 0.000000e+00
      vertex -6.949415e+00 -4.644629e+01 1.632653e+00
    endloop
  endfacet
  facet normal -1.240076e-03 -9.472657e-01 3.204467e-01
    outer loop
      vertex -4.632943e+00 -4.644778e+01 1.632653e+00
      vertex -4.565886e+00 -4.589557e+01 3.265306e+00
      vertex -6.848829e+00 -4.589258e+01 3.265306e+00
    endloop
  endfacet
  facet normal 6.109091e-04 9.470069e-01 -3.212126e-01
    outer loop
      vertex -4.632943e+00 -4.644778e+01 1.632653e+00
      vertex -6.949415e+00 -4.644629e+01 1.632653e+00
      vertex -6.848829e+00 -4.589258e+01 3.265306e+00
    endloop
  endfacet
  facet normal -1.887756e-03 -9.472567e-01 3.204702e-01
    outer loop
      vertex -4.565886e+00 -4.589557e+01 3.265306e+00
      vertex -4.498829e+00 -4.534335e+01 4.897959e+00
      vertex -6.748244e+00 -4.533887e+01 4.897959e+00
    endloop
  endfacet
  facet normal 1.239722e-03 9.469946e-01 -3.212470e-01
    outer loop
      vertex -4.565886e+00 -4.589557e+01 3.265306e+00
      vertex -6.848829e+00 -4.589258e+01 3.265306e+00
      vertex -6.748244e+00 -4.533887e+01 4.897959e+00
    endloop
  endfacet
  facet normal -2.554936e-03 -9.472470e-01 3.204942e-01
    outer loop
      vertex -4.498829e+00 -4.534335e+01 4.897959e+00
      vertex -4.431773e+00 -4.479114e+01 6.530612e+00
      vertex -6.647659e+00 -4.478516e+01 6.530612e+00
    endloop
  endfacet
  facet normal 1.887208e-03 9.469816e-01 -3.212823e-01
    outer loop
      vertex -4.498829e+00 -4.534335e+01 4.897959e+00
      vertex -6.748244e+00 -4.533887e+01 4.897959e+00
      vertex -6.647659e+00 -4.478516e+01 6.530612e+00
    endloop
  endfacet
  facet normal -3.242477e-03 -9.472366e-01 3.205188e-01
    outer loop
      vertex -4.431773e+00 -4.479114e+01 6.530612e+00
      vertex -4.364716e+00 -4.423892e+01 8.163265e+00
      vertex -6.547074e+00 -4.423145e+01 8.163265e+00
    endloop
  endfacet
  facet normal 2.554183e-03 9.469678e-01 -3.213184e-01
    outer loop
      vertex -4.431773e+00 -4.479114e+01 6.530612e+00
      vertex -6.647659e+00 -4.478516e+01 6.530612e+00
      vertex -6.547074e+00 -4.423145e+01 8.163265e+00
    endloop
  endfacet
  facet normal -3.951290e-03 -9.472254e-01 3.205439e-01
    outer loop
      vertex -4.364716e+00 -4.423892e+01 8.163265e+00
      vertex -4.297659e+00 -4.368671e+01 9.795918e+00
      vertex -6.446488e+00 -4.367774e+01 9.795918e+00
    endloop
  endfacet
  facet normal 3.241507e-03 9.469531e-01 -3.213554e-01
    outer loop
      vertex -4.364716e+00 -4.423892e+01 8.163265e+00
      vertex -6.547074e+00 -4.423145e+01 8.163265e+00
      vertex -6.446488e+00 -4.367774e+01 9.795918e+00
    endloop
  endfacet
  facet normal -4.682336e-03 -9.472134e-01 3.205697e-01
    outer loop
      vertex -4.297659e+00 -4.368671e+01 9.795918e+00
      vertex -4.230602e+00 -4.313449e+01 1.142857e+01
      vertex -6.345903e+00 -4.312404e+01 1.142857e+01
    endloop
  endfacet
  facet normal 3.950089e-03 9.469376e-01 -3.213933e-01
    outer loop
      vertex -4.297659e+00 -4.368671e+01 9.795918e+00
      vertex -6.446488e+00 -4.367774e+01 9.795918e+00
      vertex -6.345903e+00 -4.312404e+01 1.142857e+01
    endloop
  endfacet
  facet normal -5.436635e-03 -9.472004e-01 3.205960e-01
    outer loop
      vertex -4.230602e+00 -4.313449e+01 1.142857e+01
      vertex -4.163545e+00 -4.258228e+01 1.306122e+01
      vertex -6.245318e+00 -4.257033e+01 1.306122e+01
    endloop
  endfacet
  facet normal 4.680891e-03 9.469211e-01 -3.214321e-01
    outer loop
      vertex -4.230602e+00 -4.313449e+01 1.142857e+01
      vertex -6.345903e+00 -4.312404e+01 1.142857e+01
      vertex -6.245318e+00 -4.257033e+01 1.306122e+01
    endloop
  endfacet
  facet normal -6.215267e-03 -9.471865e-01 3.206229e-01
    outer loop
      vertex -4.163545e+00 -4.258228e+01 1.306122e+01
      vertex -4.096488e+00 -4.203006e+01 1.469388e+01
      vertex -6.144732e+00 -4.201662e+01 1.469388e+01
    endloop
  endfacet
  facet normal 5.434931e-03 9.469036e-01 -3.214718e-01
    outer loop
      vertex -4.163545e+00 -4.258228e+01 1.306122e+01
      vertex -6.245318e+00 -4.257033e+01 1.306122e+01
      vertex -6.144732e+00 -4.201662e+01 1.469388e+01
    endloop
  endfacet
  facet normal -7.019375e-03 -9.471716e-01 3.206505e-01
    outer loop
      vertex -4.096488e+00 -4.203006e+01 1.469388e+01
      vertex -4.029431e+00 -4.147785e+01 1.632653e+01
      vertex -6.044147e+00 -4.146292e+01 1.632653e+01
    endloop
  endfacet
  facet normal 6.213288e-03 9.468849e-01 -3.215125e-01
    outer loop
      vertex -4.096488e+00 -4.203006e+01 1.469388e+01
      vertex -6.144732e+00 -4.201662e+01 1.469388e+01
      vertex -6.044147e+00 -4.146292e+01 1.632653e+01
    endloop
  endfacet
  facet normal -7.850171e-03 -9.471555e-01 3.206787e-01
    outer loop
      vertex -4.029431e+00 -4.147785e+01 1.632653e+01
      vertex -3.962374e+00 -4.092564e+01 1.795918e+01
      vertex -5.943562e+00 -4.090922e+01 1.795918e+01
    endloop
  endfacet
  facet normal 7.017104e-03 9.468652e-01 -3.215542e-01
    outer loop
      vertex -4.029431e+00 -4.147785e+01 1.632653e+01
      vertex -6.044147e+00 -4.146292e+01 1.632653e+01
      vertex -5.943562e+00 -4.090922e+01 1.795918e+01
    endloop
  endfacet
  facet normal -8.708943e-03 -9.471382e-01 3.207075e-01
    outer loop
      vertex -3.962374e+00 -4.092564e+01 1.795918e+01
      vertex -3.895318e+00 -4.037343e+01 1.959184e+01
      vertex -5.842976e+00 -4.035552e+01 1.959184e+01
    endloop
  endfacet
  facet normal 7.847590e-03 9.468441e-01 -3.215970e-01
    outer loop
      vertex -3.962374e+00 -4.092564e+01 1.795918e+01
      vertex -5.943562e+00 -4.090922e+01 1.795918e+01
      vertex -5.842976e+00 -4.035552e+01 1.959184e+01
    endloop
  endfacet
  facet normal -9.597055e-03 -9.471197e-01 3.207370e-01
    outer loop
      vertex -3.895318e+00 -4.037343e+01 1.959184e+01
      vertex -3.828261e+00 -3.982122e+01 2.122449e+01
      vertex -5.742391e+00 -3.980182e+01 2.122449e+01
    endloop
  endfacet
  facet normal 8.706032e-03 9.468217e-01 -3.216408e-01
    outer loop
      vertex -3.895318e+00 -4.037343e+01 1.959184e+01
      vertex -5.842976e+00 -4.035552e+01 1.959184e+01
      vertex -5.742391e+00 -3.980182e+01 2.122449e+01
    endloop
  endfacet
  facet normal -1.051596e-02 -9.470997e-01 3.207672e-01
    outer loop
      vertex -3.828261e+00 -3.982122e+01 2.122449e+01
      vertex -3.761204e+00 -3.926901e+01 2.285714e+01
      vertex -5.641806e+00 -3.924813e+01 2.285714e+01
    endloop
  endfacet
  facet normal 9.593795e-03 9.467979e-01 -3.216857e-01
    outer loop
      vertex -3.828261e+00 -3.982122e+01 2.122449e+01
      vertex -5.742391e+00 -3.980182e+01 2.122449e+01
      vertex -5.641806e+00 -3.924813e+01 2.285714e+01
    endloop
  endfacet
  facet normal -1.146719e-02 -9.470782e-01 3.207981e-01
    outer loop
      vertex -3.761204e+00 -3.926901e+01 2.285714e+01
      vertex -3.694147e+00 -3.871680e+01 2.448980e+01
      vertex -5.541221e+00 -3.869444e+01 2.448980e+01
    endloop
  endfacet
  facet normal 1.051233e-02 9.467725e-01 -3.217316e-01
    outer loop
      vertex -3.761204e+00 -3.926901e+01 2.285714e+01
      vertex -5.641806e+00 -3.924813e+01 2.285714e+01
      vertex -5.541221e+00 -3.869444e+01 2.448980e+01
    endloop
  endfacet
  facet normal -1.245240e-02 -9.470550e-01 3.208297e-01
    outer loop
      vertex -3.694147e+00 -3.871680e+01 2.448980e+01
      vertex -3.627090e+00 -3.816460e+01 2.612245e+01
      vertex -5.440635e+00 -3.814075e+01 2.612245e+01
    endloop
  endfacet
  facet normal 1.146316e-02 9.467455e-01 -3.217787e-01
    outer loop
      vertex -3.694147e+00 -3.871680e+01 2.448980e+01
      vertex -5.541221e+00 -3.869444e+01 2.448980e+01
      vertex -5.440635e+00 -3.814075e+01 2.612245e+01
    endloop
  endfacet
  facet normal -1.347332e-02 -9.470301e-01 3.208620e-01
    outer loop
      vertex -3.627090e+00 -3.816460e+01 2.612245e+01
      vertex -3.560033e+00 -3.761240e+01 2.775510e+01
      vertex -5.340050e+00 -3.758707e+01 2.775510e+01
    endloop
  endfacet
  facet normal 1.244795e-02 9.467167e-01 -3.218270e-01
    outer loop
      vertex -3.627090e+00 -3.816460e+01 2.612245e+01
      vertex -5.440635e+00 -3.814075e+01 2.612245e+01
      vertex -5.340050e+00 -3.758707e+01 2.775510e+01
    endloop
  endfacet
  facet normal -1.453181e-02 -9.470033e-01 3.208951e-01
    outer loop
      vertex -3.560033e+00 -3.761240e+01 2.775510e+01
      vertex -3.492976e+00 -3.706019e+01 2.938776e+01
      vertex -5.239465e+00 -3.703339e+01 2.938776e+01
    endloop
  endfacet
  facet normal 1.346842e-02 9.466859e-01 -3.218764e-01
    outer loop
      vertex -3.560033e+00 -3.761240e+01 2.775510e+01
      vertex -5.340050e+00 -3.758707e+01 2.775510e+01
      vertex -5.239465e+00 -3.703339e+01 2.938776e+01
    endloop
  endfacet
  facet normal -1.562984e-02 -9.469743e-01 3.209288e-01
    outer loop
      vertex -3.492976e+00 -3.706019e+01 2.938776e+01
      vertex -3.425920e+00 -3.650800e+01 3.102041e+01
      vertex -5.138879e+00 -3.647972e+01 3.102041e+01
    endloop
  endfacet
  facet normal 1.452643e-02 9.466531e-01 -3.219270e-01
    outer loop
      vertex -3.492976e+00 -3.706019e+01 2.938776e+01
      vertex -5.239465e+00 -3.703339e+01 2.938776e+01
      vertex -5.138879e+00 -3.647972e+01 3.102041e+01
    endloop
  endfacet
  facet normal -1.676952e-02 -9.469431e-01 3.209633e-01
    outer loop
      vertex -3.425920e+00 -3.650800e+01 3.102041e+01
      vertex -3.358863e+00 -3.595580e+01 3.265306e+01
      vertex -5.038294e+00 -3.592606e+01 3.265306e+01
    endloop
  endfacet
  facet normal 1.562396e-02 9.466180e-01 -3.219788e-01
    outer loop
      vertex -3.425920e+00 -3.650800e+01 3.102041e+01
      vertex -5.138879e+00 -3.647972e+01 3.102041e+01
      vertex -5.038294e+00 -3.592606e+01 3.265306e+01
    endloop
  endfacet
  facet normal -1.795309e-02 -9.469095e-01 3.209985e-01
    outer loop
      vertex -3.358863e+00 -3.595580e+01 3.265306e+01
      vertex -3.291806e+00 -3.540361e+01 3.428571e+01
      vertex -4.937709e+00 -3.537240e+01 3.428571e+01
    endloop
  endfacet
  facet normal 1.676310e-02 9.465805e-01 -3.220317e-01
    outer loop
      vertex -3.358863e+00 -3.595580e+01 3.265306e+01
      vertex -5.038294e+00 -3.592606e+01 3.265306e+01
      vertex -4.937709e+00 -3.537240e+01 3.428571e+01
    endloop
  endfacet
  facet normal -1.918294e-02 -9.468732e-01 3.210345e-01
    outer loop
      vertex -3.291806e+00 -3.540361e+01 3.428571e+01
      vertex -3.224749e+00 -3.485142e+01 3.591837e+01
      vertex -4.837123e+00 -3.481876e+01 3.591837e+01
    endloop
  endfacet
  facet normal 1.794609e-02 9.465403e-01 -3.220859e-01
    outer loop
      vertex -3.291806e+00 -3.540361e+01 3.428571e+01
      vertex -4.937709e+00 -3.537240e+01 3.428571e+01
      vertex -4.837123e+00 -3.481876e+01 3.591837e+01
    endloop
  endfacet
  facet normal -2.046162e-02 -9.468340e-01 3.210712e-01
    outer loop
      vertex -3.224749e+00 -3.485142e+01 3.591837e+01
      vertex -3.157692e+00 -3.429924e+01 3.755102e+01
      vertex -4.736538e+00 -3.426512e+01 3.755102e+01
    endloop
  endfacet
  facet normal 1.917533e-02 9.464974e-01 -3.221413e-01
    outer loop
      vertex -3.224749e+00 -3.485142e+01 3.591837e+01
      vertex -4.837123e+00 -3.481876e+01 3.591837e+01
      vertex -4.736538e+00 -3.426512e+01 3.755102e+01
    endloop
  endfacet
  facet normal -2.179184e-02 -9.467916e-01 3.211085e-01
    outer loop
      vertex -3.157692e+00 -3.429924e+01 3.755102e+01
      vertex -3.090635e+00 -3.374706e+01 3.918367e+01
      vertex -4.635953e+00 -3.371149e+01 3.918367e+01
    endloop
  endfacet
  facet normal 2.045335e-02 9.464513e-01 -3.221979e-01
    outer loop
      vertex -3.157692e+00 -3.429924e+01 3.755102e+01
      vertex -4.736538e+00 -3.426512e+01 3.755102e+01
      vertex -4.635953e+00 -3.371149e+01 3.918367e+01
    endloop
  endfacet
  facet normal -2.317651e-02 -9.467459e-01 3.211466e-01
    outer loop
      vertex -3.090635e+00 -3.374706e+01 3.918367e+01
      vertex -3.023578e+00 -3.319489e+01 4.081633e+01
      vertex -4.535368e+00 -3.315788e+01 4.081633e+01
    endloop
  endfacet
  facet normal 2.178288e-02 9.464020e-01 -3.222557e-01
    outer loop
      vertex -3.090635e+00 -3.374706e+01 3.918367e+01
      vertex -4.635953e+00 -3.371149e+01 3.918367e+01
      vertex -4.535368e+00 -3.315788e+01 4.081633e+01
    endloop
  endfacet
  facet normal -2.461870e-02 -9.466963e-01 3.211853e-01
    outer loop
      vertex -3.023578e+00 -3.319489e+01 4.081633e+01
      vertex -2.956521e+00 -3.264272e+01 4.244898e+01
      vertex -4.434782e+00 -3.260428e+01 4.244898e+01
    endloop
  endfacet
  facet normal 2.316679e-02 9.463491e-01 -3.223147e-01
    outer loop
      vertex -3.023578e+00 -3.319489e+01 4.081633e+01
      vertex -4.535368e+00 -3.315788e+01 4.081633e+01
      vertex -4.434782e+00 -3.260428e+01 4.244898e+01
    endloop
  endfacet
  facet normal -2.612171e-02 -9.466427e-01 3.212246e-01
    outer loop
      vertex -2.956521e+00 -3.264272e+01 4.244898e+01
      vertex -2.889465e+00 -3.209056e+01 4.408163e+01
      vertex -4.334197e+00 -3.205070e+01 4.408163e+01
    endloop
  endfacet
  facet normal 2.460819e-02 9.462922e-01 -3.223747e-01
    outer loop
      vertex -2.956521e+00 -3.264272e+01 4.244898e+01
      vertex -4.434782e+00 -3.260428e+01 4.244898e+01
      vertex -4.334197e+00 -3.205070e+01 4.408163e+01
    endloop
  endfacet
  facet normal -2.768905e-02 -9.465846e-01 3.212645e-01
    outer loop
      vertex -2.889465e+00 -3.209056e+01 4.408163e+01
      vertex -2.822408e+00 -3.153841e+01 4.571429e+01
      vertex -4.233612e+00 -3.149713e+01 4.571429e+01
    endloop
  endfacet
  facet normal 2.611035e-02 9.462312e-01 -3.224358e-01
    outer loop
      vertex -2.889465e+00 -3.209056e+01 4.408163e+01
      vertex -4.334197e+00 -3.205070e+01 4.408163e+01
      vertex -4.233612e+00 -3.149713e+01 4.571429e+01
    endloop
  endfacet
  facet normal -2.932444e-02 -9.465217e-01 3.213049e-01
    outer loop
      vertex -2.822408e+00 -3.153841e+01 4.571429e+01
      vertex -2.755351e+00 -3.098627e+01 4.734694e+01
      vertex -4.133026e+00 -3.094359e+01 4.734694e+01
    endloop
  endfacet
  facet normal 2.767679e-02 9.461655e-01 -3.224978e-01
    outer loop
      vertex -2.822408e+00 -3.153841e+01 4.571429e+01
      vertex -4.233612e+00 -3.149713e+01 4.571429e+01
      vertex -4.133026e+00 -3.094359e+01 4.734694e+01
    endloop
  endfacet
  facet normal -3.103187e-02 -9.464534e-01 3.213457e-01
    outer loop
      vertex -2.755351e+00 -3.098627e+01 4.734694e+01
      vertex -2.688294e+00 -3.043414e+01 4.897959e+01
      vertex -4.032441e+00 -3.039007e+01 4.897959e+01
    endloop
  endfacet
  facet normal 2.931122e-02 9.460948e-01 -3.225607e-01
    outer loop
      vertex -2.755351e+00 -3.098627e+01 4.734694e+01
      vertex -4.133026e+00 -3.094359e+01 4.734694e+01
      vertex -4.032441e+00 -3.039007e+01 4.897959e+01
    endloop
  endfacet
  facet normal -3.281554e-02 -9.463792e-01 3.213868e-01
    outer loop
      vertex -2.688294e+00 -3.043414e+01 4.897959e+01
      vertex -2.621237e+00 -2.988203e+01 5.061224e+01
      vertex -3.931856e+00 -2.983658e+01 5.061224e+01
    endloop
  endfacet
  facet normal 3.101762e-02 9.460187e-01 -3.226244e-01
    outer loop
      vertex -2.688294e+00 -3.043414e+01 4.897959e+01
      vertex -4.032441e+00 -3.039007e+01 4.897959e+01
      vertex -3.931856e+00 -2.983658e+01 5.061224e+01
    endloop
  endfacet
  facet normal -3.467993e-02 -9.462987e-01 3.214282e-01
    outer loop
      vertex -2.621237e+00 -2.988203e+01 5.061224e+01
      vertex -2.554180e+00 -2.932992e+01 5.224490e+01
      vertex -3.831270e+00 -2.928312e+01 5.224490e+01
    endloop
  endfacet
  facet normal 3.280020e-02 9.459367e-01 -3.226886e-01
    outer loop
      vertex -2.621237e+00 -2.988203e+01 5.061224e+01
      vertex -3.931856e+00 -2.983658e+01 5.061224e+01
      vertex -3.831270e+00 -2.928312e+01 5.224490e+01
    endloop
  endfacet
  facet normal -3.662977e-02 -9.462112e-01 3.214696e-01
    outer loop
      vertex -2.554180e+00 -2.932992e+01 5.224490e+01
      vertex -2.487123e+00 -2.877783e+01 5.387755e+01
      vertex -3.730685e+00 -2.872969e+01 5.387755e+01
    endloop
  endfacet
  facet normal 3.466343e-02 9.458482e-01 -3.227531e-01
    outer loop
      vertex -2.554180e+00 -2.932992e+01 5.224490e+01
      vertex -3.831270e+00 -2.928312e+01 5.224490e+01
      vertex -3.730685e+00 -2.872969e+01 5.387755e+01
    endloop
  endfacet
  facet normal -3.867005e-02 -9.461160e-01 3.215108e-01
    outer loop
      vertex -2.487123e+00 -2.877783e+01 5.387755e+01
      vertex -2.420067e+00 -2.822576e+01 5.551020e+01
      vertex -3.630100e+00 -2.817631e+01 5.551020e+01
    endloop
  endfacet
  facet normal 3.661203e-02 9.457527e-01 -3.228178e-01
    outer loop
      vertex -2.487123e+00 -2.877783e+01 5.387755e+01
      vertex -3.730685e+00 -2.872969e+01 5.387755e+01
      vertex -3.630100e+00 -2.817631e+01 5.551020e+01
    endloop
  endfacet
  facet normal -4.080600e-02 -9.460123e-01 3.215517e-01
    outer loop
      vertex -2.420067e+00 -2.822576e+01 5.551020e+01
      vertex -2.353010e+00 -2.767371e+01 5.714286e+01
      vertex -3.529515e+00 -2.762297e+01 5.714286e+01
    endloop
  endfacet
  facet normal 3.865099e-02 9.456496e-01 -3.228822e-01
    outer loop
      vertex -2.420067e+00 -2.822576e+01 5.551020e+01
      vertex -3.630100e+00 -2.817631e+01 5.551020e+01
      vertex -3.529515e+00 -2.762297e+01 5.714286e+01
    endloop
  endfacet
  facet normal -4.304310e-02 -9.458995e-01 3.215921e-01
    outer loop
      vertex -2.353010e+00 -2.767371e+01 5.714286e+01
      vertex -2.285953e+00 -2.712169e+01 5.877551e+01
      vertex -3.428929e+00 -2.706968e+01 5.877551e+01
    endloop
  endfacet
  facet normal 4.078554e-02 9.455381e-01 -3.229461e-01
    outer loop
      vertex -2.353010e+00 -2.767371e+01 5.714286e+01
      vertex -3.529515e+00 -2.762297e+01 5.714286e+01
      vertex -3.428929e+00 -2.706968e+01 5.877551e+01
    endloop
  endfacet
  facet normal -4.538703e-02 -9.457765e-01 3.216315e-01
    outer loop
      vertex -2.285953e+00 -2.712169e+01 5.877551e+01
      vertex -2.218896e+00 -2.656969e+01 6.040816e+01
      vertex -3.328344e+00 -2.651645e+01 6.040816e+01
    endloop
  endfacet
  facet normal 4.302117e-02 9.454176e-01 -3.230089e-01
    outer loop
      vertex -2.285953e+00 -2.712169e+01 5.877551e+01
      vertex -3.428929e+00 -2.706968e+01 5.877551e+01
      vertex -3.328344e+00 -2.651645e+01 6.040816e+01
    endloop
  endfacet
  facet normal -4.784364e-02 -9.456425e-01 3.216696e-01
    outer loop
      vertex -2.218896e+00 -2.656969e+01 6.040816e+01
      vertex -2.151839e+00 -2.601772e+01 6.204082e+01
      vertex -3.227759e+00 -2.596328e+01 6.204082e+01
    endloop
  endfacet
  facet normal 4.536355e-02 9.452872e-01 -3.230701e-01
    outer loop
      vertex -2.218896e+00 -2.656969e+01 6.040816e+01
      vertex -3.328344e+00 -2.651645e+01 6.040816e+01
      vertex -3.227759e+00 -2.596328e+01 6.204082e+01
    endloop
  endfacet
  facet normal -5.041886e-02 -9.454963e-01 3.217059e-01
    outer loop
      vertex -2.151839e+00 -2.601772e+01 6.204082e+01
      vertex -2.084782e+00 -2.546578e+01 6.367347e+01
      vertex -3.127173e+00 -2.541020e+01 6.367347e+01
    endloop
  endfacet
  facet normal 4.781852e-02 9.451460e-01 -3.231290e-01
    outer loop
      vertex -2.151839e+00 -2.601772e+01 6.204082e+01
      vertex -3.227759e+00 -2.596328e+01 6.204082e+01
      vertex -3.127173e+00 -2.541020e+01 6.367347e+01
    endloop
  endfacet
  facet normal -5.311865e-02 -9.453368e-01 3.217400e-01
    outer loop
      vertex -2.084782e+00 -2.546578e+01 6.367347e+01
      vertex -2.017725e+00 -2.491388e+01 6.530612e+01
      vertex -3.026588e+00 -2.485720e+01 6.530612e+01
    endloop
  endfacet
  facet normal 5.039204e-02 9.449932e-01 -3.231848e-01
    outer loop
      vertex -2.084782e+00 -2.546578e+01 6.367347e+01
      vertex -3.127173e+00 -2.541020e+01 6.367347e+01
      vertex -3.026588e+00 -2.485720e+01 6.530612e+01
    endloop
  endfacet
  facet normal -5.594881e-02 -9.451629e-01 3.217713e-01
    outer loop
      vertex -2.017725e+00 -2.491388e+01 6.530612e+01
      vertex -1.950668e+00 -2.436203e+01 6.693878e+01
      vertex -2.926003e+00 -2.430430e+01 6.693878e+01
    endloop
  endfacet
  facet normal 5.309005e-02 9.448278e-01 -3.232365e-01
    outer loop
      vertex -2.017725e+00 -2.491388e+01 6.530612e+01
      vertex -3.026588e+00 -2.485720e+01 6.530612e+01
      vertex -2.926003e+00 -2.430430e+01 6.693878e+01
    endloop
  endfacet
  facet normal -5.891482e-02 -9.449733e-01 3.217989e-01
    outer loop
      vertex -1.950668e+00 -2.436203e+01 6.693878e+01
      vertex -1.883612e+00 -2.381023e+01 6.857143e+01
      vertex -2.825417e+00 -2.375152e+01 6.857143e+01
    endloop
  endfacet
  facet normal 5.591838e-02 9.446487e-01 -3.232830e-01
    outer loop
      vertex -1.950668e+00 -2.436203e+01 6.693878e+01
      vertex -2.926003e+00 -2.430430e+01 6.693878e+01
      vertex -2.825417e+00 -2.375152e+01 6.857143e+01
    endloop
  endfacet
  facet normal -6.202159e-02 -9.447666e-01 3.218220e-01
    outer loop
      vertex -1.883612e+00 -2.381023e+01 6.857143e+01
      vertex -1.816555e+00 -2.325850e+01 7.020408e+01
      vertex -2.724832e+00 -2.319887e+01 7.020408e+01
    endloop
  endfacet
  facet normal 5.888251e-02 9.444550e-01 -3.233228e-01
    outer loop
      vertex -1.883612e+00 -2.381023e+01 6.857143e+01
      vertex -2.825417e+00 -2.375152e+01 6.857143e+01
      vertex -2.724832e+00 -2.319887e+01 7.020408e+01
    endloop
  endfacet
  facet normal -6.527306e-02 -9.445415e-01 3.218397e-01
    outer loop
      vertex -1.816555e+00 -2.325850e+01 7.020408e+01
      vertex -1.749498e+00 -2.270682e+01 7.183673e+01
      vertex -2.624247e+00 -2.264637e+01 7.183673e+01
    endloop
  endfacet
  facet normal 6.198738e-02 9.442455e-01 -3.233542e-01
    outer loop
      vertex -1.816555e+00 -2.325850e+01 7.020408e+01
      vertex -2.724832e+00 -2.319887e+01 7.020408e+01
      vertex -2.624247e+00 -2.264637e+01 7.183673e+01
    endloop
  endfacet
  facet normal -6.867181e-02 -9.442967e-01 3.218507e-01
    outer loop
      vertex -1.749498e+00 -2.270682e+01 7.183673e+01
      vertex -1.682441e+00 -2.215523e+01 7.346939e+01
      vertex -2.523662e+00 -2.209406e+01 7.346939e+01
    endloop
  endfacet
  facet normal 6.523698e-02 9.440193e-01 -3.233753e-01
    outer loop
      vertex -1.749498e+00 -2.270682e+01 7.183673e+01
      vertex -2.624247e+00 -2.264637e+01 7.183673e+01
      vertex -2.523662e+00 -2.209406e+01 7.346939e+01
    endloop
  endfacet
  facet normal -7.221836e-02 -9.440311e-01 3.218537e-01
    outer loop
      vertex -1.682441e+00 -2.215523e+01 7.346939e+01
      vertex -1.615384e+00 -2.160373e+01 7.510204e+01
      vertex -2.423076e+00 -2.154195e+01 7.510204e+01
    endloop
  endfacet
  facet normal 6.863391e-02 9.437756e-01 -3.233838e-01
    outer loop
      vertex -1.682441e+00 -2.215523e+01 7.346939e+01
      vertex -2.523662e+00 -2.209406e+01 7.346939e+01
      vertex -2.423076e+00 -2.154195e+01 7.510204e+01
    endloop
  endfacet
  facet normal -7.591035e-02 -9.437436e-01 3.218472e-01
    outer loop
      vertex -1.615384e+00 -2.160373e+01 7.510204e+01
      vertex -1.548327e+00 -2.105234e+01 7.673469e+01
      vertex -2.322491e+00 -2.099007e+01 7.673469e+01
    endloop
  endfacet
  facet normal 7.217876e-02 9.435135e-01 -3.233769e-01
    outer loop
      vertex -1.615384e+00 -2.160373e+01 7.510204e+01
      vertex -2.423076e+00 -2.154195e+01 7.510204e+01
      vertex -2.322491e+00 -2.099007e+01 7.673469e+01
    endloop
  endfacet
  facet normal -7.974147e-02 -9.434337e-01 3.218294e-01
    outer loop
      vertex -1.548327e+00 -2.105234e+01 7.673469e+01
      vertex -1.481270e+00 -2.050107e+01 7.836735e+01
      vertex -2.221906e+00 -2.043847e+01 7.836735e+01
    endloop
  endfacet
  facet normal 7.586925e-02 9.432326e-01 -3.233513e-01
    outer loop
      vertex -1.548327e+00 -2.105234e+01 7.673469e+01
      vertex -2.322491e+00 -2.099007e+01 7.673469e+01
      vertex -2.221906e+00 -2.043847e+01 7.836735e+01
    endloop
  endfacet
  facet normal -8.370000e-02 -9.431013e-01 3.217984e-01
    outer loop
      vertex -1.481270e+00 -2.050107e+01 7.836735e+01
      vertex -1.414214e+00 -1.994994e+01 8.000000e+01
      vertex -2.121320e+00 -1.988718e+01 8.000000e+01
    endloop
  endfacet
  facet normal 7.969916e-02 9.429331e-01 -3.233036e-01
    outer loop
      vertex -1.481270e+00 -2.050107e+01 7.836735e+01
      vertex -2.221906e+00 -2.043847e+01 7.836735e+01
      vertex -2.121320e+00 -1.988718e+01 8.000000e+01
    endloop
  endfacet
  facet normal -8.552687e-04 -9.470021e-01 3.212261e-01
    outer loop
      vertex -7.050000e+00 -4.700000e+01 0.000000e+00
      vertex -6.949415e+00 -4.644629e+01 1.632653e+00
      vertex -9.265886e+00 -4.644420e+01 1.632653e+00
    endloop
  endfacet
  facet normal 0.000000e+00 9.466489e-01 -3.222667e-01
    outer loop
      vertex -7.050000e+00 -4.700000e+01 0.000000e+00
      vertex -9.400000e+00 -4.700000e+01 0.000000e+00
      vertex -9.265886e+00 -4.644420e+01 1.632653e+00
    endloop
  endfacet
  facet normal -1.735593e-03 -9.469846e-01 3.212743e-01
    outer loop
      vertex -6.949415e+00 -4.644629e+01 1.632653e+00
      vertex -6.848829e+00 -4.589258e+01 3.265306e+00
      vertex -9.131773e+00 -4.588840e+01 3.265306e+00
    endloop
  endfacet
  facet normal 8.549300e-04 9.466272e-01 -3.223294e-01
    outer loop
      vertex -6.949415e+00 -4.644629e+01 1.632653e+00
      vertex -9.265886e+00 -4.644420e+01 1.632653e+00
      vertex -9.131773e+00 -4.588840e+01 3.265306e+00
    endloop
  endfacet
  facet normal -2.642052e-03 -9.469657e-01 3.213237e-01
    outer loop
      vertex -6.848829e+00 -4.589258e+01 3.265306e+00
      vertex -6.748244e+00 -4.533887e+01 4.897959e+00
      vertex -8.997659e+00 -4.533259e+01 4.897959e+00
    endloop
  endfacet
  facet normal 1.734896e-03 9.466041e-01 -3.223936e-01
    outer loop
      vertex -6.848829e+00 -4.589258e+01 3.265306e+00
      vertex -9.131773e+00 -4.588840e+01 3.265306e+00
      vertex -8.997659e+00 -4.533259e+01 4.897959e+00
    endloop
  endfacet
  facet normal -3.575785e-03 -9.469456e-01 3.213741e-01
    outer loop
      vertex -6.748244e+00 -4.533887e+01 4.897959e+00
      vertex -6.647659e+00 -4.478516e+01 6.530612e+00
      vertex -8.863545e+00 -4.477679e+01 6.530612e+00
    endloop
  endfacet
  facet normal 2.640975e-03 9.465796e-01 -3.224593e-01
    outer loop
      vertex -6.748244e+00 -4.533887e+01 4.897959e+00
      vertex -8.997659e+00 -4.533259e+01 4.897959e+00
      vertex -8.863545e+00 -4.477679e+01 6.530612e+00
    endloop
  endfacet
  facet normal -4.537995e-03 -9.469239e-01 3.214258e-01
    outer loop
      vertex -6.647659e+00 -4.478516e+01 6.530612e+00
      vertex -6.547074e+00 -4.423145e+01 8.163265e+00
      vertex -8.729431e+00 -4.422099e+01 8.163265e+00
    endloop
  endfacet
  facet normal 3.574305e-03 9.465537e-01 -3.225266e-01
    outer loop
      vertex -6.647659e+00 -4.478516e+01 6.530612e+00
      vertex -8.863545e+00 -4.477679e+01 6.530612e+00
      vertex -8.729431e+00 -4.422099e+01 8.163265e+00
    endloop
  endfacet
  facet normal -5.529955e-03 -9.469007e-01 3.214786e-01
    outer loop
      vertex -6.547074e+00 -4.423145e+01 8.163265e+00
      vertex -6.446488e+00 -4.367774e+01 9.795918e+00
      vertex -8.595318e+00 -4.366519e+01 9.795918e+00
    endloop
  endfacet
  facet normal 4.536089e-03 9.465260e-01 -3.225955e-01
    outer loop
      vertex -6.547074e+00 -4.423145e+01 8.163265e+00
      vertex -8.729431e+00 -4.422099e+01 8.163265e+00
      vertex -8.595318e+00 -4.366519e+01 9.795918e+00
    endloop
  endfacet
  facet normal -6.553011e-03 -9.468758e-01 3.215327e-01
    outer loop
      vertex -6.446488e+00 -4.367774e+01 9.795918e+00
      vertex -6.345903e+00 -4.312404e+01 1.142857e+01
      vertex -8.461204e+00 -4.310940e+01 1.142857e+01
    endloop
  endfacet
  facet normal 5.527596e-03 9.464967e-01 -3.226661e-01
    outer loop
      vertex -6.446488e+00 -4.367774e+01 9.795918e+00
      vertex -8.595318e+00 -4.366519e+01 9.795918e+00
      vertex -8.461204e+00 -4.310940e+01 1.142857e+01
    endloop
  endfacet
  facet normal -7.608587e-03 -9.468491e-01 3.215880e-01
    outer loop
      vertex -6.345903e+00 -4.312404e+01 1.142857e+01
      vertex -6.245318e+00 -4.257033e+01 1.306122e+01
      vertex -8.327090e+00 -4.255360e+01 1.306122e+01
    endloop
  endfacet
  facet normal 6.550172e-03 9.464655e-01 -3.227384e-01
    outer loop
      vertex -6.345903e+00 -4.312404e+01 1.142857e+01
      vertex -8.461204e+00 -4.310940e+01 1.142857e+01
      vertex -8.327090e+00 -4.255360e+01 1.306122e+01
    endloop
  endfacet
  facet normal -8.698191e-03 -9.468205e-01 3.216447e-01
    outer loop
      vertex -6.245318e+00 -4.257033e+01 1.306122e+01
      vertex -6.144732e+00 -4.201662e+01 1.469388e+01
      vertex -8.192976e+00 -4.199781e+01 1.469388e+01
    endloop
  endfacet
  facet normal 7.605238e-03 9.464324e-01 -3.228124e-01
    outer loop
      vertex -6.245318e+00 -4.257033e+01 1.306122e+01
      vertex -8.327090e+00 -4.255360e+01 1.306122e+01
      vertex -8.192976e+00 -4.199781e+01 1.469388e+01
    endloop
  endfacet
  facet normal -9.823422e-03 -9.467898e-01 3.217027e-01
    outer loop
      vertex -6.144732e+00 -4.201662e+01 1.469388e+01
      vertex -6.044147e+00 -4.146292e+01 1.632653e+01
      vertex -8.058863e+00 -4.144202e+01 1.632653e+01
    endloop
  endfacet
  facet normal 8.694302e-03 9.463972e-01 -3.228883e-01
    outer loop
      vertex -6.144732e+00 -4.201662e+01 1.469388e+01
      vertex -8.192976e+00 -4.199781e+01 1.469388e+01
      vertex -8.058863e+00 -4.144202e+01 1.632653e+01
    endloop
  endfacet
  facet normal -1.098598e-02 -9.467568e-01 3.217620e-01
    outer loop
      vertex -6.044147e+00 -4.146292e+01 1.632653e+01
      vertex -5.943562e+00 -4.090922e+01 1.795918e+01
      vertex -7.924749e+00 -4.088623e+01 1.795918e+01
    endloop
  endfacet
  facet normal 9.818959e-03 9.463596e-01 -3.229660e-01
    outer loop
      vertex -6.044147e+00 -4.146292e+01 1.632653e+01
      vertex -8.058863e+00 -4.144202e+01 1.632653e+01
      vertex -7.924749e+00 -4.088623e+01 1.795918e+01
    endloop
  endfacet
  facet normal -1.218765e-02 -9.467215e-01 3.218228e-01
    outer loop
      vertex -5.943562e+00 -4.090922e+01 1.795918e+01
      vertex -5.842976e+00 -4.035552e+01 1.959184e+01
      vertex -7.790635e+00 -4.033045e+01 1.959184e+01
    endloop
  endfacet
  facet normal 1.098090e-02 9.463197e-01 -3.230456e-01
    outer loop
      vertex -5.943562e+00 -4.090922e+01 1.795918e+01
      vertex -7.924749e+00 -4.088623e+01 1.795918e+01
      vertex -7.790635e+00 -4.033045e+01 1.959184e+01
    endloop
  endfacet
  facet normal -1.343035e-02 -9.466835e-01 3.218850e-01
    outer loop
      vertex -5.842976e+00 -4.035552e+01 1.959184e+01
      vertex -5.742391e+00 -3.980182e+01 2.122449e+01
      vertex -7.656521e+00 -3.977467e+01 2.122449e+01
    endloop
  endfacet
  facet normal 1.218193e-02 9.462772e-01 -3.231271e-01
    outer loop
      vertex -5.842976e+00 -4.035552e+01 1.959184e+01
      vertex -7.790635e+00 -4.033045e+01 1.959184e+01
      vertex -7.656521e+00 -3.977467e+01 2.122449e+01
    endloop
  endfacet
  facet normal -1.471611e-02 -9.466428e-01 3.219486e-01
    outer loop
      vertex -5.742391e+00 -3.980182e+01 2.122449e+01
      vertex -5.641806e+00 -3.924813e+01 2.285714e+01
      vertex -7.522408e+00 -3.921889e+01 2.285714e+01
    endloop
  endfacet
  facet normal 1.342394e-02 9.462318e-01 -3.232107e-01
    outer loop
      vertex -5.742391e+00 -3.980182e+01 2.122449e+01
      vertex -7.656521e+00 -3.977467e+01 2.122449e+01
      vertex -7.522408e+00 -3.921889e+01 2.285714e+01
    endloop
  endfacet
  facet normal -1.604708e-02 -9.465990e-01 3.220138e-01
    outer loop
      vertex -5.641806e+00 -3.924813e+01 2.285714e+01
      vertex -5.541221e+00 -3.869444e+01 2.448980e+01
      vertex -7.388294e+00 -3.866313e+01 2.448980e+01
    endloop
  endfacet
  facet normal 1.470897e-02 9.461835e-01 -3.232963e-01
    outer loop
      vertex -5.641806e+00 -3.924813e+01 2.285714e+01
      vertex -7.522408e+00 -3.921889e+01 2.285714e+01
      vertex -7.388294e+00 -3.866313e+01 2.448980e+01
    endloop
  endfacet
  facet normal -1.742554e-02 -9.465519e-01 3.220804e-01
    outer loop
      vertex -5.541221e+00 -3.869444e+01 2.448980e+01
      vertex -5.440635e+00 -3.814075e+01 2.612245e+01
      vertex -7.254180e+00 -3.810737e+01 2.612245e+01
    endloop
  endfacet
  facet normal 1.603916e-02 9.461319e-01 -3.233840e-01
    outer loop
      vertex -5.541221e+00 -3.869444e+01 2.448980e+01
      vertex -7.388294e+00 -3.866313e+01 2.448980e+01
      vertex -7.254180e+00 -3.810737e+01 2.612245e+01
    endloop
  endfacet
  facet normal -1.885395e-02 -9.465013e-01 3.221486e-01
    outer loop
      vertex -5.440635e+00 -3.814075e+01 2.612245e+01
      vertex -5.340050e+00 -3.758707e+01 2.775510e+01
      vertex -7.120067e+00 -3.755161e+01 2.775510e+01
    endloop
  endfacet
  facet normal 1.741680e-02 9.460768e-01 -3.234738e-01
    outer loop
      vertex -5.440635e+00 -3.814075e+01 2.612245e+01
      vertex -7.254180e+00 -3.810737e+01 2.612245e+01
      vertex -7.120067e+00 -3.755161e+01 2.775510e+01
    endloop
  endfacet
  facet normal -2.033488e-02 -9.464469e-01 3.222184e-01
    outer loop
      vertex -5.340050e+00 -3.758707e+01 2.775510e+01
      vertex -5.239465e+00 -3.703339e+01 2.938776e+01
      vertex -6.985953e+00 -3.699587e+01 2.938776e+01
    endloop
  endfacet
  facet normal 1.884432e-02 9.460180e-01 -3.235657e-01
    outer loop
      vertex -5.340050e+00 -3.758707e+01 2.775510e+01
      vertex -7.120067e+00 -3.755161e+01 2.775510e+01
      vertex -6.985953e+00 -3.699587e+01 2.938776e+01
    endloop
  endfacet
  facet normal -2.187110e-02 -9.463884e-01 3.222897e-01
    outer loop
      vertex -5.239465e+00 -3.703339e+01 2.938776e+01
      vertex -5.138879e+00 -3.647972e+01 3.102041e+01
      vertex -6.851839e+00 -3.644014e+01 3.102041e+01
    endloop
  endfacet
  facet normal 2.032431e-02 9.459552e-01 -3.236599e-01
    outer loop
      vertex -5.239465e+00 -3.703339e+01 2.938776e+01
      vertex -6.985953e+00 -3.699587e+01 2.938776e+01
      vertex -6.851839e+00 -3.644014e+01 3.102041e+01
    endloop
  endfacet
  facet normal -2.346554e-02 -9.463254e-01 3.223626e-01
    outer loop
      vertex -5.138879e+00 -3.647972e+01 3.102041e+01
      vertex -5.038294e+00 -3.592606e+01 3.265306e+01
      vertex -6.717725e+00 -3.588442e+01 3.265306e+01
    endloop
  endfacet
  facet normal 2.185953e-02 9.458880e-01 -3.237562e-01
    outer loop
      vertex -5.138879e+00 -3.647972e+01 3.102041e+01
      vertex -6.851839e+00 -3.644014e+01 3.102041e+01
      vertex -6.717725e+00 -3.588442e+01 3.265306e+01
    endloop
  endfacet
  facet normal -2.512136e-02 -9.462575e-01 3.224372e-01
    outer loop
      vertex -5.038294e+00 -3.592606e+01 3.265306e+01
      vertex -4.937709e+00 -3.537240e+01 3.428571e+01
      vertex -6.583612e+00 -3.532871e+01 3.428571e+01
    endloop
  endfacet
  facet normal 2.345292e-02 9.458161e-01 -3.238548e-01
    outer loop
      vertex -5.038294e+00 -3.592606e+01 3.265306e+01
      vertex -6.717725e+00 -3.588442e+01 3.265306e+01
      vertex -6.583612e+00 -3.532871e+01 3.428571e+01
    endloop
  endfacet
  facet normal -2.684187e-02 -9.461843e-01 3.225133e-01
    outer loop
      vertex -4.937709e+00 -3.537240e+01 3.428571e+01
      vertex -4.837123e+00 -3.481876e+01 3.591837e+01
      vertex -6.449498e+00 -3.477302e+01 3.591837e+01
    endloop
  endfacet
  facet normal 2.510759e-02 9.457390e-01 -3.239557e-01
    outer loop
      vertex -4.937709e+00 -3.537240e+01 3.428571e+01
      vertex -6.583612e+00 -3.532871e+01 3.428571e+01
      vertex -6.449498e+00 -3.477302e+01 3.591837e+01
    endloop
  endfacet
  facet normal -2.863064e-02 -9.461054e-01 3.225909e-01
    outer loop
      vertex -4.837123e+00 -3.481876e+01 3.591837e+01
      vertex -4.736538e+00 -3.426512e+01 3.755102e+01
      vertex -6.315384e+00 -3.421734e+01 3.755102e+01
    endloop
  endfacet
  facet normal 2.682690e-02 9.456565e-01 -3.240588e-01
    outer loop
      vertex -4.837123e+00 -3.481876e+01 3.591837e+01
      vertex -6.449498e+00 -3.477302e+01 3.591837e+01
      vertex -6.315384e+00 -3.421734e+01 3.755102e+01
    endloop
  endfacet
  facet normal -3.049148e-02 -9.460202e-01 3.226702e-01
    outer loop
      vertex -4.736538e+00 -3.426512e+01 3.755102e+01
      vertex -4.635953e+00 -3.371149e+01 3.918367e+01
      vertex -6.181270e+00 -3.366169e+01 3.918367e+01
    endloop
  endfacet
  facet normal 2.861438e-02 9.455680e-01 -3.241641e-01
    outer loop
      vertex -4.736538e+00 -3.426512e+01 3.755102e+01
      vertex -6.315384e+00 -3.421734e+01 3.755102e+01
      vertex -6.181270e+00 -3.366169e+01 3.918367e+01
    endloop
  endfacet
  facet normal -3.242842e-02 -9.459282e-01 3.227509e-01
    outer loop
      vertex -4.635953e+00 -3.371149e+01 3.918367e+01
      vertex -4.535368e+00 -3.315788e+01 4.081633e+01
      vertex -6.047157e+00 -3.310605e+01 4.081633e+01
    endloop
  endfacet
  facet normal 3.047384e-02 9.454730e-01 -3.242716e-01
    outer loop
      vertex -4.635953e+00 -3.371149e+01 3.918367e+01
      vertex -6.181270e+00 -3.366169e+01 3.918367e+01
      vertex -6.047157e+00 -3.310605e+01 4.081633e+01
    endloop
  endfacet
  facet normal -3.444578e-02 -9.458289e-01 3.228331e-01
    outer loop
      vertex -4.535368e+00 -3.315788e+01 4.081633e+01
      vertex -4.434782e+00 -3.260428e+01 4.244898e+01
      vertex -5.913043e+00 -3.255045e+01 4.244898e+01
    endloop
  endfacet
  facet normal 3.240932e-02 9.453711e-01 -3.243812e-01
    outer loop
      vertex -4.535368e+00 -3.315788e+01 4.081633e+01
      vertex -6.047157e+00 -3.310605e+01 4.081633e+01
      vertex -5.913043e+00 -3.255045e+01 4.244898e+01
    endloop
  endfacet
  facet normal -3.654816e-02 -9.457214e-01 3.229167e-01
    outer loop
      vertex -4.434782e+00 -3.260428e+01 4.244898e+01
      vertex -4.334197e+00 -3.205070e+01 4.408163e+01
      vertex -5.778929e+00 -3.199487e+01 4.408163e+01
    endloop
  endfacet
  facet normal 3.442512e-02 9.452615e-01 -3.244929e-01
    outer loop
      vertex -4.434782e+00 -3.260428e+01 4.244898e+01
      vertex -5.913043e+00 -3.255045e+01 4.244898e+01
      vertex -5.778929e+00 -3.199487e+01 4.408163e+01
    endloop
  endfacet
  facet normal -3.874047e-02 -9.456052e-01 3.230016e-01
    outer loop
      vertex -4.334197e+00 -3.205070e+01 4.408163e+01
      vertex -4.233612e+00 -3.149713e+01 4.571429e+01
      vertex -5.644815e+00 -3.143932e+01 4.571429e+01
    endloop
  endfacet
  facet normal 3.652583e-02 9.451436e-01 -3.246066e-01
    outer loop
      vertex -4.334197e+00 -3.205070e+01 4.408163e+01
      vertex -5.778929e+00 -3.199487e+01 4.408163e+01
      vertex -5.644815e+00 -3.143932e+01 4.571429e+01
    endloop
  endfacet
  facet normal -4.102792e-02 -9.454793e-01 3.230877e-01
    outer loop
      vertex -4.233612e+00 -3.149713e+01 4.571429e+01
      vertex -4.133026e+00 -3.094359e+01 4.734694e+01
      vertex -5.510702e+00 -3.088381e+01 4.734694e+01
    endloop
  endfacet
  facet normal 3.871636e-02 9.450167e-01 -3.247221e-01
    outer loop
      vertex -4.233612e+00 -3.149713e+01 4.571429e+01
      vertex -5.644815e+00 -3.143932e+01 4.571429e+01
      vertex -5.510702e+00 -3.088381e+01 4.734694e+01
    endloop
  endfacet
  facet normal -4.341605e-02 -9.453429e-01 3.231748e-01
    outer loop
      vertex -4.133026e+00 -3.094359e+01 4.734694e+01
      vertex -4.032441e+00 -3.039007e+01 4.897959e+01
      vertex -5.376588e+00 -3.032834e+01 4.897959e+01
    endloop
  endfacet
  facet normal 4.100191e-02 9.448801e-01 -3.248392e-01
    outer loop
      vertex -4.133026e+00 -3.094359e+01 4.734694e+01
      vertex -5.510702e+00 -3.088381e+01 4.734694e+01
      vertex -5.376588e+00 -3.032834e+01 4.897959e+01
    endloop
  endfacet
  facet normal -4.591077e-02 -9.451949e-01 3.232626e-01
    outer loop
      vertex -4.032441e+00 -3.039007e+01 4.897959e+01
      vertex -3.931856e+00 -2.983658e+01 5.061224e+01
      vertex -5.242474e+00 -2.977292e+01 5.061224e+01
    endloop
  endfacet
  facet normal 4.338803e-02 9.447328e-01 -3.249576e-01
    outer loop
      vertex -4.032441e+00 -3.039007e+01 4.897959e+01
      vertex -5.376588e+00 -3.032834e+01 4.897959e+01
      vertex -5.242474e+00 -2.977292e+01 5.061224e+01
    endloop
  endfacet
  facet normal -4.851833e-02 -9.450344e-01 3.233511e-01
    outer loop
      vertex -3.931856e+00 -2.983658e+01 5.061224e+01
      vertex -3.831270e+00 -2.928312e+01 5.224490e+01
      vertex -5.108361e+00 -2.921755e+01 5.224490e+01
    endloop
  endfacet
  facet normal 4.588061e-02 9.445739e-01 -3.250772e-01
    outer loop
      vertex -3.931856e+00 -2.983658e+01 5.061224e+01
      vertex -5.242474e+00 -2.977292e+01 5.061224e+01
      vertex -5.108361e+00 -2.921755e+01 5.224490e+01
    endloop
  endfacet
  facet normal -5.124534e-02 -9.448601e-01 3.234398e-01
    outer loop
      vertex -3.831270e+00 -2.928312e+01 5.224490e+01
      vertex -3.730685e+00 -2.872969e+01 5.387755e+01
      vertex -4.974247e+00 -2.866225e+01 5.387755e+01
    endloop
  endfacet
  facet normal 4.848588e-02 9.444023e-01 -3.251975e-01
    outer loop
      vertex -3.831270e+00 -2.928312e+01 5.224490e+01
      vertex -5.108361e+00 -2.921755e+01 5.224490e+01
      vertex -4.974247e+00 -2.866225e+01 5.387755e+01
    endloop
  endfacet
  facet normal -5.409877e-02 -9.446707e-01 3.235283e-01
    outer loop
      vertex -3.730685e+00 -2.872969e+01 5.387755e+01
      vertex -3.630100e+00 -2.817631e+01 5.551020e+01
      vertex -4.840133e+00 -2.810701e+01 5.551020e+01
    endloop
  endfacet
  facet normal 5.121046e-02 9.442170e-01 -3.253180e-01
    outer loop
      vertex -3.730685e+00 -2.872969e+01 5.387755e+01
      vertex -4.974247e+00 -2.866225e+01 5.387755e+01
      vertex -4.840133e+00 -2.810701e+01 5.551020e+01
    endloop
  endfacet
  facet normal -5.708595e-02 -9.444647e-01 3.236164e-01
    outer loop
      vertex -3.630100e+00 -2.817631e+01 5.551020e+01
      vertex -3.529515e+00 -2.762297e+01 5.714286e+01
      vertex -4.706019e+00 -2.755185e+01 5.714286e+01
    endloop
  endfacet
  facet normal 5.406131e-02 9.440166e-01 -3.254382e-01
    outer loop
      vertex -3.630100e+00 -2.817631e+01 5.551020e+01
      vertex -4.840133e+00 -2.810701e+01 5.551020e+01
      vertex -4.706019e+00 -2.755185e+01 5.714286e+01
    endloop
  endfacet
  facet normal -6.021454e-02 -9.442406e-01 3.237034e-01
    outer loop
      vertex -3.529515e+00 -2.762297e+01 5.714286e+01
      vertex -3.428929e+00 -2.706968e+01 5.877551e+01
      vertex -4.571906e+00 -2.699679e+01 5.877551e+01
    endloop
  endfacet
  facet normal 5.704576e-02 9.437998e-01 -3.255575e-01
    outer loop
      vertex -3.529515e+00 -2.762297e+01 5.714286e+01
      vertex -4.706019e+00 -2.755185e+01 5.714286e+01
      vertex -4.571906e+00 -2.699679e+01 5.877551e+01
    endloop
  endfacet
  facet normal -6.349249e-02 -9.439966e-01 3.237886e-01
    outer loop
      vertex -3.428929e+00 -2.706968e+01 5.877551e+01
      vertex -3.328344e+00 -2.651645e+01 6.040816e+01
      vertex -4.437792e+00 -2.644182e+01 6.040816e+01
    endloop
  endfacet
  facet normal 6.017147e-02 9.435652e-01 -3.256749e-01
    outer loop
      vertex -3.428929e+00 -2.706968e+01 5.877551e+01
      vertex -4.571906e+00 -2.699679e+01 5.877551e+01
      vertex -4.437792e+00 -2.644182e+01 6.040816e+01
    endloop
  endfacet
  facet normal -6.692798e-02 -9.437309e-01 3.238714e-01
    outer loop
      vertex -3.328344e+00 -2.651645e+01 6.040816e+01
      vertex -3.227759e+00 -2.596328e+01 6.204082e+01
      vertex -4.303678e+00 -2.588698e+01 6.204082e+01
    endloop
  endfacet
  facet normal 6.344638e-02 9.433111e-01 -3.257894e-01
    outer loop
      vertex -3.328344e+00 -2.651645e+01 6.040816e+01
      vertex -4.437792e+00 -2.644182e+01 6.040816e+01
      vertex -4.303678e+00 -2.588698e+01 6.204082e+01
    endloop
  endfacet
  facet normal -7.052934e-02 -9.434413e-01 3.239507e-01
    outer loop
      vertex -3.227759e+00 -2.596328e+01 6.204082e+01
      vertex -3.127173e+00 -2.541020e+01 6.367347e+01
      vertex -4.169564e+00 -2.533227e+01 6.367347e+01
    endloop
  endfacet
  facet normal 6.687869e-02 9.430358e-01 -3.258999e-01
    outer loop
      vertex -3.227759e+00 -2.596328e+01 6.204082e+01
      vertex -4.303678e+00 -2.588698e+01 6.204082e+01
      vertex -4.169564e+00 -2.533227e+01 6.367347e+01
    endloop
  endfacet
  facet normal -7.430489e-02 -9.431258e-01 3.240255e-01
    outer loop
      vertex -3.127173e+00 -2.541020e+01 6.367347e+01
      vertex -3.026588e+00 -2.485720e+01 6.530612e+01
      vertex -4.035451e+00 -2.477771e+01 6.530612e+01
    endloop
  endfacet
  facet normal 7.047672e-02 9.427375e-01 -3.260048e-01
    outer loop
      vertex -3.127173e+00 -2.541020e+01 6.367347e+01
      vertex -4.169564e+00 -2.533227e+01 6.367347e+01
      vertex -4.035451e+00 -2.477771e+01 6.530612e+01
    endloop
  endfacet
  facet normal -7.826278e-02 -9.427819e-01 3.240945e-01
    outer loop
      vertex -3.026588e+00 -2.485720e+01 6.530612e+01
      vertex -2.926003e+00 -2.430430e+01 6.693878e+01
      vertex -3.901337e+00 -2.422333e+01 6.693878e+01
    endloop
  endfacet
  facet normal 7.424882e-02 9.424141e-01 -3.261024e-01
    outer loop
      vertex -3.026588e+00 -2.485720e+01 6.530612e+01
      vertex -4.035451e+00 -2.477771e+01 6.530612e+01
      vertex -3.901337e+00 -2.422333e+01 6.693878e+01
    endloop
  endfacet
  facet normal -8.241070e-02 -9.424072e-01 3.241562e-01
    outer loop
      vertex -2.926003e+00 -2.430430e+01 6.693878e+01
      vertex -2.825417e+00 -2.375152e+01 6.857143e+01
      vertex -3.767223e+00 -2.366916e+01 6.857143e+01
    endloop
  endfacet
  facet normal 7.820316e-02 9.420637e-01 -3.261905e-01
    outer loop
      vertex -2.926003e+00 -2.430430e+01 6.693878e+01
      vertex -3.901337e+00 -2.422333e+01 6.693878e+01
      vertex -3.767223e+00 -2.366916e+01 6.857143e+01
    endloop
  endfacet
  facet normal -8.675555e-02 -9.419991e-01 3.242087e-01
    outer loop
      vertex -2.825417e+00 -2.375152e+01 6.857143e+01
      vertex -2.724832e+00 -2.319887e+01 7.020408e+01
      vertex -3.633110e+00 -2.311522e+01 7.020408e+01
    endloop
  endfacet
  facet normal 8.234747e-02 9.416841e-01 -3.262666e-01
    outer loop
      vertex -2.825417e+00 -2.375152e+01 6.857143e+01
      vertex -3.767223e+00 -2.366916e+01 6.857143e+01
      vertex -3.633110e+00 -2.311522e+01 7.020408e+01
    endloop
  endfacet
  facet normal -9.130292e-02 -9.415550e-01 3.242498e-01
    outer loop
      vertex -2.724832e+00 -2.319887e+01 7.020408e+01
      vertex -2.624247e+00 -2.264637e+01 7.183673e+01
      vertex -3.498996e+00 -2.256155e+01 7.183673e+01
    endloop
  endfacet
  facet normal 8.668870e-02 9.412732e-01 -3.263278e-01
    outer loop
      vertex -2.724832e+00 -2.319887e+01 7.020408e+01
      vertex -3.633110e+00 -2.311522e+01 7.020408e+01
      vertex -3.498996e+00 -2.256155e+01 7.183673e+01
    endloop
  endfacet
  facet normal -9.605648e-02 -9.410725e-01 3.242772e-01
    outer loop
      vertex -2.624247e+00 -2.264637e+01 7.183673e+01
      vertex -2.523662e+00 -2.209406e+01 7.346939e+01
      vertex -3.364882e+00 -2.200819e+01 7.346939e+01
    endloop
  endfacet
  facet normal 9.123252e-02 9.408289e-01 -3.263703e-01
    outer loop
      vertex -2.624247e+00 -2.264637e+01 7.183673e+01
      vertex -3.498996e+00 -2.256155e+01 7.183673e+01
      vertex -3.364882e+00 -2.200819e+01 7.346939e+01
    endloop
  endfacet
  facet normal -1.010170e-01 -9.405493e-01 3.242878e-01
    outer loop
      vertex -2.523662e+00 -2.209406e+01 7.346939e+01
      vertex -2.423076e+00 -2.154195e+01 7.510204e+01
      vertex -3.230768e+00 -2.145520e+01 7.510204e+01
    endloop
  endfacet
  facet normal 9.598266e-02 9.403493e-01 -3.263900e-01
    outer loop
      vertex -2.523662e+00 -2.209406e+01 7.346939e+01
      vertex -3.364882e+00 -2.200819e+01 7.346939e+01
      vertex -3.230768e+00 -2.145520e+01 7.510204e+01
    endloop
  endfacet
  facet normal -1.061814e-01 -9.399835e-01 3.242785e-01
    outer loop
      vertex -2.423076e+00 -2.154195e+01 7.510204e+01
      vertex -2.322491e+00 -2.099007e+01 7.673469e+01
      vertex -3.096655e+00 -2.090262e+01 7.673469e+01
    endloop
  endfacet
  facet normal 1.009401e-01 9.398329e-01 -3.263819e-01
    outer loop
      vertex -2.423076e+00 -2.154195e+01 7.510204e+01
      vertex -3.230768e+00 -2.145520e+01 7.510204e+01
      vertex -3.096655e+00 -2.090262e+01 7.673469e+01
    endloop
  endfacet
  facet normal -1.115409e-01 -9.393740e-01 3.242454e-01
    outer loop
      vertex -2.322491e+00 -2.099007e+01 7.673469e+01
      vertex -2.221906e+00 -2.043847e+01 7.836735e+01
      vertex -2.962541e+00 -2.035053e+01 7.836735e+01
    endloop
  endfacet
  facet normal 1.061018e-01 9.392787e-01 -3.263403e-01
    outer loop
      vertex -2.322491e+00 -2.099007e+01 7.673469e+01
      vertex -3.096655e+00 -2.090262e+01 7.673469e+01
      vertex -2.962541e+00 -2.035053e+01 7.836735e+01
    endloop
  endfacet
  facet normal -1.170794e-01 -9.387209e-01 3.241842e-01
    outer loop
      vertex -2.221906e+00 -2.043847e+01 7.836735e+01
      vertex -2.121320e+00 -1.988718e+01 8.000000e+01
      vertex -2.828427e+00 -1.979899e+01 8.000000e+01
    endloop
  endfacet
  facet normal 1.114593e-01 9.386864e-01 -3.262585e-01
    outer loop
      vertex -2.221906e+00 -2.043847e+01 7.836735e+01
      vertex -2.962541e+00 -2.035053e+01 7.836735e+01
      vertex -2.828427e+00 -1.979899e+01 8.000000e+01
    endloop
  endfacet
  facet normal -1.099189e-03 -9.466208e-01 3.223474e-01
    outer loop
      vertex -9.400000e+00 -4.700000e+01 0.000000e+00
      vertex -9.265886e+00 -4.644420e+01 1.632653e+00
      vertex -1.158236e+01 -4.644151e+01 1.632653e+00
    endloop
  endfacet
  facet normal 0.000000e+00 9.461723e-01 -3.236633e-01
    outer loop
      vertex -9.400000e+00 -4.700000e+01 0.000000e+00
      vertex -1.175000e+01 -4.700000e+01 0.000000e+00
      vertex -1.158236e+01 -4.644151e+01 1.632653e+00
    endloop
  endfacet
  facet normal -2.230551e-03 -9.465907e-01 3.224300e-01
    outer loop
      vertex -9.265886e+00 -4.644420e+01 1.632653e+00
      vertex -9.131773e+00 -4.588840e+01 3.265306e+00
      vertex -1.141472e+01 -4.588302e+01 3.265306e+00
    endloop
  endfacet
  facet normal 1.098627e-03 9.461373e-01 -3.237639e-01
    outer loop
      vertex -9.265886e+00 -4.644420e+01 1.632653e+00
      vertex -1.158236e+01 -4.644151e+01 1.632653e+00
      vertex -1.141472e+01 -4.588302e+01 3.265306e+00
    endloop
  endfacet
  facet normal -3.395472e-03 -9.465585e-01 3.225144e-01
    outer loop
      vertex -9.131773e+00 -4.588840e+01 3.265306e+00
      vertex -8.997659e+00 -4.533259e+01 4.897959e+00
      vertex -1.124707e+01 -4.532452e+01 4.897959e+00
    endloop
  endfacet
  facet normal 2.229395e-03 9.461000e-01 -3.238669e-01
    outer loop
      vertex -9.131773e+00 -4.588840e+01 3.265306e+00
      vertex -1.141472e+01 -4.588302e+01 3.265306e+00
      vertex -1.124707e+01 -4.532452e+01 4.897959e+00
    endloop
  endfacet
  facet normal -4.595412e-03 -9.465239e-01 3.226009e-01
    outer loop
      vertex -8.997659e+00 -4.533259e+01 4.897959e+00
      vertex -8.863545e+00 -4.477679e+01 6.530612e+00
      vertex -1.107943e+01 -4.476603e+01 6.530612e+00
    endloop
  endfacet
  facet normal 3.393686e-03 9.460605e-01 -3.239724e-01
    outer loop
      vertex -8.997659e+00 -4.533259e+01 4.897959e+00
      vertex -1.124707e+01 -4.532452e+01 4.897959e+00
      vertex -1.107943e+01 -4.476603e+01 6.530612e+00
    endloop
  endfacet
  facet normal -5.831917e-03 -9.464870e-01 3.226894e-01
    outer loop
      vertex -8.863545e+00 -4.477679e+01 6.530612e+00
      vertex -8.729431e+00 -4.422099e+01 8.163265e+00
      vertex -1.091179e+01 -4.420755e+01 8.163265e+00
    endloop
  endfacet
  facet normal 4.592958e-03 9.460184e-01 -3.240803e-01
    outer loop
      vertex -8.863545e+00 -4.477679e+01 6.530612e+00
      vertex -1.107943e+01 -4.476603e+01 6.530612e+00
      vertex -1.091179e+01 -4.420755e+01 8.163265e+00
    endloop
  endfacet
  facet normal -7.106618e-03 -9.464474e-01 3.227799e-01
    outer loop
      vertex -8.729431e+00 -4.422099e+01 8.163265e+00
      vertex -8.595318e+00 -4.366519e+01 9.795918e+00
      vertex -1.074415e+01 -4.364906e+01 9.795918e+00
    endloop
  endfacet
  facet normal 5.828755e-03 9.459737e-01 -3.241909e-01
    outer loop
      vertex -8.729431e+00 -4.422099e+01 8.163265e+00
      vertex -1.091179e+01 -4.420755e+01 8.163265e+00
      vertex -1.074415e+01 -4.364906e+01 9.795918e+00
    endloop
  endfacet
  facet normal -8.421242e-03 -9.464050e-01 3.228726e-01
    outer loop
      vertex -8.595318e+00 -4.366519e+01 9.795918e+00
      vertex -8.461204e+00 -4.310940e+01 1.142857e+01
      vertex -1.057650e+01 -4.309057e+01 1.142857e+01
    endloop
  endfacet
  facet normal 7.102705e-03 9.459262e-01 -3.243041e-01
    outer loop
      vertex -8.595318e+00 -4.366519e+01 9.795918e+00
      vertex -1.074415e+01 -4.364906e+01 9.795918e+00
      vertex -1.057650e+01 -4.309057e+01 1.142857e+01
    endloop
  endfacet
  facet normal -9.777617e-03 -9.463596e-01 3.229674e-01
    outer loop
      vertex -8.461204e+00 -4.310940e+01 1.142857e+01
      vertex -8.327090e+00 -4.255360e+01 1.306122e+01
      vertex -1.040886e+01 -4.253209e+01 1.306122e+01
    endloop
  endfacet
  facet normal 8.416532e-03 9.458757e-01 -3.244200e-01
    outer loop
      vertex -8.461204e+00 -4.310940e+01 1.142857e+01
      vertex -1.057650e+01 -4.309057e+01 1.142857e+01
      vertex -1.040886e+01 -4.253209e+01 1.306122e+01
    endloop
  endfacet
  facet normal -1.117768e-02 -9.463109e-01 3.230645e-01
    outer loop
      vertex -8.327090e+00 -4.255360e+01 1.306122e+01
      vertex -8.192976e+00 -4.199781e+01 1.469388e+01
      vertex -1.024122e+01 -4.197361e+01 1.469388e+01
    endloop
  endfacet
  facet normal 9.772062e-03 9.458219e-01 -3.245388e-01
    outer loop
      vertex -8.327090e+00 -4.255360e+01 1.306122e+01
      vertex -1.040886e+01 -4.253209e+01 1.306122e+01
      vertex -1.024122e+01 -4.197361e+01 1.469388e+01
    endloop
  endfacet
  facet normal -1.262347e-02 -9.462588e-01 3.231639e-01
    outer loop
      vertex -8.192976e+00 -4.199781e+01 1.469388e+01
      vertex -8.058863e+00 -4.144202e+01 1.632653e+01
      vertex -1.007358e+01 -4.141514e+01 1.632653e+01
    endloop
  endfacet
  facet normal 1.117123e-02 9.457647e-01 -3.246604e-01
    outer loop
      vertex -8.192976e+00 -4.199781e+01 1.469388e+01
      vertex -1.024122e+01 -4.197361e+01 1.469388e+01
      vertex -1.007358e+01 -4.141514e+01 1.632653e+01
    endloop
  endfacet
  facet normal -1.411718e-02 -9.462029e-01 3.232657e-01
    outer loop
      vertex -8.058863e+00 -4.144202e+01 1.632653e+01
      vertex -7.924749e+00 -4.088623e+01 1.795918e+01
      vertex -9.905936e+00 -4.085667e+01 1.795918e+01
    endloop
  endfacet
  facet normal 1.261607e-02 9.457037e-01 -3.247850e-01
    outer loop
      vertex -8.058863e+00 -4.144202e+01 1.632653e+01
      vertex -1.007358e+01 -4.141514e+01 1.632653e+01
      vertex -9.905936e+00 -4.085667e+01 1.795918e+01
    endloop
  endfacet
  facet normal -1.566111e-02 -9.461430e-01 3.233699e-01
    outer loop
      vertex -7.924749e+00 -4.088623e+01 1.795918e+01
      vertex -7.790635e+00 -4.033045e+01 1.959184e+01
      vertex -9.738294e+00 -4.029821e+01 1.959184e+01
    endloop
  endfacet
  facet normal 1.410877e-02 9.456388e-01 -3.249126e-01
    outer loop
      vertex -7.924749e+00 -4.088623e+01 1.795918e+01
      vertex -9.905936e+00 -4.085667e+01 1.795918e+01
      vertex -9.738294e+00 -4.029821e+01 1.959184e+01
    endloop
  endfacet
  facet normal -1.725770e-02 -9.460788e-01 3.234766e-01
    outer loop
      vertex -7.790635e+00 -4.033045e+01 1.959184e+01
      vertex -7.656521e+00 -3.977467e+01 2.122449e+01
      vertex -9.570652e+00 -3.973975e+01 2.122449e+01
    endloop
  endfacet
  facet normal 1.565162e-02 9.455696e-01 -3.250434e-01
    outer loop
      vertex -7.790635e+00 -4.033045e+01 1.959184e+01
      vertex -9.738294e+00 -4.029821e+01 1.959184e+01
      vertex -9.570652e+00 -3.973975e+01 2.122449e+01
    endloop
  endfacet
  facet normal -1.890955e-02 -9.460099e-01 3.235858e-01
    outer loop
      vertex -7.656521e+00 -3.977467e+01 2.122449e+01
      vertex -7.522408e+00 -3.921889e+01 2.285714e+01
      vertex -9.403010e+00 -3.918130e+01 2.285714e+01
    endloop
  endfacet
  facet normal 1.724706e-02 9.454958e-01 -3.251773e-01
    outer loop
      vertex -7.656521e+00 -3.977467e+01 2.122449e+01
      vertex -9.570652e+00 -3.973975e+01 2.122449e+01
      vertex -9.403010e+00 -3.918130e+01 2.285714e+01
    endloop
  endfacet
  facet normal -2.061944e-02 -9.459359e-01 3.236975e-01
    outer loop
      vertex -7.522408e+00 -3.921889e+01 2.285714e+01
      vertex -7.388294e+00 -3.866313e+01 2.448980e+01
      vertex -9.235368e+00 -3.862286e+01 2.448980e+01
    endloop
  endfacet
  facet normal 1.889770e-02 9.454170e-01 -3.253145e-01
    outer loop
      vertex -7.522408e+00 -3.921889e+01 2.285714e+01
      vertex -9.403010e+00 -3.918130e+01 2.285714e+01
      vertex -9.235368e+00 -3.862286e+01 2.448980e+01
    endloop
  endfacet
  facet normal -2.239029e-02 -9.458565e-01 3.238119e-01
    outer loop
      vertex -7.388294e+00 -3.866313e+01 2.448980e+01
      vertex -7.254180e+00 -3.810737e+01 2.612245e+01
      vertex -9.067725e+00 -3.806444e+01 2.612245e+01
    endloop
  endfacet
  facet normal 2.060629e-02 9.453330e-01 -3.254550e-01
    outer loop
      vertex -7.388294e+00 -3.866313e+01 2.448980e+01
      vertex -9.235368e+00 -3.862286e+01 2.448980e+01
      vertex -9.067725e+00 -3.806444e+01 2.612245e+01
    endloop
  endfacet
  facet normal -2.422523e-02 -9.457712e-01 3.239290e-01
    outer loop
      vertex -7.254180e+00 -3.810737e+01 2.612245e+01
      vertex -7.120067e+00 -3.755161e+01 2.775510e+01
      vertex -8.900083e+00 -3.750602e+01 2.775510e+01
    endloop
  endfacet
  facet normal 2.237577e-02 9.452432e-01 -3.255990e-01
    outer loop
      vertex -7.254180e+00 -3.810737e+01 2.612245e+01
      vertex -9.067725e+00 -3.806444e+01 2.612245e+01
      vertex -8.900083e+00 -3.750602e+01 2.775510e+01
    endloop
  endfacet
  facet normal -2.612758e-02 -9.456795e-01 3.240488e-01
    outer loop
      vertex -7.120067e+00 -3.755161e+01 2.775510e+01
      vertex -6.985953e+00 -3.699587e+01 2.938776e+01
      vertex -8.732441e+00 -3.694762e+01 2.938776e+01
    endloop
  endfacet
  facet normal 2.420924e-02 9.451472e-01 -3.257463e-01
    outer loop
      vertex -7.120067e+00 -3.755161e+01 2.775510e+01
      vertex -8.900083e+00 -3.750602e+01 2.775510e+01
      vertex -8.732441e+00 -3.694762e+01 2.938776e+01
    endloop
  endfacet
  facet normal -2.810089e-02 -9.455809e-01 3.241713e-01
    outer loop
      vertex -6.985953e+00 -3.699587e+01 2.938776e+01
      vertex -6.851839e+00 -3.644014e+01 3.102041e+01
      vertex -8.564799e+00 -3.638923e+01 3.102041e+01
    endloop
  endfacet
  facet normal 2.611004e-02 9.450446e-01 -3.258972e-01
    outer loop
      vertex -6.985953e+00 -3.699587e+01 2.938776e+01
      vertex -8.732441e+00 -3.694762e+01 2.938776e+01
      vertex -8.564799e+00 -3.638923e+01 3.102041e+01
    endloop
  endfacet
  facet normal -3.014893e-02 -9.454749e-01 3.242966e-01
    outer loop
      vertex -6.851839e+00 -3.644014e+01 3.102041e+01
      vertex -6.717725e+00 -3.588442e+01 3.265306e+01
      vertex -8.397157e+00 -3.583086e+01 3.265306e+01
    endloop
  endfacet
  facet normal 2.808169e-02 9.449348e-01 -3.260517e-01
    outer loop
      vertex -6.851839e+00 -3.644014e+01 3.102041e+01
      vertex -8.564799e+00 -3.638923e+01 3.102041e+01
      vertex -8.397157e+00 -3.583086e+01 3.265306e+01
    endloop
  endfacet
  facet normal -3.227571e-02 -9.453608e-01 3.244246e-01
    outer loop
      vertex -6.717725e+00 -3.588442e+01 3.265306e+01
      vertex -6.583612e+00 -3.532871e+01 3.428571e+01
      vertex -8.229515e+00 -3.527252e+01 3.428571e+01
    endloop
  endfacet
  facet normal 3.012795e-02 9.448172e-01 -3.262097e-01
    outer loop
      vertex -6.717725e+00 -3.588442e+01 3.265306e+01
      vertex -8.397157e+00 -3.583086e+01 3.265306e+01
      vertex -8.229515e+00 -3.527252e+01 3.428571e+01
    endloop
  endfacet
  facet normal -3.448552e-02 -9.452378e-01 3.245554e-01
    outer loop
      vertex -6.583612e+00 -3.532871e+01 3.428571e+01
      vertex -6.449498e+00 -3.477302e+01 3.591837e+01
      vertex -8.061872e+00 -3.471419e+01 3.591837e+01
    endloop
  endfacet
  facet normal 3.225285e-02 9.446913e-01 -3.263712e-01
    outer loop
      vertex -6.583612e+00 -3.532871e+01 3.428571e+01
      vertex -8.229515e+00 -3.527252e+01 3.428571e+01
      vertex -8.061872e+00 -3.471419e+01 3.591837e+01
    endloop
  endfacet
  facet normal -3.678292e-02 -9.451053e-01 3.246890e-01
    outer loop
      vertex -6.449498e+00 -3.477302e+01 3.591837e+01
      vertex -6.315384e+00 -3.421734e+01 3.755102e+01
      vertex -7.894230e+00 -3.415589e+01 3.755102e+01
    endloop
  endfacet
  facet normal 3.446065e-02 9.445562e-01 -3.265364e-01
    outer loop
      vertex -6.449498e+00 -3.477302e+01 3.591837e+01
      vertex -8.061872e+00 -3.471419e+01 3.591837e+01
      vertex -7.894230e+00 -3.415589e+01 3.755102e+01
    endloop
  endfacet
  facet normal -3.917279e-02 -9.449624e-01 3.248253e-01
    outer loop
      vertex -6.315384e+00 -3.421734e+01 3.755102e+01
      vertex -6.181270e+00 -3.366169e+01 3.918367e+01
      vertex -7.726588e+00 -3.359763e+01 3.918367e+01
    endloop
  endfacet
  facet normal 3.675591e-02 9.444113e-01 -3.267052e-01
    outer loop
      vertex -6.315384e+00 -3.421734e+01 3.755102e+01
      vertex -7.894230e+00 -3.415589e+01 3.755102e+01
      vertex -7.726588e+00 -3.359763e+01 3.918367e+01
    endloop
  endfacet
  facet normal -4.166031e-02 -9.448083e-01 3.249643e-01
    outer loop
      vertex -6.181270e+00 -3.366169e+01 3.918367e+01
      vertex -6.047157e+00 -3.310605e+01 4.081633e+01
      vertex -7.558946e+00 -3.303939e+01 4.081633e+01
    endloop
  endfacet
  facet normal 3.914349e-02 9.442558e-01 -3.268774e-01
    outer loop
      vertex -6.181270e+00 -3.366169e+01 3.918367e+01
      vertex -7.726588e+00 -3.359763e+01 3.918367e+01
      vertex -7.558946e+00 -3.303939e+01 4.081633e+01
    endloop
  endfacet
  facet normal -4.425102e-02 -9.446418e-01 3.251058e-01
    outer loop
      vertex -6.047157e+00 -3.310605e+01 4.081633e+01
      vertex -5.913043e+00 -3.255045e+01 4.244898e+01
      vertex -7.391304e+00 -3.248120e+01 4.244898e+01
    endloop
  endfacet
  facet normal 4.162857e-02 9.440886e-01 -3.270531e-01
    outer loop
      vertex -6.047157e+00 -3.310605e+01 4.081633e+01
      vertex -7.558946e+00 -3.303939e+01 4.081633e+01
      vertex -7.391304e+00 -3.248120e+01 4.244898e+01
    endloop
  endfacet
  facet normal -4.695081e-02 -9.444619e-01 3.252498e-01
    outer loop
      vertex -5.913043e+00 -3.255045e+01 4.244898e+01
      vertex -5.778929e+00 -3.199487e+01 4.408163e+01
      vertex -7.223662e+00 -3.192305e+01 4.408163e+01
    endloop
  endfacet
  facet normal 4.421669e-02 9.439089e-01 -3.272321e-01
    outer loop
      vertex -5.913043e+00 -3.255045e+01 4.244898e+01
      vertex -7.391304e+00 -3.248120e+01 4.244898e+01
      vertex -7.223662e+00 -3.192305e+01 4.408163e+01
    endloop
  endfacet
  facet normal -4.976599e-02 -9.442673e-01 3.253960e-01
    outer loop
      vertex -5.778929e+00 -3.199487e+01 4.408163e+01
      vertex -5.644815e+00 -3.143932e+01 4.571429e+01
      vertex -7.056019e+00 -3.136494e+01 4.571429e+01
    endloop
  endfacet
  facet normal 4.691371e-02 9.437155e-01 -3.274142e-01
    outer loop
      vertex -5.778929e+00 -3.199487e+01 4.408163e+01
      vertex -7.223662e+00 -3.192305e+01 4.408163e+01
      vertex -7.056019e+00 -3.136494e+01 4.571429e+01
    endloop
  endfacet
  facet normal -5.270323e-02 -9.440568e-01 3.255444e-01
    outer loop
      vertex -5.644815e+00 -3.143932e+01 4.571429e+01
      vertex -5.510702e+00 -3.088381e+01 4.734694e+01
      vertex -6.888377e+00 -3.080690e+01 4.734694e+01
    endloop
  endfacet
  facet normal 4.972593e-02 9.435073e-01 -3.275993e-01
    outer loop
      vertex -5.644815e+00 -3.143932e+01 4.571429e+01
      vertex -7.056019e+00 -3.136494e+01 4.571429e+01
      vertex -6.888377e+00 -3.080690e+01 4.734694e+01
    endloop
  endfacet
  facet normal -5.576966e-02 -9.438288e-01 3.256946e-01
    outer loop
      vertex -5.510702e+00 -3.088381e+01 4.734694e+01
      vertex -5.376588e+00 -3.032834e+01 4.897959e+01
      vertex -6.720735e+00 -3.024892e+01 4.897959e+01
    endloop
  endfacet
  facet normal 5.266003e-02 9.432829e-01 -3.277870e-01
    outer loop
      vertex -5.510702e+00 -3.088381e+01 4.734694e+01
      vertex -6.888377e+00 -3.080690e+01 4.734694e+01
      vertex -6.720735e+00 -3.024892e+01 4.897959e+01
    endloop
  endfacet
  facet normal -5.897284e-02 -9.435817e-01 3.258463e-01
    outer loop
      vertex -5.376588e+00 -3.032834e+01 4.897959e+01
      vertex -5.242474e+00 -2.977292e+01 5.061224e+01
      vertex -6.553093e+00 -2.969101e+01 5.061224e+01
    endloop
  endfacet
  facet normal 5.572310e-02 9.430409e-01 -3.279769e-01
    outer loop
      vertex -5.376588e+00 -3.032834e+01 4.897959e+01
      vertex -6.720735e+00 -3.024892e+01 4.897959e+01
      vertex -6.553093e+00 -2.969101e+01 5.061224e+01
    endloop
  endfacet
  facet normal -6.232079e-02 -9.433137e-01 3.259990e-01
    outer loop
      vertex -5.242474e+00 -2.977292e+01 5.061224e+01
      vertex -5.108361e+00 -2.921755e+01 5.224490e+01
      vertex -6.385451e+00 -2.913318e+01 5.224490e+01
    endloop
  endfacet
  facet normal 5.892271e-02 9.427796e-01 -3.281687e-01
    outer loop
      vertex -5.242474e+00 -2.977292e+01 5.061224e+01
      vertex -6.553093e+00 -2.969101e+01 5.061224e+01
      vertex -6.385451e+00 -2.913318e+01 5.224490e+01
    endloop
  endfacet
  facet normal -6.582200e-02 -9.430229e-01 3.261524e-01
    outer loop
      vertex -5.108361e+00 -2.921755e+01 5.224490e+01
      vertex -4.974247e+00 -2.866225e+01 5.387755e+01
      vertex -6.217809e+00 -2.857545e+01 5.387755e+01
    endloop
  endfacet
  facet normal 6.226687e-02 9.424975e-01 -3.283616e-01
    outer loop
      vertex -5.108361e+00 -2.921755e+01 5.224490e+01
      vertex -6.385451e+00 -2.913318e+01 5.224490e+01
      vertex -6.217809e+00 -2.857545e+01 5.387755e+01
    endloop
  endfacet
  facet normal -6.948543e-02 -9.427069e-01 3.263057e-01
    outer loop
      vertex -4.974247e+00 -2.866225e+01 5.387755e+01
      vertex -4.840133e+00 -2.810701e+01 5.551020e+01
      vertex -6.050166e+00 -2.801782e+01 5.551020e+01
    endloop
  endfacet
  facet normal 6.576405e-02 9.421925e-01 -3.285550e-01
    outer loop
      vertex -4.974247e+00 -2.866225e+01 5.387755e+01
      vertex -6.217809e+00 -2.857545e+01 5.387755e+01
      vertex -6.050166e+00 -2.801782e+01 5.551020e+01
    endloop
  endfacet
  facet normal -7.332046e-02 -9.423636e-01 3.264582e-01
    outer loop
      vertex -4.840133e+00 -2.810701e+01 5.551020e+01
      vertex -4.706019e+00 -2.755185e+01 5.714286e+01
      vertex -5.882524e+00 -2.746032e+01 5.714286e+01
    endloop
  endfacet
  facet normal 6.942319e-02 9.418626e-01 -3.287480e-01
    outer loop
      vertex -4.840133e+00 -2.810701e+01 5.551020e+01
      vertex -6.050166e+00 -2.801782e+01 5.551020e+01
      vertex -5.882524e+00 -2.746032e+01 5.714286e+01
    endloop
  endfacet
  facet normal -7.733695e-02 -9.419902e-01 3.266090e-01
    outer loop
      vertex -4.706019e+00 -2.755185e+01 5.714286e+01
      vertex -4.571906e+00 -2.699679e+01 5.877551e+01
      vertex -5.714882e+00 -2.690295e+01 5.877551e+01
    endloop
  endfacet
  facet normal 7.325370e-02 9.415055e-01 -3.289396e-01
    outer loop
      vertex -4.706019e+00 -2.755185e+01 5.714286e+01
      vertex -5.882524e+00 -2.746032e+01 5.714286e+01
      vertex -5.714882e+00 -2.690295e+01 5.877551e+01
    endloop
  endfacet
  facet normal -8.154511e-02 -9.415839e-01 3.267571e-01
    outer loop
      vertex -4.571906e+00 -2.699679e+01 5.877551e+01
      vertex -4.437792e+00 -2.644182e+01 6.040816e+01
      vertex -5.547240e+00 -2.634574e+01 6.040816e+01
    endloop
  endfacet
  facet normal 7.726541e-02 9.411188e-01 -3.291283e-01
    outer loop
      vertex -4.571906e+00 -2.699679e+01 5.877551e+01
      vertex -5.714882e+00 -2.690295e+01 5.877551e+01
      vertex -5.547240e+00 -2.634574e+01 6.040816e+01
    endloop
  endfacet
  facet normal -8.595546e-02 -9.411415e-01 3.269011e-01
    outer loop
      vertex -4.437792e+00 -2.644182e+01 6.040816e+01
      vertex -4.303678e+00 -2.588698e+01 6.204082e+01
      vertex -5.379598e+00 -2.578871e+01 6.204082e+01
    endloop
  endfacet
  facet normal 8.146854e-02 9.406998e-01 -3.293127e-01
    outer loop
      vertex -4.437792e+00 -2.644182e+01 6.040816e+01
      vertex -5.547240e+00 -2.634574e+01 6.040816e+01
      vertex -5.379598e+00 -2.578871e+01 6.204082e+01
    endloop
  endfacet
  facet normal -9.057869e-02 -9.406597e-01 3.270394e-01
    outer loop
      vertex -4.303678e+00 -2.588698e+01 6.204082e+01
      vertex -4.169564e+00 -2.533227e+01 6.367347e+01
      vertex -5.211956e+00 -2.523189e+01 6.367347e+01
    endloop
  endfacet
  facet normal 8.587362e-02 9.402455e-01 -3.294907e-01
    outer loop
      vertex -4.303678e+00 -2.588698e+01 6.204082e+01
      vertex -5.379598e+00 -2.578871e+01 6.204082e+01
      vertex -5.211956e+00 -2.523189e+01 6.367347e+01
    endloop
  endfacet
  facet normal -9.542553e-02 -9.401349e-01 3.271702e-01
    outer loop
      vertex -4.169564e+00 -2.533227e+01 6.367347e+01
      vertex -4.035451e+00 -2.477771e+01 6.530612e+01
      vertex -5.044313e+00 -2.467531e+01 6.530612e+01
    endloop
  endfacet
  facet normal 9.049137e-02 9.397529e-01 -3.296601e-01
    outer loop
      vertex -4.169564e+00 -2.533227e+01 6.367347e+01
      vertex -5.211956e+00 -2.523189e+01 6.367347e+01
      vertex -5.044313e+00 -2.467531e+01 6.530612e+01
    endloop
  endfacet
  facet normal -1.005065e-01 -9.395631e-01 3.272912e-01
    outer loop
      vertex -4.035451e+00 -2.477771e+01 6.530612e+01
      vertex -3.901337e+00 -2.422333e+01 6.693878e+01
      vertex -4.876671e+00 -2.411900e+01 6.693878e+01
    endloop
  endfacet
  facet normal 9.533253e-02 9.392187e-01 -3.298181e-01
    outer loop
      vertex -4.035451e+00 -2.477771e+01 6.530612e+01
      vertex -5.044313e+00 -2.467531e+01 6.530612e+01
      vertex -4.876671e+00 -2.411900e+01 6.693878e+01
    endloop
  endfacet
  facet normal -1.058315e-01 -9.389404e-01 3.273999e-01
    outer loop
      vertex -3.901337e+00 -2.422333e+01 6.693878e+01
      vertex -3.767223e+00 -2.366916e+01 6.857143e+01
      vertex -4.709029e+00 -2.356300e+01 6.857143e+01
    endloop
  endfacet
  facet normal 1.004077e-01 9.386393e-01 -3.299613e-01
    outer loop
      vertex -3.901337e+00 -2.422333e+01 6.693878e+01
      vertex -4.876671e+00 -2.411900e+01 6.693878e+01
      vertex -4.709029e+00 -2.356300e+01 6.857143e+01
    endloop
  endfacet
  facet normal -1.114094e-01 -9.382624e-01 3.274930e-01
    outer loop
      vertex -3.767223e+00 -2.366916e+01 6.857143e+01
      vertex -3.633110e+00 -2.311522e+01 7.020408e+01
      vertex -4.541387e+00 -2.300737e+01 7.020408e+01
    endloop
  endfacet
  facet normal 1.057267e-01 9.380113e-01 -3.300858e-01
    outer loop
      vertex -3.767223e+00 -2.366916e+01 6.857143e+01
      vertex -4.709029e+00 -2.356300e+01 6.857143e+01
      vertex -4.541387e+00 -2.300737e+01 7.020408e+01
    endloop
  endfacet
  facet normal -1.172476e-01 -9.375249e-01 3.275669e-01
    outer loop
      vertex -3.633110e+00 -2.311522e+01 7.020408e+01
      vertex -3.498996e+00 -2.256155e+01 7.183673e+01
      vertex -4.373745e+00 -2.245215e+01 7.183673e+01
    endloop
  endfacet
  facet normal 1.112988e-01 9.373309e-01 -3.301867e-01
    outer loop
      vertex -3.633110e+00 -2.311522e+01 7.020408e+01
      vertex -4.541387e+00 -2.300737e+01 7.020408e+01
      vertex -4.373745e+00 -2.245215e+01 7.183673e+01
    endloop
  endfacet
  facet normal -1.233509e-01 -9.367238e-01 3.276173e-01
    outer loop
      vertex -3.498996e+00 -2.256155e+01 7.183673e+01
      vertex -3.364882e+00 -2.200819e+01 7.346939e+01
      vertex -4.206103e+00 -2.189742e+01 7.346939e+01
    endloop
  endfacet
  facet normal 1.171313e-01 9.365947e-01 -3.302585e-01
    outer loop
      vertex -3.498996e+00 -2.256155e+01 7.183673e+01
      vertex -4.373745e+00 -2.245215e+01 7.183673e+01
      vertex -4.206103e+00 -2.189742e+01 7.346939e+01
    endloop
  endfacet
  facet normal -1.297205e-01 -9.358553e-01 3.276392e-01
    outer loop
      vertex -3.364882e+00 -2.200819e+01 7.346939e+01
      vertex -3.230768e+00 -2.145520e+01 7.510204e+01
      vertex -4.038460e+00 -2.134324e+01 7.510204e+01
    endloop
  endfacet
  facet normal 1.232292e-01 9.357992e-01 -3.302945e-01
    outer loop
      vertex -3.364882e+00 -2.200819e+01 7.346939e+01
      vertex -4.206103e+00 -2.189742e+01 7.346939e+01
      vertex -4.038460e+00 -2.134324e+01 7.510204e+01
    endloop
  endfacet
  facet normal -1.363525e-01 -9.349164e-01 3.276269e-01
    outer loop
      vertex -3.230768e+00 -2.145520e+01 7.510204e+01
      vertex -3.096655e+00 -2.090262e+01 7.673469e+01
      vertex -3.870818e+00 -2.078971e+01 7.673469e+01
    endloop
  endfacet
  facet normal 1.295939e-01 9.349417e-01 -3.302868e-01
    outer loop
      vertex -3.230768e+00 -2.145520e+01 7.510204e+01
      vertex -4.038460e+00 -2.134324e+01 7.510204e+01
      vertex -3.870818e+00 -2.078971e+01 7.673469e+01
    endloop
  endfacet
  facet normal -1.432360e-01 -9.339052e-01 3.275736e-01
    outer loop
      vertex -3.096655e+00 -2.090262e+01 7.673469e+01
      vertex -2.962541e+00 -2.035053e+01 7.836735e+01
      vertex -3.703176e+00 -2.023693e+01 7.836735e+01
    endloop
  endfacet
  facet normal 1.362218e-01 9.340204e-01 -3.302263e-01
    outer loop
      vertex -3.096655e+00 -2.090262e+01 7.673469e+01
      vertex -3.870818e+00 -2.078971e+01 7.673469e+01
      vertex -3.703176e+00 -2.023693e+01 7.836735e+01
    endloop
  endfacet
  facet normal -1.503505e-01 -9.328219e-01 3.274721e-01
    outer loop
      vertex -2.962541e+00 -2.035053e+01 7.836735e+01
      vertex -2.828427e+00 -1.979899e+01 8.000000e+01
      vertex -3.535534e+00 -1.968502e+01 8.000000e+01
    endloop
  endfacet
  facet normal 1.431025e-01 9.330348e-01 -3.301026e-01
    outer loop
      vertex -2.962541e+00 -2.035053e+01 7.836735e+01
      vertex -3.703176e+00 -2.023693e+01 7.836735e+01
      vertex -3.535534e+00 -1.968502e+01 8.000000e+01
    endloop
  endfacet
  facet normal -1.342756e-03 -9.461293e-01 3.237864e-01
    outer loop
      vertex -1.175000e+01 -4.700000e+01 0.000000e+00
      vertex -1.158236e+01 -4.644151e+01 1.632653e+00
      vertex -1.389883e+01 -4.643822e+01 1.632653e+00
    endloop
  endfacet
  facet normal 0.000000e+00 9.455877e-01 -3.253673e-01
    outer loop
      vertex -1.175000e+01 -4.700000e+01 0.000000e+00
      vertex -1.410000e+01 -4.700000e+01 0.000000e+00
      vertex -1.389883e+01 -4.643822e+01 1.632653e+00
    endloop
  endfacet
  facet normal -2.724771e-03 -9.460832e-01 3.239124e-01
    outer loop
      vertex -1.158236e+01 -4.644151e+01 1.632653e+00
      vertex -1.141472e+01 -4.588302e+01 3.265306e+00
      vertex -1.369766e+01 -4.587644e+01 3.265306e+00
    endloop
  endfacet
  facet normal 1.341914e-03 9.455360e-01 -3.255147e-01
    outer loop
      vertex -1.158236e+01 -4.644151e+01 1.632653e+00
      vertex -1.389883e+01 -4.643822e+01 1.632653e+00
      vertex -1.369766e+01 -4.587644e+01 3.265306e+00
    endloop
  endfacet
  facet normal -4.147734e-03 -9.460339e-01 3.240413e-01
    outer loop
      vertex -1.141472e+01 -4.588302e+01 3.265306e+00
      vertex -1.124707e+01 -4.532452e+01 4.897959e+00
      vertex -1.349649e+01 -4.531466e+01 4.897959e+00
    endloop
  endfacet
  facet normal 2.723037e-03 9.454811e-01 -3.256655e-01
    outer loop
      vertex -1.141472e+01 -4.588302e+01 3.265306e+00
      vertex -1.369766e+01 -4.587644e+01 3.265306e+00
      vertex -1.349649e+01 -4.531466e+01 4.897959e+00
    endloop
  endfacet
  facet normal -5.613427e-03 -9.459811e-01 3.241731e-01
    outer loop
      vertex -1.124707e+01 -4.532452e+01 4.897959e+00
      vertex -1.107943e+01 -4.476603e+01 6.530612e+00
      vertex -1.329532e+01 -4.475289e+01 6.530612e+00
    endloop
  endfacet
  facet normal 4.145055e-03 9.454228e-01 -3.258198e-01
    outer loop
      vertex -1.124707e+01 -4.532452e+01 4.897959e+00
      vertex -1.349649e+01 -4.531466e+01 4.897959e+00
      vertex -1.329532e+01 -4.475289e+01 6.530612e+00
    endloop
  endfacet
  facet normal -7.123731e-03 -9.459247e-01 3.243081e-01
    outer loop
      vertex -1.107943e+01 -4.476603e+01 6.530612e+00
      vertex -1.091179e+01 -4.420755e+01 8.163265e+00
      vertex -1.309415e+01 -4.419111e+01 8.163265e+00
    endloop
  endfacet
  facet normal 5.609746e-03 9.453608e-01 -3.259778e-01
    outer loop
      vertex -1.107943e+01 -4.476603e+01 6.530612e+00
      vertex -1.329532e+01 -4.475289e+01 6.530612e+00
      vertex -1.309415e+01 -4.419111e+01 8.163265e+00
    endloop
  endfacet
  facet normal -8.680636e-03 -9.458643e-01 3.244463e-01
    outer loop
      vertex -1.091179e+01 -4.420755e+01 8.163265e+00
      vertex -1.074415e+01 -4.364906e+01 9.795918e+00
      vertex -1.289298e+01 -4.362934e+01 9.795918e+00
    endloop
  endfacet
  facet normal 7.118987e-03 9.452948e-01 -3.261396e-01
    outer loop
      vertex -1.091179e+01 -4.420755e+01 8.163265e+00
      vertex -1.309415e+01 -4.419111e+01 8.163265e+00
      vertex -1.289298e+01 -4.362934e+01 9.795918e+00
    endloop
  endfacet
  facet normal -1.028625e-02 -9.457997e-01 3.245877e-01
    outer loop
      vertex -1.074415e+01 -4.364906e+01 9.795918e+00
      vertex -1.057650e+01 -4.309057e+01 1.142857e+01
      vertex -1.269181e+01 -4.306757e+01 1.142857e+01
    endloop
  endfacet
  facet normal 8.674766e-03 9.452246e-01 -3.263053e-01
    outer loop
      vertex -1.074415e+01 -4.364906e+01 9.795918e+00
      vertex -1.289298e+01 -4.362934e+01 9.795918e+00
      vertex -1.269181e+01 -4.306757e+01 1.142857e+01
    endloop
  endfacet
  facet normal -1.194279e-02 -9.457305e-01 3.247324e-01
    outer loop
      vertex -1.057650e+01 -4.309057e+01 1.142857e+01
      vertex -1.040886e+01 -4.253209e+01 1.306122e+01
      vertex -1.249064e+01 -4.250580e+01 1.306122e+01
    endloop
  endfacet
  facet normal 1.027918e-02 9.451500e-01 -3.264749e-01
    outer loop
      vertex -1.057650e+01 -4.309057e+01 1.142857e+01
      vertex -1.269181e+01 -4.306757e+01 1.142857e+01
      vertex -1.249064e+01 -4.250580e+01 1.306122e+01
    endloop
  endfacet
  facet normal -1.365263e-02 -9.456565e-01 3.248806e-01
    outer loop
      vertex -1.040886e+01 -4.253209e+01 1.306122e+01
      vertex -1.024122e+01 -4.197361e+01 1.469388e+01
      vertex -1.228946e+01 -4.194404e+01 1.469388e+01
    endloop
  endfacet
  facet normal 1.193446e-02 9.450705e-01 -3.266487e-01
    outer loop
      vertex -1.040886e+01 -4.253209e+01 1.306122e+01
      vertex -1.249064e+01 -4.250580e+01 1.306122e+01
      vertex -1.228946e+01 -4.194404e+01 1.469388e+01
    endloop
  endfacet
  facet normal -1.541826e-02 -9.455772e-01 3.250323e-01
    outer loop
      vertex -1.024122e+01 -4.197361e+01 1.469388e+01
      vertex -1.007358e+01 -4.141514e+01 1.632653e+01
      vertex -1.208829e+01 -4.138229e+01 1.632653e+01
    endloop
  endfacet
  facet normal 1.364295e-02 9.449858e-01 -3.268266e-01
    outer loop
      vertex -1.024122e+01 -4.197361e+01 1.469388e+01
      vertex -1.228946e+01 -4.194404e+01 1.469388e+01
      vertex -1.208829e+01 -4.138229e+01 1.632653e+01
    endloop
  endfacet
  facet normal -1.724232e-02 -9.454923e-01 3.251877e-01
    outer loop
      vertex -1.007358e+01 -4.141514e+01 1.632653e+01
      vertex -9.905936e+00 -4.085667e+01 1.795918e+01
      vertex -1.188712e+01 -4.082054e+01 1.795918e+01
    endloop
  endfacet
  facet normal 1.540714e-02 9.448957e-01 -3.270089e-01
    outer loop
      vertex -1.007358e+01 -4.141514e+01 1.632653e+01
      vertex -1.208829e+01 -4.138229e+01 1.632653e+01
      vertex -1.188712e+01 -4.082054e+01 1.795918e+01
    endloop
  endfacet
  facet normal -1.912764e-02 -9.454013e-01 3.253467e-01
    outer loop
      vertex -9.905936e+00 -4.085667e+01 1.795918e+01
      vertex -9.738294e+00 -4.029821e+01 1.959184e+01
      vertex -1.168595e+01 -4.025880e+01 1.959184e+01
    endloop
  endfacet
  facet normal 1.722969e-02 9.447995e-01 -3.271956e-01
    outer loop
      vertex -9.905936e+00 -4.085667e+01 1.795918e+01
      vertex -1.188712e+01 -4.082054e+01 1.795918e+01
      vertex -1.168595e+01 -4.025880e+01 1.959184e+01
    endloop
  endfacet
  facet normal -2.107720e-02 -9.453038e-01 3.255096e-01
    outer loop
      vertex -9.738294e+00 -4.029821e+01 1.959184e+01
      vertex -9.570652e+00 -3.973975e+01 2.122449e+01
      vertex -1.148478e+01 -3.969707e+01 2.122449e+01
    endloop
  endfacet
  facet normal 1.911339e-02 9.446970e-01 -3.273869e-01
    outer loop
      vertex -9.738294e+00 -4.029821e+01 1.959184e+01
      vertex -1.168595e+01 -4.025880e+01 1.959184e+01
      vertex -1.148478e+01 -3.969707e+01 2.122449e+01
    endloop
  endfacet
  facet normal -2.309415e-02 -9.451993e-01 3.256763e-01
    outer loop
      vertex -9.570652e+00 -3.973975e+01 2.122449e+01
      vertex -9.403010e+00 -3.918130e+01 2.285714e+01
      vertex -1.128361e+01 -3.913535e+01 2.285714e+01
    endloop
  endfacet
  facet normal 2.106123e-02 9.445877e-01 -3.275828e-01
    outer loop
      vertex -9.570652e+00 -3.973975e+01 2.122449e+01
      vertex -1.148478e+01 -3.969707e+01 2.122449e+01
      vertex -1.128361e+01 -3.913535e+01 2.285714e+01
    endloop
  endfacet
  facet normal -2.518188e-02 -9.450871e-01 3.258469e-01
    outer loop
      vertex -9.403010e+00 -3.918130e+01 2.285714e+01
      vertex -9.235368e+00 -3.862286e+01 2.448980e+01
      vertex -1.108244e+01 -3.857365e+01 2.448980e+01
    endloop
  endfacet
  facet normal 2.307636e-02 9.444710e-01 -3.277835e-01
    outer loop
      vertex -9.403010e+00 -3.918130e+01 2.285714e+01
      vertex -1.128361e+01 -3.913535e+01 2.285714e+01
      vertex -1.108244e+01 -3.857365e+01 2.448980e+01
    endloop
  endfacet
  facet normal -2.734395e-02 -9.449668e-01 3.260216e-01
    outer loop
      vertex -9.235368e+00 -3.862286e+01 2.448980e+01
      vertex -9.067725e+00 -3.806444e+01 2.612245e+01
      vertex -1.088127e+01 -3.801196e+01 2.612245e+01
    endloop
  endfacet
  facet normal 2.516214e-02 9.443464e-01 -3.279890e-01
    outer loop
      vertex -9.235368e+00 -3.862286e+01 2.448980e+01
      vertex -1.108244e+01 -3.857365e+01 2.448980e+01
      vertex -1.088127e+01 -3.801196e+01 2.612245e+01
    endloop
  endfacet
  facet normal -2.958417e-02 -9.448376e-01 3.262004e-01
    outer loop
      vertex -9.067725e+00 -3.806444e+01 2.612245e+01
      vertex -8.900083e+00 -3.750602e+01 2.775510e+01
      vertex -1.068010e+01 -3.745029e+01 2.775510e+01
    endloop
  endfacet
  facet normal 2.732214e-02 9.442132e-01 -3.281995e-01
    outer loop
      vertex -9.067725e+00 -3.806444e+01 2.612245e+01
      vertex -1.088127e+01 -3.801196e+01 2.612245e+01
      vertex -1.068010e+01 -3.745029e+01 2.775510e+01
    endloop
  endfacet
  facet normal -3.190661e-02 -9.446988e-01 3.263834e-01
    outer loop
      vertex -8.900083e+00 -3.750602e+01 2.775510e+01
      vertex -8.732441e+00 -3.694762e+01 2.938776e+01
      vertex -1.047893e+01 -3.688863e+01 2.938776e+01
    endloop
  endfacet
  facet normal 2.956017e-02 9.440709e-01 -3.284150e-01
    outer loop
      vertex -8.900083e+00 -3.750602e+01 2.775510e+01
      vertex -1.068010e+01 -3.745029e+01 2.775510e+01
      vertex -1.047893e+01 -3.688863e+01 2.938776e+01
    endloop
  endfacet
  facet normal -3.431556e-02 -9.445497e-01 3.265705e-01
    outer loop
      vertex -8.732441e+00 -3.694762e+01 2.938776e+01
      vertex -8.564799e+00 -3.638923e+01 3.102041e+01
      vertex -1.027776e+01 -3.632700e+01 3.102041e+01
    endloop
  endfacet
  facet normal 3.188025e-02 9.439186e-01 -3.286356e-01
    outer loop
      vertex -8.732441e+00 -3.694762e+01 2.938776e+01
      vertex -1.047893e+01 -3.688863e+01 2.938776e+01
      vertex -1.027776e+01 -3.632700e+01 3.102041e+01
    endloop
  endfacet
  facet normal -3.681562e-02 -9.443894e-01 3.267619e-01
    outer loop
      vertex -8.564799e+00 -3.638923e+01 3.102041e+01
      vertex -8.397157e+00 -3.583086e+01 3.265306e+01
      vertex -1.007659e+01 -3.576539e+01 3.265306e+01
    endloop
  endfacet
  facet normal 3.428671e-02 9.437556e-01 -3.288615e-01
    outer loop
      vertex -8.564799e+00 -3.638923e+01 3.102041e+01
      vertex -1.027776e+01 -3.632700e+01 3.102041e+01
      vertex -1.007659e+01 -3.576539e+01 3.265306e+01
    endloop
  endfacet
  facet normal -3.941170e-02 -9.442168e-01 3.269576e-01
    outer loop
      vertex -8.397157e+00 -3.583086e+01 3.265306e+01
      vertex -8.229515e+00 -3.527252e+01 3.428571e+01
      vertex -9.875417e+00 -3.520382e+01 3.428571e+01
    endloop
  endfacet
  facet normal 3.678411e-02 9.435810e-01 -3.290925e-01
    outer loop
      vertex -8.397157e+00 -3.583086e+01 3.265306e+01
      vertex -1.007659e+01 -3.576539e+01 3.265306e+01
      vertex -9.875417e+00 -3.520382e+01 3.428571e+01
    endloop
  endfacet
  facet normal -4.210900e-02 -9.440311e-01 3.271575e-01
    outer loop
      vertex -8.229515e+00 -3.527252e+01 3.428571e+01
      vertex -8.061872e+00 -3.471419e+01 3.591837e+01
      vertex -9.674247e+00 -3.464227e+01 3.591837e+01
    endloop
  endfacet
  facet normal 3.937735e-02 9.433939e-01 -3.293288e-01
    outer loop
      vertex -8.229515e+00 -3.527252e+01 3.428571e+01
      vertex -9.875417e+00 -3.520382e+01 3.428571e+01
      vertex -9.674247e+00 -3.464227e+01 3.591837e+01
    endloop
  endfacet
  facet normal -4.491309e-02 -9.438311e-01 3.273617e-01
    outer loop
      vertex -8.061872e+00 -3.471419e+01 3.591837e+01
      vertex -7.894230e+00 -3.415589e+01 3.755102e+01
      vertex -9.473076e+00 -3.408076e+01 3.755102e+01
    endloop
  endfacet
  facet normal 4.207162e-02 9.431932e-01 -3.295703e-01
    outer loop
      vertex -8.061872e+00 -3.471419e+01 3.591837e+01
      vertex -9.674247e+00 -3.464227e+01 3.591837e+01
      vertex -9.473076e+00 -3.408076e+01 3.755102e+01
    endloop
  endfacet
  facet normal -4.782990e-02 -9.436155e-01 3.275701e-01
    outer loop
      vertex -7.894230e+00 -3.415589e+01 3.755102e+01
      vertex -7.726588e+00 -3.359763e+01 3.918367e+01
      vertex -9.271906e+00 -3.351930e+01 3.918367e+01
    endloop
  endfacet
  facet normal 4.487249e-02 9.429778e-01 -3.298170e-01
    outer loop
      vertex -7.894230e+00 -3.415589e+01 3.755102e+01
      vertex -9.473076e+00 -3.408076e+01 3.755102e+01
      vertex -9.271906e+00 -3.351930e+01 3.918367e+01
    endloop
  endfacet
  facet normal -5.086576e-02 -9.433829e-01 3.277826e-01
    outer loop
      vertex -7.726588e+00 -3.359763e+01 3.918367e+01
      vertex -7.558946e+00 -3.303939e+01 4.081633e+01
      vertex -9.070735e+00 -3.295788e+01 4.081633e+01
    endloop
  endfacet
  facet normal 4.778586e-02 9.427465e-01 -3.300689e-01
    outer loop
      vertex -7.726588e+00 -3.359763e+01 3.918367e+01
      vertex -9.271906e+00 -3.351930e+01 3.918367e+01
      vertex -9.070735e+00 -3.295788e+01 4.081633e+01
    endloop
  endfacet
  facet normal -5.402741e-02 -9.431318e-01 3.279991e-01
    outer loop
      vertex -7.558946e+00 -3.303939e+01 4.081633e+01
      vertex -7.391304e+00 -3.248120e+01 4.244898e+01
      vertex -8.869564e+00 -3.239651e+01 4.244898e+01
    endloop
  endfacet
  facet normal 5.081805e-02 9.424979e-01 -3.303258e-01
    outer loop
      vertex -7.558946e+00 -3.303939e+01 4.081633e+01
      vertex -9.070735e+00 -3.295788e+01 4.081633e+01
      vertex -8.869564e+00 -3.239651e+01 4.244898e+01
    endloop
  endfacet
  facet normal -5.732203e-02 -9.428606e-01 3.282194e-01
    outer loop
      vertex -7.391304e+00 -3.248120e+01 4.244898e+01
      vertex -7.223662e+00 -3.192305e+01 4.408163e+01
      vertex -8.668394e+00 -3.183521e+01 4.408163e+01
    endloop
  endfacet
  facet normal 5.397578e-02 9.422306e-01 -3.305876e-01
    outer loop
      vertex -7.391304e+00 -3.248120e+01 4.244898e+01
      vertex -8.869564e+00 -3.239651e+01 4.244898e+01
      vertex -8.668394e+00 -3.183521e+01 4.408163e+01
    endloop
  endfacet
  facet normal -6.075729e-02 -9.425675e-01 3.284433e-01
    outer loop
      vertex -7.223662e+00 -3.192305e+01 4.408163e+01
      vertex -7.056019e+00 -3.136494e+01 4.571429e+01
      vertex -8.467223e+00 -3.127398e+01 4.571429e+01
    endloop
  endfacet
  facet normal 5.726623e-02 9.419428e-01 -3.308540e-01
    outer loop
      vertex -7.223662e+00 -3.192305e+01 4.408163e+01
      vertex -8.668394e+00 -3.183521e+01 4.408163e+01
      vertex -8.467223e+00 -3.127398e+01 4.571429e+01
    endloop
  endfacet
  facet normal -6.434134e-02 -9.422505e-01 3.286704e-01
    outer loop
      vertex -7.056019e+00 -3.136494e+01 4.571429e+01
      vertex -6.888377e+00 -3.080690e+01 4.734694e+01
      vertex -8.266053e+00 -3.071282e+01 4.734694e+01
    endloop
  endfacet
  facet normal 6.069704e-02 9.416328e-01 -3.311247e-01
    outer loop
      vertex -7.056019e+00 -3.136494e+01 4.571429e+01
      vertex -8.467223e+00 -3.127398e+01 4.571429e+01
      vertex -8.266053e+00 -3.071282e+01 4.734694e+01
    endloop
  endfacet
  facet normal -6.808286e-02 -9.419072e-01 3.289005e-01
    outer loop
      vertex -6.888377e+00 -3.080690e+01 4.734694e+01
      vertex -6.720735e+00 -3.024892e+01 4.897959e+01
      vertex -8.064882e+00 -3.015176e+01 4.897959e+01
    endloop
  endfacet
  facet normal 6.427635e-02 9.412986e-01 -3.313993e-01
    outer loop
      vertex -6.888377e+00 -3.080690e+01 4.734694e+01
      vertex -8.266053e+00 -3.071282e+01 4.734694e+01
      vertex -8.064882e+00 -3.015176e+01 4.897959e+01
    endloop
  endfacet
  facet normal -7.199107e-02 -9.415354e-01 3.291329e-01
    outer loop
      vertex -6.720735e+00 -3.024892e+01 4.897959e+01
      vertex -6.553093e+00 -2.969101e+01 5.061224e+01
      vertex -7.863711e+00 -2.959080e+01 5.061224e+01
    endloop
  endfacet
  facet normal 6.801281e-02 9.409381e-01 -3.316772e-01
    outer loop
      vertex -6.720735e+00 -3.024892e+01 4.897959e+01
      vertex -8.064882e+00 -3.015176e+01 4.897959e+01
      vertex -7.863711e+00 -2.959080e+01 5.061224e+01
    endloop
  endfacet
  facet normal -7.607574e-02 -9.411322e-01 3.293671e-01
    outer loop
      vertex -6.553093e+00 -2.969101e+01 5.061224e+01
      vertex -6.385451e+00 -2.913318e+01 5.224490e+01
      vertex -7.662541e+00 -2.902995e+01 5.224490e+01
    endloop
  endfacet
  facet normal 7.191564e-02 9.405489e-01 -3.319578e-01
    outer loop
      vertex -6.553093e+00 -2.969101e+01 5.061224e+01
      vertex -7.863711e+00 -2.959080e+01 5.061224e+01
      vertex -7.662541e+00 -2.902995e+01 5.224490e+01
    endloop
  endfacet
  facet normal -8.034723e-02 -9.406948e-01 3.296023e-01
    outer loop
      vertex -6.385451e+00 -2.913318e+01 5.224490e+01
      vertex -6.217809e+00 -2.857545e+01 5.387755e+01
      vertex -7.461370e+00 -2.846923e+01 5.387755e+01
    endloop
  endfacet
  facet normal 7.599459e-02 9.401283e-01 -3.322403e-01
    outer loop
      vertex -6.385451e+00 -2.913318e+01 5.224490e+01
      vertex -7.662541e+00 -2.902995e+01 5.224490e+01
      vertex -7.461370e+00 -2.846923e+01 5.387755e+01
    endloop
  endfacet
  facet normal -8.481644e-02 -9.402198e-01 3.298376e-01
    outer loop
      vertex -6.217809e+00 -2.857545e+01 5.387755e+01
      vertex -6.050166e+00 -2.801782e+01 5.551020e+01
      vertex -7.260200e+00 -2.790867e+01 5.551020e+01
    endloop
  endfacet
  facet normal 8.026000e-02 9.396736e-01 -3.325236e-01
    outer loop
      vertex -6.217809e+00 -2.857545e+01 5.387755e+01
      vertex -7.461370e+00 -2.846923e+01 5.387755e+01
      vertex -7.260200e+00 -2.790867e+01 5.551020e+01
    endloop
  endfacet
  facet normal -8.949485e-02 -9.397038e-01 3.300718e-01
    outer loop
      vertex -6.050166e+00 -2.801782e+01 5.551020e+01
      vertex -5.882524e+00 -2.746032e+01 5.714286e+01
      vertex -7.059029e+00 -2.734827e+01 5.714286e+01
    endloop
  endfacet
  facet normal 8.472277e-02 9.391815e-01 -3.328064e-01
    outer loop
      vertex -6.050166e+00 -2.801782e+01 5.551020e+01
      vertex -7.260200e+00 -2.790867e+01 5.551020e+01
      vertex -7.059029e+00 -2.734827e+01 5.714286e+01
    endloop
  endfacet
  facet normal -9.439447e-02 -9.391428e-01 3.303037e-01
    outer loop
      vertex -5.882524e+00 -2.746032e+01 5.714286e+01
      vertex -5.714882e+00 -2.690295e+01 5.877551e+01
      vertex -6.857858e+00 -2.678807e+01 5.877551e+01
    endloop
  endfacet
  facet normal 8.939437e-02 9.386488e-01 -3.330873e-01
    outer loop
      vertex -5.882524e+00 -2.746032e+01 5.714286e+01
      vertex -7.059029e+00 -2.734827e+01 5.714286e+01
      vertex -6.857858e+00 -2.678807e+01 5.877551e+01
    endloop
  endfacet
  facet normal -9.952776e-02 -9.385324e-01 3.305315e-01
    outer loop
      vertex -5.714882e+00 -2.690295e+01 5.877551e+01
      vertex -5.547240e+00 -2.634574e+01 6.040816e+01
      vertex -6.656688e+00 -2.622809e+01 6.040816e+01
    endloop
  endfacet
  facet normal 9.428680e-02 9.380716e-01 -3.333643e-01
    outer loop
      vertex -5.714882e+00 -2.690295e+01 5.877551e+01
      vertex -6.857858e+00 -2.678807e+01 5.877551e+01
      vertex -6.656688e+00 -2.622809e+01 6.040816e+01
    endloop
  endfacet
  facet normal -1.049076e-01 -9.378681e-01 3.307533e-01
    outer loop
      vertex -5.547240e+00 -2.634574e+01 6.040816e+01
      vertex -5.379598e+00 -2.578871e+01 6.204082e+01
      vertex -6.455517e+00 -2.566836e+01 6.204082e+01
    endloop
  endfacet
  facet normal 9.941253e-02 9.374459e-01 -3.336351e-01
    outer loop
      vertex -5.547240e+00 -2.634574e+01 6.040816e+01
      vertex -6.656688e+00 -2.622809e+01 6.040816e+01
      vertex -6.455517e+00 -2.566836e+01 6.204082e+01
    endloop
  endfacet
  facet normal -1.105470e-01 -9.371448e-01 3.309667e-01
    outer loop
      vertex -5.379598e+00 -2.578871e+01 6.204082e+01
      vertex -5.211956e+00 -2.523189e+01 6.367347e+01
      vertex -6.254347e+00 -2.510893e+01 6.367347e+01
    endloop
  endfacet
  facet normal 1.047844e-01 9.367673e-01 -3.338970e-01
    outer loop
      vertex -5.379598e+00 -2.578871e+01 6.204082e+01
      vertex -6.455517e+00 -2.566836e+01 6.204082e+01
      vertex -6.254347e+00 -2.510893e+01 6.367347e+01
    endloop
  endfacet
  facet normal -1.164592e-01 -9.363570e-01 3.311688e-01
    outer loop
      vertex -5.211956e+00 -2.523189e+01 6.367347e+01
      vertex -5.044313e+00 -2.467531e+01 6.530612e+01
      vertex -6.053176e+00 -2.454983e+01 6.530612e+01
    endloop
  endfacet
  facet normal 1.104157e-01 9.360312e-01 -3.341467e-01
    outer loop
      vertex -5.211956e+00 -2.523189e+01 6.367347e+01
      vertex -6.254347e+00 -2.510893e+01 6.367347e+01
      vertex -6.053176e+00 -2.454983e+01 6.530612e+01
    endloop
  endfacet
  facet normal -1.226570e-01 -9.354989e-01 3.313563e-01
    outer loop
      vertex -5.044313e+00 -2.467531e+01 6.530612e+01
      vertex -4.876671e+00 -2.411900e+01 6.693878e+01
      vertex -5.852005e+00 -2.399112e+01 6.693878e+01
    endloop
  endfacet
  facet normal 1.163193e-01 9.352325e-01 -3.343800e-01
    outer loop
      vertex -5.044313e+00 -2.467531e+01 6.530612e+01
      vertex -6.053176e+00 -2.454983e+01 6.530612e+01
      vertex -5.852005e+00 -2.399112e+01 6.693878e+01
    endloop
  endfacet
  facet normal -1.291526e-01 -9.345644e-01 3.315252e-01
    outer loop
      vertex -4.876671e+00 -2.411900e+01 6.693878e+01
      vertex -4.709029e+00 -2.356300e+01 6.857143e+01
      vertex -5.650835e+00 -2.343285e+01 6.857143e+01
    endloop
  endfacet
  facet normal 1.225084e-01 9.343659e-01 -3.345923e-01
    outer loop
      vertex -4.876671e+00 -2.411900e+01 6.693878e+01
      vertex -5.852005e+00 -2.399112e+01 6.693878e+01
      vertex -5.650835e+00 -2.343285e+01 6.857143e+01
    endloop
  endfacet
  facet normal -1.359570e-01 -9.335472e-01 3.316706e-01
    outer loop
      vertex -4.709029e+00 -2.356300e+01 6.857143e+01
      vertex -4.541387e+00 -2.300737e+01 7.020408e+01
      vertex -5.449664e+00 -2.287509e+01 7.020408e+01
    endloop
  endfacet
  facet normal 1.289952e-01 9.334260e-01 -3.347777e-01
    outer loop
      vertex -4.709029e+00 -2.356300e+01 6.857143e+01
      vertex -5.650835e+00 -2.343285e+01 6.857143e+01
      vertex -5.449664e+00 -2.287509e+01 7.020408e+01
    endloop
  endfacet
  facet normal -1.430793e-01 -9.324407e-01 3.317870e-01
    outer loop
      vertex -4.541387e+00 -2.300737e+01 7.020408e+01
      vertex -4.373745e+00 -2.245215e+01 7.183673e+01
      vertex -5.248494e+00 -2.231793e+01 7.183673e+01
    endloop
  endfacet
  facet normal 1.357910e-01 9.324072e-01 -3.349294e-01
    outer loop
      vertex -4.541387e+00 -2.300737e+01 7.020408e+01
      vertex -5.449664e+00 -2.287509e+01 7.020408e+01
      vertex -5.248494e+00 -2.231793e+01 7.183673e+01
    endloop
  endfacet
  facet normal -1.505255e-01 -9.312389e-01 3.318677e-01
    outer loop
      vertex -4.373745e+00 -2.245215e+01 7.183673e+01
      vertex -4.206103e+00 -2.189742e+01 7.346939e+01
      vertex -5.047323e+00 -2.176144e+01 7.346939e+01
    endloop
  endfacet
  facet normal 1.429048e-01 9.313039e-01 -3.350392e-01
    outer loop
      vertex -4.373745e+00 -2.245215e+01 7.183673e+01
      vertex -5.248494e+00 -2.231793e+01 7.183673e+01
      vertex -5.047323e+00 -2.176144e+01 7.346939e+01
    endloop
  endfacet
  facet normal -1.582974e-01 -9.299360e-01 3.319051e-01
    outer loop
      vertex -4.206103e+00 -2.189742e+01 7.346939e+01
      vertex -4.038460e+00 -2.134324e+01 7.510204e+01
      vertex -4.846152e+00 -2.120575e+01 7.510204e+01
    endloop
  endfacet
  facet normal 1.503432e-01 9.301110e-01 -3.350976e-01
    outer loop
      vertex -4.206103e+00 -2.189742e+01 7.346939e+01
      vertex -5.047323e+00 -2.176144e+01 7.346939e+01
      vertex -4.846152e+00 -2.120575e+01 7.510204e+01
    endloop
  endfacet
  facet normal -1.663906e-01 -9.285273e-01 3.318904e-01
    outer loop
      vertex -4.038460e+00 -2.134324e+01 7.510204e+01
      vertex -3.870818e+00 -2.078971e+01 7.673469e+01
      vertex -4.644982e+00 -2.065098e+01 7.673469e+01
    endloop
  endfacet
  facet normal 1.581082e-01 9.288242e-01 -3.350931e-01
    outer loop
      vertex -4.038460e+00 -2.134324e+01 7.510204e+01
      vertex -4.846152e+00 -2.120575e+01 7.510204e+01
      vertex -4.644982e+00 -2.065098e+01 7.673469e+01
    endloop
  endfacet
  facet normal -1.747922e-01 -9.270101e-01 3.318132e-01
    outer loop
      vertex -3.870818e+00 -2.078971e+01 7.673469e+01
      vertex -3.703176e+00 -2.023693e+01 7.836735e+01
      vertex -4.443811e+00 -2.009728e+01 7.836735e+01
    endloop
  endfacet
  facet normal 1.661958e-01 9.274403e-01 -3.350127e-01
    outer loop
      vertex -3.870818e+00 -2.078971e+01 7.673469e+01
      vertex -4.644982e+00 -2.065098e+01 7.673469e+01
      vertex -4.443811e+00 -2.009728e+01 7.836735e+01
    endloop
  endfacet
  facet normal -1.834777e-01 -9.253843e-01 3.316622e-01
    outer loop
      vertex -3.703176e+00 -2.023693e+01 7.836735e+01
      vertex -3.535534e+00 -1.968502e+01 8.000000e+01
      vertex -4.242641e+00 -1.954482e+01 8.000000e+01
    endloop
  endfacet
  facet normal 1.745939e-01 9.259582e-01 -3.348409e-01
    outer loop
      vertex -3.703176e+00 -2.023693e+01 7.836735e+01
      vertex -4.443811e+00 -2.009728e+01 7.836735e+01
      vertex -4.242641e+00 -1.954482e+01 8.000000e+01
    endloop
  endfacet
  facet normal -1.585882e-03 -9.455264e-01 3.255416e-01
    outer loop
      vertex -1.410000e+01 -4.700000e+01 0.000000e+00
      vertex -1.389883e+01 -4.643822e+01 1.632653e+00
      vertex -1.621530e+01 -4.643434e+01 1.632653e+00
    endloop
  endfacet
  facet normal 0.000000e+00 9.448938e-01 -3.273772e-01
    outer loop
      vertex -1.410000e+01 -4.700000e+01 0.000000e+00
      vertex -1.645000e+01 -4.700000e+01 0.000000e+00
      vertex -1.621530e+01 -4.643434e+01 1.632653e+00
    endloop
  endfacet
  facet normal -3.218071e-03 -9.454608e-01 3.257200e-01
    outer loop
      vertex -1.389883e+01 -4.643822e+01 1.632653e+00
      vertex -1.369766e+01 -4.587644e+01 3.265306e+00
      vertex -1.598060e+01 -4.586867e+01 3.265306e+00
    endloop
  endfacet
  facet normal 1.584701e-03 9.448222e-01 -3.275798e-01
    outer loop
      vertex -1.389883e+01 -4.643822e+01 1.632653e+00
      vertex -1.621530e+01 -4.643434e+01 1.632653e+00
      vertex -1.598060e+01 -4.586867e+01 3.265306e+00
    endloop
  endfacet
  facet normal -4.898554e-03 -9.453907e-01 3.259024e-01
    outer loop
      vertex -1.369766e+01 -4.587644e+01 3.265306e+00
      vertex -1.349649e+01 -4.531466e+01 4.897959e+00
      vertex -1.574590e+01 -4.530301e+01 4.897959e+00
    endloop
  endfacet
  facet normal 3.215638e-03 9.447461e-01 -3.277873e-01
    outer loop
      vertex -1.369766e+01 -4.587644e+01 3.265306e+00
      vertex -1.598060e+01 -4.586867e+01 3.265306e+00
      vertex -1.574590e+01 -4.530301e+01 4.897959e+00
    endloop
  endfacet
  facet normal -6.629430e-03 -9.453158e-01 3.260891e-01
    outer loop
      vertex -1.349649e+01 -4.531466e+01 4.897959e+00
      vertex -1.329532e+01 -4.475289e+01 6.530612e+00
      vertex -1.551120e+01 -4.473735e+01 6.530612e+00
    endloop
  endfacet
  facet normal 4.894795e-03 9.446652e-01 -3.279996e-01
    outer loop
      vertex -1.349649e+01 -4.531466e+01 4.897959e+00
      vertex -1.574590e+01 -4.530301e+01 4.897959e+00
      vertex -1.551120e+01 -4.473735e+01 6.530612e+00
    endloop
  endfacet
  facet normal -8.412917e-03 -9.452357e-01 3.262802e-01
    outer loop
      vertex -1.329532e+01 -4.475289e+01 6.530612e+00
      vertex -1.309415e+01 -4.419111e+01 8.163265e+00
      vertex -1.527650e+01 -4.417169e+01 8.163265e+00
    endloop
  endfacet
  facet normal 6.624264e-03 9.445791e-01 -3.282169e-01
    outer loop
      vertex -1.329532e+01 -4.475289e+01 6.530612e+00
      vertex -1.551120e+01 -4.473735e+01 6.530612e+00
      vertex -1.527650e+01 -4.417169e+01 8.163265e+00
    endloop
  endfacet
  facet normal -1.025136e-02 -9.451500e-01 3.264757e-01
    outer loop
      vertex -1.309415e+01 -4.419111e+01 8.163265e+00
      vertex -1.289298e+01 -4.362934e+01 9.795918e+00
      vertex -1.504181e+01 -4.360603e+01 9.795918e+00
    endloop
  endfacet
  facet normal 8.406259e-03 9.444876e-01 -3.284395e-01
    outer loop
      vertex -1.309415e+01 -4.419111e+01 8.163265e+00
      vertex -1.527650e+01 -4.417169e+01 8.163265e+00
      vertex -1.504181e+01 -4.360603e+01 9.795918e+00
    endloop
  endfacet
  facet normal -1.214723e-02 -9.450584e-01 3.266759e-01
    outer loop
      vertex -1.289298e+01 -4.362934e+01 9.795918e+00
      vertex -1.269181e+01 -4.306757e+01 1.142857e+01
      vertex -1.480711e+01 -4.304038e+01 1.142857e+01
    endloop
  endfacet
  facet normal 1.024312e-02 9.443902e-01 -3.286673e-01
    outer loop
      vertex -1.289298e+01 -4.362934e+01 9.795918e+00
      vertex -1.504181e+01 -4.360603e+01 9.795918e+00
      vertex -1.480711e+01 -4.304038e+01 1.142857e+01
    endloop
  endfacet
  facet normal -1.410316e-02 -9.449603e-01 3.268808e-01
    outer loop
      vertex -1.269181e+01 -4.306757e+01 1.142857e+01
      vertex -1.249064e+01 -4.250580e+01 1.306122e+01
      vertex -1.457241e+01 -4.247473e+01 1.306122e+01
    endloop
  endfacet
  facet normal 1.213731e-02 9.442865e-01 -3.289006e-01
    outer loop
      vertex -1.269181e+01 -4.306757e+01 1.142857e+01
      vertex -1.480711e+01 -4.304038e+01 1.142857e+01
      vertex -1.457241e+01 -4.247473e+01 1.306122e+01
    endloop
  endfacet
  facet normal -1.612192e-02 -9.448554e-01 3.270906e-01
    outer loop
      vertex -1.249064e+01 -4.250580e+01 1.306122e+01
      vertex -1.228946e+01 -4.194404e+01 1.469388e+01
      vertex -1.433771e+01 -4.190909e+01 1.469388e+01
    endloop
  endfacet
  facet normal 1.409146e-02 9.441762e-01 -3.291395e-01
    outer loop
      vertex -1.249064e+01 -4.250580e+01 1.306122e+01
      vertex -1.457241e+01 -4.247473e+01 1.306122e+01
      vertex -1.433771e+01 -4.190909e+01 1.469388e+01
    endloop
  endfacet
  facet normal -1.820646e-02 -9.447432e-01 3.273054e-01
    outer loop
      vertex -1.228946e+01 -4.194404e+01 1.469388e+01
      vertex -1.208829e+01 -4.138229e+01 1.632653e+01
      vertex -1.410301e+01 -4.134346e+01 1.632653e+01
    endloop
  endfacet
  facet normal 1.610833e-02 9.440586e-01 -3.293842e-01
    outer loop
      vertex -1.228946e+01 -4.194404e+01 1.469388e+01
      vertex -1.433771e+01 -4.190909e+01 1.469388e+01
      vertex -1.410301e+01 -4.134346e+01 1.632653e+01
    endloop
  endfacet
  facet normal -2.035990e-02 -9.446230e-01 3.275254e-01
    outer loop
      vertex -1.208829e+01 -4.138229e+01 1.632653e+01
      vertex -1.188712e+01 -4.082054e+01 1.795918e+01
      vertex -1.386831e+01 -4.077784e+01 1.795918e+01
    endloop
  endfacet
  facet normal 1.819085e-02 9.439332e-01 -3.296348e-01
    outer loop
      vertex -1.208829e+01 -4.138229e+01 1.632653e+01
      vertex -1.410301e+01 -4.134346e+01 1.632653e+01
      vertex -1.386831e+01 -4.077784e+01 1.795918e+01
    endloop
  endfacet
  facet normal -2.258554e-02 -9.444943e-01 3.277505e-01
    outer loop
      vertex -1.188712e+01 -4.082054e+01 1.795918e+01
      vertex -1.168595e+01 -4.025880e+01 1.959184e+01
      vertex -1.363361e+01 -4.021223e+01 1.959184e+01
    endloop
  endfacet
  facet normal 2.034215e-02 9.437997e-01 -3.298915e-01
    outer loop
      vertex -1.188712e+01 -4.082054e+01 1.795918e+01
      vertex -1.386831e+01 -4.077784e+01 1.795918e+01
      vertex -1.363361e+01 -4.021223e+01 1.959184e+01
    endloop
  endfacet
  facet normal -2.488690e-02 -9.443564e-01 3.279811e-01
    outer loop
      vertex -1.168595e+01 -4.025880e+01 1.959184e+01
      vertex -1.148478e+01 -3.969707e+01 2.122449e+01
      vertex -1.339891e+01 -3.964663e+01 2.122449e+01
    endloop
  endfacet
  facet normal 2.256552e-02 9.436572e-01 -3.301545e-01
    outer loop
      vertex -1.168595e+01 -4.025880e+01 1.959184e+01
      vertex -1.363361e+01 -4.021223e+01 1.959184e+01
      vertex -1.339891e+01 -3.964663e+01 2.122449e+01
    endloop
  endfacet
  facet normal -2.726771e-02 -9.442087e-01 3.282171e-01
    outer loop
      vertex -1.148478e+01 -3.969707e+01 2.122449e+01
      vertex -1.128361e+01 -3.913535e+01 2.285714e+01
      vertex -1.316421e+01 -3.908104e+01 2.285714e+01
    endloop
  endfacet
  facet normal 2.486447e-02 9.435051e-01 -3.304238e-01
    outer loop
      vertex -1.148478e+01 -3.969707e+01 2.122449e+01
      vertex -1.339891e+01 -3.964663e+01 2.122449e+01
      vertex -1.316421e+01 -3.908104e+01 2.285714e+01
    endloop
  endfacet
  facet normal -2.973194e-02 -9.440502e-01 3.284588e-01
    outer loop
      vertex -1.128361e+01 -3.913535e+01 2.285714e+01
      vertex -1.108244e+01 -3.857365e+01 2.448980e+01
      vertex -1.292951e+01 -3.851548e+01 2.448980e+01
    endloop
  endfacet
  facet normal 2.724271e-02 9.433428e-01 -3.306996e-01
    outer loop
      vertex -1.128361e+01 -3.913535e+01 2.285714e+01
      vertex -1.316421e+01 -3.908104e+01 2.285714e+01
      vertex -1.292951e+01 -3.851548e+01 2.448980e+01
    endloop
  endfacet
  facet normal -3.228378e-02 -9.438803e-01 3.287062e-01
    outer loop
      vertex -1.108244e+01 -3.857365e+01 2.448980e+01
      vertex -1.088127e+01 -3.801196e+01 2.612245e+01
      vertex -1.269482e+01 -3.794993e+01 2.612245e+01
    endloop
  endfacet
  facet normal 2.970419e-02 9.431694e-01 -3.309821e-01
    outer loop
      vertex -1.108244e+01 -3.857365e+01 2.448980e+01
      vertex -1.292951e+01 -3.851548e+01 2.448980e+01
      vertex -1.269482e+01 -3.794993e+01 2.612245e+01
    endloop
  endfacet
  facet normal -3.492774e-02 -9.436979e-01 3.289594e-01
    outer loop
      vertex -1.088127e+01 -3.801196e+01 2.612245e+01
      vertex -1.068010e+01 -3.745029e+01 2.775510e+01
      vertex -1.246012e+01 -3.738440e+01 2.775510e+01
    endloop
  endfacet
  facet normal 3.225313e-02 9.429841e-01 -3.312714e-01
    outer loop
      vertex -1.088127e+01 -3.801196e+01 2.612245e+01
      vertex -1.269482e+01 -3.794993e+01 2.612245e+01
      vertex -1.246012e+01 -3.738440e+01 2.775510e+01
    endloop
  endfacet
  facet normal -3.766857e-02 -9.435021e-01 3.292185e-01
    outer loop
      vertex -1.068010e+01 -3.745029e+01 2.775510e+01
      vertex -1.047893e+01 -3.688863e+01 2.938776e+01
      vertex -1.222542e+01 -3.681890e+01 2.938776e+01
    endloop
  endfacet
  facet normal 3.489398e-02 9.427859e-01 -3.315676e-01
    outer loop
      vertex -1.068010e+01 -3.745029e+01 2.775510e+01
      vertex -1.246012e+01 -3.738440e+01 2.775510e+01
      vertex -1.222542e+01 -3.681890e+01 2.938776e+01
    endloop
  endfacet
  facet normal -4.051135e-02 -9.432918e-01 3.294835e-01
    outer loop
      vertex -1.047893e+01 -3.688863e+01 2.938776e+01
      vertex -1.027776e+01 -3.632700e+01 3.102041e+01
      vertex -1.199072e+01 -3.625343e+01 3.102041e+01
    endloop
  endfacet
  facet normal 3.763151e-02 9.425739e-01 -3.318709e-01
    outer loop
      vertex -1.047893e+01 -3.688863e+01 2.938776e+01
      vertex -1.222542e+01 -3.681890e+01 2.938776e+01
      vertex -1.199072e+01 -3.625343e+01 3.102041e+01
    endloop
  endfacet
  facet normal -4.346149e-02 -9.430657e-01 3.297547e-01
    outer loop
      vertex -1.027776e+01 -3.632700e+01 3.102041e+01
      vertex -1.007659e+01 -3.576539e+01 3.265306e+01
      vertex -1.175602e+01 -3.568800e+01 3.265306e+01
    endloop
  endfacet
  facet normal 4.047077e-02 9.423469e-01 -3.321812e-01
    outer loop
      vertex -1.027776e+01 -3.632700e+01 3.102041e+01
      vertex -1.199072e+01 -3.625343e+01 3.102041e+01
      vertex -1.175602e+01 -3.568800e+01 3.265306e+01
    endloop
  endfacet
  facet normal -4.652476e-02 -9.428226e-01 3.300318e-01
    outer loop
      vertex -1.007659e+01 -3.576539e+01 3.265306e+01
      vertex -9.875417e+00 -3.520382e+01 3.428571e+01
      vertex -1.152132e+01 -3.512260e+01 3.428571e+01
    endloop
  endfacet
  facet normal 4.341716e-02 9.421038e-01 -3.324988e-01
    outer loop
      vertex -1.007659e+01 -3.576539e+01 3.265306e+01
      vertex -1.175602e+01 -3.568800e+01 3.265306e+01
      vertex -1.152132e+01 -3.512260e+01 3.428571e+01
    endloop
  endfacet
  facet normal -4.970730e-02 -9.425609e-01 3.303151e-01
    outer loop
      vertex -9.875417e+00 -3.520382e+01 3.428571e+01
      vertex -9.674247e+00 -3.464227e+01 3.591837e+01
      vertex -1.128662e+01 -3.455724e+01 3.591837e+01
    endloop
  endfacet
  facet normal 4.647643e-02 9.418431e-01 -3.328235e-01
    outer loop
      vertex -9.875417e+00 -3.520382e+01 3.428571e+01
      vertex -1.152132e+01 -3.512260e+01 3.428571e+01
      vertex -1.128662e+01 -3.455724e+01 3.591837e+01
    endloop
  endfacet
  facet normal -5.301565e-02 -9.422792e-01 3.306044e-01
    outer loop
      vertex -9.674247e+00 -3.464227e+01 3.591837e+01
      vertex -9.473076e+00 -3.408076e+01 3.755102e+01
      vertex -1.105192e+01 -3.399193e+01 3.755102e+01
    endloop
  endfacet
  facet normal 4.965470e-02 9.415635e-01 -3.331554e-01
    outer loop
      vertex -9.674247e+00 -3.464227e+01 3.591837e+01
      vertex -1.128662e+01 -3.455724e+01 3.591837e+01
      vertex -1.105192e+01 -3.399193e+01 3.755102e+01
    endloop
  endfacet
  facet normal -5.645679e-02 -9.419756e-01 3.308998e-01
    outer loop
      vertex -9.473076e+00 -3.408076e+01 3.755102e+01
      vertex -9.271906e+00 -3.351930e+01 3.918367e+01
      vertex -1.081722e+01 -3.342668e+01 3.918367e+01
    endloop
  endfacet
  facet normal 5.295850e-02 9.412634e-01 -3.334945e-01
    outer loop
      vertex -9.473076e+00 -3.408076e+01 3.755102e+01
      vertex -1.105192e+01 -3.399193e+01 3.755102e+01
      vertex -1.081722e+01 -3.342668e+01 3.918367e+01
    endloop
  endfacet
  facet normal -6.003817e-02 -9.416482e-01 3.312009e-01
    outer loop
      vertex -9.271906e+00 -3.351930e+01 3.918367e+01
      vertex -9.070735e+00 -3.295788e+01 4.081633e+01
      vertex -1.058252e+01 -3.286149e+01 4.081633e+01
    endloop
  endfacet
  facet normal 5.639479e-02 9.409410e-01 -3.338408e-01
    outer loop
      vertex -9.271906e+00 -3.351930e+01 3.918367e+01
      vertex -1.081722e+01 -3.342668e+01 3.918367e+01
      vertex -1.058252e+01 -3.286149e+01 4.081633e+01
    endloop
  endfacet
  facet normal -6.376774e-02 -9.412950e-01 3.315078e-01
    outer loop
      vertex -9.070735e+00 -3.295788e+01 4.081633e+01
      vertex -8.869564e+00 -3.239651e+01 4.244898e+01
      vertex -1.034783e+01 -3.229637e+01 4.244898e+01
    endloop
  endfacet
  facet normal 5.997099e-02 9.405945e-01 -3.341939e-01
    outer loop
      vertex -9.070735e+00 -3.295788e+01 4.081633e+01
      vertex -1.058252e+01 -3.286149e+01 4.081633e+01
      vertex -1.034783e+01 -3.229637e+01 4.244898e+01
    endloop
  endfacet
  facet normal -6.765394e-02 -9.409135e-01 3.318202e-01
    outer loop
      vertex -8.869564e+00 -3.239651e+01 4.244898e+01
      vertex -8.668394e+00 -3.183521e+01 4.408163e+01
      vertex -1.011313e+01 -3.173133e+01 4.408163e+01
    endloop
  endfacet
  facet normal 6.369502e-02 9.402216e-01 -3.345537e-01
    outer loop
      vertex -8.869564e+00 -3.239651e+01 4.244898e+01
      vertex -1.034783e+01 -3.229637e+01 4.244898e+01
      vertex -1.011313e+01 -3.173133e+01 4.408163e+01
    endloop
  endfacet
  facet normal -7.170579e-02 -9.405014e-01 3.321377e-01
    outer loop
      vertex -8.668394e+00 -3.183521e+01 4.408163e+01
      vertex -8.467223e+00 -3.127398e+01 4.571429e+01
      vertex -9.878427e+00 -3.116639e+01 4.571429e+01
    endloop
  endfacet
  facet normal 6.757533e-02 9.398203e-01 -3.349200e-01
    outer loop
      vertex -8.668394e+00 -3.183521e+01 4.408163e+01
      vertex -1.011313e+01 -3.173133e+01 4.408163e+01
      vertex -9.878427e+00 -3.116639e+01 4.571429e+01
    endloop
  endfacet
  facet normal -7.593291e-02 -9.400556e-01 3.324599e-01
    outer loop
      vertex -8.467223e+00 -3.127398e+01 4.571429e+01
      vertex -8.266053e+00 -3.071282e+01 4.734694e+01
      vertex -9.643728e+00 -3.060154e+01 4.734694e+01
    endloop
  endfacet
  facet normal 7.162090e-02 9.393879e-01 -3.352922e-01
    outer loop
      vertex -8.467223e+00 -3.127398e+01 4.571429e+01
      vertex -9.878427e+00 -3.116639e+01 4.571429e+01
      vertex -9.643728e+00 -3.060154e+01 4.734694e+01
    endloop
  endfacet
  facet normal -8.034550e-02 -9.395732e-01 3.327863e-01
    outer loop
      vertex -8.266053e+00 -3.071282e+01 4.734694e+01
      vertex -8.064882e+00 -3.015176e+01 4.897959e+01
      vertex -9.409029e+00 -3.003682e+01 4.897959e+01
    endloop
  endfacet
  facet normal 7.584131e-02 9.389217e-01 -3.356698e-01
    outer loop
      vertex -8.266053e+00 -3.071282e+01 4.734694e+01
      vertex -9.643728e+00 -3.060154e+01 4.734694e+01
      vertex -9.409029e+00 -3.003682e+01 4.897959e+01
    endloop
  endfacet
  facet normal -8.495442e-02 -9.390508e-01 3.331162e-01
    outer loop
      vertex -8.064882e+00 -3.015176e+01 4.897959e+01
      vertex -7.863711e+00 -2.959080e+01 5.061224e+01
      vertex -9.174330e+00 -2.947223e+01 5.061224e+01
    endloop
  endfacet
  facet normal 8.024676e-02 9.384186e-01 -3.360521e-01
    outer loop
      vertex -8.064882e+00 -3.015176e+01 4.897959e+01
      vertex -9.409029e+00 -3.003682e+01 4.897959e+01
      vertex -9.174330e+00 -2.947223e+01 5.061224e+01
    endloop
  endfacet
  facet normal -8.977118e-02 -9.384845e-01 3.334487e-01
    outer loop
      vertex -7.863711e+00 -2.959080e+01 5.061224e+01
      vertex -7.662541e+00 -2.902995e+01 5.224490e+01
      vertex -8.939631e+00 -2.890779e+01 5.224490e+01
    endloop
  endfacet
  facet normal 8.484808e-02 9.378753e-01 -3.364383e-01
    outer loop
      vertex -7.863711e+00 -2.959080e+01 5.061224e+01
      vertex -9.174330e+00 -2.947223e+01 5.061224e+01
      vertex -8.939631e+00 -2.890779e+01 5.224490e+01
    endloop
  endfacet
  facet normal -9.480798e-02 -9.378702e-01 3.337829e-01
    outer loop
      vertex -7.662541e+00 -2.902995e+01 5.224490e+01
      vertex -7.461370e+00 -2.846923e+01 5.387755e+01
      vertex -8.704932e+00 -2.834352e+01 5.387755e+01
    endloop
  endfacet
  facet normal 8.965675e-02 9.372882e-01 -3.368271e-01
    outer loop
      vertex -7.662541e+00 -2.902995e+01 5.224490e+01
      vertex -8.939631e+00 -2.890779e+01 5.224490e+01
      vertex -8.704932e+00 -2.834352e+01 5.387755e+01
    endloop
  endfacet
  facet normal -1.000777e-01 -9.372033e-01 3.341173e-01
    outer loop
      vertex -7.461370e+00 -2.846923e+01 5.387755e+01
      vertex -7.260200e+00 -2.790867e+01 5.551020e+01
      vertex -8.470233e+00 -2.777945e+01 5.551020e+01
    endloop
  endfacet
  facet normal 9.468497e-02 9.366532e-01 -3.372172e-01
    outer loop
      vertex -7.461370e+00 -2.846923e+01 5.387755e+01
      vertex -8.704932e+00 -2.834352e+01 5.387755e+01
      vertex -8.470233e+00 -2.777945e+01 5.551020e+01
    endloop
  endfacet
  facet normal -1.055938e-01 -9.364789e-01 3.344505e-01
    outer loop
      vertex -7.260200e+00 -2.790867e+01 5.551020e+01
      vertex -7.059029e+00 -2.734827e+01 5.714286e+01
      vertex -8.235534e+00 -2.721561e+01 5.714286e+01
    endloop
  endfacet
  facet normal 9.994557e-02 9.359660e-01 -3.376070e-01
    outer loop
      vertex -7.260200e+00 -2.790867e+01 5.551020e+01
      vertex -8.470233e+00 -2.777945e+01 5.551020e+01
      vertex -8.235534e+00 -2.721561e+01 5.714286e+01
    endloop
  endfacet
  facet normal -1.113705e-01 -9.356915e-01 3.347805e-01
    outer loop
      vertex -7.059029e+00 -2.734827e+01 5.714286e+01
      vertex -6.857858e+00 -2.678807e+01 5.877551e+01
      vertex -8.000835e+00 -2.665203e+01 5.877551e+01
    endloop
  endfacet
  facet normal 1.054521e-01 9.352218e-01 -3.379942e-01
    outer loop
      vertex -7.059029e+00 -2.734827e+01 5.714286e+01
      vertex -8.235534e+00 -2.721561e+01 5.714286e+01
      vertex -8.000835e+00 -2.665203e+01 5.877551e+01
    endloop
  endfacet
  facet normal -1.174226e-01 -9.348351e-01 3.351050e-01
    outer loop
      vertex -6.857858e+00 -2.678807e+01 5.877551e+01
      vertex -6.656688e+00 -2.622809e+01 6.040816e+01
      vertex -7.766136e+00 -2.608873e+01 6.040816e+01
    endloop
  endfacet
  facet normal 1.112186e-01 9.344152e-01 -3.383765e-01
    outer loop
      vertex -6.857858e+00 -2.678807e+01 5.877551e+01
      vertex -8.000835e+00 -2.665203e+01 5.877551e+01
      vertex -7.766136e+00 -2.608873e+01 6.040816e+01
    endloop
  endfacet
  facet normal -1.237651e-01 -9.339030e-01 3.354212e-01
    outer loop
      vertex -6.656688e+00 -2.622809e+01 6.040816e+01
      vertex -6.455517e+00 -2.566836e+01 6.204082e+01
      vertex -7.531437e+00 -2.552578e+01 6.204082e+01
    endloop
  endfacet
  facet normal 1.172600e-01 9.335406e-01 -3.387506e-01
    outer loop
      vertex -6.656688e+00 -2.622809e+01 6.040816e+01
      vertex -7.766136e+00 -2.608873e+01 6.040816e+01
      vertex -7.531437e+00 -2.552578e+01 6.204082e+01
    endloop
  endfacet
  facet normal -1.304136e-01 -9.328883e-01 3.357258e-01
    outer loop
      vertex -6.455517e+00 -2.566836e+01 6.204082e+01
      vertex -6.254347e+00 -2.510893e+01 6.367347e+01
      vertex -7.296738e+00 -2.496321e+01 6.367347e+01
    endloop
  endfacet
  facet normal 1.235913e-01 9.325919e-01 -3.391129e-01
    outer loop
      vertex -6.455517e+00 -2.566836e+01 6.204082e+01
      vertex -7.531437e+00 -2.552578e+01 6.204082e+01
      vertex -7.296738e+00 -2.496321e+01 6.367347e+01
    endloop
  endfacet
  facet normal -1.373835e-01 -9.317831e-01 3.360148e-01
    outer loop
      vertex -6.254347e+00 -2.510893e+01 6.367347e+01
      vertex -6.053176e+00 -2.454983e+01 6.530612e+01
      vertex -7.062039e+00 -2.440109e+01 6.530612e+01
    endloop
  endfacet
  facet normal 1.302282e-01 9.315623e-01 -3.394589e-01
    outer loop
      vertex -6.254347e+00 -2.510893e+01 6.367347e+01
      vertex -7.296738e+00 -2.496321e+01 6.367347e+01
      vertex -7.062039e+00 -2.440109e+01 6.530612e+01
    endloop
  endfacet
  facet normal -1.446902e-01 -9.305795e-01 3.362835e-01
    outer loop
      vertex -6.053176e+00 -2.454983e+01 6.530612e+01
      vertex -5.852005e+00 -2.399112e+01 6.693878e+01
      vertex -6.827340e+00 -2.383947e+01 6.693878e+01
    endloop
  endfacet
  facet normal 1.371862e-01 9.304447e-01 -3.397831e-01
    outer loop
      vertex -6.053176e+00 -2.454983e+01 6.530612e+01
      vertex -7.062039e+00 -2.440109e+01 6.530612e+01
      vertex -6.827340e+00 -2.383947e+01 6.693878e+01
    endloop
  endfacet
  facet normal -1.523482e-01 -9.292687e-01 3.365261e-01
    outer loop
      vertex -5.852005e+00 -2.399112e+01 6.693878e+01
      vertex -5.650835e+00 -2.343285e+01 6.857143e+01
      vertex -6.592641e+00 -2.327845e+01 6.857143e+01
    endloop
  endfacet
  facet normal 1.444807e-01 9.292317e-01 -3.400790e-01
    outer loop
      vertex -5.852005e+00 -2.399112e+01 6.693878e+01
      vertex -6.827340e+00 -2.383947e+01 6.693878e+01
      vertex -6.592641e+00 -2.327845e+01 6.857143e+01
    endloop
  endfacet
  facet normal -1.603707e-01 -9.278417e-01 3.367359e-01
    outer loop
      vertex -5.650835e+00 -2.343285e+01 6.857143e+01
      vertex -5.449664e+00 -2.287509e+01 7.020408e+01
      vertex -6.357942e+00 -2.271810e+01 7.020408e+01
    endloop
  endfacet
  facet normal 1.521264e-01 9.279154e-01 -3.403388e-01
    outer loop
      vertex -5.650835e+00 -2.343285e+01 6.857143e+01
      vertex -6.592641e+00 -2.327845e+01 6.857143e+01
      vertex -6.357942e+00 -2.271810e+01 7.020408e+01
    endloop
  endfacet
  facet normal -1.687684e-01 -9.262895e-01 3.369050e-01
    outer loop
      vertex -5.449664e+00 -2.287509e+01 7.020408e+01
      vertex -5.248494e+00 -2.231793e+01 7.183673e+01
      vertex -6.123243e+00 -2.215855e+01 7.183673e+01
    endloop
  endfacet
  facet normal 1.601367e-01 9.264879e-01 -3.405532e-01
    outer loop
      vertex -5.449664e+00 -2.287509e+01 7.020408e+01
      vertex -6.357942e+00 -2.271810e+01 7.020408e+01
      vertex -6.123243e+00 -2.215855e+01 7.183673e+01
    endloop
  endfacet
  facet normal -1.775489e-01 -9.246032e-01 3.370241e-01
    outer loop
      vertex -5.248494e+00 -2.231793e+01 7.183673e+01
      vertex -5.047323e+00 -2.176144e+01 7.346939e+01
      vertex -5.888544e+00 -2.159991e+01 7.346939e+01
    endloop
  endfacet
  facet normal 1.685227e-01 9.249411e-01 -3.407112e-01
    outer loop
      vertex -5.248494e+00 -2.231793e+01 7.183673e+01
      vertex -6.123243e+00 -2.215855e+01 7.183673e+01
      vertex -5.888544e+00 -2.159991e+01 7.346939e+01
    endloop
  endfacet
  facet normal -1.867146e-01 -9.227748e-01 3.370822e-01
    outer loop
      vertex -5.047323e+00 -2.176144e+01 7.346939e+01
      vertex -4.846152e+00 -2.120575e+01 7.510204e+01
      vertex -5.653845e+00 -2.104233e+01 7.510204e+01
    endloop
  endfacet
  facet normal 1.772924e-01 9.232676e-01 -3.407996e-01
    outer loop
      vertex -5.047323e+00 -2.176144e+01 7.346939e+01
      vertex -5.888544e+00 -2.159991e+01 7.346939e+01
      vertex -5.653845e+00 -2.104233e+01 7.510204e+01
    endloop
  endfacet
  facet normal -1.962608e-01 -9.207973e-01 3.370667e-01
    outer loop
      vertex -4.846152e+00 -2.120575e+01 7.510204e+01
      vertex -4.644982e+00 -2.065098e+01 7.673469e+01
      vertex -5.419146e+00 -2.048598e+01 7.673469e+01
    endloop
  endfacet
  facet normal 1.864487e-01 9.214609e-01 -3.408029e-01
    outer loop
      vertex -4.846152e+00 -2.120575e+01 7.510204e+01
      vertex -5.653845e+00 -2.104233e+01 7.510204e+01
      vertex -5.419146e+00 -2.048598e+01 7.673469e+01
    endloop
  endfacet
  facet normal -2.061729e-01 -9.186668e-01 3.369630e-01
    outer loop
      vertex -4.644982e+00 -2.065098e+01 7.673469e+01
      vertex -4.443811e+00 -2.009728e+01 7.836735e+01
      vertex -5.184446e+00 -1.993106e+01 7.836735e+01
    endloop
  endfacet
  facet normal 1.959878e-01 9.195163e-01 -3.407031e-01
    outer loop
      vertex -4.644982e+00 -2.065098e+01 7.673469e+01
      vertex -5.419146e+00 -2.048598e+01 7.673469e+01
      vertex -5.184446e+00 -1.993106e+01 7.836735e+01
    endloop
  endfacet
  facet normal -2.164228e-01 -9.163828e-01 3.367547e-01
    outer loop
      vertex -4.443811e+00 -2.009728e+01 7.836735e+01
      vertex -4.242641e+00 -1.954482e+01 8.000000e+01
      vertex -4.949747e+00 -1.937782e+01 8.000000e+01
    endloop
  endfacet
  facet normal 2.058957e-01 9.174317e-01 -3.404791e-01
    outer loop
      vertex -4.443811e+00 -2.009728e+01 7.836735e+01
      vertex -5.184446e+00 -1.993106e+01 7.836735e+01
      vertex -4.949747e+00 -1.937782e+01 8.000000e+01
    endloop
  endfacet
  facet normal -1.828480e-03 -9.448108e-01 3.276113e-01
    outer loop
      vertex -1.645000e+01 -4.700000e+01 0.000000e+00
      vertex -1.621530e+01 -4.643434e+01 1.632653e+00
      vertex -1.853177e+01 -4.642985e+01 1.632653e+00
    endloop
  endfacet
  facet normal 0.000000e+00 9.440890e-01 -3.296907e-01
    outer loop
      vertex -1.645000e+01 -4.700000e+01 0.000000e+00
      vertex -1.880000e+01 -4.700000e+01 0.000000e+00
      vertex -1.853177e+01 -4.642985e+01 1.632653e+00
    endloop
  endfacet
  facet normal -3.710266e-03 -9.447222e-01 3.278508e-01
    outer loop
      vertex -1.621530e+01 -4.643434e+01 1.632653e+00
      vertex -1.598060e+01 -4.586867e+01 3.265306e+00
      vertex -1.826355e+01 -4.585970e+01 3.265306e+00
    endloop
  endfacet
  facet normal 1.826900e-03 9.439941e-01 -3.299573e-01
    outer loop
      vertex -1.621530e+01 -4.643434e+01 1.632653e+00
      vertex -1.853177e+01 -4.642985e+01 1.632653e+00
      vertex -1.826355e+01 -4.585970e+01 3.265306e+00
    endloop
  endfacet
  facet normal -5.647640e-03 -9.446276e-01 3.280958e-01
    outer loop
      vertex -1.598060e+01 -4.586867e+01 3.265306e+00
      vertex -1.574590e+01 -4.530301e+01 4.897959e+00
      vertex -1.799532e+01 -4.528956e+01 4.897959e+00
    endloop
  endfacet
  facet normal 3.707010e-03 9.438932e-01 -3.302301e-01
    outer loop
      vertex -1.598060e+01 -4.586867e+01 3.265306e+00
      vertex -1.826355e+01 -4.585970e+01 3.265306e+00
      vertex -1.799532e+01 -4.528956e+01 4.897959e+00
    endloop
  endfacet
  facet normal -7.643017e-03 -9.445264e-01 3.283466e-01
    outer loop
      vertex -1.574590e+01 -4.530301e+01 4.897959e+00
      vertex -1.551120e+01 -4.473735e+01 6.530612e+00
      vertex -1.772709e+01 -4.471941e+01 6.530612e+00
    endloop
  endfacet
  facet normal 5.642608e-03 9.437859e-01 -3.305093e-01
    outer loop
      vertex -1.574590e+01 -4.530301e+01 4.897959e+00
      vertex -1.799532e+01 -4.528956e+01 4.897959e+00
      vertex -1.772709e+01 -4.471941e+01 6.530612e+00
    endloop
  endfacet
  facet normal -9.698945e-03 -9.444183e-01 3.286032e-01
    outer loop
      vertex -1.551120e+01 -4.473735e+01 6.530612e+00
      vertex -1.527650e+01 -4.417169e+01 8.163265e+00
      vertex -1.745886e+01 -4.414927e+01 8.163265e+00
    endloop
  endfacet
  facet normal 7.636101e-03 9.436717e-01 -3.307951e-01
    outer loop
      vertex -1.551120e+01 -4.473735e+01 6.530612e+00
      vertex -1.772709e+01 -4.471941e+01 6.530612e+00
      vertex -1.745886e+01 -4.414927e+01 8.163265e+00
    endloop
  endfacet
  facet normal -1.181812e-02 -9.443027e-01 3.288659e-01
    outer loop
      vertex -1.527650e+01 -4.417169e+01 8.163265e+00
      vertex -1.504181e+01 -4.360603e+01 9.795918e+00
      vertex -1.719064e+01 -4.357914e+01 9.795918e+00
    endloop
  endfacet
  facet normal 9.690030e-03 9.435502e-01 -3.310877e-01
    outer loop
      vertex -1.527650e+01 -4.417169e+01 8.163265e+00
      vertex -1.745886e+01 -4.414927e+01 8.163265e+00
      vertex -1.719064e+01 -4.357914e+01 9.795918e+00
    endloop
  endfacet
  facet normal -1.400338e-02 -9.441791e-01 3.291347e-01
    outer loop
      vertex -1.504181e+01 -4.360603e+01 9.795918e+00
      vertex -1.480711e+01 -4.304038e+01 1.142857e+01
      vertex -1.692241e+01 -4.300901e+01 1.142857e+01
    endloop
  endfacet
  facet normal 1.180708e-02 9.434209e-01 -3.313873e-01
    outer loop
      vertex -1.504181e+01 -4.360603e+01 9.795918e+00
      vertex -1.719064e+01 -4.357914e+01 9.795918e+00
      vertex -1.692241e+01 -4.300901e+01 1.142857e+01
    endloop
  endfacet
  facet normal -1.625775e-02 -9.440470e-01 3.294099e-01
    outer loop
      vertex -1.480711e+01 -4.304038e+01 1.142857e+01
      vertex -1.457241e+01 -4.247473e+01 1.306122e+01
      vertex -1.665418e+01 -4.243888e+01 1.306122e+01
    endloop
  endfacet
  facet normal 1.399009e-02 9.432833e-01 -3.316940e-01
    outer loop
      vertex -1.480711e+01 -4.304038e+01 1.142857e+01
      vertex -1.692241e+01 -4.300901e+01 1.142857e+01
      vertex -1.665418e+01 -4.243888e+01 1.306122e+01
    endloop
  endfacet
  facet normal -1.858442e-02 -9.439057e-01 3.296917e-01
    outer loop
      vertex -1.457241e+01 -4.247473e+01 1.306122e+01
      vertex -1.433771e+01 -4.190909e+01 1.469388e+01
      vertex -1.638595e+01 -4.186877e+01 1.469388e+01
    endloop
  endfacet
  facet normal 1.624207e-02 9.431367e-01 -3.320081e-01
    outer loop
      vertex -1.457241e+01 -4.247473e+01 1.306122e+01
      vertex -1.665418e+01 -4.243888e+01 1.306122e+01
      vertex -1.638595e+01 -4.186877e+01 1.469388e+01
    endloop
  endfacet
  facet normal -2.098677e-02 -9.437545e-01 3.299802e-01
    outer loop
      vertex -1.433771e+01 -4.190909e+01 1.469388e+01
      vertex -1.410301e+01 -4.134346e+01 1.632653e+01
      vertex -1.611773e+01 -4.129866e+01 1.632653e+01
    endloop
  endfacet
  facet normal 1.856620e-02 9.429805e-01 -3.323298e-01
    outer loop
      vertex -1.433771e+01 -4.190909e+01 1.469388e+01
      vertex -1.638595e+01 -4.186877e+01 1.469388e+01
      vertex -1.611773e+01 -4.129866e+01 1.632653e+01
    endloop
  endfacet
  facet normal -2.346838e-02 -9.435928e-01 3.302755e-01
    outer loop
      vertex -1.410301e+01 -4.134346e+01 1.632653e+01
      vertex -1.386831e+01 -4.077784e+01 1.795918e+01
      vertex -1.584950e+01 -4.072857e+01 1.795918e+01
    endloop
  endfacet
  facet normal 2.096585e-02 9.428140e-01 -3.326592e-01
    outer loop
      vertex -1.410301e+01 -4.134346e+01 1.632653e+01
      vertex -1.611773e+01 -4.129866e+01 1.632653e+01
      vertex -1.584950e+01 -4.072857e+01 1.795918e+01
    endloop
  endfacet
  facet normal -2.603305e-02 -9.434196e-01 3.305779e-01
    outer loop
      vertex -1.386831e+01 -4.077784e+01 1.795918e+01
      vertex -1.363361e+01 -4.021223e+01 1.959184e+01
      vertex -1.558127e+01 -4.015848e+01 1.959184e+01
    endloop
  endfacet
  facet normal 2.344459e-02 9.426365e-01 -3.329967e-01
    outer loop
      vertex -1.386831e+01 -4.077784e+01 1.795918e+01
      vertex -1.584950e+01 -4.072857e+01 1.795918e+01
      vertex -1.558127e+01 -4.015848e+01 1.959184e+01
    endloop
  endfacet
  facet normal -2.868483e-02 -9.432341e-01 3.308876e-01
    outer loop
      vertex -1.363361e+01 -4.021223e+01 1.959184e+01
      vertex -1.339891e+01 -3.964663e+01 2.122449e+01
      vertex -1.531304e+01 -3.958842e+01 2.122449e+01
    endloop
  endfacet
  facet normal 2.600622e-02 9.424471e-01 -3.333422e-01
    outer loop
      vertex -1.363361e+01 -4.021223e+01 1.959184e+01
      vertex -1.558127e+01 -4.015848e+01 1.959184e+01
      vertex -1.531304e+01 -3.958842e+01 2.122449e+01
    endloop
  endfacet
  facet normal -3.142799e-02 -9.430354e-01 3.312046e-01
    outer loop
      vertex -1.339891e+01 -3.964663e+01 2.122449e+01
      vertex -1.316421e+01 -3.908104e+01 2.285714e+01
      vertex -1.504482e+01 -3.901837e+01 2.285714e+01
    endloop
  endfacet
  facet normal 2.865475e-02 9.422451e-01 -3.336962e-01
    outer loop
      vertex -1.339891e+01 -3.964663e+01 2.122449e+01
      vertex -1.531304e+01 -3.958842e+01 2.122449e+01
      vertex -1.504482e+01 -3.901837e+01 2.285714e+01
    endloop
  endfacet
  facet normal -3.426709e-02 -9.428225e-01 3.315291e-01
    outer loop
      vertex -1.316421e+01 -3.908104e+01 2.285714e+01
      vertex -1.292951e+01 -3.851548e+01 2.448980e+01
      vertex -1.477659e+01 -3.844835e+01 2.448980e+01
    endloop
  endfacet
  facet normal 3.139446e-02 9.420293e-01 -3.340587e-01
    outer loop
      vertex -1.316421e+01 -3.908104e+01 2.285714e+01
      vertex -1.504482e+01 -3.901837e+01 2.285714e+01
      vertex -1.477659e+01 -3.844835e+01 2.448980e+01
    endloop
  endfacet
  facet normal -3.720697e-02 -9.425941e-01 3.318614e-01
    outer loop
      vertex -1.292951e+01 -3.851548e+01 2.448980e+01
      vertex -1.269482e+01 -3.794993e+01 2.612245e+01
      vertex -1.450836e+01 -3.787834e+01 2.612245e+01
    endloop
  endfacet
  facet normal 3.422989e-02 9.417988e-01 -3.344300e-01
    outer loop
      vertex -1.292951e+01 -3.851548e+01 2.448980e+01
      vertex -1.477659e+01 -3.844835e+01 2.448980e+01
      vertex -1.450836e+01 -3.787834e+01 2.612245e+01
    endloop
  endfacet
  facet normal -4.025277e-02 -9.423491e-01 3.322015e-01
    outer loop
      vertex -1.269482e+01 -3.794993e+01 2.612245e+01
      vertex -1.246012e+01 -3.738440e+01 2.775510e+01
      vertex -1.424013e+01 -3.730837e+01 2.775510e+01
    endloop
  endfacet
  facet normal 3.716585e-02 9.415524e-01 -3.348102e-01
    outer loop
      vertex -1.269482e+01 -3.794993e+01 2.612245e+01
      vertex -1.450836e+01 -3.787834e+01 2.612245e+01
      vertex -1.424013e+01 -3.730837e+01 2.775510e+01
    endloop
  endfacet
  facet normal -4.340997e-02 -9.420862e-01 3.325495e-01
    outer loop
      vertex -1.246012e+01 -3.738440e+01 2.775510e+01
      vertex -1.222542e+01 -3.681890e+01 2.938776e+01
      vertex -1.397191e+01 -3.673843e+01 2.938776e+01
    endloop
  endfacet
  facet normal 4.020748e-02 9.412889e-01 -3.351994e-01
    outer loop
      vertex -1.246012e+01 -3.738440e+01 2.775510e+01
      vertex -1.424013e+01 -3.730837e+01 2.775510e+01
      vertex -1.397191e+01 -3.673843e+01 2.938776e+01
    endloop
  endfacet
  facet normal -4.668440e-02 -9.418038e-01 3.329055e-01
    outer loop
      vertex -1.222542e+01 -3.681890e+01 2.938776e+01
      vertex -1.199072e+01 -3.625343e+01 3.102041e+01
      vertex -1.370368e+01 -3.616852e+01 3.102041e+01
    endloop
  endfacet
  facet normal 4.336023e-02 9.410069e-01 -3.355979e-01
    outer loop
      vertex -1.222542e+01 -3.681890e+01 2.938776e+01
      vertex -1.397191e+01 -3.673843e+01 2.938776e+01
      vertex -1.370368e+01 -3.616852e+01 3.102041e+01
    endloop
  endfacet
  facet normal -5.008227e-02 -9.415004e-01 3.332697e-01
    outer loop
      vertex -1.199072e+01 -3.625343e+01 3.102041e+01
      vertex -1.175602e+01 -3.568800e+01 3.265306e+01
      vertex -1.343545e+01 -3.559866e+01 3.265306e+01
    endloop
  endfacet
  facet normal 4.662993e-02 9.407050e-01 -3.360057e-01
    outer loop
      vertex -1.199072e+01 -3.625343e+01 3.102041e+01
      vertex -1.370368e+01 -3.616852e+01 3.102041e+01
      vertex -1.343545e+01 -3.559866e+01 3.265306e+01
    endloop
  endfacet
  facet normal -5.361020e-02 -9.411742e-01 3.336421e-01
    outer loop
      vertex -1.175602e+01 -3.568800e+01 3.265306e+01
      vertex -1.152132e+01 -3.512260e+01 3.428571e+01
      vertex -1.316722e+01 -3.502884e+01 3.428571e+01
    endloop
  endfacet
  facet normal 5.002275e-02 9.403815e-01 -3.364229e-01
    outer loop
      vertex -1.175602e+01 -3.568800e+01 3.265306e+01
      vertex -1.343545e+01 -3.559866e+01 3.265306e+01
      vertex -1.316722e+01 -3.502884e+01 3.428571e+01
    endloop
  endfacet
  facet normal -5.727524e-02 -9.408233e-01 3.340227e-01
    outer loop
      vertex -1.152132e+01 -3.512260e+01 3.428571e+01
      vertex -1.128662e+01 -3.455724e+01 3.591837e+01
      vertex -1.289900e+01 -3.445908e+01 3.591837e+01
    endloop
  endfacet
  facet normal 5.354529e-02 9.400347e-01 -3.368496e-01
    outer loop
      vertex -1.152132e+01 -3.512260e+01 3.428571e+01
      vertex -1.316722e+01 -3.502884e+01 3.428571e+01
      vertex -1.289900e+01 -3.445908e+01 3.591837e+01
    endloop
  endfacet
  facet normal -6.108490e-02 -9.404454e-01 3.344114e-01
    outer loop
      vertex -1.128662e+01 -3.455724e+01 3.591837e+01
      vertex -1.105192e+01 -3.399193e+01 3.755102e+01
      vertex -1.263077e+01 -3.388938e+01 3.755102e+01
    endloop
  endfacet
  facet normal 5.720458e-02 9.396627e-01 -3.372858e-01
    outer loop
      vertex -1.128662e+01 -3.455724e+01 3.591837e+01
      vertex -1.289900e+01 -3.445908e+01 3.591837e+01
      vertex -1.263077e+01 -3.388938e+01 3.755102e+01
    endloop
  endfacet
  facet normal -6.504721e-02 -9.400385e-01 3.348082e-01
    outer loop
      vertex -1.105192e+01 -3.399193e+01 3.755102e+01
      vertex -1.081722e+01 -3.342668e+01 3.918367e+01
      vertex -1.236254e+01 -3.331975e+01 3.918367e+01
    endloop
  endfacet
  facet normal 6.100812e-02 9.392633e-01 -3.377315e-01
    outer loop
      vertex -1.105192e+01 -3.399193e+01 3.755102e+01
      vertex -1.263077e+01 -3.388938e+01 3.755102e+01
      vertex -1.236254e+01 -3.331975e+01 3.918367e+01
    endloop
  endfacet
  facet normal -6.917072e-02 -9.395997e-01 3.352130e-01
    outer loop
      vertex -1.081722e+01 -3.342668e+01 3.918367e+01
      vertex -1.058252e+01 -3.286149e+01 4.081633e+01
      vertex -1.209431e+01 -3.275020e+01 4.081633e+01
    endloop
  endfacet
  facet normal 6.496388e-02 9.388342e-01 -3.381865e-01
    outer loop
      vertex -1.081722e+01 -3.342668e+01 3.918367e+01
      vertex -1.236254e+01 -3.331975e+01 3.918367e+01
      vertex -1.209431e+01 -3.275020e+01 4.081633e+01
    endloop
  endfacet
  facet normal -7.346453e-02 -9.391264e-01 3.356255e-01
    outer loop
      vertex -1.058252e+01 -3.286149e+01 4.081633e+01
      vertex -1.034783e+01 -3.229637e+01 4.244898e+01
      vertex -1.182609e+01 -3.218073e+01 4.244898e+01
    endloop
  endfacet
  facet normal 6.908040e-02 9.383729e-01 -3.386506e-01
    outer loop
      vertex -1.058252e+01 -3.286149e+01 4.081633e+01
      vertex -1.209431e+01 -3.275020e+01 4.081633e+01
      vertex -1.182609e+01 -3.218073e+01 4.244898e+01
    endloop
  endfacet
  facet normal -7.793837e-02 -9.386155e-01 3.360454e-01
    outer loop
      vertex -1.034783e+01 -3.229637e+01 4.244898e+01
      vertex -1.011313e+01 -3.173133e+01 4.408163e+01
      vertex -1.155786e+01 -3.161137e+01 4.408163e+01
    endloop
  endfacet
  facet normal 7.336676e-02 9.378766e-01 -3.391236e-01
    outer loop
      vertex -1.034783e+01 -3.229637e+01 4.244898e+01
      vertex -1.182609e+01 -3.218073e+01 4.244898e+01
      vertex -1.155786e+01 -3.161137e+01 4.408163e+01
    endloop
  endfacet
  facet normal -8.260259e-02 -9.380635e-01 3.364723e-01
    outer loop
      vertex -1.011313e+01 -3.173133e+01 4.408163e+01
      vertex -9.878427e+00 -3.116639e+01 4.571429e+01
      vertex -1.128963e+01 -3.104212e+01 4.571429e+01
    endloop
  endfacet
  facet normal 7.783264e-02 9.373422e-01 -3.396051e-01
    outer loop
      vertex -1.011313e+01 -3.173133e+01 4.408163e+01
      vertex -1.155786e+01 -3.161137e+01 4.408163e+01
      vertex -1.128963e+01 -3.104212e+01 4.571429e+01
    endloop
  endfacet
  facet normal -8.746821e-02 -9.374668e-01 3.369056e-01
    outer loop
      vertex -9.878427e+00 -3.116639e+01 4.571429e+01
      vertex -9.643728e+00 -3.060154e+01 4.734694e+01
      vertex -1.102140e+01 -3.047300e+01 4.734694e+01
    endloop
  endfacet
  facet normal 8.248837e-02 9.367665e-01 -3.400945e-01
    outer loop
      vertex -9.878427e+00 -3.116639e+01 4.571429e+01
      vertex -1.128963e+01 -3.104212e+01 4.571429e+01
      vertex -1.102140e+01 -3.047300e+01 4.734694e+01
    endloop
  endfacet
  facet normal -9.254698e-02 -9.368210e-01 3.373447e-01
    outer loop
      vertex -9.643728e+00 -3.060154e+01 4.734694e+01
      vertex -9.409029e+00 -3.003682e+01 4.897959e+01
      vertex -1.075318e+01 -2.990403e+01 4.897959e+01
    endloop
  endfacet
  facet normal 8.734494e-02 9.361456e-01 -3.405911e-01
    outer loop
      vertex -9.643728e+00 -3.060154e+01 4.734694e+01
      vertex -1.102140e+01 -3.047300e+01 4.734694e+01
      vertex -1.075318e+01 -2.990403e+01 4.897959e+01
    endloop
  endfacet
  facet normal -9.785136e-02 -9.361218e-01 3.377886e-01
    outer loop
      vertex -9.409029e+00 -3.003682e+01 4.897959e+01
      vertex -9.174330e+00 -2.947223e+01 5.061224e+01
      vertex -1.048495e+01 -2.933523e+01 5.061224e+01
    endloop
  endfacet
  facet normal 9.241406e-02 9.354755e-01 -3.410941e-01
    outer loop
      vertex -9.409029e+00 -3.003682e+01 4.897959e+01
      vertex -1.075318e+01 -2.990403e+01 4.897959e+01
      vertex -1.048495e+01 -2.933523e+01 5.061224e+01
    endloop
  endfacet
  facet normal -1.033946e-01 -9.353640e-01 3.382362e-01
    outer loop
      vertex -9.174330e+00 -2.947223e+01 5.061224e+01
      vertex -8.939631e+00 -2.890779e+01 5.224490e+01
      vertex -1.021672e+01 -2.876662e+01 5.224490e+01
    endloop
  endfacet
  facet normal 9.770817e-02 9.347519e-01 -3.416022e-01
    outer loop
      vertex -9.174330e+00 -2.947223e+01 5.061224e+01
      vertex -1.048495e+01 -2.933523e+01 5.061224e+01
      vertex -1.021672e+01 -2.876662e+01 5.224490e+01
    endloop
  endfacet
  facet normal -1.091907e-01 -9.345422e-01 3.386861e-01
    outer loop
      vertex -8.939631e+00 -2.890779e+01 5.224490e+01
      vertex -8.704932e+00 -2.834352e+01 5.387755e+01
      vertex -9.948494e+00 -2.819823e+01 5.387755e+01
    endloop
  endfacet
  facet normal 1.032405e-01 9.339697e-01 -3.421141e-01
    outer loop
      vertex -8.939631e+00 -2.890779e+01 5.224490e+01
      vertex -1.021672e+01 -2.876662e+01 5.224490e+01
      vertex -9.948494e+00 -2.819823e+01 5.387755e+01
    endloop
  endfacet
  facet normal -1.152544e-01 -9.336502e-01 3.391366e-01
    outer loop
      vertex -8.704932e+00 -2.834352e+01 5.387755e+01
      vertex -8.470233e+00 -2.777945e+01 5.551020e+01
      vertex -9.680266e+00 -2.763008e+01 5.551020e+01
    endloop
  endfacet
  facet normal 1.090249e-01 9.331236e-01 -3.426280e-01
    outer loop
      vertex -8.704932e+00 -2.834352e+01 5.387755e+01
      vertex -9.948494e+00 -2.819823e+01 5.387755e+01
      vertex -9.680266e+00 -2.763008e+01 5.551020e+01
    endloop
  endfacet
  facet normal -1.216014e-01 -9.326814e-01 3.395857e-01
    outer loop
      vertex -8.470233e+00 -2.777945e+01 5.551020e+01
      vertex -8.235534e+00 -2.721561e+01 5.714286e+01
      vertex -9.412039e+00 -2.706222e+01 5.714286e+01
    endloop
  endfacet
  facet normal 1.150764e-01 9.322077e-01 -3.431416e-01
    outer loop
      vertex -8.470233e+00 -2.777945e+01 5.551020e+01
      vertex -9.680266e+00 -2.763008e+01 5.551020e+01
      vertex -9.412039e+00 -2.706222e+01 5.714286e+01
    endloop
  endfacet
  facet normal -1.282479e-01 -9.316284e-01 3.400308e-01
    outer loop
      vertex -8.235534e+00 -2.721561e+01 5.714286e+01
      vertex -8.000835e+00 -2.665203e+01 5.877551e+01
      vertex -9.143811e+00 -2.649468e+01 5.877551e+01
    endloop
  endfacet
  facet normal 1.214103e-01 9.312156e-01 -3.436524e-01
    outer loop
      vertex -8.235534e+00 -2.721561e+01 5.714286e+01
      vertex -9.412039e+00 -2.706222e+01 5.714286e+01
      vertex -9.143811e+00 -2.649468e+01 5.877551e+01
    endloop
  endfacet
  facet normal -1.352108e-01 -9.304832e-01 3.404688e-01
    outer loop
      vertex -8.000835e+00 -2.665203e+01 5.877551e+01
      vertex -7.766136e+00 -2.608873e+01 6.040816e+01
      vertex -8.875584e+00 -2.592752e+01 6.040816e+01
    endloop
  endfacet
  facet normal 1.280430e-01 9.301403e-01 -3.441570e-01
    outer loop
      vertex -8.000835e+00 -2.665203e+01 5.877551e+01
      vertex -9.143811e+00 -2.649468e+01 5.877551e+01
      vertex -8.875584e+00 -2.592752e+01 6.040816e+01
    endloop
  endfacet
  facet normal -1.425077e-01 -9.292370e-01 3.408961e-01
    outer loop
      vertex -7.766136e+00 -2.608873e+01 6.040816e+01
      vertex -7.531437e+00 -2.552578e+01 6.204082e+01
      vertex -8.607356e+00 -2.536078e+01 6.204082e+01
    endloop
  endfacet
  facet normal 1.349915e-01 9.289740e-01 -3.446516e-01
    outer loop
      vertex -7.766136e+00 -2.608873e+01 6.040816e+01
      vertex -8.875584e+00 -2.592752e+01 6.040816e+01
      vertex -8.607356e+00 -2.536078e+01 6.204082e+01
    endloop
  endfacet
  facet normal -1.501564e-01 -9.278802e-01 3.413082e-01
    outer loop
      vertex -7.531437e+00 -2.552578e+01 6.204082e+01
      vertex -7.296738e+00 -2.496321e+01 6.367347e+01
      vertex -8.339129e+00 -2.479452e+01 6.367347e+01
    endloop
  endfacet
  facet normal 1.422733e-01 9.277084e-01 -3.451311e-01
    outer loop
      vertex -7.531437e+00 -2.552578e+01 6.204082e+01
      vertex -8.607356e+00 -2.536078e+01 6.204082e+01
      vertex -8.339129e+00 -2.479452e+01 6.367347e+01
    endloop
  endfacet
  facet normal -1.581749e-01 -9.264027e-01 3.416999e-01
    outer loop
      vertex -7.296738e+00 -2.496321e+01 6.367347e+01
      vertex -7.062039e+00 -2.440109e+01 6.530612e+01
      vertex -8.070901e+00 -2.422883e+01 6.530612e+01
    endloop
  endfacet
  facet normal 1.499063e-01 9.263345e-01 -3.455900e-01
    outer loop
      vertex -7.296738e+00 -2.496321e+01 6.367347e+01
      vertex -8.339129e+00 -2.479452e+01 6.367347e+01
      vertex -8.070901e+00 -2.422883e+01 6.530612e+01
    endloop
  endfacet
  facet normal -1.665809e-01 -9.247933e-01 3.420646e-01
    outer loop
      vertex -7.062039e+00 -2.440109e+01 6.530612e+01
      vertex -6.827340e+00 -2.383947e+01 6.693878e+01
      vertex -7.802674e+00 -2.366379e+01 6.693878e+01
    endloop
  endfacet
  facet normal 1.579086e-01 9.248428e-01 -3.460211e-01
    outer loop
      vertex -7.062039e+00 -2.440109e+01 6.530612e+01
      vertex -8.070901e+00 -2.422883e+01 6.530612e+01
      vertex -7.802674e+00 -2.366379e+01 6.693878e+01
    endloop
  endfacet
  facet normal -1.753912e-01 -9.230404e-01 3.423949e-01
    outer loop
      vertex -6.827340e+00 -2.383947e+01 6.693878e+01
      vertex -6.592641e+00 -2.327845e+01 6.857143e+01
      vertex -7.534446e+00 -2.309949e+01 6.857143e+01
    endloop
  endfacet
  facet normal 1.662980e-01 9.232231e-01 -3.464160e-01
    outer loop
      vertex -6.827340e+00 -2.383947e+01 6.693878e+01
      vertex -7.802674e+00 -2.366379e+01 6.693878e+01
      vertex -7.534446e+00 -2.309949e+01 6.857143e+01
    endloop
  endfacet
  facet normal -1.846212e-01 -9.211320e-01 3.426819e-01
    outer loop
      vertex -6.592641e+00 -2.327845e+01 6.857143e+01
      vertex -6.357942e+00 -2.271810e+01 7.020408e+01
      vertex -7.266219e+00 -2.253606e+01 7.020408e+01
    endloop
  endfacet
  facet normal 1.750917e-01 9.214647e-01 -3.467647e-01
    outer loop
      vertex -6.592641e+00 -2.327845e+01 6.857143e+01
      vertex -7.534446e+00 -2.309949e+01 6.857143e+01
      vertex -7.266219e+00 -2.253606e+01 7.020408e+01
    endloop
  endfacet
  facet normal -1.942837e-01 -9.190557e-01 3.429148e-01
    outer loop
      vertex -6.357942e+00 -2.271810e+01 7.020408e+01
      vertex -6.123243e+00 -2.215855e+01 7.183673e+01
      vertex -6.997992e+00 -2.197363e+01 7.183673e+01
    endloop
  endfacet
  facet normal 1.843054e-01 9.195566e-01 -3.470550e-01
    outer loop
      vertex -6.357942e+00 -2.271810e+01 7.020408e+01
      vertex -7.266219e+00 -2.253606e+01 7.020408e+01
      vertex -6.997992e+00 -2.197363e+01 7.183673e+01
    endloop
  endfacet
  facet normal -2.043878e-01 -9.167993e-01 3.430811e-01
    outer loop
      vertex -6.123243e+00 -2.215855e+01 7.183673e+01
      vertex -5.888544e+00 -2.159991e+01 7.346939e+01
      vertex -6.729764e+00 -2.141237e+01 7.346939e+01
    endloop
  endfacet
  facet normal 1.939523e-01 9.174880e-01 -3.472725e-01
    outer loop
      vertex -6.123243e+00 -2.215855e+01 7.183673e+01
      vertex -6.997992e+00 -2.197363e+01 7.183673e+01
      vertex -6.729764e+00 -2.141237e+01 7.346939e+01
    endloop
  endfacet
  facet normal -2.149367e-01 -9.143518e-01 3.431661e-01
    outer loop
      vertex -5.888544e+00 -2.159991e+01 7.346939e+01
      vertex -5.653845e+00 -2.104233e+01 7.510204e+01
      vertex -6.461537e+00 -2.085246e+01 7.510204e+01
    endloop
  endfacet
  facet normal 2.040421e-01 9.152486e-01 -3.474002e-01
    outer loop
      vertex -5.888544e+00 -2.159991e+01 7.346939e+01
      vertex -6.729764e+00 -2.141237e+01 7.346939e+01
      vertex -6.461537e+00 -2.085246e+01 7.510204e+01
    endloop
  endfacet
  facet normal -2.259258e-01 -9.117037e-01 3.431529e-01
    outer loop
      vertex -5.653845e+00 -2.104233e+01 7.510204e+01
      vertex -5.419146e+00 -2.048598e+01 7.673469e+01
      vertex -6.193309e+00 -2.029413e+01 7.673469e+01
    endloop
  endfacet
  facet normal 2.145787e-01 9.128290e-01 -3.474179e-01
    outer loop
      vertex -5.653845e+00 -2.104233e+01 7.510204e+01
      vertex -6.461537e+00 -2.085246e+01 7.510204e+01
      vertex -6.193309e+00 -2.029413e+01 7.673469e+01
    endloop
  endfacet
  facet normal -2.373390e-01 -9.088489e-01 3.430217e-01
    outer loop
      vertex -5.419146e+00 -2.048598e+01 7.673469e+01
      vertex -5.184446e+00 -1.993106e+01 7.836735e+01
      vertex -5.925082e+00 -1.973765e+01 7.836735e+01
    endloop
  endfacet
  facet normal 2.255587e-01 9.102223e-01 -3.473018e-01
    outer loop
      vertex -5.419146e+00 -2.048598e+01 7.673469e+01
      vertex -6.193309e+00 -2.029413e+01 7.673469e+01
      vertex -5.925082e+00 -1.973765e+01 7.836735e+01
    endloop
  endfacet
  facet normal -2.491450e-01 -9.057864e-01 3.427502e-01
    outer loop
      vertex -5.184446e+00 -1.993106e+01 7.836735e+01
      vertex -4.949747e+00 -1.937782e+01 8.000000e+01
      vertex -5.656854e+00 -1.918333e+01 8.000000e+01
    endloop
  endfacet
  facet normal 2.369672e-01 9.074253e-01 -3.470244e-01
    outer loop
      vertex -5.184446e+00 -1.993106e+01 7.836735e+01
      vertex -5.925082e+00 -1.973765e+01 7.836735e+01
      vertex -5.656854e+00 -1.918333e+01 8.000000e+01
    endloop
  endfacet
  facet normal -2.070459e-03 -9.439811e-01 3.299931e-01
    outer loop
      vertex -1.880000e+01 -4.700000e+01 0.000000e+00
      vertex -1.853177e+01 -4.642985e+01 1.632653e+00
      vertex -2.084824e+01 -4.642477e+01 1.632653e+00
    endloop
  endfacet
  facet normal 0.000000e+00 9.431718e-01 -3.323055e-01
    outer loop
      vertex -1.880000e+01 -4.700000e+01 0.000000e+00
      vertex -2.115000e+01 -4.700000e+01 0.000000e+00
      vertex -2.084824e+01 -4.642477e+01 1.632653e+00
    endloop
  endfacet
  facet normal -4.201165e-03 -9.438658e-01 3.303025e-01
    outer loop
      vertex -1.853177e+01 -4.642985e+01 1.632653e+00
      vertex -1.826355e+01 -4.585970e+01 3.265306e+00
      vertex -2.054649e+01 -4.584954e+01 3.265306e+00
    endloop
  endfacet
  facet normal 2.068417e-03 9.430501e-01 -3.326444e-01
    outer loop
      vertex -1.853177e+01 -4.642985e+01 1.632653e+00
      vertex -2.084824e+01 -4.642477e+01 1.632653e+00
      vertex -2.054649e+01 -4.584954e+01 3.265306e+00
    endloop
  endfacet
  facet normal -6.394695e-03 -9.437426e-01 3.306191e-01
    outer loop
      vertex -1.826355e+01 -4.585970e+01 3.265306e+00
      vertex -1.799532e+01 -4.528956e+01 4.897959e+00
      vertex -2.024473e+01 -4.527432e+01 4.897959e+00
    endloop
  endfacet
  facet normal 4.196958e-03 9.429206e-01 -3.329912e-01
    outer loop
      vertex -1.826355e+01 -4.585970e+01 3.265306e+00
      vertex -2.054649e+01 -4.584954e+01 3.265306e+00
      vertex -2.024473e+01 -4.527432e+01 4.897959e+00
    endloop
  endfacet
  facet normal -8.653773e-03 -9.436111e-01 3.309430e-01
    outer loop
      vertex -1.799532e+01 -4.528956e+01 4.897959e+00
      vertex -1.772709e+01 -4.471941e+01 6.530612e+00
      vertex -1.994298e+01 -4.469909e+01 6.530612e+00
    endloop
  endfacet
  facet normal 6.388192e-03 9.427829e-01 -3.333462e-01
    outer loop
      vertex -1.799532e+01 -4.528956e+01 4.897959e+00
      vertex -2.024473e+01 -4.527432e+01 4.897959e+00
      vertex -1.994298e+01 -4.469909e+01 6.530612e+00
    endloop
  endfacet
  facet normal -1.098127e-02 -9.434705e-01 3.312745e-01
    outer loop
      vertex -1.772709e+01 -4.471941e+01 6.530612e+00
      vertex -1.745886e+01 -4.414927e+01 8.163265e+00
      vertex -1.964122e+01 -4.412387e+01 8.163265e+00
    endloop
  endfacet
  facet normal 8.644834e-03 9.426363e-01 -3.337094e-01
    outer loop
      vertex -1.772709e+01 -4.471941e+01 6.530612e+00
      vertex -1.994298e+01 -4.469909e+01 6.530612e+00
      vertex -1.964122e+01 -4.412387e+01 8.163265e+00
    endloop
  endfacet
  facet normal -1.338023e-02 -9.433204e-01 3.316137e-01
    outer loop
      vertex -1.745886e+01 -4.414927e+01 8.163265e+00
      vertex -1.719064e+01 -4.357914e+01 9.795918e+00
      vertex -1.933946e+01 -4.354866e+01 9.795918e+00
    endloop
  endfacet
  facet normal 1.096975e-02 9.424804e-01 -3.340813e-01
    outer loop
      vertex -1.745886e+01 -4.414927e+01 8.163265e+00
      vertex -1.964122e+01 -4.412387e+01 8.163265e+00
      vertex -1.933946e+01 -4.354866e+01 9.795918e+00
    endloop
  endfacet
  facet normal -1.585386e-02 -9.431599e-01 3.319610e-01
    outer loop
      vertex -1.719064e+01 -4.357914e+01 9.795918e+00
      vertex -1.692241e+01 -4.300901e+01 1.142857e+01
      vertex -1.903771e+01 -4.297345e+01 1.142857e+01
    endloop
  endfacet
  facet normal 1.336596e-02 9.423145e-01 -3.344620e-01
    outer loop
      vertex -1.719064e+01 -4.357914e+01 9.795918e+00
      vertex -1.933946e+01 -4.354866e+01 9.795918e+00
      vertex -1.903771e+01 -4.297345e+01 1.142857e+01
    endloop
  endfacet
  facet normal -1.840556e-02 -9.429883e-01 3.323165e-01
    outer loop
      vertex -1.692241e+01 -4.300901e+01 1.142857e+01
      vertex -1.665418e+01 -4.243888e+01 1.306122e+01
      vertex -1.873595e+01 -4.239825e+01 1.306122e+01
    endloop
  endfacet
  facet normal 1.583668e-02 9.421377e-01 -3.348518e-01
    outer loop
      vertex -1.692241e+01 -4.300901e+01 1.142857e+01
      vertex -1.903771e+01 -4.297345e+01 1.142857e+01
      vertex -1.873595e+01 -4.239825e+01 1.306122e+01
    endloop
  endfacet
  facet normal -2.103894e-02 -9.428049e-01 3.326804e-01
    outer loop
      vertex -1.665418e+01 -4.243888e+01 1.306122e+01
      vertex -1.638595e+01 -4.186877e+01 1.469388e+01
      vertex -1.843420e+01 -4.182306e+01 1.469388e+01
    endloop
  endfacet
  facet normal 1.838529e-02 9.419495e-01 -3.352509e-01
    outer loop
      vertex -1.665418e+01 -4.243888e+01 1.306122e+01
      vertex -1.873595e+01 -4.239825e+01 1.306122e+01
      vertex -1.843420e+01 -4.182306e+01 1.469388e+01
    endloop
  endfacet
  facet normal -2.375780e-02 -9.426088e-01 3.330529e-01
    outer loop
      vertex -1.638595e+01 -4.186877e+01 1.469388e+01
      vertex -1.611773e+01 -4.129866e+01 1.632653e+01
      vertex -1.813244e+01 -4.124788e+01 1.632653e+01
    endloop
  endfacet
  facet normal 2.101537e-02 9.417489e-01 -3.356596e-01
    outer loop
      vertex -1.638595e+01 -4.186877e+01 1.469388e+01
      vertex -1.843420e+01 -4.182306e+01 1.469388e+01
      vertex -1.813244e+01 -4.124788e+01 1.632653e+01
    endloop
  endfacet
  facet normal -2.656618e-02 -9.423989e-01 3.334344e-01
    outer loop
      vertex -1.611773e+01 -4.129866e+01 1.632653e+01
      vertex -1.584950e+01 -4.072857e+01 1.795918e+01
      vertex -1.783069e+01 -4.067272e+01 1.795918e+01
    endloop
  endfacet
  facet normal 2.373073e-02 9.415351e-01 -3.360781e-01
    outer loop
      vertex -1.611773e+01 -4.129866e+01 1.632653e+01
      vertex -1.813244e+01 -4.124788e+01 1.632653e+01
      vertex -1.783069e+01 -4.067272e+01 1.795918e+01
    endloop
  endfacet
  facet normal -2.946838e-02 -9.421744e-01 3.338249e-01
    outer loop
      vertex -1.584950e+01 -4.072857e+01 1.795918e+01
      vertex -1.558127e+01 -4.015848e+01 1.959184e+01
      vertex -1.752893e+01 -4.009757e+01 1.959184e+01
    endloop
  endfacet
  facet normal 2.653540e-02 9.413071e-01 -3.365068e-01
    outer loop
      vertex -1.584950e+01 -4.072857e+01 1.795918e+01
      vertex -1.783069e+01 -4.067272e+01 1.795918e+01
      vertex -1.752893e+01 -4.009757e+01 1.959184e+01
    endloop
  endfacet
  facet normal -3.246894e-02 -9.419339e-01 3.342248e-01
    outer loop
      vertex -1.558127e+01 -4.015848e+01 1.959184e+01
      vertex -1.531304e+01 -3.958842e+01 2.122449e+01
      vertex -1.722717e+01 -3.952244e+01 2.122449e+01
    endloop
  endfacet
  facet normal 2.943364e-02 9.410639e-01 -3.369458e-01
    outer loop
      vertex -1.558127e+01 -4.015848e+01 1.959184e+01
      vertex -1.752893e+01 -4.009757e+01 1.959184e+01
      vertex -1.722717e+01 -3.952244e+01 2.122449e+01
    endloop
  endfacet
  facet normal -3.557269e-02 -9.416764e-01 3.346342e-01
    outer loop
      vertex -1.531304e+01 -3.958842e+01 2.122449e+01
      vertex -1.504482e+01 -3.901837e+01 2.285714e+01
      vertex -1.692542e+01 -3.894733e+01 2.285714e+01
    endloop
  endfacet
  facet normal 3.243000e-02 9.408043e-01 -3.373954e-01
    outer loop
      vertex -1.531304e+01 -3.958842e+01 2.122449e+01
      vertex -1.722717e+01 -3.952244e+01 2.122449e+01
      vertex -1.692542e+01 -3.894733e+01 2.285714e+01
    endloop
  endfacet
  facet normal -3.878476e-02 -9.414006e-01 3.350533e-01
    outer loop
      vertex -1.504482e+01 -3.901837e+01 2.285714e+01
      vertex -1.477659e+01 -3.844835e+01 2.448980e+01
      vertex -1.662366e+01 -3.837225e+01 2.448980e+01
    endloop
  endfacet
  facet normal 3.552927e-02 9.405270e-01 -3.378559e-01
    outer loop
      vertex -1.504482e+01 -3.901837e+01 2.285714e+01
      vertex -1.692542e+01 -3.894733e+01 2.285714e+01
      vertex -1.662366e+01 -3.837225e+01 2.448980e+01
    endloop
  endfacet
  facet normal -4.211061e-02 -9.411048e-01 3.354824e-01
    outer loop
      vertex -1.477659e+01 -3.844835e+01 2.448980e+01
      vertex -1.450836e+01 -3.787834e+01 2.612245e+01
      vertex -1.632191e+01 -3.779719e+01 2.612245e+01
    endloop
  endfacet
  facet normal 3.873657e-02 9.402308e-01 -3.383274e-01
    outer loop
      vertex -1.477659e+01 -3.844835e+01 2.448980e+01
      vertex -1.662366e+01 -3.837225e+01 2.448980e+01
      vertex -1.632191e+01 -3.779719e+01 2.612245e+01
    endloop
  endfacet
  facet normal -4.555603e-02 -9.407876e-01 3.359216e-01
    outer loop
      vertex -1.450836e+01 -3.787834e+01 2.612245e+01
      vertex -1.424013e+01 -3.730837e+01 2.775510e+01
      vertex -1.602015e+01 -3.722218e+01 2.775510e+01
    endloop
  endfacet
  facet normal 4.205733e-02 9.399142e-01 -3.388103e-01
    outer loop
      vertex -1.450836e+01 -3.787834e+01 2.612245e+01
      vertex -1.632191e+01 -3.779719e+01 2.612245e+01
      vertex -1.602015e+01 -3.722218e+01 2.775510e+01
    endloop
  endfacet
  facet normal -4.912721e-02 -9.404473e-01 3.363710e-01
    outer loop
      vertex -1.424013e+01 -3.730837e+01 2.775510e+01
      vertex -1.397191e+01 -3.673843e+01 2.938776e+01
      vertex -1.571839e+01 -3.664720e+01 2.938776e+01
    endloop
  endfacet
  facet normal 4.549735e-02 9.395756e-01 -3.393047e-01
    outer loop
      vertex -1.424013e+01 -3.730837e+01 2.775510e+01
      vertex -1.602015e+01 -3.722218e+01 2.775510e+01
      vertex -1.571839e+01 -3.664720e+01 2.938776e+01
    endloop
  endfacet
  facet normal -5.283071e-02 -9.400818e-01 3.368309e-01
    outer loop
      vertex -1.397191e+01 -3.673843e+01 2.938776e+01
      vertex -1.370368e+01 -3.616852e+01 3.102041e+01
      vertex -1.541664e+01 -3.607226e+01 3.102041e+01
    endloop
  endfacet
  facet normal 4.906275e-02 9.392132e-01 -3.398107e-01
    outer loop
      vertex -1.397191e+01 -3.673843e+01 2.938776e+01
      vertex -1.571839e+01 -3.664720e+01 2.938776e+01
      vertex -1.541664e+01 -3.607226e+01 3.102041e+01
    endloop
  endfacet
  facet normal -5.667353e-02 -9.396893e-01 3.373012e-01
    outer loop
      vertex -1.370368e+01 -3.616852e+01 3.102041e+01
      vertex -1.343545e+01 -3.559866e+01 3.265306e+01
      vertex -1.511488e+01 -3.549737e+01 3.265306e+01
    endloop
  endfacet
  facet normal 5.276009e-02 9.388252e-01 -3.403287e-01
    outer loop
      vertex -1.370368e+01 -3.616852e+01 3.102041e+01
      vertex -1.541664e+01 -3.607226e+01 3.102041e+01
      vertex -1.511488e+01 -3.549737e+01 3.265306e+01
    endloop
  endfacet
  facet normal -6.066313e-02 -9.392674e-01 3.377822e-01
    outer loop
      vertex -1.343545e+01 -3.559866e+01 3.265306e+01
      vertex -1.316722e+01 -3.502884e+01 3.428571e+01
      vertex -1.481313e+01 -3.492254e+01 3.428571e+01
    endloop
  endfacet
  facet normal 5.659634e-02 9.384094e-01 -3.408586e-01
    outer loop
      vertex -1.343545e+01 -3.559866e+01 3.265306e+01
      vertex -1.511488e+01 -3.549737e+01 3.265306e+01
      vertex -1.481313e+01 -3.492254e+01 3.428571e+01
    endloop
  endfacet
  facet normal -6.480744e-02 -9.388135e-01 3.382737e-01
    outer loop
      vertex -1.316722e+01 -3.502884e+01 3.428571e+01
      vertex -1.289900e+01 -3.445908e+01 3.591837e+01
      vertex -1.451137e+01 -3.434778e+01 3.591837e+01
    endloop
  endfacet
  facet normal 6.057893e-02 9.379637e-01 -3.414005e-01
    outer loop
      vertex -1.316722e+01 -3.502884e+01 3.428571e+01
      vertex -1.481313e+01 -3.492254e+01 3.428571e+01
      vertex -1.451137e+01 -3.434778e+01 3.591837e+01
    endloop
  endfacet
  facet normal -6.911496e-02 -9.383251e-01 3.387759e-01
    outer loop
      vertex -1.289900e+01 -3.445908e+01 3.591837e+01
      vertex -1.263077e+01 -3.388938e+01 3.755102e+01
      vertex -1.420961e+01 -3.377309e+01 3.755102e+01
    endloop
  endfacet
  facet normal 6.471576e-02 9.374855e-01 -3.419545e-01
    outer loop
      vertex -1.289900e+01 -3.445908e+01 3.591837e+01
      vertex -1.451137e+01 -3.434778e+01 3.591837e+01
      vertex -1.420961e+01 -3.377309e+01 3.755102e+01
    endloop
  endfacet
  facet normal -7.359470e-02 -9.377991e-01 3.392885e-01
    outer loop
      vertex -1.263077e+01 -3.388938e+01 3.755102e+01
      vertex -1.236254e+01 -3.331975e+01 3.918367e+01
      vertex -1.390786e+01 -3.319848e+01 3.918367e+01
    endloop
  endfacet
  facet normal 6.901529e-02 9.369720e-01 -3.425206e-01
    outer loop
      vertex -1.263077e+01 -3.388938e+01 3.755102e+01
      vertex -1.420961e+01 -3.377309e+01 3.755102e+01
      vertex -1.390786e+01 -3.319848e+01 3.918367e+01
    endloop
  endfacet
  facet normal -7.825629e-02 -9.372322e-01 3.398114e-01
    outer loop
      vertex -1.236254e+01 -3.331975e+01 3.918367e+01
      vertex -1.209431e+01 -3.275020e+01 4.081633e+01
      vertex -1.360610e+01 -3.262397e+01 4.081633e+01
    endloop
  endfacet
  facet normal 7.348650e-02 9.364204e-01 -3.430985e-01
    outer loop
      vertex -1.236254e+01 -3.331975e+01 3.918367e+01
      vertex -1.390786e+01 -3.319848e+01 3.918367e+01
      vertex -1.360610e+01 -3.262397e+01 4.081633e+01
    endloop
  endfacet
  facet normal -8.311002e-02 -9.366208e-01 3.403444e-01
    outer loop
      vertex -1.209431e+01 -3.275020e+01 4.081633e+01
      vertex -1.182609e+01 -3.218073e+01 4.244898e+01
      vertex -1.330435e+01 -3.204956e+01 4.244898e+01
    endloop
  endfacet
  facet normal 7.813899e-02 9.358273e-01 -3.436881e-01
    outer loop
      vertex -1.209431e+01 -3.275020e+01 4.081633e+01
      vertex -1.360610e+01 -3.262397e+01 4.081633e+01
      vertex -1.330435e+01 -3.204956e+01 4.244898e+01
    endloop
  endfacet
  facet normal -8.816683e-02 -9.359608e-01 3.408870e-01
    outer loop
      vertex -1.182609e+01 -3.218073e+01 4.244898e+01
      vertex -1.155786e+01 -3.161137e+01 4.408163e+01
      vertex -1.300259e+01 -3.147528e+01 4.408163e+01
    endloop
  endfacet
  facet normal 8.298299e-02 9.351892e-01 -3.442891e-01
    outer loop
      vertex -1.182609e+01 -3.218073e+01 4.244898e+01
      vertex -1.330435e+01 -3.204956e+01 4.244898e+01
      vertex -1.300259e+01 -3.147528e+01 4.408163e+01
    endloop
  endfacet
  facet normal -9.343839e-02 -9.352480e-01 3.414387e-01
    outer loop
      vertex -1.155786e+01 -3.161137e+01 4.408163e+01
      vertex -1.128963e+01 -3.104212e+01 4.571429e+01
      vertex -1.270083e+01 -3.090113e+01 4.571429e+01
    endloop
  endfacet
  facet normal 8.802942e-02 9.345021e-01 -3.449009e-01
    outer loop
      vertex -1.155786e+01 -3.161137e+01 4.408163e+01
      vertex -1.300259e+01 -3.147528e+01 4.408163e+01
      vertex -1.270083e+01 -3.090113e+01 4.571429e+01
    endloop
  endfacet
  facet normal -9.893712e-02 -9.344775e-01 3.419989e-01
    outer loop
      vertex -1.128963e+01 -3.104212e+01 4.571429e+01
      vertex -1.102140e+01 -3.047300e+01 4.734694e+01
      vertex -1.239908e+01 -3.032714e+01 4.734694e+01
    endloop
  endfacet
  facet normal 9.328989e-02 9.337617e-01 -3.455230e-01
    outer loop
      vertex -1.128963e+01 -3.104212e+01 4.571429e+01
      vertex -1.270083e+01 -3.090113e+01 4.571429e+01
      vertex -1.239908e+01 -3.032714e+01 4.734694e+01
    endloop
  endfacet
  facet normal -1.046763e-01 -9.336439e-01 3.425666e-01
    outer loop
      vertex -1.102140e+01 -3.047300e+01 4.734694e+01
      vertex -1.075318e+01 -2.990403e+01 4.897959e+01
      vertex -1.209732e+01 -2.975333e+01 4.897959e+01
    endloop
  endfacet
  facet normal 9.877680e-02 9.329632e-01 -3.461543e-01
    outer loop
      vertex -1.102140e+01 -3.047300e+01 4.734694e+01
      vertex -1.239908e+01 -3.032714e+01 4.734694e+01
      vertex -1.209732e+01 -2.975333e+01 4.897959e+01
    endloop
  endfacet
  facet normal -1.106699e-01 -9.327414e-01 3.431408e-01
    outer loop
      vertex -1.075318e+01 -2.990403e+01 4.897959e+01
      vertex -1.048495e+01 -2.933523e+01 5.061224e+01
      vertex -1.179557e+01 -2.917973e+01 5.061224e+01
    endloop
  endfacet
  facet normal 1.045033e-01 9.321014e-01 -3.467939e-01
    outer loop
      vertex -1.075318e+01 -2.990403e+01 4.897959e+01
      vertex -1.209732e+01 -2.975333e+01 4.897959e+01
      vertex -1.179557e+01 -2.917973e+01 5.061224e+01
    endloop
  endfacet
  facet normal -1.169329e-01 -9.317636e-01 3.437199e-01
    outer loop
      vertex -1.048495e+01 -2.933523e+01 5.061224e+01
      vertex -1.021672e+01 -2.876662e+01 5.224490e+01
      vertex -1.149381e+01 -2.860635e+01 5.224490e+01
    endloop
  endfacet
  facet normal 1.104835e-01 9.311705e-01 -3.474404e-01
    outer loop
      vertex -1.048495e+01 -2.933523e+01 5.061224e+01
      vertex -1.179557e+01 -2.917973e+01 5.061224e+01
      vertex -1.149381e+01 -2.860635e+01 5.224490e+01
    endloop
  endfacet
  facet normal -1.234811e-01 -9.307032e-01 3.443022e-01
    outer loop
      vertex -1.021672e+01 -2.876662e+01 5.224490e+01
      vertex -9.948494e+00 -2.819823e+01 5.387755e+01
      vertex -1.119206e+01 -2.803324e+01 5.387755e+01
    endloop
  endfacet
  facet normal 1.167322e-01 9.301643e-01 -3.480919e-01
    outer loop
      vertex -1.021672e+01 -2.876662e+01 5.224490e+01
      vertex -1.149381e+01 -2.860635e+01 5.224490e+01
      vertex -1.119206e+01 -2.803324e+01 5.387755e+01
    endloop
  endfacet
  facet normal -1.303312e-01 -9.295524e-01 3.448856e-01
    outer loop
      vertex -9.948494e+00 -2.819823e+01 5.387755e+01
      vertex -9.680266e+00 -2.763008e+01 5.551020e+01
      vertex -1.089030e+01 -2.746043e+01 5.551020e+01
    endloop
  endfacet
  facet normal 1.232652e-01 9.290757e-01 -3.487463e-01
    outer loop
      vertex -9.948494e+00 -2.819823e+01 5.387755e+01
      vertex -1.119206e+01 -2.803324e+01 5.387755e+01
      vertex -1.089030e+01 -2.746043e+01 5.551020e+01
    endloop
  endfacet
  facet normal -1.375007e-01 -9.283026e-01 3.454675e-01
    outer loop
      vertex -9.680266e+00 -2.763008e+01 5.551020e+01
      vertex -9.412039e+00 -2.706222e+01 5.714286e+01
      vertex -1.058854e+01 -2.688796e+01 5.714286e+01
    endloop
  endfacet
  facet normal 1.300991e-01 9.278972e-01 -3.494009e-01
    outer loop
      vertex -9.680266e+00 -2.763008e+01 5.551020e+01
      vertex -1.089030e+01 -2.746043e+01 5.551020e+01
      vertex -1.058854e+01 -2.688796e+01 5.714286e+01
    endloop
  endfacet
  facet normal -1.450082e-01 -9.269443e-01 3.460445e-01
    outer loop
      vertex -9.412039e+00 -2.706222e+01 5.714286e+01
      vertex -9.143811e+00 -2.649468e+01 5.877551e+01
      vertex -1.028679e+01 -2.631588e+01 5.877551e+01
    endloop
  endfacet
  facet normal 1.372516e-01 9.266204e-01 -3.500523e-01
    outer loop
      vertex -9.412039e+00 -2.706222e+01 5.714286e+01
      vertex -1.058854e+01 -2.688796e+01 5.714286e+01
      vertex -1.028679e+01 -2.631588e+01 5.877551e+01
    endloop
  endfacet
  facet normal -1.528727e-01 -9.254672e-01 3.466129e-01
    outer loop
      vertex -9.143811e+00 -2.649468e+01 5.877551e+01
      vertex -8.875584e+00 -2.592752e+01 6.040816e+01
      vertex -9.985032e+00 -2.574425e+01 6.040816e+01
    endloop
  endfacet
  facet normal 1.447410e-01 9.252362e-01 -3.506966e-01
    outer loop
      vertex -9.143811e+00 -2.649468e+01 5.877551e+01
      vertex -1.028679e+01 -2.631588e+01 5.877551e+01
      vertex -9.985032e+00 -2.574425e+01 6.040816e+01
    endloop
  endfacet
  facet normal -1.611140e-01 -9.238597e-01 3.471679e-01
    outer loop
      vertex -8.875584e+00 -2.592752e+01 6.040816e+01
      vertex -8.607356e+00 -2.536078e+01 6.204082e+01
      vertex -9.683276e+00 -2.517314e+01 6.204082e+01
    endloop
  endfacet
  facet normal 1.525865e-01 9.237345e-01 -3.513287e-01
    outer loop
      vertex -8.875584e+00 -2.592752e+01 6.040816e+01
      vertex -9.985032e+00 -2.574425e+01 6.040816e+01
      vertex -9.683276e+00 -2.517314e+01 6.204082e+01
    endloop
  endfacet
  facet normal -1.697524e-01 -9.221096e-01 3.477039e-01
    outer loop
      vertex -8.607356e+00 -2.536078e+01 6.204082e+01
      vertex -8.339129e+00 -2.479452e+01 6.367347e+01
      vertex -9.381520e+00 -2.460263e+01 6.367347e+01
    endloop
  endfacet
  facet normal 1.608079e-01 9.221047e-01 -3.519428e-01
    outer loop
      vertex -8.607356e+00 -2.536078e+01 6.204082e+01
      vertex -9.683276e+00 -2.517314e+01 6.204082e+01
      vertex -9.381520e+00 -2.460263e+01 6.367347e+01
    endloop
  endfacet
  facet normal -1.788083e-01 -9.202036e-01 3.482140e-01
    outer loop
      vertex -8.339129e+00 -2.479452e+01 6.367347e+01
      vertex -8.070901e+00 -2.422883e+01 6.530612e+01
      vertex -9.079764e+00 -2.403280e+01 6.530612e+01
    endloop
  endfacet
  facet normal 1.694257e-01 9.203349e-01 -3.525316e-01
    outer loop
      vertex -8.339129e+00 -2.479452e+01 6.367347e+01
      vertex -9.381520e+00 -2.460263e+01 6.367347e+01
      vertex -9.079764e+00 -2.403280e+01 6.530612e+01
    endloop
  endfacet
  facet normal -1.883019e-01 -9.181272e-01 3.486902e-01
    outer loop
      vertex -8.070901e+00 -2.422883e+01 6.530612e+01
      vertex -7.802674e+00 -2.366379e+01 6.693878e+01
      vertex -8.778008e+00 -2.346375e+01 6.693878e+01
    endloop
  endfacet
  facet normal 1.784603e-01 9.184127e-01 -3.530864e-01
    outer loop
      vertex -8.070901e+00 -2.422883e+01 6.530612e+01
      vertex -9.079764e+00 -2.403280e+01 6.530612e+01
      vertex -8.778008e+00 -2.346375e+01 6.693878e+01
    endloop
  endfacet
  facet normal -1.982523e-01 -9.158654e-01 3.491227e-01
    outer loop
      vertex -7.802674e+00 -2.366379e+01 6.693878e+01
      vertex -7.534446e+00 -2.309949e+01 6.857143e+01
      vertex -8.476252e+00 -2.289562e+01 6.857143e+01
    endloop
  endfacet
  facet normal 1.879322e-01 9.163247e-01 -3.535966e-01
    outer loop
      vertex -7.802674e+00 -2.366379e+01 6.693878e+01
      vertex -8.778008e+00 -2.346375e+01 6.693878e+01
      vertex -8.476252e+00 -2.289562e+01 6.857143e+01
    endloop
  endfacet
  facet normal -2.086774e-01 -9.134022e-01 3.495000e-01
    outer loop
      vertex -7.534446e+00 -2.309949e+01 6.857143e+01
      vertex -7.266219e+00 -2.253606e+01 7.020408e+01
      vertex -8.174496e+00 -2.232855e+01 7.020408e+01
    endloop
  endfacet
  facet normal 1.978609e-01 9.140569e-01 -3.540496e-01
    outer loop
      vertex -7.534446e+00 -2.309949e+01 6.857143e+01
      vertex -8.476252e+00 -2.289562e+01 6.857143e+01
      vertex -8.174496e+00 -2.232855e+01 7.020408e+01
    endloop
  endfacet
  facet normal -2.195919e-01 -9.107214e-01 3.498085e-01
    outer loop
      vertex -7.266219e+00 -2.253606e+01 7.020408e+01
      vertex -6.997992e+00 -2.197363e+01 7.183673e+01
      vertex -7.872741e+00 -2.176271e+01 7.183673e+01
    endloop
  endfacet
  facet normal 2.082644e-01 9.115948e-01 -3.544303e-01
    outer loop
      vertex -7.266219e+00 -2.253606e+01 7.020408e+01
      vertex -8.174496e+00 -2.232855e+01 7.020408e+01
      vertex -7.872741e+00 -2.176271e+01 7.183673e+01
    endloop
  endfacet
  facet normal -2.310066e-01 -9.078070e-01 3.500321e-01
    outer loop
      vertex -6.997992e+00 -2.197363e+01 7.183673e+01
      vertex -6.729764e+00 -2.141237e+01 7.346939e+01
      vertex -7.570985e+00 -2.119831e+01 7.346939e+01
    endloop
  endfacet
  facet normal 2.191585e-01 9.089240e-01 -3.547207e-01
    outer loop
      vertex -6.997992e+00 -2.197363e+01 7.183673e+01
      vertex -7.872741e+00 -2.176271e+01 7.183673e+01
      vertex -7.570985e+00 -2.119831e+01 7.346939e+01
    endloop
  endfacet
  facet normal -2.429259e-01 -9.046440e-01 3.501517e-01
    outer loop
      vertex -6.729764e+00 -2.141237e+01 7.346939e+01
      vertex -6.461537e+00 -2.085246e+01 7.510204e+01
      vertex -7.269229e+00 -2.063557e+01 7.510204e+01
    endloop
  endfacet
  facet normal 2.305545e-01 9.060305e-01 -3.548991e-01
    outer loop
      vertex -6.729764e+00 -2.141237e+01 7.346939e+01
      vertex -7.570985e+00 -2.119831e+01 7.346939e+01
      vertex -7.269229e+00 -2.063557e+01 7.510204e+01
    endloop
  endfacet
  facet normal -2.553454e-01 -9.012197e-01 3.501453e-01
    outer loop
      vertex -6.461537e+00 -2.085246e+01 7.510204e+01
      vertex -6.193309e+00 -2.029413e+01 7.673469e+01
      vertex -6.967473e+00 -2.007479e+01 7.673469e+01
    endloop
  endfacet
  facet normal 2.424580e-01 9.029018e-01 -3.549402e-01
    outer loop
      vertex -6.461537e+00 -2.085246e+01 7.510204e+01
      vertex -7.269229e+00 -2.063557e+01 7.510204e+01
      vertex -6.967473e+00 -2.007479e+01 7.673469e+01
    endloop
  endfacet
  facet normal -2.682482e-01 -8.975253e-01 3.499875e-01
    outer loop
      vertex -6.193309e+00 -2.029413e+01 7.673469e+01
      vertex -5.925082e+00 -1.973765e+01 7.836735e+01
      vertex -6.665717e+00 -1.951629e+01 7.836735e+01
    endloop
  endfacet
  facet normal 2.548660e-01 8.995279e-01 -3.548137e-01
    outer loop
      vertex -6.193309e+00 -2.029413e+01 7.673469e+01
      vertex -6.967473e+00 -2.007479e+01 7.673469e+01
      vertex -6.665717e+00 -1.951629e+01 7.836735e+01
    endloop
  endfacet
  facet normal -2.816001e-01 -8.935586e-01 3.496490e-01
    outer loop
      vertex -5.925082e+00 -1.973765e+01 7.836735e+01
      vertex -5.656854e+00 -1.918333e+01 8.000000e+01
      vertex -6.363961e+00 -1.896049e+01 8.000000e+01
    endloop
  endfacet
  facet normal 2.677635e-01 8.959036e-01 -3.544848e-01
    outer loop
      vertex -5.925082e+00 -1.973765e+01 7.836735e+01
      vertex -6.665717e+00 -1.951629e+01 7.836735e+01
      vertex -6.363961e+00 -1.896049e+01 8.000000e+01
    endloop
  endfacet
  facet normal -2.311725e-03 -9.430353e-01 3.326847e-01
    outer loop
      vertex -2.115000e+01 -4.700000e+01 0.000000e+00
      vertex -2.084824e+01 -4.642477e+01 1.632653e+00
      vertex -2.316472e+01 -4.641909e+01 1.632653e+00
    endloop
  endfacet
  facet normal 0.000000e+00 9.421403e-01 -3.352189e-01
    outer loop
      vertex -2.115000e+01 -4.700000e+01 0.000000e+00
      vertex -2.350000e+01 -4.700000e+01 0.000000e+00
      vertex -2.316472e+01 -4.641909e+01 1.632653e+00
    endloop
  endfacet
  facet normal -4.690575e-03 -9.428895e-01 3.330725e-01
    outer loop
      vertex -2.084824e+01 -4.642477e+01 1.632653e+00
      vertex -2.054649e+01 -4.584954e+01 3.265306e+00
      vertex -2.282943e+01 -4.583819e+01 3.265306e+00
    endloop
  endfacet
  facet normal 2.309158e-03 9.419881e-01 -3.356384e-01
    outer loop
      vertex -2.084824e+01 -4.642477e+01 1.632653e+00
      vertex -2.316472e+01 -4.641909e+01 1.632653e+00
      vertex -2.282943e+01 -4.583819e+01 3.265306e+00
    endloop
  endfacet
  facet normal -7.139414e-03 -9.427339e-01 3.334693e-01
    outer loop
      vertex -2.054649e+01 -4.584954e+01 3.265306e+00
      vertex -2.024473e+01 -4.527432e+01 4.897959e+00
      vertex -2.249415e+01 -4.525728e+01 4.897959e+00
    endloop
  endfacet
  facet normal 4.685285e-03 9.418262e-01 -3.360677e-01
    outer loop
      vertex -2.054649e+01 -4.584954e+01 3.265306e+00
      vertex -2.282943e+01 -4.583819e+01 3.265306e+00
      vertex -2.249415e+01 -4.525728e+01 4.897959e+00
    endloop
  endfacet
  facet normal -9.661271e-03 -9.425677e-01 3.338753e-01
    outer loop
      vertex -2.024473e+01 -4.527432e+01 4.897959e+00
      vertex -1.994298e+01 -4.469909e+01 6.530612e+00
      vertex -2.215886e+01 -4.467638e+01 6.530612e+00
    endloop
  endfacet
  facet normal 7.131236e-03 9.416540e-01 -3.365069e-01
    outer loop
      vertex -2.024473e+01 -4.527432e+01 4.897959e+00
      vertex -2.249415e+01 -4.525728e+01 4.897959e+00
      vertex -2.215886e+01 -4.467638e+01 6.530612e+00
    endloop
  endfacet
  facet normal -1.225934e-02 -9.423902e-01 3.342908e-01
    outer loop
      vertex -1.994298e+01 -4.469909e+01 6.530612e+00
      vertex -1.964122e+01 -4.412387e+01 8.163265e+00
      vertex -2.182358e+01 -4.409548e+01 8.163265e+00
    endloop
  endfacet
  facet normal 9.650027e-03 9.414708e-01 -3.369564e-01
    outer loop
      vertex -1.994298e+01 -4.469909e+01 6.530612e+00
      vertex -2.215886e+01 -4.467638e+01 6.530612e+00
      vertex -2.182358e+01 -4.409548e+01 8.163265e+00
    endloop
  endfacet
  facet normal -1.493700e-02 -9.422007e-01 3.347160e-01
    outer loop
      vertex -1.964122e+01 -4.412387e+01 8.163265e+00
      vertex -1.933946e+01 -4.354866e+01 9.795918e+00
      vertex -2.148829e+01 -4.351459e+01 9.795918e+00
    endloop
  endfacet
  facet normal 1.224484e-02 9.412758e-01 -3.374166e-01
    outer loop
      vertex -1.964122e+01 -4.412387e+01 8.163265e+00
      vertex -2.182358e+01 -4.409548e+01 8.163265e+00
      vertex -2.148829e+01 -4.351459e+01 9.795918e+00
    endloop
  endfacet
  facet normal -1.769782e-02 -9.419981e-01 3.351512e-01
    outer loop
      vertex -1.933946e+01 -4.354866e+01 9.795918e+00
      vertex -1.903771e+01 -4.297345e+01 1.142857e+01
      vertex -2.115301e+01 -4.293371e+01 1.142857e+01
    endloop
  endfacet
  facet normal 1.491905e-02 9.410682e-01 -3.378876e-01
    outer loop
      vertex -1.933946e+01 -4.354866e+01 9.795918e+00
      vertex -2.148829e+01 -4.351459e+01 9.795918e+00
      vertex -2.115301e+01 -4.293371e+01 1.142857e+01
    endloop
  endfacet
  facet normal -2.054558e-02 -9.417817e-01 3.355966e-01
    outer loop
      vertex -1.903771e+01 -4.297345e+01 1.142857e+01
      vertex -1.873595e+01 -4.239825e+01 1.306122e+01
      vertex -2.081773e+01 -4.235283e+01 1.306122e+01
    endloop
  endfacet
  facet normal 1.767619e-02 9.408472e-01 -3.383698e-01
    outer loop
      vertex -1.903771e+01 -4.297345e+01 1.142857e+01
      vertex -2.115301e+01 -4.293371e+01 1.142857e+01
      vertex -2.081773e+01 -4.235283e+01 1.306122e+01
    endloop
  endfacet
  facet normal -2.348427e-02 -9.415504e-01 3.360527e-01
    outer loop
      vertex -1.873595e+01 -4.239825e+01 1.306122e+01
      vertex -1.843420e+01 -4.182306e+01 1.469388e+01
      vertex -2.048244e+01 -4.177197e+01 1.469388e+01
    endloop
  endfacet
  facet normal 2.052005e-02 9.406117e-01 -3.388635e-01
    outer loop
      vertex -1.873595e+01 -4.239825e+01 1.306122e+01
      vertex -2.081773e+01 -4.235283e+01 1.306122e+01
      vertex -2.048244e+01 -4.177197e+01 1.469388e+01
    endloop
  endfacet
  facet normal -2.651815e-02 -9.413030e-01 3.365195e-01
    outer loop
      vertex -1.843420e+01 -4.182306e+01 1.469388e+01
      vertex -1.813244e+01 -4.124788e+01 1.632653e+01
      vertex -2.014716e+01 -4.119112e+01 1.632653e+01
    endloop
  endfacet
  facet normal 2.345460e-02 9.403608e-01 -3.393691e-01
    outer loop
      vertex -1.843420e+01 -4.182306e+01 1.469388e+01
      vertex -2.048244e+01 -4.177197e+01 1.469388e+01
      vertex -2.014716e+01 -4.119112e+01 1.632653e+01
    endloop
  endfacet
  facet normal -2.965169e-02 -9.410385e-01 3.369975e-01
    outer loop
      vertex -1.813244e+01 -4.124788e+01 1.632653e+01
      vertex -1.783069e+01 -4.067272e+01 1.795918e+01
      vertex -1.981187e+01 -4.061029e+01 1.795918e+01
    endloop
  endfacet
  facet normal 2.648407e-02 9.400934e-01 -3.398868e-01
    outer loop
      vertex -1.813244e+01 -4.124788e+01 1.632653e+01
      vertex -2.014716e+01 -4.119112e+01 1.632653e+01
      vertex -1.981187e+01 -4.061029e+01 1.795918e+01
    endloop
  endfacet
  facet normal -3.288965e-02 -9.407555e-01 3.374869e-01
    outer loop
      vertex -1.783069e+01 -4.067272e+01 1.795918e+01
      vertex -1.752893e+01 -4.009757e+01 1.959184e+01
      vertex -1.947659e+01 -4.002947e+01 1.959184e+01
    endloop
  endfacet
  facet normal 2.961292e-02 9.398082e-01 -3.404170e-01
    outer loop
      vertex -1.783069e+01 -4.067272e+01 1.795918e+01
      vertex -1.981187e+01 -4.061029e+01 1.795918e+01
      vertex -1.947659e+01 -4.002947e+01 1.959184e+01
    endloop
  endfacet
  facet normal -3.623710e-02 -9.404526e-01 3.379879e-01
    outer loop
      vertex -1.752893e+01 -4.009757e+01 1.959184e+01
      vertex -1.722717e+01 -3.952244e+01 2.122449e+01
      vertex -1.914130e+01 -3.944868e+01 2.122449e+01
    endloop
  endfacet
  facet normal 3.284590e-02 9.395039e-01 -3.409599e-01
    outer loop
      vertex -1.752893e+01 -4.009757e+01 1.959184e+01
      vertex -1.947659e+01 -4.002947e+01 1.959184e+01
      vertex -1.914130e+01 -3.944868e+01 2.122449e+01
    endloop
  endfacet
  facet normal -3.969940e-02 -9.401283e-01 3.385008e-01
    outer loop
      vertex -1.722717e+01 -3.952244e+01 2.122449e+01
      vertex -1.692542e+01 -3.894733e+01 2.285714e+01
      vertex -1.880602e+01 -3.886792e+01 2.285714e+01
    endloop
  endfacet
  facet normal 3.618803e-02 9.391790e-01 -3.415159e-01
    outer loop
      vertex -1.722717e+01 -3.952244e+01 2.122449e+01
      vertex -1.914130e+01 -3.944868e+01 2.122449e+01
      vertex -1.880602e+01 -3.886792e+01 2.285714e+01
    endloop
  endfacet
  facet normal -4.328224e-02 -9.397808e-01 3.390260e-01
    outer loop
      vertex -1.692542e+01 -3.894733e+01 2.285714e+01
      vertex -1.662366e+01 -3.837225e+01 2.448980e+01
      vertex -1.847074e+01 -3.828718e+01 2.448980e+01
    endloop
  endfacet
  facet normal 3.964467e-02 9.388322e-01 -3.420854e-01
    outer loop
      vertex -1.692542e+01 -3.894733e+01 2.285714e+01
      vertex -1.880602e+01 -3.886792e+01 2.285714e+01
      vertex -1.847074e+01 -3.828718e+01 2.448980e+01
    endloop
  endfacet
  facet normal -4.699169e-02 -9.394085e-01 3.395635e-01
    outer loop
      vertex -1.662366e+01 -3.837225e+01 2.448980e+01
      vertex -1.632191e+01 -3.779719e+01 2.612245e+01
      vertex -1.813545e+01 -3.770648e+01 2.612245e+01
    endloop
  endfacet
  facet normal 4.322148e-02 9.384616e-01 -3.426685e-01
    outer loop
      vertex -1.662366e+01 -3.837225e+01 2.448980e+01
      vertex -1.847074e+01 -3.828718e+01 2.448980e+01
      vertex -1.813545e+01 -3.770648e+01 2.612245e+01
    endloop
  endfacet
  facet normal -5.083418e-02 -9.390093e-01 3.401138e-01
    outer loop
      vertex -1.632191e+01 -3.779719e+01 2.612245e+01
      vertex -1.602015e+01 -3.722218e+01 2.775510e+01
      vertex -1.780017e+01 -3.712581e+01 2.775510e+01
    endloop
  endfacet
  facet normal 4.692450e-02 9.380655e-01 -3.432656e-01
    outer loop
      vertex -1.632191e+01 -3.779719e+01 2.612245e+01
      vertex -1.813545e+01 -3.770648e+01 2.612245e+01
      vertex -1.780017e+01 -3.712581e+01 2.775510e+01
    endloop
  endfacet
  facet normal -5.481657e-02 -9.385811e-01 3.406768e-01
    outer loop
      vertex -1.602015e+01 -3.722218e+01 2.775510e+01
      vertex -1.571839e+01 -3.664720e+01 2.938776e+01
      vertex -1.746488e+01 -3.654519e+01 2.938776e+01
    endloop
  endfacet
  facet normal 5.076014e-02 9.376418e-01 -3.438769e-01
    outer loop
      vertex -1.602015e+01 -3.722218e+01 2.775510e+01
      vertex -1.780017e+01 -3.712581e+01 2.775510e+01
      vertex -1.746488e+01 -3.654519e+01 2.938776e+01
    endloop
  endfacet
  facet normal -5.894615e-02 -9.381214e-01 3.412530e-01
    outer loop
      vertex -1.571839e+01 -3.664720e+01 2.938776e+01
      vertex -1.541664e+01 -3.607226e+01 3.102041e+01
      vertex -1.712960e+01 -3.596463e+01 3.102041e+01
    endloop
  endfacet
  facet normal 5.473523e-02 9.371883e-01 -3.445026e-01
    outer loop
      vertex -1.571839e+01 -3.664720e+01 2.938776e+01
      vertex -1.746488e+01 -3.654519e+01 2.938776e+01
      vertex -1.712960e+01 -3.596463e+01 3.102041e+01
    endloop
  endfacet
  facet normal -6.323070e-02 -9.376277e-01 3.418422e-01
    outer loop
      vertex -1.541664e+01 -3.607226e+01 3.102041e+01
      vertex -1.511488e+01 -3.549737e+01 3.265306e+01
      vertex -1.679431e+01 -3.538412e+01 3.265306e+01
    endloop
  endfacet
  facet normal 5.885701e-02 9.367028e-01 -3.451430e-01
    outer loop
      vertex -1.541664e+01 -3.607226e+01 3.102041e+01
      vertex -1.712960e+01 -3.596463e+01 3.102041e+01
      vertex -1.679431e+01 -3.538412e+01 3.265306e+01
    endloop
  endfacet
  facet normal -6.767849e-02 -9.370972e-01 3.424448e-01
    outer loop
      vertex -1.511488e+01 -3.549737e+01 3.265306e+01
      vertex -1.481313e+01 -3.492254e+01 3.428571e+01
      vertex -1.645903e+01 -3.480367e+01 3.428571e+01
    endloop
  endfacet
  facet normal 6.313324e-02 9.361826e-01 -3.457982e-01
    outer loop
      vertex -1.511488e+01 -3.549737e+01 3.265306e+01
      vertex -1.679431e+01 -3.538412e+01 3.265306e+01
      vertex -1.645903e+01 -3.480367e+01 3.428571e+01
    endloop
  endfacet
  facet normal -7.229835e-02 -9.365267e-01 3.430607e-01
    outer loop
      vertex -1.481313e+01 -3.492254e+01 3.428571e+01
      vertex -1.451137e+01 -3.434778e+01 3.591837e+01
      vertex -1.612374e+01 -3.422330e+01 3.591837e+01
    endloop
  endfacet
  facet normal 6.757215e-02 9.356248e-01 -3.464684e-01
    outer loop
      vertex -1.481313e+01 -3.492254e+01 3.428571e+01
      vertex -1.645903e+01 -3.480367e+01 3.428571e+01
      vertex -1.612374e+01 -3.422330e+01 3.591837e+01
    endloop
  endfacet
  facet normal -7.709967e-02 -9.359129e-01 3.436898e-01
    outer loop
      vertex -1.451137e+01 -3.434778e+01 3.591837e+01
      vertex -1.420961e+01 -3.377309e+01 3.755102e+01
      vertex -1.578846e+01 -3.364302e+01 3.755102e+01
    endloop
  endfacet
  facet normal 7.218251e-02 9.350263e-01 -3.471534e-01
    outer loop
      vertex -1.451137e+01 -3.434778e+01 3.591837e+01
      vertex -1.612374e+01 -3.422330e+01 3.591837e+01
      vertex -1.578846e+01 -3.364302e+01 3.755102e+01
    endloop
  endfacet
  facet normal -8.209249e-02 -9.352519e-01 3.443322e-01
    outer loop
      vertex -1.420961e+01 -3.377309e+01 3.755102e+01
      vertex -1.390786e+01 -3.319848e+01 3.918367e+01
      vertex -1.545318e+01 -3.306284e+01 3.918367e+01
    endloop
  endfacet
  facet normal 7.697370e-02 9.343838e-01 -3.478534e-01
    outer loop
      vertex -1.420961e+01 -3.377309e+01 3.755102e+01
      vertex -1.578846e+01 -3.364302e+01 3.755102e+01
      vertex -1.545318e+01 -3.306284e+01 3.918367e+01
    endloop
  endfacet
  facet normal -8.728750e-02 -9.345397e-01 3.449875e-01
    outer loop
      vertex -1.390786e+01 -3.319848e+01 3.918367e+01
      vertex -1.360610e+01 -3.262397e+01 4.081633e+01
      vertex -1.511789e+01 -3.248276e+01 4.081633e+01
    endloop
  endfacet
  facet normal 8.195569e-02 9.336935e-01 -3.485682e-01
    outer loop
      vertex -1.390786e+01 -3.319848e+01 3.918367e+01
      vertex -1.545318e+01 -3.306284e+01 3.918367e+01
      vertex -1.511789e+01 -3.248276e+01 4.081633e+01
    endloop
  endfacet
  facet normal -9.269609e-02 -9.337718e-01 3.456555e-01
    outer loop
      vertex -1.360610e+01 -3.262397e+01 4.081633e+01
      vertex -1.330435e+01 -3.204956e+01 4.244898e+01
      vertex -1.478261e+01 -3.190281e+01 4.244898e+01
    endloop
  endfacet
  facet normal 8.713913e-02 9.329513e-01 -3.492974e-01
    outer loop
      vertex -1.360610e+01 -3.262397e+01 4.081633e+01
      vertex -1.511789e+01 -3.248276e+01 4.081633e+01
      vertex -1.478261e+01 -3.190281e+01 4.244898e+01
    endloop
  endfacet
  facet normal -9.833044e-02 -9.329431e-01 3.463356e-01
    outer loop
      vertex -1.330435e+01 -3.204956e+01 4.244898e+01
      vertex -1.300259e+01 -3.147528e+01 4.408163e+01
      vertex -1.444732e+01 -3.132300e+01 4.408163e+01
    endloop
  endfacet
  facet normal 9.253536e-02 9.321527e-01 -3.500409e-01
    outer loop
      vertex -1.330435e+01 -3.204956e+01 4.244898e+01
      vertex -1.478261e+01 -3.190281e+01 4.244898e+01
      vertex -1.444732e+01 -3.132300e+01 4.408163e+01
    endloop
  endfacet
  facet normal -1.042035e-01 -9.320481e-01 3.470273e-01
    outer loop
      vertex -1.300259e+01 -3.147528e+01 4.408163e+01
      vertex -1.270083e+01 -3.090113e+01 4.571429e+01
      vertex -1.411204e+01 -3.074336e+01 4.571429e+01
    endloop
  endfacet
  facet normal 9.815650e-02 9.312927e-01 -3.507978e-01
    outer loop
      vertex -1.300259e+01 -3.147528e+01 4.408163e+01
      vertex -1.444732e+01 -3.132300e+01 4.408163e+01
      vertex -1.411204e+01 -3.074336e+01 4.571429e+01
    endloop
  endfacet
  facet normal -1.103290e-01 -9.310808e-01 3.477297e-01
    outer loop
      vertex -1.270083e+01 -3.090113e+01 4.571429e+01
      vertex -1.239908e+01 -3.032714e+01 4.734694e+01
      vertex -1.377675e+01 -3.016389e+01 4.734694e+01
    endloop
  endfacet
  facet normal 1.040154e-01 9.303661e-01 -3.515676e-01
    outer loop
      vertex -1.270083e+01 -3.090113e+01 4.571429e+01
      vertex -1.411204e+01 -3.074336e+01 4.571429e+01
      vertex -1.377675e+01 -3.016389e+01 4.734694e+01
    endloop
  endfacet
  facet normal -1.167218e-01 -9.300346e-01 3.484417e-01
    outer loop
      vertex -1.239908e+01 -3.032714e+01 4.734694e+01
      vertex -1.209732e+01 -2.975333e+01 4.897959e+01
      vertex -1.344147e+01 -2.958464e+01 4.897959e+01
    endloop
  endfacet
  facet normal 1.101259e-01 9.293666e-01 -3.523492e-01
    outer loop
      vertex -1.239908e+01 -3.032714e+01 4.734694e+01
      vertex -1.377675e+01 -3.016389e+01 4.734694e+01
      vertex -1.344147e+01 -2.958464e+01 4.897959e+01
    endloop
  endfacet
  facet normal -1.233973e-01 -9.289020e-01 3.491620e-01
    outer loop
      vertex -1.209732e+01 -2.975333e+01 4.897959e+01
      vertex -1.179557e+01 -2.917973e+01 5.061224e+01
      vertex -1.310619e+01 -2.900562e+01 5.061224e+01
    endloop
  endfacet
  facet normal 1.165026e-01 9.282879e-01 -3.531412e-01
    outer loop
      vertex -1.209732e+01 -2.975333e+01 4.897959e+01
      vertex -1.344147e+01 -2.958464e+01 4.897959e+01
      vertex -1.310619e+01 -2.900562e+01 5.061224e+01
    endloop
  endfacet
  facet normal -1.303723e-01 -9.276750e-01 3.498887e-01
    outer loop
      vertex -1.179557e+01 -2.917973e+01 5.061224e+01
      vertex -1.149381e+01 -2.860635e+01 5.224490e+01
      vertex -1.277090e+01 -2.842687e+01 5.224490e+01
    endloop
  endfacet
  facet normal 1.231609e-01 9.271227e-01 -3.539420e-01
    outer loop
      vertex -1.179557e+01 -2.917973e+01 5.061224e+01
      vertex -1.310619e+01 -2.900562e+01 5.061224e+01
      vertex -1.277090e+01 -2.842687e+01 5.224490e+01
    endloop
  endfacet
  facet normal -1.376642e-01 -9.263446e-01 3.506198e-01
    outer loop
      vertex -1.149381e+01 -2.860635e+01 5.224490e+01
      vertex -1.119206e+01 -2.803324e+01 5.387755e+01
      vertex -1.243562e+01 -2.784843e+01 5.387755e+01
    endloop
  endfacet
  facet normal 1.301176e-01 9.258629e-01 -3.547495e-01
    outer loop
      vertex -1.149381e+01 -2.860635e+01 5.224490e+01
      vertex -1.277090e+01 -2.842687e+01 5.224490e+01
      vertex -1.243562e+01 -2.784843e+01 5.387755e+01
    endloop
  endfacet
  facet normal -1.452916e-01 -9.249009e-01 3.513526e-01
    outer loop
      vertex -1.119206e+01 -2.803324e+01 5.387755e+01
      vertex -1.089030e+01 -2.746043e+01 5.551020e+01
      vertex -1.210033e+01 -2.727034e+01 5.551020e+01
    endloop
  endfacet
  facet normal 1.373900e-01 9.245000e-01 -3.555611e-01
    outer loop
      vertex -1.119206e+01 -2.803324e+01 5.387755e+01
      vertex -1.243562e+01 -2.784843e+01 5.387755e+01
      vertex -1.210033e+01 -2.727034e+01 5.551020e+01
    endloop
  endfacet
  facet normal -1.532741e-01 -9.233331e-01 3.520838e-01
    outer loop
      vertex -1.089030e+01 -2.746043e+01 5.551020e+01
      vertex -1.058854e+01 -2.688796e+01 5.714286e+01
      vertex -1.176505e+01 -2.669266e+01 5.714286e+01
    endloop
  endfacet
  facet normal 1.449968e-01 9.230243e-01 -3.563735e-01
    outer loop
      vertex -1.089030e+01 -2.746043e+01 5.551020e+01
      vertex -1.210033e+01 -2.727034e+01 5.551020e+01
      vertex -1.176505e+01 -2.669266e+01 5.714286e+01
    endloop
  endfacet
  facet normal -1.616322e-01 -9.216292e-01 3.528096e-01
    outer loop
      vertex -1.058854e+01 -2.688796e+01 5.714286e+01
      vertex -1.028679e+01 -2.631588e+01 5.877551e+01
      vertex -1.142976e+01 -2.611543e+01 5.877551e+01
    endloop
  endfacet
  facet normal 1.529574e-01 9.214253e-01 -3.571827e-01
    outer loop
      vertex -1.058854e+01 -2.688796e+01 5.714286e+01
      vertex -1.176505e+01 -2.669266e+01 5.714286e+01
      vertex -1.142976e+01 -2.611543e+01 5.877551e+01
    endloop
  endfacet
  facet normal -1.703872e-01 -9.197762e-01 3.535250e-01
    outer loop
      vertex -1.028679e+01 -2.631588e+01 5.877551e+01
      vertex -9.985032e+00 -2.574425e+01 6.040816e+01
      vertex -1.109448e+01 -2.553873e+01 6.040816e+01
    endloop
  endfacet
  facet normal 1.612923e-01 9.196914e-01 -3.579840e-01
    outer loop
      vertex -1.028679e+01 -2.631588e+01 5.877551e+01
      vertex -1.142976e+01 -2.611543e+01 5.877551e+01
      vertex -1.109448e+01 -2.553873e+01 6.040816e+01
    endloop
  endfacet
  facet normal -1.795613e-01 -9.177597e-01 3.542243e-01
    outer loop
      vertex -9.985032e+00 -2.574425e+01 6.040816e+01
      vertex -9.683276e+00 -2.517314e+01 6.204082e+01
      vertex -1.075920e+01 -2.496264e+01 6.204082e+01
    endloop
  endfacet
  facet normal 1.700230e-01 9.178101e-01 -3.587713e-01
    outer loop
      vertex -9.985032e+00 -2.574425e+01 6.040816e+01
      vertex -1.109448e+01 -2.553873e+01 6.040816e+01
      vertex -1.075920e+01 -2.496264e+01 6.204082e+01
    endloop
  endfacet
  facet normal -1.891770e-01 -9.155641e-01 3.549006e-01
    outer loop
      vertex -9.683276e+00 -2.517314e+01 6.204082e+01
      vertex -9.381520e+00 -2.460263e+01 6.367347e+01
      vertex -1.042391e+01 -2.438725e+01 6.367347e+01
    endloop
  endfacet
  facet normal 1.791715e-01 9.157677e-01 -3.595374e-01
    outer loop
      vertex -9.683276e+00 -2.517314e+01 6.204082e+01
      vertex -1.075920e+01 -2.496264e+01 6.204082e+01
      vertex -1.042391e+01 -2.438725e+01 6.367347e+01
    endloop
  endfacet
  facet normal -1.992572e-01 -9.131725e-01 3.555454e-01
    outer loop
      vertex -9.381520e+00 -2.460263e+01 6.367347e+01
      vertex -9.079764e+00 -2.403280e+01 6.530612e+01
      vertex -1.008863e+01 -2.381266e+01 6.530612e+01
    endloop
  endfacet
  facet normal 1.887606e-01 9.135493e-01 -3.602737e-01
    outer loop
      vertex -9.381520e+00 -2.460263e+01 6.367347e+01
      vertex -1.042391e+01 -2.438725e+01 6.367347e+01
      vertex -1.008863e+01 -2.381266e+01 6.530612e+01
    endloop
  endfacet
  facet normal -2.098245e-01 -9.105668e-01 3.561486e-01
    outer loop
      vertex -9.079764e+00 -2.403280e+01 6.530612e+01
      vertex -8.778008e+00 -2.346375e+01 6.693878e+01
      vertex -9.753342e+00 -2.323900e+01 6.693878e+01
    endloop
  endfacet
  facet normal 1.988134e-01 9.111389e-01 -3.609696e-01
    outer loop
      vertex -9.079764e+00 -2.403280e+01 6.530612e+01
      vertex -1.008863e+01 -2.381266e+01 6.530612e+01
      vertex -9.753342e+00 -2.323900e+01 6.693878e+01
    endloop
  endfacet
  facet normal -2.209007e-01 -9.077275e-01 3.566983e-01
    outer loop
      vertex -8.778008e+00 -2.346375e+01 6.693878e+01
      vertex -8.476252e+00 -2.289562e+01 6.857143e+01
      vertex -9.418058e+00 -2.266643e+01 6.857143e+01
    endloop
  endfacet
  facet normal 2.093528e-01 9.085196e-01 -3.616123e-01
    outer loop
      vertex -8.778008e+00 -2.346375e+01 6.693878e+01
      vertex -9.753342e+00 -2.323900e+01 6.693878e+01
      vertex -9.418058e+00 -2.266643e+01 6.857143e+01
    endloop
  endfacet
  facet normal -2.325058e-01 -9.046344e-01 3.571801e-01
    outer loop
      vertex -8.476252e+00 -2.289562e+01 6.857143e+01
      vertex -8.174496e+00 -2.232855e+01 7.020408e+01
      vertex -9.082774e+00 -2.209511e+01 7.020408e+01
    endloop
  endfacet
  facet normal 2.204008e-01 9.056734e-01 -3.621865e-01
    outer loop
      vertex -8.476252e+00 -2.289562e+01 6.857143e+01
      vertex -9.418058e+00 -2.266643e+01 6.857143e+01
      vertex -9.082774e+00 -2.209511e+01 7.020408e+01
    endloop
  endfacet
  facet normal -2.446570e-01 -9.012667e-01 3.575771e-01
    outer loop
      vertex -8.174496e+00 -2.232855e+01 7.020408e+01
      vertex -7.872741e+00 -2.176271e+01 7.183673e+01
      vertex -8.747489e+00 -2.152525e+01 7.183673e+01
    endloop
  endfacet
  facet normal 2.319782e-01 9.025817e-01 -3.626739e-01
    outer loop
      vertex -8.174496e+00 -2.232855e+01 7.020408e+01
      vertex -9.082774e+00 -2.209511e+01 7.020408e+01
      vertex -8.747489e+00 -2.152525e+01 7.183673e+01
    endloop
  endfacet
  facet normal -2.573668e-01 -8.976035e-01 3.578691e-01
    outer loop
      vertex -7.872741e+00 -2.176271e+01 7.183673e+01
      vertex -7.570985e+00 -2.119831e+01 7.346939e+01
      vertex -8.412205e+00 -2.095711e+01 7.346939e+01
    endloop
  endfacet
  facet normal 2.441029e-01 8.992257e-01 -3.630522e-01
    outer loop
      vertex -7.872741e+00 -2.176271e+01 7.183673e+01
      vertex -8.747489e+00 -2.152525e+01 7.183673e+01
      vertex -8.412205e+00 -2.095711e+01 7.346939e+01
    endloop
  endfacet
  facet normal -2.706411e-01 -8.936253e-01 3.580324e-01
    outer loop
      vertex -7.570985e+00 -2.119831e+01 7.346939e+01
      vertex -7.269229e+00 -2.063557e+01 7.510204e+01
      vertex -8.076921e+00 -2.039095e+01 7.510204e+01
    endloop
  endfacet
  facet normal 2.567886e-01 8.955871e-01 -3.632952e-01
    outer loop
      vertex -7.570985e+00 -2.119831e+01 7.346939e+01
      vertex -8.412205e+00 -2.095711e+01 7.346939e+01
      vertex -8.076921e+00 -2.039095e+01 7.510204e+01
    endloop
  endfacet
  facet normal -2.844762e-01 -8.893150e-01 3.580394e-01
    outer loop
      vertex -7.269229e+00 -2.063557e+01 7.510204e+01
      vertex -6.967473e+00 -2.007479e+01 7.673469e+01
      vertex -7.741636e+00 -1.982715e+01 7.673469e+01
    endloop
  endfacet
  facet normal 2.700426e-01 8.916491e-01 -3.633715e-01
    outer loop
      vertex -7.269229e+00 -2.063557e+01 7.510204e+01
      vertex -8.076921e+00 -2.039095e+01 7.510204e+01
      vertex -7.741636e+00 -1.982715e+01 7.673469e+01
    endloop
  endfacet
  facet normal -2.988546e-01 -8.846601e-01 3.578580e-01
    outer loop
      vertex -6.967473e+00 -2.007479e+01 7.673469e+01
      vertex -6.665717e+00 -1.951629e+01 7.836735e+01
      vertex -7.406352e+00 -1.926609e+01 7.836735e+01
    endloop
  endfacet
  facet normal 2.838630e-01 8.873981e-01 -3.632442e-01
    outer loop
      vertex -6.967473e+00 -2.007479e+01 7.673469e+01
      vertex -7.741636e+00 -1.982715e+01 7.673469e+01
      vertex -7.406352e+00 -1.926609e+01 7.836735e+01
    endloop
  endfacet
  facet normal -3.137403e-01 -8.796565e-01 3.574514e-01
    outer loop
      vertex -6.665717e+00 -1.951629e+01 7.836735e+01
      vertex -6.363961e+00 -1.896049e+01 8.000000e+01
      vertex -7.071068e+00 -1.870829e+01 8.000000e+01
    endloop
  endfacet
  facet normal 2.982350e-01 8.828259e-01 -3.628696e-01
    outer loop
      vertex -6.665717e+00 -1.951629e+01 7.836735e+01
      vertex -7.406352e+00 -1.926609e+01 7.836735e+01
      vertex -7.071068e+00 -1.870829e+01 8.000000e+01
    endloop
  endfacet
  facet normal -2.552184e-03 -9.419716e-01 3.356830e-01
    outer loop
      vertex -2.350000e+01 -4.700000e+01 0.000000e+00
      vertex -2.316472e+01 -4.641909e+01 1.632653e+00
      vertex -2.548119e+01 -4.641282e+01 1.632653e+00
    endloop
  endfacet
  facet normal 0.000000e+00 9.409923e-01 -3.384278e-01
    outer loop
      vertex -2.350000e+01 -4.700000e+01 0.000000e+00
      vertex -2.585000e+01 -4.700000e+01 0.000000e+00
      vertex -2.548119e+01 -4.641282e+01 1.632653e+00
    endloop
  endfacet
  facet normal -5.178296e-03 -9.417915e-01 3.361577e-01
    outer loop
      vertex -2.316472e+01 -4.641909e+01 1.632653e+00
      vertex -2.282943e+01 -4.583819e+01 3.265306e+00
      vertex -2.511237e+01 -4.582563e+01 3.265306e+00
    endloop
  endfacet
  facet normal 2.549026e-03 9.408060e-01 -3.389360e-01
    outer loop
      vertex -2.316472e+01 -4.641909e+01 1.632653e+00
      vertex -2.548119e+01 -4.641282e+01 1.632653e+00
      vertex -2.511237e+01 -4.582563e+01 3.265306e+00
    endloop
  endfacet
  facet normal -7.881484e-03 -9.415993e-01 3.366433e-01
    outer loop
      vertex -2.282943e+01 -4.583819e+01 3.265306e+00
      vertex -2.249415e+01 -4.525728e+01 4.897959e+00
      vertex -2.474356e+01 -4.523845e+01 4.897959e+00
    endloop
  endfacet
  facet normal 5.171787e-03 9.406077e-01 -3.394559e-01
    outer loop
      vertex -2.282943e+01 -4.583819e+01 3.265306e+00
      vertex -2.511237e+01 -4.582563e+01 3.265306e+00
      vertex -2.474356e+01 -4.523845e+01 4.897959e+00
    endloop
  endfacet
  facet normal -1.066507e-02 -9.413941e-01 3.371401e-01
    outer loop
      vertex -2.249415e+01 -4.525728e+01 4.897959e+00
      vertex -2.215886e+01 -4.467638e+01 6.530612e+00
      vertex -2.437475e+01 -4.465128e+01 6.530612e+00
    endloop
  endfacet
  facet normal 7.871420e-03 9.403969e-01 -3.399879e-01
    outer loop
      vertex -2.249415e+01 -4.525728e+01 4.897959e+00
      vertex -2.474356e+01 -4.523845e+01 4.897959e+00
      vertex -2.437475e+01 -4.465128e+01 6.530612e+00
    endloop
  endfacet
  facet normal -1.353258e-02 -9.411750e-01 3.376485e-01
    outer loop
      vertex -2.215886e+01 -4.467638e+01 6.530612e+00
      vertex -2.182358e+01 -4.409548e+01 8.163265e+00
      vertex -2.400594e+01 -4.406410e+01 8.163265e+00
    endloop
  endfacet
  facet normal 1.065124e-02 9.401725e-01 -3.405323e-01
    outer loop
      vertex -2.215886e+01 -4.467638e+01 6.530612e+00
      vertex -2.437475e+01 -4.465128e+01 6.530612e+00
      vertex -2.400594e+01 -4.406410e+01 8.163265e+00
    endloop
  endfacet
  facet normal -1.648770e-02 -9.409410e-01 3.381688e-01
    outer loop
      vertex -2.182358e+01 -4.409548e+01 8.163265e+00
      vertex -2.148829e+01 -4.351459e+01 9.795918e+00
      vertex -2.363712e+01 -4.347694e+01 9.795918e+00
    endloop
  endfacet
  facet normal 1.351473e-02 9.399337e-01 -3.410895e-01
    outer loop
      vertex -2.182358e+01 -4.409548e+01 8.163265e+00
      vertex -2.400594e+01 -4.406410e+01 8.163265e+00
      vertex -2.363712e+01 -4.347694e+01 9.795918e+00
    endloop
  endfacet
  facet normal -1.953437e-02 -9.406912e-01 3.387012e-01
    outer loop
      vertex -2.148829e+01 -4.351459e+01 9.795918e+00
      vertex -2.115301e+01 -4.293371e+01 1.142857e+01
      vertex -2.326831e+01 -4.288978e+01 1.142857e+01
    endloop
  endfacet
  facet normal 1.646559e-02 9.396794e-01 -3.416598e-01
    outer loop
      vertex -2.148829e+01 -4.351459e+01 9.795918e+00
      vertex -2.363712e+01 -4.347694e+01 9.795918e+00
      vertex -2.326831e+01 -4.288978e+01 1.142857e+01
    endloop
  endfacet
  facet normal -2.267673e-02 -9.404242e-01 3.392462e-01
    outer loop
      vertex -2.115301e+01 -4.293371e+01 1.142857e+01
      vertex -2.081773e+01 -4.235283e+01 1.306122e+01
      vertex -2.289950e+01 -4.230264e+01 1.306122e+01
    endloop
  endfacet
  facet normal 1.950774e-02 9.394087e-01 -3.422436e-01
    outer loop
      vertex -2.115301e+01 -4.293371e+01 1.142857e+01
      vertex -2.326831e+01 -4.288978e+01 1.142857e+01
      vertex -2.289950e+01 -4.230264e+01 1.306122e+01
    endloop
  endfacet
  facet normal -2.591918e-02 -9.401390e-01 3.398041e-01
    outer loop
      vertex -2.081773e+01 -4.235283e+01 1.306122e+01
      vertex -2.048244e+01 -4.177197e+01 1.469388e+01
      vertex -2.253069e+01 -4.171550e+01 1.469388e+01
    endloop
  endfacet
  facet normal 2.264529e-02 9.391203e-01 -3.428414e-01
    outer loop
      vertex -2.081773e+01 -4.235283e+01 1.306122e+01
      vertex -2.289950e+01 -4.230264e+01 1.306122e+01
      vertex -2.253069e+01 -4.171550e+01 1.469388e+01
    endloop
  endfacet
  facet normal -2.926637e-02 -9.398341e-01 3.403752e-01
    outer loop
      vertex -2.048244e+01 -4.177197e+01 1.469388e+01
      vertex -2.014716e+01 -4.119112e+01 1.632653e+01
      vertex -2.216187e+01 -4.112838e+01 1.632653e+01
    endloop
  endfacet
  facet normal 2.588262e-02 9.388130e-01 -3.434534e-01
    outer loop
      vertex -2.048244e+01 -4.177197e+01 1.469388e+01
      vertex -2.253069e+01 -4.171550e+01 1.469388e+01
      vertex -2.216187e+01 -4.112838e+01 1.632653e+01
    endloop
  endfacet
  facet normal -3.272322e-02 -9.395081e-01 3.409599e-01
    outer loop
      vertex -2.014716e+01 -4.119112e+01 1.632653e+01
      vertex -1.981187e+01 -4.061029e+01 1.795918e+01
      vertex -2.179306e+01 -4.054128e+01 1.795918e+01
    endloop
  endfacet
  facet normal 2.922437e-02 9.384854e-01 -3.440800e-01
    outer loop
      vertex -2.014716e+01 -4.119112e+01 1.632653e+01
      vertex -2.216187e+01 -4.112838e+01 1.632653e+01
      vertex -2.179306e+01 -4.054128e+01 1.795918e+01
    endloop
  endfacet
  facet normal -3.629497e-02 -9.391595e-01 3.415584e-01
    outer loop
      vertex -1.981187e+01 -4.061029e+01 1.795918e+01
      vertex -1.947659e+01 -4.002947e+01 1.959184e+01
      vertex -2.142425e+01 -3.995421e+01 1.959184e+01
    endloop
  endfacet
  facet normal 3.267543e-02 9.381360e-01 -3.447217e-01
    outer loop
      vertex -1.981187e+01 -4.061029e+01 1.795918e+01
      vertex -2.179306e+01 -4.054128e+01 1.795918e+01
      vertex -2.142425e+01 -3.995421e+01 1.959184e+01
    endloop
  endfacet
  facet normal -3.998716e-02 -9.387864e-01 3.421712e-01
    outer loop
      vertex -1.947659e+01 -4.002947e+01 1.959184e+01
      vertex -1.914130e+01 -3.944868e+01 2.122449e+01
      vertex -2.105543e+01 -3.936715e+01 2.122449e+01
    endloop
  endfacet
  facet normal 3.624101e-02 9.377633e-01 -3.453789e-01
    outer loop
      vertex -1.947659e+01 -4.002947e+01 1.959184e+01
      vertex -2.142425e+01 -3.995421e+01 1.959184e+01
      vertex -2.105543e+01 -3.936715e+01 2.122449e+01
    endloop
  endfacet
  facet normal -4.380567e-02 -9.383870e-01 3.427986e-01
    outer loop
      vertex -1.914130e+01 -3.944868e+01 2.122449e+01
      vertex -1.880602e+01 -3.886792e+01 2.285714e+01
      vertex -2.068662e+01 -3.878013e+01 2.285714e+01
    endloop
  endfacet
  facet normal 3.992663e-02 9.373655e-01 -3.460518e-01
    outer loop
      vertex -1.914130e+01 -3.944868e+01 2.122449e+01
      vertex -2.105543e+01 -3.936715e+01 2.122449e+01
      vertex -2.068662e+01 -3.878013e+01 2.285714e+01
    endloop
  endfacet
  facet normal -4.775677e-02 -9.379593e-01 3.434408e-01
    outer loop
      vertex -1.880602e+01 -3.886792e+01 2.285714e+01
      vertex -1.847074e+01 -3.828718e+01 2.448980e+01
      vertex -2.031781e+01 -3.819313e+01 2.448980e+01
    endloop
  endfacet
  facet normal 4.373815e-02 9.369406e-01 -3.467409e-01
    outer loop
      vertex -1.880602e+01 -3.886792e+01 2.285714e+01
      vertex -2.068662e+01 -3.878013e+01 2.285714e+01
      vertex -2.031781e+01 -3.819313e+01 2.448980e+01
    endloop
  endfacet
  facet normal -5.184710e-02 -9.375011e-01 3.440982e-01
    outer loop
      vertex -1.847074e+01 -3.828718e+01 2.448980e+01
      vertex -1.813545e+01 -3.770648e+01 2.612245e+01
      vertex -1.994900e+01 -3.760618e+01 2.612245e+01
    endloop
  endfacet
  facet normal 4.768179e-02 9.364867e-01 -3.474465e-01
    outer loop
      vertex -1.847074e+01 -3.828718e+01 2.448980e+01
      vertex -2.031781e+01 -3.819313e+01 2.448980e+01
      vertex -1.994900e+01 -3.760618e+01 2.612245e+01
    endloop
  endfacet
  facet normal -5.608372e-02 -9.370099e-01 3.447711e-01
    outer loop
      vertex -1.813545e+01 -3.770648e+01 2.612245e+01
      vertex -1.780017e+01 -3.712581e+01 2.775510e+01
      vertex -1.958018e+01 -3.701927e+01 2.775510e+01
    endloop
  endfacet
  facet normal 5.176417e-02 9.360015e-01 -3.481690e-01
    outer loop
      vertex -1.813545e+01 -3.770648e+01 2.612245e+01
      vertex -1.994900e+01 -3.760618e+01 2.612245e+01
      vertex -1.958018e+01 -3.701927e+01 2.775510e+01
    endloop
  endfacet
  facet normal -6.047416e-02 -9.364830e-01 3.454597e-01
    outer loop
      vertex -1.780017e+01 -3.712581e+01 2.775510e+01
      vertex -1.746488e+01 -3.654519e+01 2.938776e+01
      vertex -1.921137e+01 -3.643241e+01 2.938776e+01
    endloop
  endfacet
  facet normal 5.599230e-02 9.354825e-01 -3.489087e-01
    outer loop
      vertex -1.780017e+01 -3.712581e+01 2.775510e+01
      vertex -1.958018e+01 -3.701927e+01 2.775510e+01
      vertex -1.921137e+01 -3.643241e+01 2.938776e+01
    endloop
  endfacet
  facet normal -6.502642e-02 -9.359177e-01 3.461642e-01
    outer loop
      vertex -1.746488e+01 -3.654519e+01 2.938776e+01
      vertex -1.712960e+01 -3.596463e+01 3.102041e+01
      vertex -1.884256e+01 -3.584561e+01 3.102041e+01
    endloop
  endfacet
  facet normal 6.037369e-02 9.349272e-01 -3.496659e-01
    outer loop
      vertex -1.746488e+01 -3.654519e+01 2.938776e+01
      vertex -1.921137e+01 -3.643241e+01 2.938776e+01
      vertex -1.884256e+01 -3.584561e+01 3.102041e+01
    endloop
  endfacet
  facet normal -6.974901e-02 -9.353106e-01 3.468848e-01
    outer loop
      vertex -1.712960e+01 -3.596463e+01 3.102041e+01
      vertex -1.679431e+01 -3.538412e+01 3.265306e+01
      vertex -1.847374e+01 -3.525888e+01 3.265306e+01
    endloop
  endfacet
  facet normal 6.491628e-02 9.343325e-01 -3.504407e-01
    outer loop
      vertex -1.712960e+01 -3.596463e+01 3.102041e+01
      vertex -1.884256e+01 -3.584561e+01 3.102041e+01
      vertex -1.847374e+01 -3.525888e+01 3.265306e+01
    endloop
  endfacet
  facet normal -7.465103e-02 -9.346584e-01 3.476217e-01
    outer loop
      vertex -1.679431e+01 -3.538412e+01 3.265306e+01
      vertex -1.645903e+01 -3.480367e+01 3.428571e+01
      vertex -1.810493e+01 -3.467222e+01 3.428571e+01
    endloop
  endfacet
  facet normal 6.962855e-02 9.336953e-01 -3.512335e-01
    outer loop
      vertex -1.679431e+01 -3.538412e+01 3.265306e+01
      vertex -1.847374e+01 -3.525888e+01 3.265306e+01
      vertex -1.810493e+01 -3.467222e+01 3.428571e+01
    endloop
  endfacet
  facet normal -7.974213e-02 -9.339573e-01 3.483749e-01
    outer loop
      vertex -1.645903e+01 -3.480367e+01 3.428571e+01
      vertex -1.612374e+01 -3.422330e+01 3.591837e+01
      vertex -1.773612e+01 -3.408564e+01 3.591837e+01
    endloop
  endfacet
  facet normal 7.451953e-02 9.330121e-01 -3.520444e-01
    outer loop
      vertex -1.645903e+01 -3.480367e+01 3.428571e+01
      vertex -1.810493e+01 -3.467222e+01 3.428571e+01
      vertex -1.773612e+01 -3.408564e+01 3.591837e+01
    endloop
  endfacet
  facet normal -8.503265e-02 -9.332029e-01 3.491443e-01
    outer loop
      vertex -1.612374e+01 -3.422330e+01 3.591837e+01
      vertex -1.578846e+01 -3.364302e+01 3.755102e+01
      vertex -1.736731e+01 -3.349916e+01 3.755102e+01
    endloop
  endfacet
  facet normal 7.959886e-02 9.322791e-01 -3.528734e-01
    outer loop
      vertex -1.612374e+01 -3.422330e+01 3.591837e+01
      vertex -1.773612e+01 -3.408564e+01 3.591837e+01
      vertex -1.736731e+01 -3.349916e+01 3.755102e+01
    endloop
  endfacet
  facet normal -9.053356e-02 -9.323909e-01 3.499299e-01
    outer loop
      vertex -1.578846e+01 -3.364302e+01 3.755102e+01
      vertex -1.545318e+01 -3.306284e+01 3.918367e+01
      vertex -1.699849e+01 -3.291279e+01 3.918367e+01
    endloop
  endfacet
  facet normal 8.487677e-02 9.314922e-01 -3.537204e-01
    outer loop
      vertex -1.578846e+01 -3.364302e+01 3.755102e+01
      vertex -1.736731e+01 -3.349916e+01 3.755102e+01
      vertex -1.699849e+01 -3.291279e+01 3.918367e+01
    endloop
  endfacet
  facet normal -9.625660e-02 -9.315161e-01 3.507314e-01
    outer loop
      vertex -1.545318e+01 -3.306284e+01 3.918367e+01
      vertex -1.511789e+01 -3.248276e+01 4.081633e+01
      vertex -1.662968e+01 -3.232654e+01 4.081633e+01
    endloop
  endfacet
  facet normal 9.036421e-02 9.306468e-01 -3.545855e-01
    outer loop
      vertex -1.545318e+01 -3.306284e+01 3.918367e+01
      vertex -1.699849e+01 -3.291279e+01 3.918367e+01
      vertex -1.662968e+01 -3.232654e+01 4.081633e+01
    endloop
  endfacet
  facet normal -1.022143e-01 -9.305729e-01 3.515485e-01
    outer loop
      vertex -1.511789e+01 -3.248276e+01 4.081633e+01
      vertex -1.478261e+01 -3.190281e+01 4.244898e+01
      vertex -1.626087e+01 -3.174044e+01 4.244898e+01
    endloop
  endfacet
  facet normal 9.607285e-02 9.297378e-01 -3.554682e-01
    outer loop
      vertex -1.511789e+01 -3.248276e+01 4.081633e+01
      vertex -1.662968e+01 -3.232654e+01 4.081633e+01
      vertex -1.626087e+01 -3.174044e+01 4.244898e+01
    endloop
  endfacet
  facet normal -1.084199e-01 -9.295553e-01 3.523805e-01
    outer loop
      vertex -1.478261e+01 -3.190281e+01 4.244898e+01
      vertex -1.444732e+01 -3.132300e+01 4.408163e+01
      vertex -1.589206e+01 -3.115450e+01 4.408163e+01
    endloop
  endfacet
  facet normal 1.020151e-01 9.287597e-01 -3.563682e-01
    outer loop
      vertex -1.478261e+01 -3.190281e+01 4.244898e+01
      vertex -1.626087e+01 -3.174044e+01 4.244898e+01
      vertex -1.589206e+01 -3.115450e+01 4.408163e+01
    endloop
  endfacet
  facet normal -1.148877e-01 -9.284566e-01 3.532269e-01
    outer loop
      vertex -1.444732e+01 -3.132300e+01 4.408163e+01
      vertex -1.411204e+01 -3.074336e+01 4.571429e+01
      vertex -1.552324e+01 -3.056873e+01 4.571429e+01
    endloop
  endfacet
  facet normal 1.082043e-01 9.277066e-01 -3.572847e-01
    outer loop
      vertex -1.444732e+01 -3.132300e+01 4.408163e+01
      vertex -1.589206e+01 -3.115450e+01 4.408163e+01
      vertex -1.552324e+01 -3.056873e+01 4.571429e+01
    endloop
  endfacet
  facet normal -1.216328e-01 -9.272692e-01 3.540864e-01
    outer loop
      vertex -1.411204e+01 -3.074336e+01 4.571429e+01
      vertex -1.377675e+01 -3.016389e+01 4.734694e+01
      vertex -1.515443e+01 -2.998318e+01 4.734694e+01
    endloop
  endfacet
  facet normal 1.146544e-01 9.265716e-01 -3.582170e-01
    outer loop
      vertex -1.411204e+01 -3.074336e+01 4.571429e+01
      vertex -1.552324e+01 -3.056873e+01 4.571429e+01
      vertex -1.515443e+01 -2.998318e+01 4.734694e+01
    endloop
  endfacet
  facet normal -1.286713e-01 -9.259852e-01 3.549580e-01
    outer loop
      vertex -1.377675e+01 -3.016389e+01 4.734694e+01
      vertex -1.344147e+01 -2.958464e+01 4.897959e+01
      vertex -1.478562e+01 -2.939786e+01 4.897959e+01
    endloop
  endfacet
  facet normal 1.213807e-01 9.253475e-01 -3.591639e-01
    outer loop
      vertex -1.377675e+01 -3.016389e+01 4.734694e+01
      vertex -1.515443e+01 -2.998318e+01 4.734694e+01
      vertex -1.478562e+01 -2.939786e+01 4.897959e+01
    endloop
  endfacet
  facet normal -1.360204e-01 -9.245953e-01 3.558398e-01
    outer loop
      vertex -1.344147e+01 -2.958464e+01 4.897959e+01
      vertex -1.310619e+01 -2.900562e+01 5.061224e+01
      vertex -1.441680e+01 -2.881281e+01 5.061224e+01
    endloop
  endfacet
  facet normal 1.283991e-01 9.240263e-01 -3.601237e-01
    outer loop
      vertex -1.344147e+01 -2.958464e+01 4.897959e+01
      vertex -1.478562e+01 -2.939786e+01 4.897959e+01
      vertex -1.441680e+01 -2.881281e+01 5.061224e+01
    endloop
  endfacet
  facet normal -1.436983e-01 -9.230897e-01 3.567300e-01
    outer loop
      vertex -1.310619e+01 -2.900562e+01 5.061224e+01
      vertex -1.277090e+01 -2.842687e+01 5.224490e+01
      vertex -1.404799e+01 -2.822807e+01 5.224490e+01
    endloop
  endfacet
  facet normal 1.357267e-01 9.225990e-01 -3.610947e-01
    outer loop
      vertex -1.310619e+01 -2.900562e+01 5.061224e+01
      vertex -1.441680e+01 -2.881281e+01 5.061224e+01
      vertex -1.404799e+01 -2.822807e+01 5.224490e+01
    endloop
  endfacet
  facet normal -1.517241e-01 -9.214573e-01 3.576258e-01
    outer loop
      vertex -1.277090e+01 -2.842687e+01 5.224490e+01
      vertex -1.243562e+01 -2.784843e+01 5.387755e+01
      vertex -1.367918e+01 -2.764367e+01 5.387755e+01
    endloop
  endfacet
  facet normal 1.433817e-01 9.210559e-01 -3.620743e-01
    outer loop
      vertex -1.277090e+01 -2.842687e+01 5.224490e+01
      vertex -1.404799e+01 -2.822807e+01 5.224490e+01
      vertex -1.367918e+01 -2.764367e+01 5.387755e+01
    endloop
  endfacet
  facet normal -1.601185e-01 -9.196861e-01 3.585241e-01
    outer loop
      vertex -1.243562e+01 -2.784843e+01 5.387755e+01
      vertex -1.210033e+01 -2.727034e+01 5.551020e+01
      vertex -1.331037e+01 -2.705967e+01 5.551020e+01
    endloop
  endfacet
  facet normal 1.513831e-01 9.193862e-01 -3.630595e-01
    outer loop
      vertex -1.243562e+01 -2.784843e+01 5.387755e+01
      vertex -1.367918e+01 -2.764367e+01 5.387755e+01
      vertex -1.331037e+01 -2.705967e+01 5.551020e+01
    endloop
  endfacet
  facet normal -1.689027e-01 -9.177627e-01 3.594211e-01
    outer loop
      vertex -1.210033e+01 -2.727034e+01 5.551020e+01
      vertex -1.176505e+01 -2.669266e+01 5.714286e+01
      vertex -1.294155e+01 -2.647613e+01 5.714286e+01
    endloop
  endfacet
  facet normal 1.597515e-01 9.175781e-01 -3.640465e-01
    outer loop
      vertex -1.210033e+01 -2.727034e+01 5.551020e+01
      vertex -1.331037e+01 -2.705967e+01 5.551020e+01
      vertex -1.294155e+01 -2.647613e+01 5.714286e+01
    endloop
  endfacet
  facet normal -1.780995e-01 -9.156723e-01 3.603120e-01
    outer loop
      vertex -1.176505e+01 -2.669266e+01 5.714286e+01
      vertex -1.142976e+01 -2.611543e+01 5.877551e+01
      vertex -1.257274e+01 -2.589312e+01 5.877551e+01
    endloop
  endfacet
  facet normal 1.685082e-01 9.156187e-01 -3.650306e-01
    outer loop
      vertex -1.176505e+01 -2.669266e+01 5.714286e+01
      vertex -1.294155e+01 -2.647613e+01 5.714286e+01
      vertex -1.257274e+01 -2.589312e+01 5.877551e+01
    endloop
  endfacet
  facet normal -1.877322e-01 -9.133990e-01 3.611910e-01
    outer loop
      vertex -1.142976e+01 -2.611543e+01 5.877551e+01
      vertex -1.109448e+01 -2.553873e+01 6.040816e+01
      vertex -1.220393e+01 -2.531070e+01 6.040816e+01
    endloop
  endfacet
  facet normal 1.776757e-01 9.134937e-01 -3.660063e-01
    outer loop
      vertex -1.142976e+01 -2.611543e+01 5.877551e+01
      vertex -1.257274e+01 -2.589312e+01 5.877551e+01
      vertex -1.220393e+01 -2.531070e+01 6.040816e+01
    endloop
  endfacet
  facet normal -1.978254e-01 -9.109248e-01 3.620513e-01
    outer loop
      vertex -1.109448e+01 -2.553873e+01 6.040816e+01
      vertex -1.075920e+01 -2.496264e+01 6.204082e+01
      vertex -1.183511e+01 -2.472898e+01 6.204082e+01
    endloop
  endfacet
  facet normal 1.872777e-01 9.111875e-01 -3.669664e-01
    outer loop
      vertex -1.109448e+01 -2.553873e+01 6.040816e+01
      vertex -1.220393e+01 -2.531070e+01 6.040816e+01
      vertex -1.183511e+01 -2.472898e+01 6.204082e+01
    endloop
  endfacet
  facet normal -2.084039e-01 -9.082306e-01 3.628844e-01
    outer loop
      vertex -1.075920e+01 -2.496264e+01 6.204082e+01
      vertex -1.042391e+01 -2.438725e+01 6.367347e+01
      vertex -1.146630e+01 -2.414806e+01 6.367347e+01
    endloop
  endfacet
  facet normal 1.973386e-01 9.086832e-01 -3.679026e-01
    outer loop
      vertex -1.075920e+01 -2.496264e+01 6.204082e+01
      vertex -1.183511e+01 -2.472898e+01 6.204082e+01
      vertex -1.146630e+01 -2.414806e+01 6.367347e+01
    endloop
  endfacet
  facet normal -2.194930e-01 -9.052953e-01 3.636801e-01
    outer loop
      vertex -1.042391e+01 -2.438725e+01 6.367347e+01
      vertex -1.008863e+01 -2.381266e+01 6.530612e+01
      vertex -1.109749e+01 -2.356805e+01 6.530612e+01
    endloop
  endfacet
  facet normal 2.078834e-01 9.059623e-01 -3.688046e-01
    outer loop
      vertex -1.042391e+01 -2.438725e+01 6.367347e+01
      vertex -1.146630e+01 -2.414806e+01 6.367347e+01
      vertex -1.109749e+01 -2.356805e+01 6.530612e+01
    endloop
  endfacet
  facet normal -2.311180e-01 -9.020963e-01 3.644265e-01
    outer loop
      vertex -1.008863e+01 -2.381266e+01 6.530612e+01
      vertex -9.753342e+00 -2.323900e+01 6.693878e+01
      vertex -1.072868e+01 -2.298912e+01 6.693878e+01
    endloop
  endfacet
  facet normal 2.189377e-01 9.030049e-01 -3.696598e-01
    outer loop
      vertex -1.008863e+01 -2.381266e+01 6.530612e+01
      vertex -1.109749e+01 -2.356805e+01 6.530612e+01
      vertex -1.072868e+01 -2.298912e+01 6.693878e+01
    endloop
  endfacet
  facet normal -2.433030e-01 -8.986095e-01 3.651089e-01
    outer loop
      vertex -9.753342e+00 -2.323900e+01 6.693878e+01
      vertex -9.418058e+00 -2.266643e+01 6.857143e+01
      vertex -1.035986e+01 -2.241143e+01 6.857143e+01
    endloop
  endfacet
  facet normal 2.305271e-01 8.997897e-01 -3.704534e-01
    outer loop
      vertex -9.753342e+00 -2.323900e+01 6.693878e+01
      vertex -1.072868e+01 -2.298912e+01 6.693878e+01
      vertex -1.035986e+01 -2.241143e+01 6.857143e+01
    endloop
  endfacet
  facet normal -2.560707e-01 -8.948094e-01 3.657101e-01
    outer loop
      vertex -9.418058e+00 -2.266643e+01 6.857143e+01
      vertex -9.082774e+00 -2.209511e+01 7.020408e+01
      vertex -9.991051e+00 -2.183519e+01 7.020408e+01
    endloop
  endfacet
  facet normal 2.426762e-01 8.962942e-01 -3.711670e-01
    outer loop
      vertex -9.418058e+00 -2.266643e+01 6.857143e+01
      vertex -1.035986e+01 -2.241143e+01 6.857143e+01
      vertex -9.991051e+00 -2.183519e+01 7.020408e+01
    endloop
  endfacet
  facet normal -2.694405e-01 -8.906697e-01 3.662094e-01
    outer loop
      vertex -9.082774e+00 -2.209511e+01 7.020408e+01
      vertex -8.747489e+00 -2.152525e+01 7.183673e+01
      vertex -9.622238e+00 -2.126063e+01 7.183673e+01
    endloop
  endfacet
  facet normal 2.554083e-01 8.924949e-01 -3.717788e-01
    outer loop
      vertex -9.082774e+00 -2.209511e+01 7.020408e+01
      vertex -9.991051e+00 -2.183519e+01 7.020408e+01
      vertex -9.622238e+00 -2.126063e+01 7.183673e+01
    endloop
  endfacet
  facet normal -2.834271e-01 -8.861639e-01 3.665824e-01
    outer loop
      vertex -8.747489e+00 -2.152525e+01 7.183673e+01
      vertex -8.412205e+00 -2.095711e+01 7.346939e+01
      vertex -9.253426e+00 -2.068805e+01 7.346939e+01
    endloop
  endfacet
  facet normal 2.687441e-01 8.883677e-01 -3.722626e-01
    outer loop
      vertex -8.747489e+00 -2.152525e+01 7.183673e+01
      vertex -9.622238e+00 -2.126063e+01 7.183673e+01
      vertex -9.253426e+00 -2.068805e+01 7.346939e+01
    endloop
  endfacet
  facet normal -2.980382e-01 -8.812666e-01 3.668004e-01
    outer loop
      vertex -8.412205e+00 -2.095711e+01 7.346939e+01
      vertex -8.076921e+00 -2.039095e+01 7.510204e+01
      vertex -8.884613e+00 -2.011780e+01 7.510204e+01
    endloop
  endfacet
  facet normal 2.826995e-01 8.838892e-01 -3.725868e-01
    outer loop
      vertex -8.412205e+00 -2.095711e+01 7.346939e+01
      vertex -9.253426e+00 -2.068805e+01 7.346939e+01
      vertex -8.884613e+00 -2.011780e+01 7.510204e+01
    endloop
  endfacet
  facet normal -3.132710e-01 -8.759552e-01 3.668294e-01
    outer loop
      vertex -8.076921e+00 -2.039095e+01 7.510204e+01
      vertex -7.741636e+00 -1.982715e+01 7.673469e+01
      vertex -8.515800e+00 -1.955028e+01 7.673469e+01
    endloop
  endfacet
  facet normal 2.972842e-01 8.790373e-01 -3.727138e-01
    outer loop
      vertex -8.076921e+00 -2.039095e+01 7.510204e+01
      vertex -8.884613e+00 -2.011780e+01 7.510204e+01
      vertex -8.515800e+00 -1.955028e+01 7.673469e+01
    endloop
  endfacet
  facet normal -3.291084e-01 -8.702126e-01 3.666301e-01
    outer loop
      vertex -7.741636e+00 -1.982715e+01 7.673469e+01
      vertex -7.406352e+00 -1.926609e+01 7.836735e+01
      vertex -8.146987e+00 -1.898599e+01 7.836735e+01
    endloop
  endfacet
  facet normal 3.124979e-01 8.737935e-01 -3.725990e-01
    outer loop
      vertex -7.741636e+00 -1.982715e+01 7.673469e+01
      vertex -8.515800e+00 -1.955028e+01 7.673469e+01
      vertex -8.146987e+00 -1.898599e+01 7.836735e+01
    endloop
  endfacet
  facet normal -3.455128e-01 -8.640311e-01 3.661573e-01
    outer loop
      vertex -7.406352e+00 -1.926609e+01 7.836735e+01
      vertex -7.071068e+00 -1.870829e+01 8.000000e+01
      vertex -7.778175e+00 -1.842553e+01 8.000000e+01
    endloop
  endfacet
  facet normal 3.283266e-01 8.681455e-01 -3.721896e-01
    outer loop
      vertex -7.406352e+00 -1.926609e+01 7.836735e+01
      vertex -8.146987e+00 -1.898599e+01 7.836735e+01
      vertex -7.778175e+00 -1.842553e+01 8.000000e+01
    endloop
  endfacet
  facet normal -2.791739e-03 -9.407877e-01 3.389849e-01
    outer loop
      vertex -2.585000e+01 -4.700000e+01 0.000000e+00
      vertex -2.548119e+01 -4.641282e+01 1.632653e+00
      vertex -2.779766e+01 -4.640594e+01 1.632653e+00
    endloop
  endfacet
  facet normal 0.000000e+00 9.397258e-01 -3.419289e-01
    outer loop
      vertex -2.585000e+01 -4.700000e+01 0.000000e+00
      vertex -2.820000e+01 -4.700000e+01 0.000000e+00
      vertex -2.779766e+01 -4.640594e+01 1.632653e+00
    endloop
  endfacet
  facet normal -5.664124e-03 -9.405693e-01 3.395546e-01
    outer loop
      vertex -2.548119e+01 -4.641282e+01 1.632653e+00
      vertex -2.511237e+01 -4.582563e+01 3.265306e+00
      vertex -2.739532e+01 -4.581189e+01 3.265306e+00
    endloop
  endfacet
  facet normal 2.787922e-03 9.395014e-01 -3.425336e-01
    outer loop
      vertex -2.548119e+01 -4.641282e+01 1.632653e+00
      vertex -2.779766e+01 -4.640594e+01 1.632653e+00
      vertex -2.739532e+01 -4.581189e+01 3.265306e+00
    endloop
  endfacet
  facet normal -8.620583e-03 -9.403362e-01 3.401374e-01
    outer loop
      vertex -2.511237e+01 -4.582563e+01 3.265306e+00
      vertex -2.474356e+01 -4.523845e+01 4.897959e+00
      vertex -2.699298e+01 -4.521783e+01 4.897959e+00
    endloop
  endfacet
  facet normal 5.656256e-03 9.392628e-01 -3.431523e-01
    outer loop
      vertex -2.511237e+01 -4.582563e+01 3.265306e+00
      vertex -2.739532e+01 -4.581189e+01 3.265306e+00
      vertex -2.699298e+01 -4.521783e+01 4.897959e+00
    endloop
  endfacet
  facet normal -1.166473e-02 -9.400875e-01 3.407336e-01
    outer loop
      vertex -2.474356e+01 -4.523845e+01 4.897959e+00
      vertex -2.437475e+01 -4.465128e+01 6.530612e+00
      vertex -2.659064e+01 -4.462378e+01 6.530612e+00
    endloop
  endfacet
  facet normal 8.608415e-03 9.390089e-01 -3.437852e-01
    outer loop
      vertex -2.474356e+01 -4.523845e+01 4.897959e+00
      vertex -2.699298e+01 -4.521783e+01 4.897959e+00
      vertex -2.659064e+01 -4.462378e+01 6.530612e+00
    endloop
  endfacet
  facet normal -1.480039e-02 -9.398221e-01 3.413436e-01
    outer loop
      vertex -2.437475e+01 -4.465128e+01 6.530612e+00
      vertex -2.400594e+01 -4.406410e+01 8.163265e+00
      vertex -2.618829e+01 -4.402974e+01 8.163265e+00
    endloop
  endfacet
  facet normal 1.164800e-02 9.387387e-01 -3.444328e-01
    outer loop
      vertex -2.437475e+01 -4.465128e+01 6.530612e+00
      vertex -2.659064e+01 -4.462378e+01 6.530612e+00
      vertex -2.618829e+01 -4.402974e+01 8.163265e+00
    endloop
  endfacet
  facet normal -1.803160e-02 -9.395387e-01 3.419678e-01
    outer loop
      vertex -2.400594e+01 -4.406410e+01 8.163265e+00
      vertex -2.363712e+01 -4.347694e+01 9.795918e+00
      vertex -2.578595e+01 -4.343570e+01 9.795918e+00
    endloop
  endfacet
  facet normal 1.477880e-02 9.384512e-01 -3.450956e-01
    outer loop
      vertex -2.400594e+01 -4.406410e+01 8.163265e+00
      vertex -2.618829e+01 -4.402974e+01 8.163265e+00
      vertex -2.578595e+01 -4.343570e+01 9.795918e+00
    endloop
  endfacet
  facet normal -2.136261e-02 -9.392361e-01 3.426066e-01
    outer loop
      vertex -2.363712e+01 -4.347694e+01 9.795918e+00
      vertex -2.326831e+01 -4.288978e+01 1.142857e+01
      vertex -2.538361e+01 -4.284167e+01 1.142857e+01
    endloop
  endfacet
  facet normal 1.800485e-02 9.381451e-01 -3.457740e-01
    outer loop
      vertex -2.363712e+01 -4.347694e+01 9.795918e+00
      vertex -2.578595e+01 -4.343570e+01 9.795918e+00
      vertex -2.538361e+01 -4.284167e+01 1.142857e+01
    endloop
  endfacet
  facet normal -2.479795e-02 -9.389129e-01 3.432604e-01
    outer loop
      vertex -2.326831e+01 -4.288978e+01 1.142857e+01
      vertex -2.289950e+01 -4.230264e+01 1.306122e+01
      vertex -2.498127e+01 -4.224765e+01 1.306122e+01
    endloop
  endfacet
  facet normal 2.133038e-02 9.378191e-01 -3.464683e-01
    outer loop
      vertex -2.326831e+01 -4.288978e+01 1.142857e+01
      vertex -2.538361e+01 -4.284167e+01 1.142857e+01
      vertex -2.498127e+01 -4.224765e+01 1.306122e+01
    endloop
  endfacet
  facet normal -2.834238e-02 -9.385676e-01 3.439296e-01
    outer loop
      vertex -2.289950e+01 -4.230264e+01 1.306122e+01
      vertex -2.253069e+01 -4.171550e+01 1.469388e+01
      vertex -2.457893e+01 -4.165365e+01 1.469388e+01
    endloop
  endfacet
  facet normal 2.475989e-02 9.374719e-01 -3.471791e-01
    outer loop
      vertex -2.289950e+01 -4.230264e+01 1.306122e+01
      vertex -2.498127e+01 -4.224765e+01 1.306122e+01
      vertex -2.457893e+01 -4.165365e+01 1.469388e+01
    endloop
  endfacet
  facet normal -3.200096e-02 -9.381987e-01 3.446146e-01
    outer loop
      vertex -2.253069e+01 -4.171550e+01 1.469388e+01
      vertex -2.216187e+01 -4.112838e+01 1.632653e+01
      vertex -2.417659e+01 -4.105966e+01 1.632653e+01
    endloop
  endfacet
  facet normal 2.829812e-02 9.371019e-01 -3.479069e-01
    outer loop
      vertex -2.253069e+01 -4.171550e+01 1.469388e+01
      vertex -2.457893e+01 -4.165365e+01 1.469388e+01
      vertex -2.417659e+01 -4.105966e+01 1.632653e+01
    endloop
  endfacet
  facet normal -3.577905e-02 -9.378043e-01 3.453158e-01
    outer loop
      vertex -2.216187e+01 -4.112838e+01 1.632653e+01
      vertex -2.179306e+01 -4.054128e+01 1.795918e+01
      vertex -2.377425e+01 -4.046570e+01 1.795918e+01
    endloop
  endfacet
  facet normal 3.195010e-02 9.367075e-01 -3.486520e-01
    outer loop
      vertex -2.216187e+01 -4.112838e+01 1.632653e+01
      vertex -2.417659e+01 -4.105966e+01 1.632653e+01
      vertex -2.377425e+01 -4.046570e+01 1.795918e+01
    endloop
  endfacet
  facet normal -3.968233e-02 -9.373825e-01 3.460336e-01
    outer loop
      vertex -2.179306e+01 -4.054128e+01 1.795918e+01
      vertex -2.142425e+01 -3.995421e+01 1.959184e+01
      vertex -2.337191e+01 -3.987175e+01 1.959184e+01
    endloop
  endfacet
  facet normal 3.572116e-02 9.362869e-01 -3.494150e-01
    outer loop
      vertex -2.179306e+01 -4.054128e+01 1.795918e+01
      vertex -2.377425e+01 -4.046570e+01 1.795918e+01
      vertex -2.337191e+01 -3.987175e+01 1.959184e+01
    endloop
  endfacet
  facet normal -4.371683e-02 -9.369314e-01 3.467685e-01
    outer loop
      vertex -2.142425e+01 -3.995421e+01 1.959184e+01
      vertex -2.105543e+01 -3.936715e+01 2.122449e+01
      vertex -2.296956e+01 -3.927784e+01 2.122449e+01
    endloop
  endfacet
  facet normal 3.961696e-02 9.358382e-01 -3.501962e-01
    outer loop
      vertex -2.142425e+01 -3.995421e+01 1.959184e+01
      vertex -2.337191e+01 -3.987175e+01 1.959184e+01
      vertex -2.296956e+01 -3.927784e+01 2.122449e+01
    endloop
  endfacet
  facet normal -4.788895e-02 -9.364486e-01 3.475208e-01
    outer loop
      vertex -2.105543e+01 -3.936715e+01 2.122449e+01
      vertex -2.068662e+01 -3.878013e+01 2.285714e+01
      vertex -2.256722e+01 -3.868395e+01 2.285714e+01
    endloop
  endfacet
  facet normal 4.364348e-02 9.353593e-01 -3.509961e-01
    outer loop
      vertex -2.105543e+01 -3.936715e+01 2.122449e+01
      vertex -2.296956e+01 -3.927784e+01 2.122449e+01
      vertex -2.256722e+01 -3.868395e+01 2.285714e+01
    endloop
  endfacet
  facet normal -5.220547e-02 -9.359316e-01 3.482909e-01
    outer loop
      vertex -2.068662e+01 -3.878013e+01 2.285714e+01
      vertex -2.031781e+01 -3.819313e+01 2.448980e+01
      vertex -2.216488e+01 -3.809011e+01 2.448980e+01
    endloop
  endfacet
  facet normal 4.780709e-02 9.348478e-01 -3.518153e-01
    outer loop
      vertex -2.068662e+01 -3.878013e+01 2.285714e+01
      vertex -2.256722e+01 -3.868395e+01 2.285714e+01
      vertex -2.216488e+01 -3.809011e+01 2.448980e+01
    endloop
  endfacet
  facet normal -5.667361e-02 -9.353779e-01 3.490791e-01
    outer loop
      vertex -2.031781e+01 -3.819313e+01 2.448980e+01
      vertex -1.994900e+01 -3.760618e+01 2.612245e+01
      vertex -2.176254e+01 -3.749630e+01 2.612245e+01
    endloop
  endfacet
  facet normal 5.211454e-02 9.343015e-01 -3.526540e-01
    outer loop
      vertex -2.031781e+01 -3.819313e+01 2.448980e+01
      vertex -2.216488e+01 -3.809011e+01 2.448980e+01
      vertex -2.176254e+01 -3.749630e+01 2.612245e+01
    endloop
  endfacet
  facet normal -6.130106e-02 -9.347845e-01 3.498859e-01
    outer loop
      vertex -1.994900e+01 -3.760618e+01 2.612245e+01
      vertex -1.958018e+01 -3.701927e+01 2.775510e+01
      vertex -2.136020e+01 -3.690254e+01 2.775510e+01
    endloop
  endfacet
  facet normal 5.657300e-02 9.337174e-01 -3.535128e-01
    outer loop
      vertex -1.994900e+01 -3.760618e+01 2.612245e+01
      vertex -2.176254e+01 -3.749630e+01 2.612245e+01
      vertex -2.136020e+01 -3.690254e+01 2.775510e+01
    endloop
  endfacet
  facet normal -6.609597e-02 -9.341482e-01 3.507115e-01
    outer loop
      vertex -1.958018e+01 -3.701927e+01 2.775510e+01
      vertex -1.921137e+01 -3.643241e+01 2.938776e+01
      vertex -2.095786e+01 -3.630884e+01 2.938776e+01
    endloop
  endfacet
  facet normal 6.119012e-02 9.330928e-01 -3.543919e-01
    outer loop
      vertex -1.958018e+01 -3.701927e+01 2.775510e+01
      vertex -2.136020e+01 -3.690254e+01 2.775510e+01
      vertex -2.095786e+01 -3.630884e+01 2.938776e+01
    endloop
  endfacet
  facet normal -7.106704e-02 -9.334655e-01 3.515561e-01
    outer loop
      vertex -1.921137e+01 -3.643241e+01 2.938776e+01
      vertex -1.884256e+01 -3.584561e+01 3.102041e+01
      vertex -2.055552e+01 -3.571520e+01 3.102041e+01
    endloop
  endfacet
  facet normal 6.597400e-02 9.324243e-01 -3.552918e-01
    outer loop
      vertex -1.921137e+01 -3.643241e+01 2.938776e+01
      vertex -2.095786e+01 -3.630884e+01 2.938776e+01
      vertex -2.055552e+01 -3.571520e+01 3.102041e+01
    endloop
  endfacet
  facet normal -7.622352e-02 -9.327326e-01 3.524201e-01
    outer loop
      vertex -1.884256e+01 -3.584561e+01 3.102041e+01
      vertex -1.847374e+01 -3.525888e+01 3.265306e+01
      vertex -2.015318e+01 -3.512163e+01 3.265306e+01
    endloop
  endfacet
  facet normal 7.093329e-02 9.317086e-01 -3.562127e-01
    outer loop
      vertex -1.884256e+01 -3.584561e+01 3.102041e+01
      vertex -2.055552e+01 -3.571520e+01 3.102041e+01
      vertex -2.015318e+01 -3.512163e+01 3.265306e+01
    endloop
  endfacet
  facet normal -8.157526e-02 -9.319454e-01 3.533035e-01
    outer loop
      vertex -1.847374e+01 -3.525888e+01 3.265306e+01
      vertex -1.810493e+01 -3.467222e+01 3.428571e+01
      vertex -1.975083e+01 -3.452815e+01 3.428571e+01
    endloop
  endfacet
  facet normal 7.607717e-02 9.309418e-01 -3.571550e-01
    outer loop
      vertex -1.847374e+01 -3.525888e+01 3.265306e+01
      vertex -2.015318e+01 -3.512163e+01 3.265306e+01
      vertex -1.975083e+01 -3.452815e+01 3.428571e+01
    endloop
  endfacet
  facet normal -8.713276e-02 -9.310992e-01 3.542064e-01
    outer loop
      vertex -1.810493e+01 -3.467222e+01 3.428571e+01
      vertex -1.773612e+01 -3.408564e+01 3.591837e+01
      vertex -1.934849e+01 -3.393475e+01 3.591837e+01
    endloop
  endfacet
  facet normal 8.141544e-02 9.301196e-01 -3.581187e-01
    outer loop
      vertex -1.810493e+01 -3.467222e+01 3.428571e+01
      vertex -1.975083e+01 -3.452815e+01 3.428571e+01
      vertex -1.934849e+01 -3.393475e+01 3.591837e+01
    endloop
  endfacet
  facet normal -9.290722e-02 -9.301891e-01 3.551289e-01
    outer loop
      vertex -1.773612e+01 -3.408564e+01 3.591837e+01
      vertex -1.736731e+01 -3.349916e+01 3.755102e+01
      vertex -1.894615e+01 -3.334146e+01 3.755102e+01
    endloop
  endfacet
  facet normal 8.695855e-02 9.292376e-01 -3.591040e-01
    outer loop
      vertex -1.773612e+01 -3.408564e+01 3.591837e+01
      vertex -1.934849e+01 -3.393475e+01 3.591837e+01
      vertex -1.894615e+01 -3.334146e+01 3.755102e+01
    endloop
  endfacet
  facet normal -9.891057e-02 -9.292095e-01 3.560708e-01
    outer loop
      vertex -1.736731e+01 -3.349916e+01 3.755102e+01
      vertex -1.699849e+01 -3.291279e+01 3.918367e+01
      vertex -1.854381e+01 -3.274830e+01 3.918367e+01
    endloop
  endfacet
  facet normal 9.271760e-02 9.282907e-01 -3.601109e-01
    outer loop
      vertex -1.736731e+01 -3.349916e+01 3.755102e+01
      vertex -1.894615e+01 -3.334146e+01 3.755102e+01
      vertex -1.854381e+01 -3.274830e+01 3.918367e+01
    endloop
  endfacet
  facet normal -1.051555e-01 -9.281544e-01 3.570319e-01
    outer loop
      vertex -1.699849e+01 -3.291279e+01 3.918367e+01
      vertex -1.662968e+01 -3.232654e+01 4.081633e+01
      vertex -1.814147e+01 -3.215527e+01 4.081633e+01
    endloop
  endfacet
  facet normal 9.870447e-02 9.272733e-01 -3.611393e-01
    outer loop
      vertex -1.699849e+01 -3.291279e+01 3.918367e+01
      vertex -1.854381e+01 -3.274830e+01 3.918367e+01
      vertex -1.814147e+01 -3.215527e+01 4.081633e+01
    endloop
  endfacet
  facet normal -1.116557e-01 -9.270171e-01 3.580116e-01
    outer loop
      vertex -1.662968e+01 -3.232654e+01 4.081633e+01
      vertex -1.626087e+01 -3.174044e+01 4.244898e+01
      vertex -1.773913e+01 -3.156239e+01 4.244898e+01
    endloop
  endfacet
  facet normal 1.049318e-01 9.261796e-01 -3.621888e-01
    outer loop
      vertex -1.662968e+01 -3.232654e+01 4.081633e+01
      vertex -1.814147e+01 -3.215527e+01 4.081633e+01
      vertex -1.773913e+01 -3.156239e+01 4.244898e+01
    endloop
  endfacet
  facet normal -1.184255e-01 -9.257902e-01 3.590095e-01
    outer loop
      vertex -1.626087e+01 -3.174044e+01 4.244898e+01
      vertex -1.589206e+01 -3.115450e+01 4.408163e+01
      vertex -1.733679e+01 -3.096969e+01 4.408163e+01
    endloop
  endfacet
  facet normal 1.114131e-01 9.250027e-01 -3.632589e-01
    outer loop
      vertex -1.626087e+01 -3.174044e+01 4.244898e+01
      vertex -1.773913e+01 -3.156239e+01 4.244898e+01
      vertex -1.733679e+01 -3.096969e+01 4.408163e+01
    endloop
  endfacet
  facet normal -1.254804e-01 -9.244658e-01 3.600246e-01
    outer loop
      vertex -1.589206e+01 -3.115450e+01 4.408163e+01
      vertex -1.552324e+01 -3.056873e+01 4.571429e+01
      vertex -1.693445e+01 -3.037719e+01 4.571429e+01
    endloop
  endfacet
  facet normal 1.181627e-01 9.237355e-01 -3.643491e-01
    outer loop
      vertex -1.589206e+01 -3.115450e+01 4.408163e+01
      vertex -1.733679e+01 -3.096969e+01 4.408163e+01
      vertex -1.693445e+01 -3.037719e+01 4.571429e+01
    endloop
  endfacet
  facet normal -1.328368e-01 -9.230347e-01 3.610559e-01
    outer loop
      vertex -1.552324e+01 -3.056873e+01 4.571429e+01
      vertex -1.515443e+01 -2.998318e+01 4.734694e+01
      vertex -1.653211e+01 -2.978491e+01 4.734694e+01
    endloop
  endfacet
  facet normal 1.251959e-01 9.223699e-01 -3.654582e-01
    outer loop
      vertex -1.552324e+01 -3.056873e+01 4.571429e+01
      vertex -1.693445e+01 -3.037719e+01 4.571429e+01
      vertex -1.653211e+01 -2.978491e+01 4.734694e+01
    endloop
  endfacet
  facet normal -1.405122e-01 -9.214872e-01 3.621017e-01
    outer loop
      vertex -1.515443e+01 -2.998318e+01 4.734694e+01
      vertex -1.478562e+01 -2.939786e+01 4.897959e+01
      vertex -1.612976e+01 -2.919290e+01 4.897959e+01
    endloop
  endfacet
  facet normal 1.325291e-01 9.208971e-01 -3.665850e-01
    outer loop
      vertex -1.515443e+01 -2.998318e+01 4.734694e+01
      vertex -1.653211e+01 -2.978491e+01 4.734694e+01
      vertex -1.612976e+01 -2.919290e+01 4.897959e+01
    endloop
  endfacet
  facet normal -1.485252e-01 -9.198125e-01 3.631602e-01
    outer loop
      vertex -1.478562e+01 -2.939786e+01 4.897959e+01
      vertex -1.441680e+01 -2.881281e+01 5.061224e+01
      vertex -1.572742e+01 -2.860118e+01 5.061224e+01
    endloop
  endfacet
  facet normal 1.401798e-01 9.193073e-01 -3.677278e-01
    outer loop
      vertex -1.478562e+01 -2.939786e+01 4.897959e+01
      vertex -1.612976e+01 -2.919290e+01 4.897959e+01
      vertex -1.572742e+01 -2.860118e+01 5.061224e+01
    endloop
  endfacet
  facet normal -1.568956e-01 -9.179984e-01 3.642290e-01
    outer loop
      vertex -1.441680e+01 -2.881281e+01 5.061224e+01
      vertex -1.404799e+01 -2.822807e+01 5.224490e+01
      vertex -1.532508e+01 -2.800980e+01 5.224490e+01
    endloop
  endfacet
  facet normal 1.481663e-01 9.175898e-01 -3.688843e-01
    outer loop
      vertex -1.441680e+01 -2.881281e+01 5.061224e+01
      vertex -1.572742e+01 -2.860118e+01 5.061224e+01
      vertex -1.532508e+01 -2.800980e+01 5.224490e+01
    endloop
  endfacet
  facet normal -1.656443e-01 -9.160318e-01 3.653050e-01
    outer loop
      vertex -1.404799e+01 -2.822807e+01 5.224490e+01
      vertex -1.367918e+01 -2.764367e+01 5.387755e+01
      vertex -1.492274e+01 -2.741880e+01 5.387755e+01
    endloop
  endfacet
  facet normal 1.565084e-01 9.157329e-01 -3.700518e-01
    outer loop
      vertex -1.404799e+01 -2.822807e+01 5.224490e+01
      vertex -1.532508e+01 -2.800980e+01 5.224490e+01
      vertex -1.492274e+01 -2.741880e+01 5.387755e+01
    endloop
  endfacet
  facet normal -1.747936e-01 -9.138979e-01 3.663847e-01
    outer loop
      vertex -1.367918e+01 -2.764367e+01 5.387755e+01
      vertex -1.331037e+01 -2.705967e+01 5.551020e+01
      vertex -1.452040e+01 -2.682824e+01 5.551020e+01
    endloop
  endfacet
  facet normal 1.652269e-01 9.137235e-01 -3.712268e-01
    outer loop
      vertex -1.367918e+01 -2.764367e+01 5.387755e+01
      vertex -1.492274e+01 -2.741880e+01 5.387755e+01
      vertex -1.452040e+01 -2.682824e+01 5.551020e+01
    endloop
  endfacet
  facet normal -1.843668e-01 -9.115808e-01 3.674635e-01
    outer loop
      vertex -1.331037e+01 -2.705967e+01 5.551020e+01
      vertex -1.294155e+01 -2.647613e+01 5.714286e+01
      vertex -1.411806e+01 -2.623819e+01 5.714286e+01
    endloop
  endfacet
  facet normal 1.743440e-01 9.115474e-01 -3.724050e-01
    outer loop
      vertex -1.331037e+01 -2.705967e+01 5.551020e+01
      vertex -1.452040e+01 -2.682824e+01 5.551020e+01
      vertex -1.411806e+01 -2.623819e+01 5.714286e+01
    endloop
  endfacet
  facet normal -1.943884e-01 -9.090625e-01 3.685357e-01
    outer loop
      vertex -1.294155e+01 -2.647613e+01 5.714286e+01
      vertex -1.257274e+01 -2.589312e+01 5.877551e+01
      vertex -1.371572e+01 -2.564871e+01 5.877551e+01
    endloop
  endfacet
  facet normal 1.838830e-01 9.091887e-01 -3.735811e-01
    outer loop
      vertex -1.294155e+01 -2.647613e+01 5.714286e+01
      vertex -1.411806e+01 -2.623819e+01 5.714286e+01
      vertex -1.371572e+01 -2.564871e+01 5.877551e+01
    endloop
  endfacet
  facet normal -2.048842e-01 -9.063234e-01 3.695948e-01
    outer loop
      vertex -1.257274e+01 -2.589312e+01 5.877551e+01
      vertex -1.220393e+01 -2.531070e+01 6.040816e+01
      vertex -1.331338e+01 -2.505990e+01 6.040816e+01
    endloop
  endfacet
  facet normal 1.938684e-01 9.066303e-01 -3.747486e-01
    outer loop
      vertex -1.257274e+01 -2.589312e+01 5.877551e+01
      vertex -1.371572e+01 -2.564871e+01 5.877551e+01
      vertex -1.331338e+01 -2.505990e+01 6.040816e+01
    endloop
  endfacet
  facet normal -2.158807e-01 -9.033422e-01 3.706324e-01
    outer loop
      vertex -1.220393e+01 -2.531070e+01 6.040816e+01
      vertex -1.183511e+01 -2.472898e+01 6.204082e+01
      vertex -1.291103e+01 -2.447186e+01 6.204082e+01
    endloop
  endfacet
  facet normal 2.043258e-01 9.038532e-01 -3.758995e-01
    outer loop
      vertex -1.220393e+01 -2.531070e+01 6.040816e+01
      vertex -1.331338e+01 -2.505990e+01 6.040816e+01
      vertex -1.291103e+01 -2.447186e+01 6.204082e+01
    endloop
  endfacet
  facet normal -2.274053e-01 -9.000952e-01 3.716389e-01
    outer loop
      vertex -1.183511e+01 -2.472898e+01 6.204082e+01
      vertex -1.146630e+01 -2.414806e+01 6.367347e+01
      vertex -1.250869e+01 -2.388470e+01 6.367347e+01
    endloop
  endfacet
  facet normal 2.152819e-01 9.008366e-01 -3.770240e-01
    outer loop
      vertex -1.183511e+01 -2.472898e+01 6.204082e+01
      vertex -1.291103e+01 -2.447186e+01 6.204082e+01
      vertex -1.250869e+01 -2.388470e+01 6.367347e+01
    endloop
  endfacet
  facet normal -2.394856e-01 -8.965569e-01 3.726022e-01
    outer loop
      vertex -1.146630e+01 -2.414806e+01 6.367347e+01
      vertex -1.109749e+01 -2.356805e+01 6.530612e+01
      vertex -1.210635e+01 -2.329857e+01 6.530612e+01
    endloop
  endfacet
  facet normal 2.267643e-01 8.975581e-01 -3.781103e-01
    outer loop
      vertex -1.146630e+01 -2.414806e+01 6.367347e+01
      vertex -1.250869e+01 -2.388470e+01 6.367347e+01
      vertex -1.210635e+01 -2.329857e+01 6.530612e+01
    endloop
  endfacet
  facet normal -2.521495e-01 -8.926995e-01 3.735080e-01
    outer loop
      vertex -1.109749e+01 -2.356805e+01 6.530612e+01
      vertex -1.072868e+01 -2.298912e+01 6.693878e+01
      vertex -1.170401e+01 -2.271363e+01 6.693878e+01
    endloop
  endfacet
  facet normal 2.388009e-01 8.939933e-01 -3.791441e-01
    outer loop
      vertex -1.109749e+01 -2.356805e+01 6.530612e+01
      vertex -1.210635e+01 -2.329857e+01 6.530612e+01
      vertex -1.170401e+01 -2.271363e+01 6.693878e+01
    endloop
  endfacet
  facet normal -2.654237e-01 -8.884933e-01 3.743393e-01
    outer loop
      vertex -1.072868e+01 -2.298912e+01 6.693878e+01
      vertex -1.035986e+01 -2.241143e+01 6.857143e+01
      vertex -1.130167e+01 -2.213008e+01 6.857143e+01
    endloop
  endfacet
  facet normal 2.514197e-01 8.901158e-01 -3.801079e-01
    outer loop
      vertex -1.072868e+01 -2.298912e+01 6.693878e+01
      vertex -1.170401e+01 -2.271363e+01 6.693878e+01
      vertex -1.130167e+01 -2.213008e+01 6.857143e+01
    endloop
  endfacet
  facet normal -2.793335e-01 -8.839067e-01 3.750756e-01
    outer loop
      vertex -1.035986e+01 -2.241143e+01 6.857143e+01
      vertex -9.991051e+00 -2.183519e+01 7.020408e+01
      vertex -1.089933e+01 -2.154815e+01 7.020408e+01
    endloop
  endfacet
  facet normal 2.646484e-01 8.858978e-01 -3.809807e-01
    outer loop
      vertex -1.035986e+01 -2.241143e+01 6.857143e+01
      vertex -1.130167e+01 -2.213008e+01 6.857143e+01
      vertex -1.089933e+01 -2.154815e+01 7.020408e+01
    endloop
  endfacet
  facet normal -2.939007e-01 -8.789070e-01 3.756924e-01
    outer loop
      vertex -9.991051e+00 -2.183519e+01 7.020408e+01
      vertex -9.622238e+00 -2.126063e+01 7.183673e+01
      vertex -1.049699e+01 -2.096812e+01 7.183673e+01
    endloop
  endfacet
  facet normal 2.785128e-01 8.813100e-01 -3.817371e-01
    outer loop
      vertex -9.991051e+00 -2.183519e+01 7.020408e+01
      vertex -1.089933e+01 -2.154815e+01 7.020408e+01
      vertex -1.049699e+01 -2.096812e+01 7.183673e+01
    endloop
  endfacet
  facet normal -3.091426e-01 -8.734609e-01 3.761607e-01
    outer loop
      vertex -9.622238e+00 -2.126063e+01 7.183673e+01
      vertex -9.253426e+00 -2.068805e+01 7.346939e+01
      vertex -1.009465e+01 -2.039032e+01 7.346939e+01
    endloop
  endfacet
  facet normal 2.930364e-01 8.763224e-01 -3.823464e-01
    outer loop
      vertex -9.622238e+00 -2.126063e+01 7.183673e+01
      vertex -1.049699e+01 -2.096812e+01 7.183673e+01
      vertex -1.009465e+01 -2.039032e+01 7.346939e+01
    endloop
  endfacet
  facet normal -3.250689e-01 -8.675359e-01 3.764461e-01
    outer loop
      vertex -9.253426e+00 -2.068805e+01 7.346939e+01
      vertex -8.884613e+00 -2.011780e+01 7.510204e+01
      vertex -9.692305e+00 -1.981515e+01 7.510204e+01
    endloop
  endfacet
  facet normal 3.082380e-01 8.709048e-01 -3.827717e-01
    outer loop
      vertex -9.253426e+00 -2.068805e+01 7.346939e+01
      vertex -1.009465e+01 -2.039032e+01 7.346939e+01
      vertex -9.692305e+00 -1.981515e+01 7.510204e+01
    endloop
  endfacet
  facet normal -3.416785e-01 -8.611024e-01 3.765082e-01
    outer loop
      vertex -8.884613e+00 -2.011780e+01 7.510204e+01
      vertex -8.515800e+00 -1.955028e+01 7.673469e+01
      vertex -9.289964e+00 -1.924310e+01 7.673469e+01
    endloop
  endfacet
  facet normal 3.241295e-01 8.650289e-01 -3.829688e-01
    outer loop
      vertex -8.884613e+00 -2.011780e+01 7.510204e+01
      vertex -9.692305e+00 -1.981515e+01 7.510204e+01
      vertex -9.289964e+00 -1.924310e+01 7.673469e+01
    endloop
  endfacet
  facet normal -3.589548e-01 -8.541370e-01 3.762997e-01
    outer loop
      vertex -8.515800e+00 -1.955028e+01 7.673469e+01
      vertex -8.146987e+00 -1.898599e+01 7.836735e+01
      vertex -8.887623e+00 -1.867474e+01 7.836735e+01
    endloop
  endfacet
  facet normal 3.407132e-01 8.586697e-01 -3.828849e-01
    outer loop
      vertex -8.515800e+00 -1.955028e+01 7.673469e+01
      vertex -9.289964e+00 -1.924310e+01 7.673469e+01
      vertex -8.887623e+00 -1.867474e+01 7.836735e+01
    endloop
  endfacet
  facet normal -3.768601e-01 -8.466265e-01 3.757660e-01
    outer loop
      vertex -8.146987e+00 -1.898599e+01 7.836735e+01
      vertex -7.778175e+00 -1.842553e+01 8.000000e+01
      vertex -8.485281e+00 -1.811077e+01 8.000000e+01
    endloop
  endfacet
  facet normal 3.579767e-01 8.518094e-01 -3.824572e-01
    outer loop
      vertex -8.146987e+00 -1.898599e+01 7.836735e+01
      vertex -8.887623e+00 -1.867474e+01 7.836735e+01
      vertex -8.485281e+00 -1.811077e+01 8.000000e+01
    endloop
  endfacet
  facet normal -3.030287e-03 -9.394813e-01 3.425867e-01
    outer loop
      vertex -2.820000e+01 -4.700000e+01 0.000000e+00
      vertex -2.779766e+01 -4.640594e+01 1.632653e+00
      vertex -3.011413e+01 -4.639847e+01 1.632653e+00
    endloop
  endfacet
  facet normal 2.837147e-15 9.383383e-01 -3.457183e-01
    outer loop
      vertex -2.820000e+01 -4.700000e+01 0.000000e+00
      vertex -3.055000e+01 -4.700000e+01 0.000000e+00
      vertex -3.011413e+01 -4.639847e+01 1.632653e+00
    endloop
  endfacet
  facet normal -6.147848e-03 -9.392205e-01 3.432594e-01
    outer loop
      vertex -2.779766e+01 -4.640594e+01 1.632653e+00
      vertex -2.739532e+01 -4.581189e+01 3.265306e+00
      vertex -2.967826e+01 -4.579694e+01 3.265306e+00
    endloop
  endfacet
  facet normal 3.025741e-03 9.380720e-01 -3.464273e-01
    outer loop
      vertex -2.779766e+01 -4.640594e+01 1.632653e+00
      vertex -3.011413e+01 -4.639847e+01 1.632653e+00
      vertex -2.967826e+01 -4.579694e+01 3.265306e+00
    endloop
  endfacet
  facet normal -9.356380e-03 -9.389423e-01 3.439475e-01
    outer loop
      vertex -2.739532e+01 -4.581189e+01 3.265306e+00
      vertex -2.699298e+01 -4.521783e+01 4.897959e+00
      vertex -2.924239e+01 -4.519542e+01 4.897959e+00
    endloop
  endfacet
  facet normal 6.138476e-03 9.377886e-01 -3.471524e-01
    outer loop
      vertex -2.739532e+01 -4.581189e+01 3.265306e+00
      vertex -2.967826e+01 -4.579694e+01 3.265306e+00
      vertex -2.924239e+01 -4.519542e+01 4.897959e+00
    endloop
  endfacet
  facet normal -1.265979e-02 -9.386454e-01 3.446513e-01
    outer loop
      vertex -2.699298e+01 -4.521783e+01 4.897959e+00
      vertex -2.659064e+01 -4.462378e+01 6.530612e+00
      vertex -2.880652e+01 -4.459390e+01 6.530612e+00
    endloop
  endfacet
  facet normal 9.341881e-03 9.374872e-01 -3.478942e-01
    outer loop
      vertex -2.699298e+01 -4.521783e+01 4.897959e+00
      vertex -2.924239e+01 -4.519542e+01 4.897959e+00
      vertex -2.880652e+01 -4.459390e+01 6.530612e+00
    endloop
  endfacet
  facet normal -1.606218e-02 -9.383286e-01 3.453714e-01
    outer loop
      vertex -2.659064e+01 -4.462378e+01 6.530612e+00
      vertex -2.618829e+01 -4.402974e+01 8.163265e+00
      vertex -2.837065e+01 -4.399238e+01 8.163265e+00
    endloop
  endfacet
  facet normal 1.263984e-02 9.371666e-01 -3.486532e-01
    outer loop
      vertex -2.659064e+01 -4.462378e+01 6.530612e+00
      vertex -2.880652e+01 -4.459390e+01 6.530612e+00
      vertex -2.837065e+01 -4.399238e+01 8.163265e+00
    endloop
  endfacet
  facet normal -1.956792e-02 -9.379905e-01 3.461082e-01
    outer loop
      vertex -2.618829e+01 -4.402974e+01 8.163265e+00
      vertex -2.578595e+01 -4.343570e+01 9.795918e+00
      vertex -2.793478e+01 -4.339087e+01 9.795918e+00
    endloop
  endfacet
  facet normal 1.603645e-02 9.368253e-01 -3.494299e-01
    outer loop
      vertex -2.618829e+01 -4.402974e+01 8.163265e+00
      vertex -2.837065e+01 -4.399238e+01 8.163265e+00
      vertex -2.793478e+01 -4.339087e+01 9.795918e+00
    endloop
  endfacet
  facet normal -2.318160e-02 -9.376296e-01 3.468621e-01
    outer loop
      vertex -2.578595e+01 -4.343570e+01 9.795918e+00
      vertex -2.538361e+01 -4.284167e+01 1.142857e+01
      vertex -2.749891e+01 -4.278937e+01 1.142857e+01
    endloop
  endfacet
  facet normal 1.953603e-02 9.364619e-01 -3.502248e-01
    outer loop
      vertex -2.578595e+01 -4.343570e+01 9.795918e+00
      vertex -2.793478e+01 -4.339087e+01 9.795918e+00
      vertex -2.749891e+01 -4.278937e+01 1.142857e+01
    endloop
  endfacet
  facet normal -2.690809e-02 -9.372442e-01 3.476337e-01
    outer loop
      vertex -2.538361e+01 -4.284167e+01 1.142857e+01
      vertex -2.498127e+01 -4.224765e+01 1.306122e+01
      vertex -2.706304e+01 -4.218789e+01 1.306122e+01
    endloop
  endfacet
  facet normal 2.314317e-02 9.360751e-01 -3.510383e-01
    outer loop
      vertex -2.538361e+01 -4.284167e+01 1.142857e+01
      vertex -2.749891e+01 -4.278937e+01 1.142857e+01
      vertex -2.706304e+01 -4.218789e+01 1.306122e+01
    endloop
  endfacet
  facet normal -3.075253e-02 -9.368327e-01 3.484234e-01
    outer loop
      vertex -2.498127e+01 -4.224765e+01 1.306122e+01
      vertex -2.457893e+01 -4.165365e+01 1.469388e+01
      vertex -2.662717e+01 -4.158642e+01 1.469388e+01
    endloop
  endfacet
  facet normal 2.686269e-02 9.356630e-01 -3.518710e-01
    outer loop
      vertex -2.498127e+01 -4.224765e+01 1.306122e+01
      vertex -2.706304e+01 -4.218789e+01 1.306122e+01
      vertex -2.662717e+01 -4.158642e+01 1.469388e+01
    endloop
  endfacet
  facet normal -3.472037e-02 -9.363930e-01 3.492316e-01
    outer loop
      vertex -2.457893e+01 -4.165365e+01 1.469388e+01
      vertex -2.417659e+01 -4.105966e+01 1.632653e+01
      vertex -2.619130e+01 -4.098496e+01 1.632653e+01
    endloop
  endfacet
  facet normal 3.069972e-02 9.352239e-01 -3.527235e-01
    outer loop
      vertex -2.457893e+01 -4.165365e+01 1.469388e+01
      vertex -2.662717e+01 -4.158642e+01 1.469388e+01
      vertex -2.619130e+01 -4.098496e+01 1.632653e+01
    endloop
  endfacet
  facet normal -3.881738e-02 -9.359230e-01 3.500590e-01
    outer loop
      vertex -2.417659e+01 -4.105966e+01 1.632653e+01
      vertex -2.377425e+01 -4.046570e+01 1.795918e+01
      vertex -2.575543e+01 -4.038353e+01 1.795918e+01
    endloop
  endfacet
  facet normal 3.465966e-02 9.347558e-01 -3.535963e-01
    outer loop
      vertex -2.417659e+01 -4.105966e+01 1.632653e+01
      vertex -2.619130e+01 -4.098496e+01 1.632653e+01
      vertex -2.575543e+01 -4.038353e+01 1.795918e+01
    endloop
  endfacet
  facet normal -4.304970e-02 -9.354207e-01 3.509058e-01
    outer loop
      vertex -2.377425e+01 -4.046570e+01 1.795918e+01
      vertex -2.337191e+01 -3.987175e+01 1.959184e+01
      vertex -2.531956e+01 -3.978212e+01 1.959184e+01
    endloop
  endfacet
  facet normal 3.874827e-02 9.342567e-01 -3.544898e-01
    outer loop
      vertex -2.377425e+01 -4.046570e+01 1.795918e+01
      vertex -2.575543e+01 -4.038353e+01 1.795918e+01
      vertex -2.531956e+01 -3.978212e+01 1.959184e+01
    endloop
  endfacet
  facet normal -4.742380e-02 -9.348834e-01 3.517727e-01
    outer loop
      vertex -2.337191e+01 -3.987175e+01 1.959184e+01
      vertex -2.296956e+01 -3.927784e+01 2.122449e+01
      vertex -2.488369e+01 -3.918074e+01 2.122449e+01
    endloop
  endfacet
  facet normal 4.297162e-02 9.337242e-01 -3.554047e-01
    outer loop
      vertex -2.337191e+01 -3.987175e+01 1.959184e+01
      vertex -2.531956e+01 -3.978212e+01 1.959184e+01
      vertex -2.488369e+01 -3.918074e+01 2.122449e+01
    endloop
  endfacet
  facet normal -5.194657e-02 -9.343085e-01 3.526601e-01
    outer loop
      vertex -2.296956e+01 -3.927784e+01 2.122449e+01
      vertex -2.256722e+01 -3.868395e+01 2.285714e+01
      vertex -2.444783e+01 -3.857939e+01 2.285714e+01
    endloop
  endfacet
  facet normal 4.733617e-02 9.331560e-01 -3.563415e-01
    outer loop
      vertex -2.296956e+01 -3.927784e+01 2.122449e+01
      vertex -2.488369e+01 -3.918074e+01 2.122449e+01
      vertex -2.444783e+01 -3.857939e+01 2.285714e+01
    endloop
  endfacet
  facet normal -5.662534e-02 -9.336932e-01 3.535684e-01
    outer loop
      vertex -2.256722e+01 -3.868395e+01 2.285714e+01
      vertex -2.216488e+01 -3.809011e+01 2.448980e+01
      vertex -2.401196e+01 -3.797809e+01 2.448980e+01
    endloop
  endfacet
  facet normal 5.184876e-02 9.325492e-01 -3.573006e-01
    outer loop
      vertex -2.256722e+01 -3.868395e+01 2.285714e+01
      vertex -2.444783e+01 -3.857939e+01 2.285714e+01
      vertex -2.401196e+01 -3.797809e+01 2.448980e+01
    endloop
  endfacet
  facet normal -6.146788e-02 -9.330342e-01 3.544981e-01
    outer loop
      vertex -2.216488e+01 -3.809011e+01 2.448980e+01
      vertex -2.176254e+01 -3.749630e+01 2.612245e+01
      vertex -2.357609e+01 -3.737682e+01 2.612245e+01
    endloop
  endfacet
  facet normal 5.651665e-02 9.319010e-01 -3.582826e-01
    outer loop
      vertex -2.216488e+01 -3.809011e+01 2.448980e+01
      vertex -2.401196e+01 -3.797809e+01 2.448980e+01
      vertex -2.357609e+01 -3.737682e+01 2.612245e+01
    endloop
  endfacet
  facet normal -6.648244e-02 -9.323281e-01 3.554495e-01
    outer loop
      vertex -2.176254e+01 -3.749630e+01 2.612245e+01
      vertex -2.136020e+01 -3.690254e+01 2.775510e+01
      vertex -2.314022e+01 -3.677561e+01 2.775510e+01
    endloop
  endfacet
  facet normal 6.134758e-02 9.312081e-01 -3.592881e-01
    outer loop
      vertex -2.176254e+01 -3.749630e+01 2.612245e+01
      vertex -2.357609e+01 -3.737682e+01 2.612245e+01
      vertex -2.314022e+01 -3.677561e+01 2.775510e+01
    endloop
  endfacet
  facet normal -7.167783e-02 -9.315712e-01 3.564231e-01
    outer loop
      vertex -2.136020e+01 -3.690254e+01 2.775510e+01
      vertex -2.095786e+01 -3.630884e+01 2.938776e+01
      vertex -2.270435e+01 -3.617446e+01 2.938776e+01
    endloop
  endfacet
  facet normal 6.634974e-02 9.304672e-01 -3.603173e-01
    outer loop
      vertex -2.136020e+01 -3.690254e+01 2.775510e+01
      vertex -2.314022e+01 -3.677561e+01 2.775510e+01
      vertex -2.270435e+01 -3.617446e+01 2.938776e+01
    endloop
  endfacet
  facet normal -7.706338e-02 -9.307592e-01 3.574192e-01
    outer loop
      vertex -2.095786e+01 -3.630884e+01 2.938776e+01
      vertex -2.055552e+01 -3.571520e+01 3.102041e+01
      vertex -2.226848e+01 -3.557337e+01 3.102041e+01
    endloop
  endfacet
  facet normal 7.153188e-02 9.296743e-01 -3.613709e-01
    outer loop
      vertex -2.095786e+01 -3.630884e+01 2.938776e+01
      vertex -2.270435e+01 -3.617446e+01 2.938776e+01
      vertex -2.226848e+01 -3.557337e+01 3.102041e+01
    endloop
  endfacet
  facet normal -8.264906e-02 -9.298878e-01 3.584379e-01
    outer loop
      vertex -2.055552e+01 -3.571520e+01 3.102041e+01
      vertex -2.015318e+01 -3.512163e+01 3.265306e+01
      vertex -2.183261e+01 -3.497236e+01 3.265306e+01
    endloop
  endfacet
  facet normal 7.690326e-02 9.288254e-01 -3.624490e-01
    outer loop
      vertex -2.055552e+01 -3.571520e+01 3.102041e+01
      vertex -2.226848e+01 -3.557337e+01 3.102041e+01
      vertex -2.183261e+01 -3.497236e+01 3.265306e+01
    endloop
  endfacet
  facet normal -8.844547e-02 -9.289520e-01 3.594796e-01
    outer loop
      vertex -2.015318e+01 -3.512163e+01 3.265306e+01
      vertex -1.975083e+01 -3.452815e+01 3.428571e+01
      vertex -2.139674e+01 -3.437144e+01 3.428571e+01
    endloop
  endfacet
  facet normal 8.247379e-02 9.279159e-01 -3.635521e-01
    outer loop
      vertex -2.015318e+01 -3.512163e+01 3.265306e+01
      vertex -2.183261e+01 -3.497236e+01 3.265306e+01
      vertex -2.139674e+01 -3.437144e+01 3.428571e+01
    endloop
  endfacet
  facet normal -9.446390e-02 -9.279463e-01 3.605444e-01
    outer loop
      vertex -1.975083e+01 -3.452815e+01 3.428571e+01
      vertex -1.934849e+01 -3.393475e+01 3.591837e+01
      vertex -2.096087e+01 -3.377061e+01 3.591837e+01
    endloop
  endfacet
  facet normal 8.825399e-02 9.269409e-01 -3.646804e-01
    outer loop
      vertex -1.975083e+01 -3.452815e+01 3.428571e+01
      vertex -2.139674e+01 -3.437144e+01 3.428571e+01
      vertex -2.096087e+01 -3.377061e+01 3.591837e+01
    endloop
  endfacet
  facet normal -1.007164e-01 -9.268648e-01 3.616322e-01
    outer loop
      vertex -1.934849e+01 -3.393475e+01 3.591837e+01
      vertex -1.894615e+01 -3.334146e+01 3.755102e+01
      vertex -2.052500e+01 -3.316990e+01 3.755102e+01
    endloop
  endfacet
  facet normal 9.425508e-02 9.258950e-01 -3.658340e-01
    outer loop
      vertex -1.934849e+01 -3.393475e+01 3.591837e+01
      vertex -2.096087e+01 -3.377061e+01 3.591837e+01
      vertex -2.052500e+01 -3.316990e+01 3.755102e+01
    endloop
  endfacet
  facet normal -1.072158e-01 -9.257010e-01 3.627429e-01
    outer loop
      vertex -1.894615e+01 -3.334146e+01 3.755102e+01
      vertex -1.854381e+01 -3.274830e+01 3.918367e+01
      vertex -2.008913e+01 -3.256932e+01 3.918367e+01
    endloop
  endfacet
  facet normal 1.004890e-01 9.247721e-01 -3.670129e-01
    outer loop
      vertex -1.894615e+01 -3.334146e+01 3.755102e+01
      vertex -2.052500e+01 -3.316990e+01 3.755102e+01
      vertex -2.008913e+01 -3.256932e+01 3.918367e+01
    endloop
  endfacet
  facet normal -1.139758e-01 -9.244477e-01 3.638763e-01
    outer loop
      vertex -1.854381e+01 -3.274830e+01 3.918367e+01
      vertex -1.814147e+01 -3.215527e+01 4.081633e+01
      vertex -1.965326e+01 -3.196888e+01 4.081633e+01
    endloop
  endfacet
  facet normal 1.069685e-01 9.235659e-01 -3.682170e-01
    outer loop
      vertex -1.854381e+01 -3.274830e+01 3.918367e+01
      vertex -2.008913e+01 -3.256932e+01 3.918367e+01
      vertex -1.965326e+01 -3.196888e+01 4.081633e+01
    endloop
  endfacet
  facet normal -1.210111e-01 -9.230970e-01 3.650319e-01
    outer loop
      vertex -1.814147e+01 -3.215527e+01 4.081633e+01
      vertex -1.773913e+01 -3.156239e+01 4.244898e+01
      vertex -1.921739e+01 -3.136860e+01 4.244898e+01
    endloop
  endfacet
  facet normal 1.137072e-01 9.222691e-01 -3.694461e-01
    outer loop
      vertex -1.814147e+01 -3.215527e+01 4.081633e+01
      vertex -1.965326e+01 -3.196888e+01 4.081633e+01
      vertex -1.921739e+01 -3.136860e+01 4.244898e+01
    endloop
  endfacet
  facet normal -1.283370e-01 -9.216402e-01 3.662089e-01
    outer loop
      vertex -1.773913e+01 -3.156239e+01 4.244898e+01
      vertex -1.733679e+01 -3.096969e+01 4.408163e+01
      vertex -1.878152e+01 -3.076851e+01 4.408163e+01
    endloop
  endfacet
  facet normal 1.207196e-01 9.208738e-01 -3.706997e-01
    outer loop
      vertex -1.773913e+01 -3.156239e+01 4.244898e+01
      vertex -1.921739e+01 -3.136860e+01 4.244898e+01
      vertex -1.878152e+01 -3.076851e+01 4.408163e+01
    endloop
  endfacet
  facet normal -1.359703e-01 -9.200677e-01 3.674064e-01
    outer loop
      vertex -1.733679e+01 -3.096969e+01 4.408163e+01
      vertex -1.693445e+01 -3.037719e+01 4.571429e+01
      vertex -1.834565e+01 -3.016864e+01 4.571429e+01
    endloop
  endfacet
  facet normal 1.280211e-01 9.193714e-01 -3.719769e-01
    outer loop
      vertex -1.733679e+01 -3.096969e+01 4.408163e+01
      vertex -1.878152e+01 -3.076851e+01 4.408163e+01
      vertex -1.834565e+01 -3.016864e+01 4.571429e+01
    endloop
  endfacet
  facet normal -1.439287e-01 -9.183689e-01 3.686232e-01
    outer loop
      vertex -1.693445e+01 -3.037719e+01 4.571429e+01
      vertex -1.653211e+01 -2.978491e+01 4.734694e+01
      vertex -1.790978e+01 -2.956900e+01 4.734694e+01
    endloop
  endfacet
  facet normal 1.356282e-01 9.177524e-01 -3.732767e-01
    outer loop
      vertex -1.693445e+01 -3.037719e+01 4.571429e+01
      vertex -1.834565e+01 -3.016864e+01 4.571429e+01
      vertex -1.790978e+01 -2.956900e+01 4.734694e+01
    endloop
  endfacet
  facet normal -1.522309e-01 -9.165322e-01 3.698574e-01
    outer loop
      vertex -1.653211e+01 -2.978491e+01 4.734694e+01
      vertex -1.612976e+01 -2.919290e+01 4.897959e+01
      vertex -1.747391e+01 -2.896964e+01 4.897959e+01
    endloop
  endfacet
  facet normal 1.435584e-01 9.160063e-01 -3.745976e-01
    outer loop
      vertex -1.653211e+01 -2.978491e+01 4.734694e+01
      vertex -1.790978e+01 -2.956900e+01 4.734694e+01
      vertex -1.747391e+01 -2.896964e+01 4.897959e+01
    endloop
  endfacet
  facet normal -1.608970e-01 -9.145446e-01 3.711070e-01
    outer loop
      vertex -1.612976e+01 -2.919290e+01 4.897959e+01
      vertex -1.572742e+01 -2.860118e+01 5.061224e+01
      vertex -1.703804e+01 -2.837060e+01 5.061224e+01
    endloop
  endfacet
  facet normal 1.518305e-01 9.141216e-01 -3.759379e-01
    outer loop
      vertex -1.612976e+01 -2.919290e+01 4.897959e+01
      vertex -1.747391e+01 -2.896964e+01 4.897959e+01
      vertex -1.703804e+01 -2.837060e+01 5.061224e+01
    endloop
  endfacet
  facet normal -1.699482e-01 -9.123918e-01 3.723692e-01
    outer loop
      vertex -1.572742e+01 -2.860118e+01 5.061224e+01
      vertex -1.532508e+01 -2.800980e+01 5.224490e+01
      vertex -1.660217e+01 -2.777192e+01 5.224490e+01
    endloop
  endfacet
  facet normal 1.604643e-01 9.120854e-01 -3.772949e-01
    outer loop
      vertex -1.572742e+01 -2.860118e+01 5.061224e+01
      vertex -1.703804e+01 -2.837060e+01 5.061224e+01
      vertex -1.660217e+01 -2.777192e+01 5.224490e+01
    endloop
  endfacet
  facet normal -1.794072e-01 -9.100581e-01 3.736406e-01
    outer loop
      vertex -1.532508e+01 -2.800980e+01 5.224490e+01
      vertex -1.492274e+01 -2.741880e+01 5.387755e+01
      vertex -1.616630e+01 -2.717365e+01 5.387755e+01
    endloop
  endfacet
  facet normal 1.694810e-01 9.098837e-01 -3.786658e-01
    outer loop
      vertex -1.532508e+01 -2.800980e+01 5.224490e+01
      vertex -1.660217e+01 -2.777192e+01 5.224490e+01
      vertex -1.616630e+01 -2.717365e+01 5.387755e+01
    endloop
  endfacet
  facet normal -1.892978e-01 -9.075261e-01 3.749170e-01
    outer loop
      vertex -1.492274e+01 -2.741880e+01 5.387755e+01
      vertex -1.452040e+01 -2.682824e+01 5.551020e+01
      vertex -1.573043e+01 -2.657584e+01 5.551020e+01
    endloop
  endfacet
  facet normal 1.789031e-01 9.075012e-01 -3.800465e-01
    outer loop
      vertex -1.492274e+01 -2.741880e+01 5.387755e+01
      vertex -1.616630e+01 -2.717365e+01 5.387755e+01
      vertex -1.573043e+01 -2.657584e+01 5.551020e+01
    endloop
  endfacet
  facet normal -1.996453e-01 -9.047765e-01 3.761931e-01
    outer loop
      vertex -1.452040e+01 -2.682824e+01 5.551020e+01
      vertex -1.411806e+01 -2.623819e+01 5.714286e+01
      vertex -1.529456e+01 -2.597858e+01 5.714286e+01
    endloop
  endfacet
  facet normal 1.887543e-01 9.049206e-01 -3.814323e-01
    outer loop
      vertex -1.452040e+01 -2.682824e+01 5.551020e+01
      vertex -1.573043e+01 -2.657584e+01 5.551020e+01
      vertex -1.529456e+01 -2.597858e+01 5.714286e+01
    endloop
  endfacet
  facet normal -2.104762e-01 -9.017881e-01 3.774626e-01
    outer loop
      vertex -1.411806e+01 -2.623819e+01 5.714286e+01
      vertex -1.371572e+01 -2.564871e+01 5.877551e+01
      vertex -1.485869e+01 -2.538194e+01 5.877551e+01
    endloop
  endfacet
  facet normal 1.990598e-01 9.021232e-01 -3.828172e-01
    outer loop
      vertex -1.411806e+01 -2.623819e+01 5.714286e+01
      vertex -1.529456e+01 -2.597858e+01 5.714286e+01
      vertex -1.485869e+01 -2.538194e+01 5.877551e+01
    endloop
  endfacet
  facet normal -2.218181e-01 -8.985375e-01 3.787177e-01
    outer loop
      vertex -1.371572e+01 -2.564871e+01 5.877551e+01
      vertex -1.331338e+01 -2.505990e+01 6.040816e+01
      vertex -1.442282e+01 -2.478602e+01 6.040816e+01
    endloop
  endfacet
  facet normal 2.098460e-01 8.990882e-01 -3.841939e-01
    outer loop
      vertex -1.371572e+01 -2.564871e+01 5.877551e+01
      vertex -1.485869e+01 -2.538194e+01 5.877551e+01
      vertex -1.442282e+01 -2.478602e+01 6.040816e+01
    endloop
  endfacet
  facet normal -2.337000e-01 -8.949989e-01 3.799491e-01
    outer loop
      vertex -1.331338e+01 -2.505990e+01 6.040816e+01
      vertex -1.291103e+01 -2.447186e+01 6.204082e+01
      vertex -1.398695e+01 -2.419092e+01 6.204082e+01
    endloop
  endfacet
  facet normal 2.211407e-01 8.957931e-01 -3.855535e-01
    outer loop
      vertex -1.331338e+01 -2.505990e+01 6.040816e+01
      vertex -1.442282e+01 -2.478602e+01 6.040816e+01
      vertex -1.398695e+01 -2.419092e+01 6.204082e+01
    endloop
  endfacet
  facet normal -2.461515e-01 -8.911440e-01 3.811455e-01
    outer loop
      vertex -1.291103e+01 -2.447186e+01 6.204082e+01
      vertex -1.250869e+01 -2.388470e+01 6.367347e+01
      vertex -1.355108e+01 -2.359677e+01 6.367347e+01
    endloop
  endfacet
  facet normal 2.329726e-01 8.922129e-01 -3.868849e-01
    outer loop
      vertex -1.291103e+01 -2.447186e+01 6.204082e+01
      vertex -1.398695e+01 -2.419092e+01 6.204082e+01
      vertex -1.355108e+01 -2.359677e+01 6.367347e+01
    endloop
  endfacet
  facet normal -2.592027e-01 -8.869420e-01 3.822930e-01
    outer loop
      vertex -1.250869e+01 -2.388470e+01 6.367347e+01
      vertex -1.210635e+01 -2.329857e+01 6.530612e+01
      vertex -1.311521e+01 -2.300374e+01 6.530612e+01
    endloop
  endfacet
  facet normal 2.453715e-01 8.883203e-01 -3.881749e-01
    outer loop
      vertex -1.250869e+01 -2.388470e+01 6.367347e+01
      vertex -1.355108e+01 -2.359677e+01 6.367347e+01
      vertex -1.311521e+01 -2.300374e+01 6.530612e+01
    endloop
  endfacet
  facet normal -2.728839e-01 -8.823593e-01 3.833751e-01
    outer loop
      vertex -1.210635e+01 -2.329857e+01 6.530612e+01
      vertex -1.170401e+01 -2.271363e+01 6.693878e+01
      vertex -1.267935e+01 -2.241199e+01 6.693878e+01
    endloop
  endfacet
  facet normal 2.583681e-01 8.840860e-01 -3.894072e-01
    outer loop
      vertex -1.210635e+01 -2.329857e+01 6.530612e+01
      vertex -1.311521e+01 -2.300374e+01 6.530612e+01
      vertex -1.267935e+01 -2.241199e+01 6.693878e+01
    endloop
  endfacet
  facet normal -2.872246e-01 -8.773597e-01 3.843721e-01
    outer loop
      vertex -1.170401e+01 -2.271363e+01 6.693878e+01
      vertex -1.130167e+01 -2.213008e+01 6.857143e+01
      vertex -1.224348e+01 -2.182176e+01 6.857143e+01
    endloop
  endfacet
  facet normal 2.719928e-01 8.794778e-01 -3.905621e-01
    outer loop
      vertex -1.170401e+01 -2.271363e+01 6.693878e+01
      vertex -1.267935e+01 -2.241199e+01 6.693878e+01
      vertex -1.224348e+01 -2.182176e+01 6.857143e+01
    endloop
  endfacet
  facet normal -3.022527e-01 -8.719048e-01 3.852601e-01
    outer loop
      vertex -1.130167e+01 -2.213008e+01 6.857143e+01
      vertex -1.089933e+01 -2.154815e+01 7.020408e+01
      vertex -1.180761e+01 -2.123329e+01 7.020408e+01
    endloop
  endfacet
  facet normal 2.862759e-01 8.744617e-01 -3.916156e-01
    outer loop
      vertex -1.130167e+01 -2.213008e+01 6.857143e+01
      vertex -1.224348e+01 -2.182176e+01 6.857143e+01
      vertex -1.180761e+01 -2.123329e+01 7.020408e+01
    endloop
  endfacet
  facet normal -3.179929e-01 -8.659539e-01 3.860108e-01
    outer loop
      vertex -1.089933e+01 -2.154815e+01 7.020408e+01
      vertex -1.049699e+01 -2.096812e+01 7.183673e+01
      vertex -1.137174e+01 -2.064690e+01 7.183673e+01
    endloop
  endfacet
  facet normal 3.012463e-01 8.690017e-01 -3.925388e-01
    outer loop
      vertex -1.089933e+01 -2.154815e+01 7.020408e+01
      vertex -1.180761e+01 -2.123329e+01 7.020408e+01
      vertex -1.137174e+01 -2.064690e+01 7.183673e+01
    endloop
  endfacet
  facet normal -3.344651e-01 -8.594656e-01 3.865901e-01
    outer loop
      vertex -1.049699e+01 -2.096812e+01 7.183673e+01
      vertex -1.009465e+01 -2.039032e+01 7.346939e+01
      vertex -1.093587e+01 -2.006296e+01 7.346939e+01
    endloop
  endfacet
  facet normal 3.169303e-01 8.630602e-01 -3.932966e-01
    outer loop
      vertex -1.049699e+01 -2.096812e+01 7.183673e+01
      vertex -1.137174e+01 -2.064690e+01 7.183673e+01
      vertex -1.093587e+01 -2.006296e+01 7.346939e+01
    endloop
  endfacet
  facet normal -3.516813e-01 -8.523988e-01 3.869581e-01
    outer loop
      vertex -1.009465e+01 -2.039032e+01 7.346939e+01
      vertex -9.692305e+00 -1.981515e+01 7.510204e+01
      vertex -1.050000e+01 -1.948192e+01 7.510204e+01
    endloop
  endfacet
  facet normal 3.333497e-01 8.565995e-01 -3.938467e-01
    outer loop
      vertex -1.009465e+01 -2.039032e+01 7.346939e+01
      vertex -1.093587e+01 -2.006296e+01 7.346939e+01
      vertex -1.050000e+01 -1.948192e+01 7.510204e+01
    endloop
  endfacet
  facet normal -3.696427e-01 -8.447149e-01 3.870671e-01
    outer loop
      vertex -9.692305e+00 -1.981515e+01 7.510204e+01
      vertex -9.289964e+00 -1.924310e+01 7.673469e+01
      vertex -1.006413e+01 -1.890433e+01 7.673469e+01
    endloop
  endfacet
  facet normal 3.505196e-01 8.495830e-01 -3.941380e-01
    outer loop
      vertex -9.692305e+00 -1.981515e+01 7.510204e+01
      vertex -1.050000e+01 -1.948192e+01 7.510204e+01
      vertex -1.006413e+01 -1.890433e+01 7.673469e+01
    endloop
  endfacet
  facet normal -3.883343e-01 -8.363819e-01 3.868614e-01
    outer loop
      vertex -9.289964e+00 -1.924310e+01 7.673469e+01
      vertex -8.887623e+00 -1.867474e+01 7.836735e+01
      vertex -9.628258e+00 -1.833086e+01 7.836735e+01
    endloop
  endfacet
  facet normal 3.684449e-01 8.419776e-01 -3.941092e-01
    outer loop
      vertex -9.289964e+00 -1.924310e+01 7.673469e+01
      vertex -1.006413e+01 -1.890433e+01 7.673469e+01
      vertex -9.628258e+00 -1.833086e+01 7.836735e+01
    endloop
  endfacet
  facet normal -4.077188e-01 -8.273790e-01 3.862764e-01
    outer loop
      vertex -8.887623e+00 -1.867474e+01 7.836735e+01
      vertex -8.485281e+00 -1.811077e+01 8.000000e+01
      vertex -9.192388e+00 -1.776232e+01 8.000000e+01
    endloop
  endfacet
  facet normal 3.871159e-01 8.337577e-01 -3.936870e-01
    outer loop
      vertex -8.887623e+00 -1.867474e+01 7.836735e+01
      vertex -9.628258e+00 -1.833086e+01 7.836735e+01
      vertex -9.192388e+00 -1.776232e+01 8.000000e+01
    endloop
  endfacet
  facet normal -3.267727e-03 -9.380500e-01 3.464845e-01
    outer loop
      vertex -3.055000e+01 -4.700000e+01 0.000000e+00
      vertex -3.011413e+01 -4.639847e+01 1.632653e+00
      vertex -3.243060e+01 -4.639040e+01 1.632653e+00
    endloop
  endfacet
  facet normal 0.000000e+00 9.368274e-01 -3.497920e-01
    outer loop
      vertex -3.055000e+01 -4.700000e+01 0.000000e+00
      vertex -3.290000e+01 -4.700000e+01 0.000000e+00
      vertex -3.243060e+01 -4.639040e+01 1.632653e+00
    endloop
  endfacet
  facet normal -6.629251e-03 -9.377425e-01 3.472679e-01
    outer loop
      vertex -3.011413e+01 -4.639847e+01 1.632653e+00
      vertex -2.967826e+01 -4.579694e+01 3.265306e+00
      vertex -3.196120e+01 -4.578080e+01 3.265306e+00
    endloop
  endfacet
  facet normal 3.262380e-03 9.365149e-01 -3.506125e-01
    outer loop
      vertex -3.011413e+01 -4.639847e+01 1.632653e+00
      vertex -3.243060e+01 -4.639040e+01 1.632653e+00
      vertex -3.196120e+01 -4.578080e+01 3.265306e+00
    endloop
  endfacet
  facet normal -1.008853e-02 -9.374146e-01 3.480691e-01
    outer loop
      vertex -2.967826e+01 -4.579694e+01 3.265306e+00
      vertex -2.924239e+01 -4.519542e+01 4.897959e+00
      vertex -3.149181e+01 -4.517121e+01 4.897959e+00
    endloop
  endfacet
  facet normal 6.618223e-03 9.361826e-01 -3.514518e-01
    outer loop
      vertex -2.967826e+01 -4.579694e+01 3.265306e+00
      vertex -3.196120e+01 -4.578080e+01 3.265306e+00
      vertex -3.149181e+01 -4.517121e+01 4.897959e+00
    endloop
  endfacet
  facet normal -1.364975e-02 -9.370648e-01 3.488887e-01
    outer loop
      vertex -2.924239e+01 -4.519542e+01 4.897959e+00
      vertex -2.880652e+01 -4.459390e+01 6.530612e+00
      vertex -3.102241e+01 -4.456162e+01 6.530612e+00
    endloop
  endfacet
  facet normal 1.007147e-02 9.358291e-01 -3.523102e-01
    outer loop
      vertex -2.924239e+01 -4.519542e+01 4.897959e+00
      vertex -3.149181e+01 -4.517121e+01 4.897959e+00
      vertex -3.102241e+01 -4.456162e+01 6.530612e+00
    endloop
  endfacet
  facet normal -1.731731e-02 -9.366916e-01 3.497270e-01
    outer loop
      vertex -2.880652e+01 -4.459390e+01 6.530612e+00
      vertex -2.837065e+01 -4.399238e+01 8.163265e+00
      vertex -3.055301e+01 -4.395203e+01 8.163265e+00
    endloop
  endfacet
  facet normal 1.362627e-02 9.354530e-01 -3.531884e-01
    outer loop
      vertex -2.880652e+01 -4.459390e+01 6.530612e+00
      vertex -3.102241e+01 -4.456162e+01 6.530612e+00
      vertex -3.055301e+01 -4.395203e+01 8.163265e+00
    endloop
  endfacet
  facet normal -2.109588e-02 -9.362934e-01 3.505847e-01
    outer loop
      vertex -2.837065e+01 -4.399238e+01 8.163265e+00
      vertex -2.793478e+01 -4.339087e+01 9.795918e+00
      vertex -3.008361e+01 -4.334246e+01 9.795918e+00
    endloop
  endfacet
  facet normal 1.728701e-02 9.350527e-01 -3.540870e-01
    outer loop
      vertex -2.837065e+01 -4.399238e+01 8.163265e+00
      vertex -3.055301e+01 -4.395203e+01 8.163265e+00
      vertex -3.008361e+01 -4.334246e+01 9.795918e+00
    endloop
  endfacet
  facet normal -2.499038e-02 -9.358685e-01 3.514623e-01
    outer loop
      vertex -2.793478e+01 -4.339087e+01 9.795918e+00
      vertex -2.749891e+01 -4.278937e+01 1.142857e+01
      vertex -2.961421e+01 -4.273289e+01 1.142857e+01
    endloop
  endfacet
  facet normal 2.105833e-02 9.346266e-01 -3.550065e-01
    outer loop
      vertex -2.793478e+01 -4.339087e+01 9.795918e+00
      vertex -3.008361e+01 -4.334246e+01 9.795918e+00
      vertex -2.961421e+01 -4.273289e+01 1.142857e+01
    endloop
  endfacet
  facet normal -2.900600e-02 -9.354148e-01 3.523603e-01
    outer loop
      vertex -2.749891e+01 -4.278937e+01 1.142857e+01
      vertex -2.706304e+01 -4.218789e+01 1.306122e+01
      vertex -2.914482e+01 -4.212333e+01 1.306122e+01
    endloop
  endfacet
  facet normal 2.494510e-02 9.341730e-01 -3.559475e-01
    outer loop
      vertex -2.749891e+01 -4.278937e+01 1.142857e+01
      vertex -2.961421e+01 -4.273289e+01 1.142857e+01
      vertex -2.914482e+01 -4.212333e+01 1.306122e+01
    endloop
  endfacet
  facet normal -3.314826e-02 -9.349305e-01 3.532792e-01
    outer loop
      vertex -2.706304e+01 -4.218789e+01 1.306122e+01
      vertex -2.662717e+01 -4.158642e+01 1.469388e+01
      vertex -2.867542e+01 -4.151379e+01 1.469388e+01
    endloop
  endfacet
  facet normal 2.895251e-02 9.336898e-01 -3.569106e-01
    outer loop
      vertex -2.706304e+01 -4.218789e+01 1.306122e+01
      vertex -2.914482e+01 -4.212333e+01 1.306122e+01
      vertex -2.867542e+01 -4.151379e+01 1.469388e+01
    endloop
  endfacet
  facet normal -3.742300e-02 -9.344131e-01 3.542198e-01
    outer loop
      vertex -2.662717e+01 -4.158642e+01 1.469388e+01
      vertex -2.619130e+01 -4.098496e+01 1.632653e+01
      vertex -2.820602e+01 -4.090427e+01 1.632653e+01
    endloop
  endfacet
  facet normal 3.308602e-02 9.331749e-01 -3.578965e-01
    outer loop
      vertex -2.662717e+01 -4.158642e+01 1.469388e+01
      vertex -2.867542e+01 -4.151379e+01 1.469388e+01
      vertex -2.820602e+01 -4.090427e+01 1.632653e+01
    endloop
  endfacet
  facet normal -4.183637e-02 -9.338604e-01 3.551824e-01
    outer loop
      vertex -2.619130e+01 -4.098496e+01 1.632653e+01
      vertex -2.575543e+01 -4.038353e+01 1.795918e+01
      vertex -2.773662e+01 -4.029477e+01 1.795918e+01
    endloop
  endfacet
  facet normal 3.735143e-02 9.326262e-01 -3.589057e-01
    outer loop
      vertex -2.619130e+01 -4.098496e+01 1.632653e+01
      vertex -2.820602e+01 -4.090427e+01 1.632653e+01
      vertex -2.773662e+01 -4.029477e+01 1.795918e+01
    endloop
  endfacet
  facet normal -4.639493e-02 -9.332696e-01 3.561676e-01
    outer loop
      vertex -2.575543e+01 -4.038353e+01 1.795918e+01
      vertex -2.531956e+01 -3.978212e+01 1.959184e+01
      vertex -2.726722e+01 -3.968530e+01 1.959184e+01
    endloop
  endfacet
  facet normal 4.175487e-02 9.320411e-01 -3.599388e-01
    outer loop
      vertex -2.575543e+01 -4.038353e+01 1.795918e+01
      vertex -2.773662e+01 -4.029477e+01 1.795918e+01
      vertex -2.726722e+01 -3.968530e+01 1.959184e+01
    endloop
  endfacet
  facet normal -5.110562e-02 -9.326379e-01 3.571761e-01
    outer loop
      vertex -2.531956e+01 -3.978212e+01 1.959184e+01
      vertex -2.488369e+01 -3.918074e+01 2.122449e+01
      vertex -2.679783e+01 -3.907585e+01 2.122449e+01
    endloop
  endfacet
  facet normal 4.630283e-02 9.314170e-01 -3.609965e-01
    outer loop
      vertex -2.531956e+01 -3.978212e+01 1.959184e+01
      vertex -2.726722e+01 -3.968530e+01 1.959184e+01
      vertex -2.679783e+01 -3.907585e+01 2.122449e+01
    endloop
  endfacet
  facet normal -5.597581e-02 -9.319622e-01 3.582083e-01
    outer loop
      vertex -2.488369e+01 -3.918074e+01 2.122449e+01
      vertex -2.444783e+01 -3.857939e+01 2.285714e+01
      vertex -2.632843e+01 -3.846644e+01 2.285714e+01
    endloop
  endfacet
  facet normal 5.100222e-02 9.307509e-01 -3.620795e-01
    outer loop
      vertex -2.488369e+01 -3.918074e+01 2.122449e+01
      vertex -2.679783e+01 -3.907585e+01 2.122449e+01
      vertex -2.632843e+01 -3.846644e+01 2.285714e+01
    endloop
  endfacet
  facet normal -6.101331e-02 -9.312391e-01 3.592648e-01
    outer loop
      vertex -2.444783e+01 -3.857939e+01 2.285714e+01
      vertex -2.401196e+01 -3.797809e+01 2.448980e+01
      vertex -2.585903e+01 -3.785707e+01 2.448980e+01
    endloop
  endfacet
  facet normal 5.586034e-02 9.300398e-01 -3.631882e-01
    outer loop
      vertex -2.444783e+01 -3.857939e+01 2.285714e+01
      vertex -2.632843e+01 -3.846644e+01 2.285714e+01
      vertex -2.585903e+01 -3.785707e+01 2.448980e+01
    endloop
  endfacet
  facet normal -6.622642e-02 -9.304648e-01 3.603460e-01
    outer loop
      vertex -2.401196e+01 -3.797809e+01 2.448980e+01
      vertex -2.357609e+01 -3.737682e+01 2.612245e+01
      vertex -2.538963e+01 -3.724774e+01 2.612245e+01
    endloop
  endfacet
  facet normal 6.088496e-02 9.292801e-01 -3.643233e-01
    outer loop
      vertex -2.401196e+01 -3.797809e+01 2.448980e+01
      vertex -2.585903e+01 -3.785707e+01 2.448980e+01
      vertex -2.538963e+01 -3.724774e+01 2.612245e+01
    endloop
  endfacet
  facet normal -7.162398e-02 -9.296355e-01 3.614525e-01
    outer loop
      vertex -2.357609e+01 -3.737682e+01 2.612245e+01
      vertex -2.314022e+01 -3.677561e+01 2.775510e+01
      vertex -2.492023e+01 -3.663847e+01 2.775510e+01
    endloop
  endfacet
  facet normal 6.608431e-02 9.284683e-01 -3.654853e-01
    outer loop
      vertex -2.357609e+01 -3.737682e+01 2.612245e+01
      vertex -2.538963e+01 -3.724774e+01 2.612245e+01
      vertex -2.492023e+01 -3.663847e+01 2.775510e+01
    endloop
  endfacet
  facet normal -7.721538e-02 -9.287466e-01 3.625846e-01
    outer loop
      vertex -2.314022e+01 -3.677561e+01 2.775510e+01
      vertex -2.270435e+01 -3.617446e+01 2.938776e+01
      vertex -2.445083e+01 -3.602926e+01 2.938776e+01
    endloop
  endfacet
  facet normal 7.146716e-02 9.276001e-01 -3.666749e-01
    outer loop
      vertex -2.314022e+01 -3.677561e+01 2.775510e+01
      vertex -2.492023e+01 -3.663847e+01 2.775510e+01
      vertex -2.445083e+01 -3.602926e+01 2.938776e+01
    endloop
  endfacet
  facet normal -8.301059e-02 -9.277933e-01 3.637428e-01
    outer loop
      vertex -2.270435e+01 -3.617446e+01 2.938776e+01
      vertex -2.226848e+01 -3.557337e+01 3.102041e+01
      vertex -2.398144e+01 -3.542011e+01 3.102041e+01
    endloop
  endfacet
  facet normal 7.704283e-02 9.266712e-01 -3.678925e-01
    outer loop
      vertex -2.270435e+01 -3.617446e+01 2.938776e+01
      vertex -2.445083e+01 -3.602926e+01 2.938776e+01
      vertex -2.398144e+01 -3.542011e+01 3.102041e+01
    endloop
  endfacet
  facet normal -8.902027e-02 -9.267704e-01 3.649274e-01
    outer loop
      vertex -2.226848e+01 -3.557337e+01 3.102041e+01
      vertex -2.183261e+01 -3.497236e+01 3.265306e+01
      vertex -2.351204e+01 -3.481105e+01 3.265306e+01
    endloop
  endfacet
  facet normal 8.282122e-02 9.256768e-01 -3.691384e-01
    outer loop
      vertex -2.226848e+01 -3.557337e+01 3.102041e+01
      vertex -2.398144e+01 -3.542011e+01 3.102041e+01
      vertex -2.351204e+01 -3.481105e+01 3.265306e+01
    endloop
  endfacet
  facet normal -9.525572e-02 -9.256721e-01 3.661386e-01
    outer loop
      vertex -2.183261e+01 -3.497236e+01 3.265306e+01
      vertex -2.139674e+01 -3.437144e+01 3.428571e+01
      vertex -2.304264e+01 -3.420207e+01 3.428571e+01
    endloop
  endfacet
  facet normal 8.881289e-02 9.246114e-01 -3.704133e-01
    outer loop
      vertex -2.183261e+01 -3.497236e+01 3.265306e+01
      vertex -2.351204e+01 -3.481105e+01 3.265306e+01
      vertex -2.304264e+01 -3.420207e+01 3.428571e+01
    endloop
  endfacet
  facet normal -1.017290e-01 -9.244921e-01 3.673766e-01
    outer loop
      vertex -2.139674e+01 -3.437144e+01 3.428571e+01
      vertex -2.096087e+01 -3.377061e+01 3.591837e+01
      vertex -2.257324e+01 -3.359319e+01 3.591837e+01
    endloop
  endfacet
  facet normal 9.502905e-02 9.234694e-01 -3.717172e-01
    outer loop
      vertex -2.139674e+01 -3.437144e+01 3.428571e+01
      vertex -2.304264e+01 -3.420207e+01 3.428571e+01
      vertex -2.257324e+01 -3.359319e+01 3.591837e+01
    endloop
  endfacet
  facet normal -1.084530e-01 -9.232234e-01 3.686414e-01
    outer loop
      vertex -2.096087e+01 -3.377061e+01 3.591837e+01
      vertex -2.052500e+01 -3.316990e+01 3.755102e+01
      vertex -2.210384e+01 -3.298443e+01 3.755102e+01
    endloop
  endfacet
  facet normal 1.014817e-01 9.222445e-01 -3.730504e-01
    outer loop
      vertex -2.096087e+01 -3.377061e+01 3.591837e+01
      vertex -2.257324e+01 -3.359319e+01 3.591837e+01
      vertex -2.210384e+01 -3.298443e+01 3.755102e+01
    endloop
  endfacet
  facet normal -1.154414e-01 -9.218584e-01 3.699329e-01
    outer loop
      vertex -2.052500e+01 -3.316990e+01 3.755102e+01
      vertex -2.008913e+01 -3.256932e+01 3.918367e+01
      vertex -2.163445e+01 -3.237580e+01 3.918367e+01
    endloop
  endfacet
  facet normal 1.081835e-01 9.209295e-01 -3.744131e-01
    outer loop
      vertex -2.052500e+01 -3.316990e+01 3.755102e+01
      vertex -2.210384e+01 -3.298443e+01 3.755102e+01
      vertex -2.163445e+01 -3.237580e+01 3.918367e+01
    endloop
  endfacet
  facet normal -1.227087e-01 -9.203887e-01 3.712508e-01
    outer loop
      vertex -2.008913e+01 -3.256932e+01 3.918367e+01
      vertex -1.965326e+01 -3.196888e+01 4.081633e+01
      vertex -2.116505e+01 -3.176732e+01 4.081633e+01
    endloop
  endfacet
  facet normal 1.151482e-01 9.195170e-01 -3.758050e-01
    outer loop
      vertex -2.008913e+01 -3.256932e+01 3.918367e+01
      vertex -2.163445e+01 -3.237580e+01 3.918367e+01
      vertex -2.116505e+01 -3.176732e+01 4.081633e+01
    endloop
  endfacet
  facet normal -1.302707e-01 -9.188051e-01 3.725945e-01
    outer loop
      vertex -1.965326e+01 -3.196888e+01 4.081633e+01
      vertex -1.921739e+01 -3.136860e+01 4.244898e+01
      vertex -2.069565e+01 -3.115901e+01 4.244898e+01
    endloop
  endfacet
  facet normal 1.223901e-01 9.179985e-01 -3.772259e-01
    outer loop
      vertex -1.965326e+01 -3.196888e+01 4.081633e+01
      vertex -2.116505e+01 -3.176732e+01 4.081633e+01
      vertex -2.069565e+01 -3.115901e+01 4.244898e+01
    endloop
  endfacet
  facet normal -1.381439e-01 -9.170974e-01 3.739634e-01
    outer loop
      vertex -1.921739e+01 -3.136860e+01 4.244898e+01
      vertex -1.878152e+01 -3.076851e+01 4.408163e+01
      vertex -2.022625e+01 -3.055089e+01 4.408163e+01
    endloop
  endfacet
  facet normal 1.299247e-01 9.163649e-01 -3.786753e-01
    outer loop
      vertex -1.921739e+01 -3.136860e+01 4.244898e+01
      vertex -2.069565e+01 -3.115901e+01 4.244898e+01
      vertex -2.022625e+01 -3.055089e+01 4.408163e+01
    endloop
  endfacet
  facet normal -1.463459e-01 -9.152543e-01 3.753563e-01
    outer loop
      vertex -1.878152e+01 -3.076851e+01 4.408163e+01
      vertex -1.834565e+01 -3.016864e+01 4.571429e+01
      vertex -1.975685e+01 -2.994299e+01 4.571429e+01
    endloop
  endfacet
  facet normal 1.377686e-01 9.146059e-01 -3.801525e-01
    outer loop
      vertex -1.878152e+01 -3.076851e+01 4.408163e+01
      vertex -2.022625e+01 -3.055089e+01 4.408163e+01
      vertex -1.975685e+01 -2.994299e+01 4.571429e+01
    endloop
  endfacet
  facet normal -1.548957e-01 -9.132635e-01 3.767719e-01
    outer loop
      vertex -1.834565e+01 -3.016864e+01 4.571429e+01
      vertex -1.790978e+01 -2.956900e+01 4.734694e+01
      vertex -1.928746e+01 -2.933534e+01 4.734694e+01
    endloop
  endfacet
  facet normal 1.459391e-01 9.127104e-01 -3.816562e-01
    outer loop
      vertex -1.834565e+01 -3.016864e+01 4.571429e+01
      vertex -1.975685e+01 -2.994299e+01 4.571429e+01
      vertex -1.928746e+01 -2.933534e+01 4.734694e+01
    endloop
  endfacet
  facet normal -1.638134e-01 -9.111113e-01 3.782081e-01
    outer loop
      vertex -1.790978e+01 -2.956900e+01 4.734694e+01
      vertex -1.747391e+01 -2.896964e+01 4.897959e+01
      vertex -1.881806e+01 -2.872797e+01 4.897959e+01
    endloop
  endfacet
  facet normal 1.544552e-01 9.106662e-01 -3.831850e-01
    outer loop
      vertex -1.790978e+01 -2.956900e+01 4.734694e+01
      vertex -1.928746e+01 -2.933534e+01 4.734694e+01
      vertex -1.881806e+01 -2.872797e+01 4.897959e+01
    endloop
  endfacet
  facet normal -1.731203e-01 -9.087825e-01 3.796626e-01
    outer loop
      vertex -1.747391e+01 -2.896964e+01 4.897959e+01
      vertex -1.703804e+01 -2.837060e+01 5.061224e+01
      vertex -1.834866e+01 -2.812093e+01 5.061224e+01
    endloop
  endfacet
  facet normal 1.633366e-01 9.084596e-01 -3.847367e-01
    outer loop
      vertex -1.747391e+01 -2.896964e+01 4.897959e+01
      vertex -1.881806e+01 -2.872797e+01 4.897959e+01
      vertex -1.834866e+01 -2.812093e+01 5.061224e+01
    endloop
  endfacet
  facet normal -1.828392e-01 -9.062604e-01 3.811324e-01
    outer loop
      vertex -1.703804e+01 -2.837060e+01 5.061224e+01
      vertex -1.660217e+01 -2.777192e+01 5.224490e+01
      vertex -1.787926e+01 -2.751426e+01 5.224490e+01
    endloop
  endfacet
  facet normal 1.726047e-01 9.060757e-01 -3.863088e-01
    outer loop
      vertex -1.703804e+01 -2.837060e+01 5.061224e+01
      vertex -1.834866e+01 -2.812093e+01 5.061224e+01
      vertex -1.787926e+01 -2.751426e+01 5.224490e+01
    endloop
  endfacet
  facet normal -1.929942e-01 -9.035265e-01 3.826135e-01
    outer loop
      vertex -1.660217e+01 -2.777192e+01 5.224490e+01
      vertex -1.616630e+01 -2.717365e+01 5.387755e+01
      vertex -1.740986e+01 -2.690802e+01 5.387755e+01
    endloop
  endfacet
  facet normal 1.822819e-01 9.034979e-01 -3.878979e-01
    outer loop
      vertex -1.660217e+01 -2.777192e+01 5.224490e+01
      vertex -1.787926e+01 -2.751426e+01 5.224490e+01
      vertex -1.740986e+01 -2.690802e+01 5.387755e+01
    endloop
  endfacet
  facet normal -2.036109e-01 -9.005603e-01 3.841013e-01
    outer loop
      vertex -1.616630e+01 -2.717365e+01 5.387755e+01
      vertex -1.573043e+01 -2.657584e+01 5.551020e+01
      vertex -1.694047e+01 -2.630226e+01 5.551020e+01
    endloop
  endfacet
  facet normal 1.923922e-01 9.007081e-01 -3.894998e-01
    outer loop
      vertex -1.616630e+01 -2.717365e+01 5.387755e+01
      vertex -1.740986e+01 -2.690802e+01 5.387755e+01
      vertex -1.694047e+01 -2.630226e+01 5.551020e+01
    endloop
  endfacet
  facet normal -2.147162e-01 -8.973391e-01 3.855898e-01
    outer loop
      vertex -1.573043e+01 -2.657584e+01 5.551020e+01
      vertex -1.529456e+01 -2.597858e+01 5.714286e+01
      vertex -1.647107e+01 -2.569707e+01 5.714286e+01
    endloop
  endfacet
  facet normal 2.029610e-01 8.976861e-01 -3.911092e-01
    outer loop
      vertex -1.573043e+01 -2.657584e+01 5.551020e+01
      vertex -1.694047e+01 -2.630226e+01 5.551020e+01
      vertex -1.647107e+01 -2.569707e+01 5.714286e+01
    endloop
  endfacet
  facet normal -2.263385e-01 -8.938379e-01 3.870720e-01
    outer loop
      vertex -1.529456e+01 -2.597858e+01 5.714286e+01
      vertex -1.485869e+01 -2.538194e+01 5.877551e+01
      vertex -1.600167e+01 -2.509252e+01 5.877551e+01
    endloop
  endfacet
  facet normal 2.140152e-01 8.944097e-01 -3.927196e-01
    outer loop
      vertex -1.529456e+01 -2.597858e+01 5.714286e+01
      vertex -1.647107e+01 -2.569707e+01 5.714286e+01
      vertex -1.600167e+01 -2.509252e+01 5.877551e+01
    endloop
  endfacet
  facet normal -2.385076e-01 -8.900290e-01 3.885390e-01
    outer loop
      vertex -1.485869e+01 -2.538194e+01 5.877551e+01
      vertex -1.442282e+01 -2.478602e+01 6.040816e+01
      vertex -1.553227e+01 -2.448871e+01 6.040816e+01
    endloop
  endfacet
  facet normal 2.255831e-01 8.908545e-01 -3.943229e-01
    outer loop
      vertex -1.485869e+01 -2.538194e+01 5.877551e+01
      vertex -1.600167e+01 -2.509252e+01 5.877551e+01
      vertex -1.553227e+01 -2.448871e+01 6.040816e+01
    endloop
  endfacet
  facet normal -2.512545e-01 -8.858818e-01 3.899803e-01
    outer loop
      vertex -1.442282e+01 -2.478602e+01 6.040816e+01
      vertex -1.398695e+01 -2.419092e+01 6.204082e+01
      vertex -1.506287e+01 -2.388576e+01 6.204082e+01
    endloop
  endfacet
  facet normal 2.376942e-01 8.869934e-01 -3.959093e-01
    outer loop
      vertex -1.442282e+01 -2.478602e+01 6.040816e+01
      vertex -1.553227e+01 -2.448871e+01 6.040816e+01
      vertex -1.506287e+01 -2.388576e+01 6.204082e+01
    endloop
  endfacet
  facet normal -2.646110e-01 -8.813628e-01 3.913830e-01
    outer loop
      vertex -1.398695e+01 -2.419092e+01 6.204082e+01
      vertex -1.355108e+01 -2.359677e+01 6.367347e+01
      vertex -1.459348e+01 -2.328382e+01 6.367347e+01
    endloop
  endfacet
  facet normal 2.503795e-01 8.827969e-01 -3.974667e-01
    outer loop
      vertex -1.398695e+01 -2.419092e+01 6.204082e+01
      vertex -1.506287e+01 -2.388576e+01 6.204082e+01
      vertex -1.459348e+01 -2.328382e+01 6.367347e+01
    endloop
  endfacet
  facet normal -2.786099e-01 -8.764351e-01 3.927314e-01
    outer loop
      vertex -1.355108e+01 -2.359677e+01 6.367347e+01
      vertex -1.311521e+01 -2.300374e+01 6.530612e+01
      vertex -1.412408e+01 -2.268303e+01 6.530612e+01
    endloop
  endfacet
  facet normal 2.636712e-01 8.782325e-01 -3.989802e-01
    outer loop
      vertex -1.355108e+01 -2.359677e+01 6.367347e+01
      vertex -1.459348e+01 -2.328382e+01 6.367347e+01
      vertex -1.412408e+01 -2.268303e+01 6.530612e+01
    endloop
  endfacet
  facet normal -2.932838e-01 -8.710586e-01 3.940070e-01
    outer loop
      vertex -1.311521e+01 -2.300374e+01 6.530612e+01
      vertex -1.267935e+01 -2.241199e+01 6.693878e+01
      vertex -1.365468e+01 -2.208360e+01 6.693878e+01
    endloop
  endfacet
  facet normal 2.776020e-01 8.732648e-01 -4.004319e-01
    outer loop
      vertex -1.311521e+01 -2.300374e+01 6.530612e+01
      vertex -1.412408e+01 -2.268303e+01 6.530612e+01
      vertex -1.365468e+01 -2.208360e+01 6.693878e+01
    endloop
  endfacet
  facet normal -3.086650e-01 -8.651897e-01 3.951870e-01
    outer loop
      vertex -1.267935e+01 -2.241199e+01 6.693878e+01
      vertex -1.224348e+01 -2.182176e+01 6.857143e+01
      vertex -1.318528e+01 -2.148576e+01 6.857143e+01
    endloop
  endfacet
  facet normal 2.922052e-01 8.678554e-01 -4.018000e-01
    outer loop
      vertex -1.267935e+01 -2.241199e+01 6.693878e+01
      vertex -1.365468e+01 -2.208360e+01 6.693878e+01
      vertex -1.318528e+01 -2.148576e+01 6.857143e+01
    endloop
  endfacet
  facet normal -3.247841e-01 -8.587815e-01 3.962444e-01
    outer loop
      vertex -1.224348e+01 -2.182176e+01 6.857143e+01
      vertex -1.180761e+01 -2.123329e+01 7.020408e+01
      vertex -1.271588e+01 -2.088979e+01 7.020408e+01
    endloop
  endfacet
  facet normal 3.075137e-01 8.619628e-01 -4.030576e-01
    outer loop
      vertex -1.224348e+01 -2.182176e+01 6.857143e+01
      vertex -1.318528e+01 -2.148576e+01 6.857143e+01
      vertex -1.271588e+01 -2.088979e+01 7.020408e+01
    endloop
  endfacet
  facet normal -3.416689e-01 -8.517845e-01 3.971466e-01
    outer loop
      vertex -1.180761e+01 -2.123329e+01 7.020408e+01
      vertex -1.137174e+01 -2.064690e+01 7.183673e+01
      vertex -1.224649e+01 -2.029602e+01 7.183673e+01
    endloop
  endfacet
  facet normal 3.235594e-01 8.555431e-01 -4.041724e-01
    outer loop
      vertex -1.180761e+01 -2.123329e+01 7.020408e+01
      vertex -1.271588e+01 -2.088979e+01 7.020408e+01
      vertex -1.224649e+01 -2.029602e+01 7.183673e+01
    endloop
  endfacet
  facet normal -3.593421e-01 -8.441474e-01 3.978548e-01
    outer loop
      vertex -1.137174e+01 -2.064690e+01 7.183673e+01
      vertex -1.093587e+01 -2.006296e+01 7.346939e+01
      vertex -1.177709e+01 -1.970486e+01 7.346939e+01
    endloop
  endfacet
  facet normal 3.403715e-01 8.485500e-01 -4.051051e-01
    outer loop
      vertex -1.137174e+01 -2.064690e+01 7.183673e+01
      vertex -1.224649e+01 -2.029602e+01 7.183673e+01
      vertex -1.177709e+01 -1.970486e+01 7.346939e+01
    endloop
  endfacet
  facet normal -3.778188e-01 -8.358181e-01 3.983228e-01
    outer loop
      vertex -1.093587e+01 -2.006296e+01 7.346939e+01
      vertex -1.050000e+01 -1.948192e+01 7.510204e+01
      vertex -1.130769e+01 -1.911681e+01 7.510204e+01
    endloop
  endfacet
  facet normal 3.579751e-01 8.409362e-01 -4.058080e-01
    outer loop
      vertex -1.093587e+01 -2.006296e+01 7.346939e+01
      vertex -1.177709e+01 -1.970486e+01 7.346939e+01
      vertex -1.130769e+01 -1.911681e+01 7.510204e+01
    endloop
  endfacet
  facet normal -3.971027e-01 -8.267471e-01 3.984956e-01
    outer loop
      vertex -1.050000e+01 -1.948192e+01 7.510204e+01
      vertex -1.006413e+01 -1.890433e+01 7.673469e+01
      vertex -1.083829e+01 -1.853248e+01 7.673469e+01
    endloop
  endfacet
  facet normal 3.763889e-01 8.326549e-01 -4.062231e-01
    outer loop
      vertex -1.050000e+01 -1.948192e+01 7.510204e+01
      vertex -1.130769e+01 -1.911681e+01 7.510204e+01
      vertex -1.083829e+01 -1.853248e+01 7.673469e+01
    endloop
  endfacet
  facet normal -4.171814e-01 -8.168905e-01 3.983085e-01
    outer loop
      vertex -1.006413e+01 -1.890433e+01 7.673469e+01
      vertex -9.628258e+00 -1.833086e+01 7.836735e+01
      vertex -1.036889e+01 -1.795262e+01 7.836735e+01
    endloop
  endfacet
  facet normal 3.956211e-01 8.236625e-01 -4.062807e-01
    outer loop
      vertex -1.006413e+01 -1.890433e+01 7.673469e+01
      vertex -1.083829e+01 -1.853248e+01 7.673469e+01
      vertex -1.036889e+01 -1.795262e+01 7.836735e+01
    endloop
  endfacet
  facet normal -4.380190e-01 -8.062166e-01 3.976860e-01
    outer loop
      vertex -9.628258e+00 -1.833086e+01 7.836735e+01
      vertex -9.192388e+00 -1.776232e+01 8.000000e+01
      vertex -9.899495e+00 -1.737815e+01 8.000000e+01
    endloop
  endfacet
  facet normal 4.156657e-01 8.139227e-01 -4.058964e-01
    outer loop
      vertex -9.628258e+00 -1.833086e+01 7.836735e+01
      vertex -1.036889e+01 -1.795262e+01 7.836735e+01
      vertex -9.899495e+00 -1.737815e+01 8.000000e+01
    endloop
  endfacet
  facet normal -3.503951e-03 -9.364911e-01 3.506738e-01
    outer loop
      vertex -3.290000e+01 -4.700000e+01 0.000000e+00
      vertex -3.243060e+01 -4.639040e+01 1.632653e+00
      vertex -3.474707e+01 -4.638173e+01 1.632653e+00
    endloop
  endfacet
  facet normal 0.000000e+00 9.351904e-01 -3.541454e-01
    outer loop
      vertex -3.290000e+01 -4.700000e+01 0.000000e+00
      vertex -3.525000e+01 -4.700000e+01 0.000000e+00
      vertex -3.474707e+01 -4.638173e+01 1.632653e+00
    endloop
  endfacet
  facet normal -7.108110e-03 -9.361326e-01 3.515754e-01
    outer loop
      vertex -3.243060e+01 -4.639040e+01 1.632653e+00
      vertex -3.196120e+01 -4.578080e+01 3.265306e+00
      vertex -3.424415e+01 -4.576347e+01 3.265306e+00
    endloop
  endfacet
  facet normal 3.497727e-03 9.348276e-01 -3.550847e-01
    outer loop
      vertex -3.243060e+01 -4.639040e+01 1.632653e+00
      vertex -3.474707e+01 -4.638173e+01 1.632653e+00
      vertex -3.424415e+01 -4.576347e+01 3.265306e+00
    endloop
  endfacet
  facet normal -1.081669e-02 -9.357503e-01 3.524974e-01
    outer loop
      vertex -3.196120e+01 -4.578080e+01 3.265306e+00
      vertex -3.149181e+01 -4.517121e+01 4.897959e+00
      vertex -3.374122e+01 -4.514521e+01 4.897959e+00
    endloop
  endfacet
  facet normal 7.095271e-03 9.344417e-01 -3.560453e-01
    outer loop
      vertex -3.196120e+01 -4.578080e+01 3.265306e+00
      vertex -3.424415e+01 -4.576347e+01 3.265306e+00
      vertex -3.374122e+01 -4.514521e+01 4.897959e+00
    endloop
  endfacet
  facet normal -1.463414e-02 -9.353426e-01 3.534404e-01
    outer loop
      vertex -3.149181e+01 -4.517121e+01 4.897959e+00
      vertex -3.102241e+01 -4.456162e+01 6.530612e+00
      vertex -3.323829e+01 -4.452695e+01 6.530612e+00
    endloop
  endfacet
  facet normal 1.079682e-02 9.340314e-01 -3.570278e-01
    outer loop
      vertex -3.149181e+01 -4.517121e+01 4.897959e+00
      vertex -3.374122e+01 -4.514521e+01 4.897959e+00
      vertex -3.323829e+01 -4.452695e+01 6.530612e+00
    endloop
  endfacet
  facet normal -1.856514e-02 -9.349078e-01 3.544048e-01
    outer loop
      vertex -3.102241e+01 -4.456162e+01 6.530612e+00
      vertex -3.055301e+01 -4.395203e+01 8.163265e+00
      vertex -3.273537e+01 -4.390870e+01 8.163265e+00
    endloop
  endfacet
  facet normal 1.460679e-02 9.335947e-01 -3.580328e-01
    outer loop
      vertex -3.102241e+01 -4.456162e+01 6.530612e+00
      vertex -3.323829e+01 -4.452695e+01 6.530612e+00
      vertex -3.273537e+01 -4.390870e+01 8.163265e+00
    endloop
  endfacet
  facet normal -2.261466e-02 -9.344439e-01 3.553915e-01
    outer loop
      vertex -3.055301e+01 -4.395203e+01 8.163265e+00
      vertex -3.008361e+01 -4.334246e+01 9.795918e+00
      vertex -3.223244e+01 -4.329045e+01 9.795918e+00
    endloop
  endfacet
  facet normal 1.852984e-02 9.331302e-01 -3.590609e-01
    outer loop
      vertex -3.055301e+01 -4.395203e+01 8.163265e+00
      vertex -3.273537e+01 -4.390870e+01 8.163265e+00
      vertex -3.223244e+01 -4.329045e+01 9.795918e+00
    endloop
  endfacet
  facet normal -2.678793e-02 -9.339491e-01 3.564008e-01
    outer loop
      vertex -3.008361e+01 -4.334246e+01 9.795918e+00
      vertex -2.961421e+01 -4.273289e+01 1.142857e+01
      vertex -3.172951e+01 -4.267222e+01 1.142857e+01
    endloop
  endfacet
  facet normal 2.257090e-02 9.326357e-01 -3.601129e-01
    outer loop
      vertex -3.008361e+01 -4.334246e+01 9.795918e+00
      vertex -3.223244e+01 -4.329045e+01 9.795918e+00
      vertex -3.172951e+01 -4.267222e+01 1.142857e+01
    endloop
  endfacet
  facet normal -3.109048e-02 -9.334209e-01 3.574336e-01
    outer loop
      vertex -2.961421e+01 -4.273289e+01 1.142857e+01
      vertex -2.914482e+01 -4.212333e+01 1.306122e+01
      vertex -3.122659e+01 -4.205399e+01 1.306122e+01
    endloop
  endfacet
  facet normal 2.673516e-02 9.321092e-01 -3.611893e-01
    outer loop
      vertex -2.961421e+01 -4.273289e+01 1.142857e+01
      vertex -3.172951e+01 -4.267222e+01 1.142857e+01
      vertex -3.122659e+01 -4.205399e+01 1.306122e+01
    endloop
  endfacet
  facet normal -3.552817e-02 -9.328571e-01 3.584903e-01
    outer loop
      vertex -2.914482e+01 -4.212333e+01 1.306122e+01
      vertex -2.867542e+01 -4.151379e+01 1.469388e+01
      vertex -3.072366e+01 -4.143579e+01 1.469388e+01
    endloop
  endfacet
  facet normal 3.102811e-02 9.315485e-01 -3.622909e-01
    outer loop
      vertex -2.914482e+01 -4.212333e+01 1.306122e+01
      vertex -3.122659e+01 -4.205399e+01 1.306122e+01
      vertex -3.072366e+01 -4.143579e+01 1.469388e+01
    endloop
  endfacet
  facet normal -4.010718e-02 -9.322551e-01 3.595717e-01
    outer loop
      vertex -2.867542e+01 -4.151379e+01 1.469388e+01
      vertex -2.820602e+01 -4.090427e+01 1.632653e+01
      vertex -3.022074e+01 -4.081760e+01 1.632653e+01
    endloop
  endfacet
  facet normal 3.545557e-02 9.309511e-01 -3.634184e-01
    outer loop
      vertex -2.867542e+01 -4.151379e+01 1.469388e+01
      vertex -3.072366e+01 -4.143579e+01 1.469388e+01
      vertex -3.022074e+01 -4.081760e+01 1.632653e+01
    endloop
  endfacet
  facet normal -4.483409e-02 -9.316121e-01 3.606784e-01
    outer loop
      vertex -2.820602e+01 -4.090427e+01 1.632653e+01
      vertex -2.773662e+01 -4.029477e+01 1.795918e+01
      vertex -2.971781e+01 -4.019943e+01 1.795918e+01
    endloop
  endfacet
  facet normal 4.002369e-02 9.303145e-01 -3.645725e-01
    outer loop
      vertex -2.820602e+01 -4.090427e+01 1.632653e+01
      vertex -3.022074e+01 -4.081760e+01 1.632653e+01
      vertex -2.971781e+01 -4.019943e+01 1.795918e+01
    endloop
  endfacet
  facet normal -4.971584e-02 -9.309249e-01 3.618110e-01
    outer loop
      vertex -2.773662e+01 -4.029477e+01 1.795918e+01
      vertex -2.726722e+01 -3.968530e+01 1.959184e+01
      vertex -2.921488e+01 -3.958128e+01 1.959184e+01
    endloop
  endfacet
  facet normal 4.473898e-02 9.296357e-01 -3.657538e-01
    outer loop
      vertex -2.773662e+01 -4.029477e+01 1.795918e+01
      vertex -2.971781e+01 -4.019943e+01 1.795918e+01
      vertex -2.921488e+01 -3.958128e+01 1.959184e+01
    endloop
  endfacet
  facet normal -5.475981e-02 -9.301903e-01 3.629701e-01
    outer loop
      vertex -2.726722e+01 -3.968530e+01 1.959184e+01
      vertex -2.679783e+01 -3.907585e+01 2.122449e+01
      vertex -2.871196e+01 -3.896317e+01 2.122449e+01
    endloop
  endfacet
  facet normal 4.960833e-02 9.289118e-01 -3.669631e-01
    outer loop
      vertex -2.726722e+01 -3.968530e+01 1.959184e+01
      vertex -2.921488e+01 -3.958128e+01 1.959184e+01
      vertex -2.871196e+01 -3.896317e+01 2.122449e+01
    endloop
  endfacet
  facet normal -5.997381e-02 -9.294048e-01 3.641564e-01
    outer loop
      vertex -2.679783e+01 -3.907585e+01 2.122449e+01
      vertex -2.632843e+01 -3.846644e+01 2.285714e+01
      vertex -2.820903e+01 -3.834509e+01 2.285714e+01
    endloop
  endfacet
  facet normal 5.463906e-02 9.281393e-01 -3.682011e-01
    outer loop
      vertex -2.679783e+01 -3.907585e+01 2.122449e+01
      vertex -2.871196e+01 -3.896317e+01 2.122449e+01
      vertex -2.820903e+01 -3.834509e+01 2.285714e+01
    endloop
  endfacet
  facet normal -6.536614e-02 -9.285643e-01 3.653705e-01
    outer loop
      vertex -2.632843e+01 -3.846644e+01 2.285714e+01
      vertex -2.585903e+01 -3.785707e+01 2.448980e+01
      vertex -2.770610e+01 -3.772705e+01 2.448980e+01
    endloop
  endfacet
  facet normal 5.983893e-02 9.273146e-01 -3.694685e-01
    outer loop
      vertex -2.632843e+01 -3.846644e+01 2.285714e+01
      vertex -2.820903e+01 -3.834509e+01 2.285714e+01
      vertex -2.770610e+01 -3.772705e+01 2.448980e+01
    endloop
  endfacet
  facet normal -7.094563e-02 -9.276647e-01 3.666129e-01
    outer loop
      vertex -2.585903e+01 -3.785707e+01 2.448980e+01
      vertex -2.538963e+01 -3.724774e+01 2.612245e+01
      vertex -2.720318e+01 -3.710905e+01 2.612245e+01
    endloop
  endfacet
  facet normal 6.521616e-02 9.264337e-01 -3.707659e-01
    outer loop
      vertex -2.585903e+01 -3.785707e+01 2.448980e+01
      vertex -2.770610e+01 -3.772705e+01 2.448980e+01
      vertex -2.720318e+01 -3.710905e+01 2.612245e+01
    endloop
  endfacet
  facet normal -7.672163e-02 -9.267011e-01 3.678842e-01
    outer loop
      vertex -2.538963e+01 -3.724774e+01 2.612245e+01
      vertex -2.492023e+01 -3.663847e+01 2.775510e+01
      vertex -2.670025e+01 -3.649110e+01 2.775510e+01
    endloop
  endfacet
  facet normal 7.077950e-02 9.254924e-01 -3.720941e-01
    outer loop
      vertex -2.538963e+01 -3.724774e+01 2.612245e+01
      vertex -2.720318e+01 -3.710905e+01 2.612245e+01
      vertex -2.670025e+01 -3.649110e+01 2.775510e+01
    endloop
  endfacet
  facet normal -8.270411e-02 -9.256687e-01 3.691849e-01
    outer loop
      vertex -2.492023e+01 -3.663847e+01 2.775510e+01
      vertex -2.445083e+01 -3.602926e+01 2.938776e+01
      vertex -2.619732e+01 -3.587322e+01 2.938776e+01
    endloop
  endfacet
  facet normal 7.653824e-02 9.244860e-01 -3.734536e-01
    outer loop
      vertex -2.492023e+01 -3.663847e+01 2.775510e+01
      vertex -2.670025e+01 -3.649110e+01 2.775510e+01
      vertex -2.619732e+01 -3.587322e+01 2.938776e+01
    endloop
  endfacet
  facet normal -8.890367e-02 -9.245617e-01 3.705155e-01
    outer loop
      vertex -2.445083e+01 -3.602926e+01 2.938776e+01
      vertex -2.398144e+01 -3.542011e+01 3.102041e+01
      vertex -2.569440e+01 -3.525540e+01 3.102041e+01
    endloop
  endfacet
  facet normal 8.250224e-02 9.234092e-01 -3.748450e-01
    outer loop
      vertex -2.445083e+01 -3.602926e+01 2.938776e+01
      vertex -2.619732e+01 -3.587322e+01 2.938776e+01
      vertex -2.569440e+01 -3.525540e+01 3.102041e+01
    endloop
  endfacet
  facet normal -9.533157e-02 -9.233742e-01 3.718763e-01
    outer loop
      vertex -2.398144e+01 -3.542011e+01 3.102041e+01
      vertex -2.351204e+01 -3.481105e+01 3.265306e+01
      vertex -2.519147e+01 -3.463766e+01 3.265306e+01
    endloop
  endfacet
  facet normal 8.868201e-02 9.222566e-01 -3.762689e-01
    outer loop
      vertex -2.398144e+01 -3.542011e+01 3.102041e+01
      vertex -2.569440e+01 -3.525540e+01 3.102041e+01
      vertex -2.519147e+01 -3.463766e+01 3.265306e+01
    endloop
  endfacet
  facet normal -1.019998e-01 -9.220994e-01 3.732676e-01
    outer loop
      vertex -2.351204e+01 -3.481105e+01 3.265306e+01
      vertex -2.304264e+01 -3.420207e+01 3.428571e+01
      vertex -2.468854e+01 -3.402000e+01 3.428571e+01
    endloop
  endfacet
  facet normal 9.508871e-02 9.210219e-01 -3.777258e-01
    outer loop
      vertex -2.351204e+01 -3.481105e+01 3.265306e+01
      vertex -2.519147e+01 -3.463766e+01 3.265306e+01
      vertex -2.468854e+01 -3.402000e+01 3.428571e+01
    endloop
  endfacet
  facet normal -1.089212e-01 -9.207301e-01 3.746897e-01
    outer loop
      vertex -2.304264e+01 -3.420207e+01 3.428571e+01
      vertex -2.257324e+01 -3.359319e+01 3.591837e+01
      vertex -2.418562e+01 -3.340245e+01 3.591837e+01
    endloop
  endfacet
  facet normal 1.017342e-01 9.196986e-01 -3.792159e-01
    outer loop
      vertex -2.304264e+01 -3.420207e+01 3.428571e+01
      vertex -2.468854e+01 -3.402000e+01 3.428571e+01
      vertex -2.418562e+01 -3.340245e+01 3.591837e+01
    endloop
  endfacet
  facet normal -1.161094e-01 -9.192581e-01 3.761425e-01
    outer loop
      vertex -2.257324e+01 -3.359319e+01 3.591837e+01
      vertex -2.210384e+01 -3.298443e+01 3.755102e+01
      vertex -2.368269e+01 -3.278501e+01 3.755102e+01
    endloop
  endfacet
  facet normal 1.086313e-01 9.182792e-01 -3.807395e-01
    outer loop
      vertex -2.257324e+01 -3.359319e+01 3.591837e+01
      vertex -2.418562e+01 -3.340245e+01 3.591837e+01
      vertex -2.368269e+01 -3.278501e+01 3.755102e+01
    endloop
  endfacet
  facet normal -1.235788e-01 -9.176747e-01 3.776260e-01
    outer loop
      vertex -2.210384e+01 -3.298443e+01 3.755102e+01
      vertex -2.163445e+01 -3.237580e+01 3.918367e+01
      vertex -2.317976e+01 -3.216770e+01 3.918367e+01
    endloop
  endfacet
  facet normal 1.157933e-01 9.167557e-01 -3.822969e-01
    outer loop
      vertex -2.210384e+01 -3.298443e+01 3.755102e+01
      vertex -2.368269e+01 -3.278501e+01 3.755102e+01
      vertex -2.317976e+01 -3.216770e+01 3.918367e+01
    endloop
  endfacet
  facet normal -1.313450e-01 -9.159702e-01 3.791398e-01
    outer loop
      vertex -2.163445e+01 -3.237580e+01 3.918367e+01
      vertex -2.116505e+01 -3.176732e+01 4.081633e+01
      vertex -2.267684e+01 -3.155054e+01 4.081633e+01
    endloop
  endfacet
  facet normal 1.232347e-01 9.151193e-01 -3.838878e-01
    outer loop
      vertex -2.163445e+01 -3.237580e+01 3.918367e+01
      vertex -2.317976e+01 -3.216770e+01 3.918367e+01
      vertex -2.267684e+01 -3.155054e+01 4.081633e+01
    endloop
  endfacet
  facet normal -1.394245e-01 -9.141339e-01 3.806835e-01
    outer loop
      vertex -2.116505e+01 -3.176732e+01 4.081633e+01
      vertex -2.069565e+01 -3.115901e+01 4.244898e+01
      vertex -2.217391e+01 -3.093354e+01 4.244898e+01
    endloop
  endfacet
  facet normal 1.309708e-01 9.133603e-01 -3.855122e-01
    outer loop
      vertex -2.116505e+01 -3.176732e+01 4.081633e+01
      vertex -2.267684e+01 -3.155054e+01 4.081633e+01
      vertex -2.217391e+01 -3.093354e+01 4.244898e+01
    endloop
  endfacet
  facet normal -1.478349e-01 -9.121541e-01 3.822562e-01
    outer loop
      vertex -2.069565e+01 -3.115901e+01 4.244898e+01
      vertex -2.022625e+01 -3.055089e+01 4.408163e+01
      vertex -2.167098e+01 -3.031674e+01 4.408163e+01
    endloop
  endfacet
  facet normal 1.390179e-01 9.114680e-01 -3.871694e-01
    outer loop
      vertex -2.069565e+01 -3.115901e+01 4.244898e+01
      vertex -2.217391e+01 -3.093354e+01 4.244898e+01
      vertex -2.167098e+01 -3.031674e+01 4.408163e+01
    endloop
  endfacet
  facet normal -1.565948e-01 -9.100176e-01 3.838568e-01
    outer loop
      vertex -2.022625e+01 -3.055089e+01 4.408163e+01
      vertex -1.975685e+01 -2.994299e+01 4.571429e+01
      vertex -2.116806e+01 -2.970015e+01 4.571429e+01
    endloop
  endfacet
  facet normal 1.473935e-01 9.094306e-01 -3.888588e-01
    outer loop
      vertex -2.022625e+01 -3.055089e+01 4.408163e+01
      vertex -2.167098e+01 -3.031674e+01 4.408163e+01
      vertex -2.116806e+01 -2.970015e+01 4.571429e+01
    endloop
  endfacet
  facet normal -1.657244e-01 -9.077102e-01 3.854836e-01
    outer loop
      vertex -1.975685e+01 -2.994299e+01 4.571429e+01
      vertex -1.928746e+01 -2.933534e+01 4.734694e+01
      vertex -2.066513e+01 -2.908381e+01 4.734694e+01
    endloop
  endfacet
  facet normal 1.561161e-01 9.072353e-01 -3.905790e-01
    outer loop
      vertex -1.975685e+01 -2.994299e+01 4.571429e+01
      vertex -2.116806e+01 -2.970015e+01 4.571429e+01
      vertex -2.066513e+01 -2.908381e+01 4.734694e+01
    endloop
  endfacet
  facet normal -1.752450e-01 -9.052160e-01 3.871346e-01
    outer loop
      vertex -1.928746e+01 -2.933534e+01 4.734694e+01
      vertex -1.881806e+01 -2.872797e+01 4.897959e+01
      vertex -2.016221e+01 -2.846775e+01 4.897959e+01
    endloop
  endfacet
  facet normal 1.652055e-01 9.048677e-01 -3.923285e-01
    outer loop
      vertex -1.928746e+01 -2.933534e+01 4.734694e+01
      vertex -2.066513e+01 -2.908381e+01 4.734694e+01
      vertex -2.016221e+01 -2.846775e+01 4.897959e+01
    endloop
  endfacet
  facet normal -1.851791e-01 -9.025174e-01 3.888072e-01
    outer loop
      vertex -1.881806e+01 -2.872797e+01 4.897959e+01
      vertex -1.834866e+01 -2.812093e+01 5.061224e+01
      vertex -1.965928e+01 -2.785202e+01 5.061224e+01
    endloop
  endfacet
  facet normal 1.746828e-01 9.023120e-01 -3.941052e-01
    outer loop
      vertex -1.881806e+01 -2.872797e+01 4.897959e+01
      vertex -2.016221e+01 -2.846775e+01 4.897959e+01
      vertex -1.965928e+01 -2.785202e+01 5.061224e+01
    endloop
  endfacet
  facet normal -1.955509e-01 -8.995950e-01 3.904979e-01
    outer loop
      vertex -1.834866e+01 -2.812093e+01 5.061224e+01
      vertex -1.787926e+01 -2.751426e+01 5.224490e+01
      vertex -1.915635e+01 -2.723665e+01 5.224490e+01
    endloop
  endfacet
  facet normal 1.845705e-01 8.995510e-01 -3.959062e-01
    outer loop
      vertex -1.834866e+01 -2.812093e+01 5.061224e+01
      vertex -1.965928e+01 -2.785202e+01 5.061224e+01
      vertex -1.915635e+01 -2.723665e+01 5.224490e+01
    endloop
  endfacet
  facet normal -2.063860e-01 -8.964273e-01 3.922025e-01
    outer loop
      vertex -1.787926e+01 -2.751426e+01 5.224490e+01
      vertex -1.740986e+01 -2.690802e+01 5.387755e+01
      vertex -1.865343e+01 -2.662171e+01 5.387755e+01
    endloop
  endfacet
  facet normal 1.948923e-01 8.965653e-01 -3.977280e-01
    outer loop
      vertex -1.787926e+01 -2.751426e+01 5.224490e+01
      vertex -1.915635e+01 -2.723665e+01 5.224490e+01
      vertex -1.865343e+01 -2.662171e+01 5.387755e+01
    endloop
  endfacet
  facet normal -2.177116e-01 -8.929905e-01 3.939158e-01
    outer loop
      vertex -1.740986e+01 -2.690802e+01 5.387755e+01
      vertex -1.694047e+01 -2.630226e+01 5.551020e+01
      vertex -1.815050e+01 -2.600726e+01 5.551020e+01
    endloop
  endfacet
  facet normal 2.056738e-01 8.933338e-01 -3.995660e-01
    outer loop
      vertex -1.740986e+01 -2.690802e+01 5.387755e+01
      vertex -1.865343e+01 -2.662171e+01 5.387755e+01
      vertex -1.815050e+01 -2.600726e+01 5.551020e+01
    endloop
  endfacet
  facet normal -2.295562e-01 -8.892580e-01 3.956313e-01
    outer loop
      vertex -1.694047e+01 -2.630226e+01 5.551020e+01
      vertex -1.647107e+01 -2.569707e+01 5.714286e+01
      vertex -1.764757e+01 -2.539336e+01 5.714286e+01
    endloop
  endfacet
  facet normal 2.169417e-01 8.898329e-01 -4.014147e-01
    outer loop
      vertex -1.694047e+01 -2.630226e+01 5.551020e+01
      vertex -1.815050e+01 -2.600726e+01 5.551020e+01
      vertex -1.764757e+01 -2.539336e+01 5.714286e+01
    endloop
  endfacet
  facet normal -2.419500e-01 -8.852007e-01 3.973410e-01
    outer loop
      vertex -1.647107e+01 -2.569707e+01 5.714286e+01
      vertex -1.600167e+01 -2.509252e+01 5.877551e+01
      vertex -1.714465e+01 -2.478011e+01 5.877551e+01
    endloop
  endfacet
  facet normal 2.287246e-01 8.860366e-01 -4.032669e-01
    outer loop
      vertex -1.647107e+01 -2.569707e+01 5.714286e+01
      vertex -1.764757e+01 -2.539336e+01 5.714286e+01
      vertex -1.714465e+01 -2.478011e+01 5.877551e+01
    endloop
  endfacet
  facet normal -2.549248e-01 -8.807861e-01 3.990353e-01
    outer loop
      vertex -1.600167e+01 -2.509252e+01 5.877551e+01
      vertex -1.553227e+01 -2.448871e+01 6.040816e+01
      vertex -1.664172e+01 -2.416760e+01 6.040816e+01
    endloop
  endfacet
  facet normal 2.410523e-01 8.819163e-01 -4.051140e-01
    outer loop
      vertex -1.600167e+01 -2.509252e+01 5.877551e+01
      vertex -1.714465e+01 -2.478011e+01 5.877551e+01
      vertex -1.664172e+01 -2.416760e+01 6.040816e+01
    endloop
  endfacet
  facet normal -2.685136e-01 -8.759784e-01 4.007022e-01
    outer loop
      vertex -1.553227e+01 -2.448871e+01 6.040816e+01
      vertex -1.506287e+01 -2.388576e+01 6.204082e+01
      vertex -1.613879e+01 -2.355596e+01 6.204082e+01
    endloop
  endfacet
  facet normal 2.539565e-01 8.774404e-01 -4.069453e-01
    outer loop
      vertex -1.553227e+01 -2.448871e+01 6.040816e+01
      vertex -1.664172e+01 -2.416760e+01 6.040816e+01
      vertex -1.613879e+01 -2.355596e+01 6.204082e+01
    endloop
  endfacet
  facet normal -2.827506e-01 -8.707380e-01 4.023275e-01
    outer loop
      vertex -1.506287e+01 -2.388576e+01 6.204082e+01
      vertex -1.459348e+01 -2.328382e+01 6.367347e+01
      vertex -1.563587e+01 -2.294532e+01 6.367347e+01
    endloop
  endfacet
  facet normal 2.674700e-01 8.725738e-01 -4.087478e-01
    outer loop
      vertex -1.506287e+01 -2.388576e+01 6.204082e+01
      vertex -1.613879e+01 -2.355596e+01 6.204082e+01
      vertex -1.563587e+01 -2.294532e+01 6.367347e+01
    endloop
  endfacet
  facet normal -2.976707e-01 -8.650214e-01 4.038938e-01
    outer loop
      vertex -1.459348e+01 -2.328382e+01 6.367347e+01
      vertex -1.412408e+01 -2.268303e+01 6.530612e+01
      vertex -1.513294e+01 -2.233586e+01 6.530612e+01
    endloop
  endfacet
  facet normal 2.816271e-01 8.672782e-01 -4.105053e-01
    outer loop
      vertex -1.459348e+01 -2.328382e+01 6.367347e+01
      vertex -1.563587e+01 -2.294532e+01 6.367347e+01
      vertex -1.513294e+01 -2.233586e+01 6.530612e+01
    endloop
  endfacet
  facet normal -3.133092e-01 -8.587807e-01 4.053801e-01
    outer loop
      vertex -1.412408e+01 -2.268303e+01 6.530612e+01
      vertex -1.365468e+01 -2.208360e+01 6.693878e+01
      vertex -1.463001e+01 -2.172777e+01 6.693878e+01
    endloop
  endfacet
  facet normal 2.964629e-01 8.615116e-01 -4.121984e-01
    outer loop
      vertex -1.412408e+01 -2.268303e+01 6.530612e+01
      vertex -1.513294e+01 -2.233586e+01 6.530612e+01
      vertex -1.463001e+01 -2.172777e+01 6.693878e+01
    endloop
  endfacet
  facet normal -3.297012e-01 -8.519639e-01 4.067612e-01
    outer loop
      vertex -1.365468e+01 -2.208360e+01 6.693878e+01
      vertex -1.318528e+01 -2.148576e+01 6.857143e+01
      vertex -1.412709e+01 -2.112129e+01 6.857143e+01
    endloop
  endfacet
  facet normal 3.120131e-01 8.552279e-01 -4.138031e-01
    outer loop
      vertex -1.365468e+01 -2.208360e+01 6.693878e+01
      vertex -1.463001e+01 -2.172777e+01 6.693878e+01
      vertex -1.412709e+01 -2.112129e+01 6.857143e+01
    endloop
  endfacet
  facet normal -3.468802e-01 -8.445146e-01 4.080065e-01
    outer loop
      vertex -1.318528e+01 -2.148576e+01 6.857143e+01
      vertex -1.271588e+01 -2.088979e+01 7.020408e+01
      vertex -1.362416e+01 -2.051672e+01 7.020408e+01
    endloop
  endfacet
  facet normal 3.283133e-01 8.483775e-01 -4.152903e-01
    outer loop
      vertex -1.318528e+01 -2.148576e+01 6.857143e+01
      vertex -1.412709e+01 -2.112129e+01 6.857143e+01
      vertex -1.362416e+01 -2.051672e+01 7.020408e+01
    endloop
  endfacet
  facet normal -3.648769e-01 -8.363725e-01 4.090794e-01
    outer loop
      vertex -1.271588e+01 -2.088979e+01 7.020408e+01
      vertex -1.224649e+01 -2.029602e+01 7.183673e+01
      vertex -1.312123e+01 -1.991440e+01 7.183673e+01
    endloop
  endfacet
  facet normal 3.453983e-01 8.409067e-01 -4.166244e-01
    outer loop
      vertex -1.271588e+01 -2.088979e+01 7.020408e+01
      vertex -1.362416e+01 -2.051672e+01 7.020408e+01
      vertex -1.312123e+01 -1.991440e+01 7.183673e+01
    endloop
  endfacet
  facet normal -3.837174e-01 -8.274741e-01 4.099361e-01
    outer loop
      vertex -1.224649e+01 -2.029602e+01 7.183673e+01
      vertex -1.177709e+01 -1.970486e+01 7.346939e+01
      vertex -1.261831e+01 -1.931477e+01 7.346939e+01
    endloop
  endfacet
  facet normal 3.633005e-01 8.327590e-01 -4.177622e-01
    outer loop
      vertex -1.224649e+01 -2.029602e+01 7.183673e+01
      vertex -1.312123e+01 -1.991440e+01 7.183673e+01
      vertex -1.261831e+01 -1.931477e+01 7.346939e+01
    endloop
  endfacet
  facet normal -4.034201e-01 -8.177544e-01 4.105241e-01
    outer loop
      vertex -1.177709e+01 -1.970486e+01 7.346939e+01
      vertex -1.130769e+01 -1.911681e+01 7.510204e+01
      vertex -1.211538e+01 -1.871836e+01 7.510204e+01
    endloop
  endfacet
  facet normal 3.820485e-01 8.238753e-01 -4.186508e-01
    outer loop
      vertex -1.177709e+01 -1.970486e+01 7.346939e+01
      vertex -1.261831e+01 -1.931477e+01 7.346939e+01
      vertex -1.211538e+01 -1.871836e+01 7.510204e+01
    endloop
  endfacet
  facet normal -4.239922e-01 -8.071491e-01 4.107808e-01
    outer loop
      vertex -1.130769e+01 -1.911681e+01 7.510204e+01
      vertex -1.083829e+01 -1.853248e+01 7.673469e+01
      vertex -1.161245e+01 -1.812582e+01 7.673469e+01
    endloop
  endfacet
  facet normal 4.016646e-01 8.141960e-01 -4.192260e-01
    outer loop
      vertex -1.130769e+01 -1.911681e+01 7.510204e+01
      vertex -1.211538e+01 -1.871836e+01 7.510204e+01
      vertex -1.161245e+01 -1.812582e+01 7.673469e+01
    endloop
  endfacet
  facet normal -4.454244e-01 -7.955993e-01 4.106324e-01
    outer loop
      vertex -1.083829e+01 -1.853248e+01 7.673469e+01
      vertex -1.036889e+01 -1.795262e+01 7.836735e+01
      vertex -1.110953e+01 -1.753797e+01 7.836735e+01
    endloop
  endfacet
  facet normal 4.221613e-01 8.036638e-01 -4.194095e-01
    outer loop
      vertex -1.083829e+01 -1.853248e+01 7.673469e+01
      vertex -1.161245e+01 -1.812582e+01 7.673469e+01
      vertex -1.110953e+01 -1.753797e+01 7.836735e+01
    endloop
  endfacet
  facet normal -4.676839e-01 -7.830572e-01 4.099916e-01
    outer loop
      vertex -1.036889e+01 -1.795262e+01 7.836735e+01
      vertex -9.899495e+00 -1.737815e+01 8.000000e+01
      vertex -1.060660e+01 -1.695582e+01 8.000000e+01
    endloop
  endfacet
  facet normal 4.435369e-01 7.922278e-01 -4.191063e-01
    outer loop
      vertex -1.036889e+01 -1.795262e+01 7.836735e+01
      vertex -1.110953e+01 -1.753797e+01 7.836735e+01
      vertex -1.060660e+01 -1.695582e+01 8.000000e+01
    endloop
  endfacet
  facet normal -3.738851e-03 -9.348019e-01 3.551500e-01
    outer loop
      vertex -3.525000e+01 -4.700000e+01 0.000000e+00
      vertex -3.474707e+01 -4.638173e+01 1.632653e+00
      vertex -3.706355e+01 -4.637247e+01 1.632653e+00
    endloop
  endfacet
  facet normal 0.000000e+00 9.334246e-01 -3.587737e-01
    outer loop
      vertex -3.525000e+01 -4.700000e+01 0.000000e+00
      vertex -3.760000e+01 -4.700000e+01 0.000000e+00
      vertex -3.706355e+01 -4.637247e+01 1.632653e+00
    endloop
  endfacet
  facet normal -7.584193e-03 -9.343877e-01 3.561770e-01
    outer loop
      vertex -3.474707e+01 -4.638173e+01 1.632653e+00
      vertex -3.424415e+01 -4.576347e+01 3.265306e+00
      vertex -3.652709e+01 -4.574494e+01 3.265306e+00
    endloop
  endfacet
  facet normal 3.731672e-03 9.330071e-01 -3.598387e-01
    outer loop
      vertex -3.474707e+01 -4.638173e+01 1.632653e+00
      vertex -3.706355e+01 -4.637247e+01 1.632653e+00
      vertex -3.652709e+01 -4.574494e+01 3.265306e+00
    endloop
  endfacet
  facet normal -1.154049e-02 -9.339463e-01 3.572270e-01
    outer loop
      vertex -3.424415e+01 -4.576347e+01 3.265306e+00
      vertex -3.374122e+01 -4.514521e+01 4.897959e+00
      vertex -3.599064e+01 -4.511741e+01 4.897959e+00
    endloop
  endfacet
  facet normal 7.569383e-03 9.325631e-01 -3.609277e-01
    outer loop
      vertex -3.424415e+01 -4.576347e+01 3.265306e+00
      vertex -3.652709e+01 -4.574494e+01 3.265306e+00
      vertex -3.599064e+01 -4.511741e+01 4.897959e+00
    endloop
  endfacet
  facet normal -1.561244e-02 -9.334757e-01 3.583008e-01
    outer loop
      vertex -3.374122e+01 -4.514521e+01 4.897959e+00
      vertex -3.323829e+01 -4.452695e+01 6.530612e+00
      vertex -3.545418e+01 -4.448989e+01 6.530612e+00
    endloop
  endfacet
  facet normal 1.151756e-02 9.320909e-01 -3.620413e-01
    outer loop
      vertex -3.374122e+01 -4.514521e+01 4.897959e+00
      vertex -3.599064e+01 -4.511741e+01 4.897959e+00
      vertex -3.545418e+01 -4.448989e+01 6.530612e+00
    endloop
  endfacet
  facet normal -1.980500e-02 -9.329738e-01 3.593989e-01
    outer loop
      vertex -3.323829e+01 -4.452695e+01 6.530612e+00
      vertex -3.273537e+01 -4.390870e+01 8.163265e+00
      vertex -3.491773e+01 -4.386237e+01 8.163265e+00
    endloop
  endfacet
  facet normal 1.558088e-02 9.315886e-01 -3.631802e-01
    outer loop
      vertex -3.323829e+01 -4.452695e+01 6.530612e+00
      vertex -3.545418e+01 -4.448989e+01 6.530612e+00
      vertex -3.491773e+01 -4.386237e+01 8.163265e+00
    endloop
  endfacet
  facet normal -2.412343e-02 -9.324387e-01 3.605221e-01
    outer loop
      vertex -3.273537e+01 -4.390870e+01 8.163265e+00
      vertex -3.223244e+01 -4.329045e+01 9.795918e+00
      vertex -3.438127e+01 -4.323486e+01 9.795918e+00
    endloop
  endfacet
  facet normal 1.976425e-02 9.310542e-01 -3.643453e-01
    outer loop
      vertex -3.273537e+01 -4.390870e+01 8.163265e+00
      vertex -3.491773e+01 -4.386237e+01 8.163265e+00
      vertex -3.438127e+01 -4.323486e+01 9.795918e+00
    endloop
  endfacet
  facet normal -2.857324e-02 -9.318678e-01 3.616711e-01
    outer loop
      vertex -3.223244e+01 -4.329045e+01 9.795918e+00
      vertex -3.172951e+01 -4.267222e+01 1.142857e+01
      vertex -3.384482e+01 -4.260736e+01 1.142857e+01
    endloop
  endfacet
  facet normal 2.407289e-02 9.304854e-01 -3.655372e-01
    outer loop
      vertex -3.223244e+01 -4.329045e+01 9.795918e+00
      vertex -3.438127e+01 -4.323486e+01 9.795918e+00
      vertex -3.384482e+01 -4.260736e+01 1.142857e+01
    endloop
  endfacet
  facet normal -3.316029e-02 -9.312587e-01 3.628465e-01
    outer loop
      vertex -3.172951e+01 -4.267222e+01 1.142857e+01
      vertex -3.122659e+01 -4.205399e+01 1.306122e+01
      vertex -3.330836e+01 -4.197987e+01 1.306122e+01
    endloop
  endfacet
  facet normal 2.851229e-02 9.298799e-01 -3.667566e-01
    outer loop
      vertex -3.172951e+01 -4.267222e+01 1.142857e+01
      vertex -3.384482e+01 -4.260736e+01 1.142857e+01
      vertex -3.330836e+01 -4.197987e+01 1.306122e+01
    endloop
  endfacet
  facet normal -3.789077e-02 -9.306087e-01 3.640491e-01
    outer loop
      vertex -3.122659e+01 -4.205399e+01 1.306122e+01
      vertex -3.072366e+01 -4.143579e+01 1.469388e+01
      vertex -3.277191e+01 -4.135239e+01 1.469388e+01
    endloop
  endfacet
  facet normal 3.308824e-02 9.292351e-01 -3.680044e-01
    outer loop
      vertex -3.122659e+01 -4.205399e+01 1.306122e+01
      vertex -3.330836e+01 -4.197987e+01 1.306122e+01
      vertex -3.277191e+01 -4.135239e+01 1.469388e+01
    endloop
  endfacet
  facet normal -4.277121e-02 -9.299148e-01 3.652795e-01
    outer loop
      vertex -3.072366e+01 -4.143579e+01 1.469388e+01
      vertex -3.022074e+01 -4.081760e+01 1.632653e+01
      vertex -3.223545e+01 -4.072493e+01 1.632653e+01
    endloop
  endfacet
  facet normal 3.780688e-02 9.285483e-01 -3.692814e-01
    outer loop
      vertex -3.072366e+01 -4.143579e+01 1.469388e+01
      vertex -3.277191e+01 -4.135239e+01 1.469388e+01
      vertex -3.223545e+01 -4.072493e+01 1.632653e+01
    endloop
  endfacet
  facet normal -4.780856e-02 -9.291737e-01 3.665386e-01
    outer loop
      vertex -3.022074e+01 -4.081760e+01 1.632653e+01
      vertex -2.971781e+01 -4.019943e+01 1.795918e+01
      vertex -3.169900e+01 -4.009749e+01 1.795918e+01
    endloop
  endfacet
  facet normal 4.267470e-02 9.278164e-01 -3.705883e-01
    outer loop
      vertex -3.022074e+01 -4.081760e+01 1.632653e+01
      vertex -3.223545e+01 -4.072493e+01 1.632653e+01
      vertex -3.169900e+01 -4.009749e+01 1.795918e+01
    endloop
  endfacet
  facet normal -5.301014e-02 -9.283820e-01 3.678270e-01
    outer loop
      vertex -2.971781e+01 -4.019943e+01 1.795918e+01
      vertex -2.921488e+01 -3.958128e+01 1.959184e+01
      vertex -3.116254e+01 -3.947007e+01 1.959184e+01
    endloop
  endfacet
  facet normal 4.769857e-02 9.270361e-01 -3.719259e-01
    outer loop
      vertex -2.971781e+01 -4.019943e+01 1.795918e+01
      vertex -3.169900e+01 -4.009749e+01 1.795918e+01
      vertex -3.116254e+01 -3.947007e+01 1.959184e+01
    endloop
  endfacet
  facet normal -5.838374e-02 -9.275360e-01 3.691454e-01
    outer loop
      vertex -2.921488e+01 -3.958128e+01 1.959184e+01
      vertex -2.871196e+01 -3.896317e+01 2.122449e+01
      vertex -3.062609e+01 -3.884268e+01 2.122449e+01
    endloop
  endfacet
  facet normal 5.288578e-02 9.262040e-01 -3.732951e-01
    outer loop
      vertex -2.921488e+01 -3.958128e+01 1.959184e+01
      vertex -3.116254e+01 -3.947007e+01 1.959184e+01
      vertex -3.062609e+01 -3.884268e+01 2.122449e+01
    endloop
  endfacet
  facet normal -6.393762e-02 -9.266314e-01 3.704946e-01
    outer loop
      vertex -2.871196e+01 -3.896317e+01 2.122449e+01
      vertex -2.820903e+01 -3.834509e+01 2.285714e+01
      vertex -3.008963e+01 -3.821533e+01 2.285714e+01
    endloop
  endfacet
  facet normal 5.824402e-02 9.253162e-01 -3.746966e-01
    outer loop
      vertex -2.871196e+01 -3.896317e+01 2.122449e+01
      vertex -3.062609e+01 -3.884268e+01 2.122449e+01
      vertex -3.008963e+01 -3.821533e+01 2.285714e+01
    endloop
  endfacet
  facet normal -6.968053e-02 -9.256638e-01 3.718752e-01
    outer loop
      vertex -2.820903e+01 -3.834509e+01 2.285714e+01
      vertex -2.770610e+01 -3.772705e+01 2.448980e+01
      vertex -2.955318e+01 -3.758800e+01 2.448980e+01
    endloop
  endfacet
  facet normal 6.378148e-02 9.243686e-01 -3.761312e-01
    outer loop
      vertex -2.820903e+01 -3.834509e+01 2.285714e+01
      vertex -3.008963e+01 -3.821533e+01 2.285714e+01
      vertex -2.955318e+01 -3.758800e+01 2.448980e+01
    endloop
  endfacet
  facet normal -7.562176e-02 -9.246283e-01 3.732879e-01
    outer loop
      vertex -2.770610e+01 -3.772705e+01 2.448980e+01
      vertex -2.720318e+01 -3.710905e+01 2.612245e+01
      vertex -2.901672e+01 -3.696073e+01 2.612245e+01
    endloop
  endfacet
  facet normal 6.950684e-02 9.233565e-01 -3.775997e-01
    outer loop
      vertex -2.770610e+01 -3.772705e+01 2.448980e+01
      vertex -2.955318e+01 -3.758800e+01 2.448980e+01
      vertex -2.901672e+01 -3.696073e+01 2.612245e+01
    endloop
  endfacet
  facet normal -8.177121e-02 -9.235196e-01 3.747333e-01
    outer loop
      vertex -2.720318e+01 -3.710905e+01 2.612245e+01
      vertex -2.670025e+01 -3.649110e+01 2.775510e+01
      vertex -2.848027e+01 -3.633350e+01 2.775510e+01
    endloop
  endfacet
  facet normal 7.542931e-02 9.222751e-01 -3.791029e-01
    outer loop
      vertex -2.720318e+01 -3.710905e+01 2.612245e+01
      vertex -2.901672e+01 -3.696073e+01 2.612245e+01
      vertex -2.848027e+01 -3.633350e+01 2.775510e+01
    endloop
  endfacet
  facet normal -8.813936e-02 -9.223318e-01 3.762120e-01
    outer loop
      vertex -2.670025e+01 -3.649110e+01 2.775510e+01
      vertex -2.619732e+01 -3.587322e+01 2.938776e+01
      vertex -2.794381e+01 -3.570632e+01 2.938776e+01
    endloop
  endfacet
  facet normal 8.155865e-02 9.211190e-01 -3.806414e-01
    outer loop
      vertex -2.670025e+01 -3.649110e+01 2.775510e+01
      vertex -2.848027e+01 -3.633350e+01 2.775510e+01
      vertex -2.794381e+01 -3.570632e+01 2.938776e+01
    endloop
  endfacet
  facet normal -9.473739e-02 -9.210586e-01 3.777245e-01
    outer loop
      vertex -2.619732e+01 -3.587322e+01 2.938776e+01
      vertex -2.569440e+01 -3.525540e+01 3.102041e+01
      vertex -2.740736e+01 -3.507921e+01 3.102041e+01
    endloop
  endfacet
  facet normal 8.790529e-02 9.198824e-01 -3.822160e-01
    outer loop
      vertex -2.619732e+01 -3.587322e+01 2.938776e+01
      vertex -2.794381e+01 -3.570632e+01 2.938776e+01
      vertex -2.740736e+01 -3.507921e+01 3.102041e+01
    endloop
  endfacet
  facet normal -1.015772e-01 -9.196931e-01 3.792713e-01
    outer loop
      vertex -2.569440e+01 -3.525540e+01 3.102041e+01
      vertex -2.519147e+01 -3.463766e+01 3.265306e+01
      vertex -2.687090e+01 -3.445217e+01 3.265306e+01
    endloop
  endfacet
  facet normal 9.448025e-02 9.185587e-01 -3.838273e-01
    outer loop
      vertex -2.569440e+01 -3.525540e+01 3.102041e+01
      vertex -2.740736e+01 -3.507921e+01 3.102041e+01
      vertex -2.687090e+01 -3.445217e+01 3.265306e+01
    endloop
  endfacet
  facet normal -1.086714e-01 -9.182275e-01 3.808526e-01
    outer loop
      vertex -2.519147e+01 -3.463766e+01 3.265306e+01
      vertex -2.468854e+01 -3.402000e+01 3.428571e+01
      vertex -2.633445e+01 -3.382521e+01 3.428571e+01
    endloop
  endfacet
  facet normal 1.012953e-01 9.171410e-01 -3.854758e-01
    outer loop
      vertex -2.519147e+01 -3.463766e+01 3.265306e+01
      vertex -2.687090e+01 -3.445217e+01 3.265306e+01
      vertex -2.633445e+01 -3.382521e+01 3.428571e+01
    endloop
  endfacet
  facet normal -1.160334e-01 -9.166536e-01 3.824689e-01
    outer loop
      vertex -2.468854e+01 -3.402000e+01 3.428571e+01
      vertex -2.418562e+01 -3.340245e+01 3.591837e+01
      vertex -2.579799e+01 -3.319835e+01 3.591837e+01
    endloop
  endfacet
  facet normal 1.083630e-01 9.156217e-01 -3.871619e-01
    outer loop
      vertex -2.468854e+01 -3.402000e+01 3.428571e+01
      vertex -2.633445e+01 -3.382521e+01 3.428571e+01
      vertex -2.579799e+01 -3.319835e+01 3.591837e+01
    endloop
  endfacet
  facet normal -1.236777e-01 -9.149621e-01 3.841200e-01
    outer loop
      vertex -2.418562e+01 -3.340245e+01 3.591837e+01
      vertex -2.368269e+01 -3.278501e+01 3.755102e+01
      vertex -2.526154e+01 -3.257159e+01 3.755102e+01
    endloop
  endfacet
  facet normal 1.156966e-01 9.139923e-01 -3.888861e-01
    outer loop
      vertex -2.418562e+01 -3.340245e+01 3.591837e+01
      vertex -2.579799e+01 -3.319835e+01 3.591837e+01
      vertex -2.526154e+01 -3.257159e+01 3.755102e+01
    endloop
  endfacet
  facet normal -1.316195e-01 -9.131429e-01 3.858060e-01
    outer loop
      vertex -2.368269e+01 -3.278501e+01 3.755102e+01
      vertex -2.317976e+01 -3.216770e+01 3.918367e+01
      vertex -2.472508e+01 -3.194496e+01 3.918367e+01
    endloop
  endfacet
  facet normal 1.233103e-01 9.122436e-01 -3.906485e-01
    outer loop
      vertex -2.368269e+01 -3.278501e+01 3.755102e+01
      vertex -2.526154e+01 -3.257159e+01 3.755102e+01
      vertex -2.472508e+01 -3.194496e+01 3.918367e+01
    endloop
  endfacet
  facet normal -1.398751e-01 -9.111850e-01 3.875266e-01
    outer loop
      vertex -2.317976e+01 -3.216770e+01 3.918367e+01
      vertex -2.267684e+01 -3.155054e+01 4.081633e+01
      vertex -2.418863e+01 -3.131846e+01 4.081633e+01
    endloop
  endfacet
  facet normal 1.312192e-01 9.103654e-01 -3.924491e-01
    outer loop
      vertex -2.317976e+01 -3.216770e+01 3.918367e+01
      vertex -2.472508e+01 -3.194496e+01 3.918367e+01
      vertex -2.418863e+01 -3.131846e+01 4.081633e+01
    endloop
  endfacet
  facet normal -1.484620e-01 -9.090760e-01 3.892812e-01
    outer loop
      vertex -2.267684e+01 -3.155054e+01 4.081633e+01
      vertex -2.217391e+01 -3.093354e+01 4.244898e+01
      vertex -2.365217e+01 -3.069213e+01 4.244898e+01
    endloop
  endfacet
  facet normal 1.394395e-01 9.083468e-01 -3.942877e-01
    outer loop
      vertex -2.267684e+01 -3.155054e+01 4.081633e+01
      vertex -2.418863e+01 -3.131846e+01 4.081633e+01
      vertex -2.365217e+01 -3.069213e+01 4.244898e+01
    endloop
  endfacet
  facet normal -1.573985e-01 -9.068025e-01 3.910689e-01
    outer loop
      vertex -2.217391e+01 -3.093354e+01 4.244898e+01
      vertex -2.167098e+01 -3.031674e+01 4.408163e+01
      vertex -2.311572e+01 -3.006597e+01 4.408163e+01
    endloop
  endfacet
  facet normal 1.479882e-01 9.061753e-01 -3.961639e-01
    outer loop
      vertex -2.217391e+01 -3.093354e+01 4.244898e+01
      vertex -2.365217e+01 -3.069213e+01 4.244898e+01
      vertex -2.311572e+01 -3.006597e+01 4.408163e+01
    endloop
  endfacet
  facet normal -1.667044e-01 -9.043496e-01 3.928885e-01
    outer loop
      vertex -2.167098e+01 -3.031674e+01 4.408163e+01
      vertex -2.116806e+01 -2.970015e+01 4.571429e+01
      vertex -2.257926e+01 -2.944001e+01 4.571429e+01
    endloop
  endfacet
  facet normal 1.568838e-01 9.038375e-01 -3.980769e-01
    outer loop
      vertex -2.167098e+01 -3.031674e+01 4.408163e+01
      vertex -2.311572e+01 -3.006597e+01 4.408163e+01
      vertex -2.257926e+01 -2.944001e+01 4.571429e+01
    endloop
  endfacet
  facet normal -1.764009e-01 -9.017008e-01 3.947383e-01
    outer loop
      vertex -2.116806e+01 -2.970015e+01 4.571429e+01
      vertex -2.066513e+01 -2.908381e+01 4.734694e+01
      vertex -2.204281e+01 -2.881429e+01 4.734694e+01
    endloop
  endfacet
  facet normal 1.661457e-01 9.013186e-01 -4.000255e-01
    outer loop
      vertex -2.116806e+01 -2.970015e+01 4.571429e+01
      vertex -2.257926e+01 -2.944001e+01 4.571429e+01
      vertex -2.204281e+01 -2.881429e+01 4.734694e+01
    endloop
  endfacet
  facet normal -1.865103e-01 -8.988379e-01 3.966161e-01
    outer loop
      vertex -2.066513e+01 -2.908381e+01 4.734694e+01
      vertex -2.016221e+01 -2.846775e+01 4.897959e+01
      vertex -2.150635e+01 -2.818884e+01 4.897959e+01
    endloop
  endfacet
  facet normal 1.757947e-01 8.986021e-01 -4.020080e-01
    outer loop
      vertex -2.066513e+01 -2.908381e+01 4.734694e+01
      vertex -2.204281e+01 -2.881429e+01 4.734694e+01
      vertex -2.150635e+01 -2.818884e+01 4.897959e+01
    endloop
  endfacet
  facet normal -1.970565e-01 -8.957407e-01 3.985189e-01
    outer loop
      vertex -2.016221e+01 -2.846775e+01 4.897959e+01
      vertex -1.965928e+01 -2.785202e+01 5.061224e+01
      vertex -2.096990e+01 -2.756369e+01 5.061224e+01
    endloop
  endfacet
  facet normal 1.858530e-01 8.956699e-01 -4.040223e-01
    outer loop
      vertex -2.016221e+01 -2.846775e+01 4.897959e+01
      vertex -2.150635e+01 -2.818884e+01 4.897959e+01
      vertex -2.096990e+01 -2.756369e+01 5.061224e+01
    endloop
  endfacet
  facet normal -2.080649e-01 -8.923868e-01 4.004432e-01
    outer loop
      vertex -1.965928e+01 -2.785202e+01 5.061224e+01
      vertex -1.915635e+01 -2.723665e+01 5.224490e+01
      vertex -2.043344e+01 -2.693889e+01 5.224490e+01
    endloop
  endfacet
  facet normal 1.963440e-01 8.925020e-01 -4.060654e-01
    outer loop
      vertex -1.965928e+01 -2.785202e+01 5.061224e+01
      vertex -2.096990e+01 -2.756369e+01 5.061224e+01
      vertex -2.043344e+01 -2.693889e+01 5.224490e+01
    endloop
  endfacet
  facet normal -2.195624e-01 -8.887515e-01 4.023843e-01
    outer loop
      vertex -1.915635e+01 -2.723665e+01 5.224490e+01
      vertex -1.865343e+01 -2.662171e+01 5.387755e+01
      vertex -1.989699e+01 -2.631450e+01 5.387755e+01
    endloop
  endfacet
  facet normal 2.072930e-01 8.890762e-01 -4.081336e-01
    outer loop
      vertex -1.915635e+01 -2.723665e+01 5.224490e+01
      vertex -2.043344e+01 -2.693889e+01 5.224490e+01
      vertex -1.989699e+01 -2.631450e+01 5.387755e+01
    endloop
  endfacet
  facet normal -2.315777e-01 -8.848072e-01 4.043365e-01
    outer loop
      vertex -1.865343e+01 -2.662171e+01 5.387755e+01
      vertex -1.815050e+01 -2.600726e+01 5.551020e+01
      vertex -1.936053e+01 -2.569056e+01 5.551020e+01
    endloop
  endfacet
  facet normal 2.187265e-01 8.853680e-01 -4.102222e-01
    outer loop
      vertex -1.865343e+01 -2.662171e+01 5.387755e+01
      vertex -1.989699e+01 -2.631450e+01 5.387755e+01
      vertex -1.936053e+01 -2.569056e+01 5.551020e+01
    endloop
  endfacet
  facet normal -2.441409e-01 -8.805234e-01 4.062927e-01
    outer loop
      vertex -1.815050e+01 -2.600726e+01 5.551020e+01
      vertex -1.764757e+01 -2.539336e+01 5.714286e+01
      vertex -1.882408e+01 -2.506715e+01 5.714286e+01
    endloop
  endfacet
  facet normal 2.306728e-01 8.813501e-01 -4.123252e-01
    outer loop
      vertex -1.815050e+01 -2.600726e+01 5.551020e+01
      vertex -1.936053e+01 -2.569056e+01 5.551020e+01
      vertex -1.882408e+01 -2.506715e+01 5.714286e+01
    endloop
  endfacet
  facet normal -2.572840e-01 -8.758662e-01 4.082442e-01
    outer loop
      vertex -1.764757e+01 -2.539336e+01 5.714286e+01
      vertex -1.714465e+01 -2.478011e+01 5.877551e+01
      vertex -1.828762e+01 -2.444436e+01 5.877551e+01
    endloop
  endfacet
  facet normal 2.431619e-01 8.769925e-01 -4.144352e-01
    outer loop
      vertex -1.764757e+01 -2.539336e+01 5.714286e+01
      vertex -1.882408e+01 -2.506715e+01 5.714286e+01
      vertex -1.828762e+01 -2.444436e+01 5.877551e+01
    endloop
  endfacet
  facet normal -2.710405e-01 -8.707979e-01 4.101805e-01
    outer loop
      vertex -1.714465e+01 -2.478011e+01 5.877551e+01
      vertex -1.664172e+01 -2.416760e+01 6.040816e+01
      vertex -1.775117e+01 -2.382228e+01 6.040816e+01
    endloop
  endfacet
  facet normal 2.562252e-01 8.722617e-01 -4.165430e-01
    outer loop
      vertex -1.714465e+01 -2.478011e+01 5.877551e+01
      vertex -1.828762e+01 -2.444436e+01 5.877551e+01
      vertex -1.775117e+01 -2.382228e+01 6.040816e+01
    endloop
  endfacet
  facet normal -2.854454e-01 -8.652768e-01 4.120884e-01
    outer loop
      vertex -1.664172e+01 -2.416760e+01 6.040816e+01
      vertex -1.613879e+01 -2.355596e+01 6.204082e+01
      vertex -1.721471e+01 -2.320103e+01 6.204082e+01
    endloop
  endfacet
  facet normal 2.698961e-01 8.671210e-01 -4.186374e-01
    outer loop
      vertex -1.664172e+01 -2.416760e+01 6.040816e+01
      vertex -1.775117e+01 -2.382228e+01 6.040816e+01
      vertex -1.721471e+01 -2.320103e+01 6.204082e+01
    endloop
  endfacet
  facet normal -3.005350e-01 -8.592567e-01 4.139524e-01
    outer loop
      vertex -1.613879e+01 -2.355596e+01 6.204082e+01
      vertex -1.563587e+01 -2.294532e+01 6.367347e+01
      vertex -1.667826e+01 -2.258074e+01 6.367347e+01
    endloop
  endfacet
  facet normal 2.842092e-01 8.615294e-01 -4.207044e-01
    outer loop
      vertex -1.613879e+01 -2.355596e+01 6.204082e+01
      vertex -1.721471e+01 -2.320103e+01 6.204082e+01
      vertex -1.667826e+01 -2.258074e+01 6.367347e+01
    endloop
  endfacet
  facet normal -3.163466e-01 -8.526863e-01 4.157533e-01
    outer loop
      vertex -1.563587e+01 -2.294532e+01 6.367347e+01
      vertex -1.513294e+01 -2.233586e+01 6.530612e+01
      vertex -1.614180e+01 -2.196157e+01 6.530612e+01
    endloop
  endfacet
  facet normal 2.992008e-01 8.554419e-01 -4.227270e-01
    outer loop
      vertex -1.563587e+01 -2.294532e+01 6.367347e+01
      vertex -1.667826e+01 -2.258074e+01 6.367347e+01
      vertex -1.614180e+01 -2.196157e+01 6.530612e+01
    endloop
  endfacet
  facet normal -3.329181e-01 -8.455093e-01 4.174680e-01
    outer loop
      vertex -1.513294e+01 -2.233586e+01 6.530612e+01
      vertex -1.463001e+01 -2.172777e+01 6.693878e+01
      vertex -1.560535e+01 -2.134373e+01 6.693878e+01
    endloop
  endfacet
  facet normal 3.149081e-01 8.488087e-01 -4.246842e-01
    outer loop
      vertex -1.513294e+01 -2.233586e+01 6.530612e+01
      vertex -1.614180e+01 -2.196157e+01 6.530612e+01
      vertex -1.560535e+01 -2.134373e+01 6.693878e+01
    endloop
  endfacet
  facet normal -3.502872e-01 -8.376637e-01 4.190686e-01
    outer loop
      vertex -1.463001e+01 -2.172777e+01 6.693878e+01
      vertex -1.412709e+01 -2.112129e+01 6.857143e+01
      vertex -1.506889e+01 -2.072745e+01 6.857143e+01
    endloop
  endfacet
  facet normal 3.313691e-01 8.415753e-01 -4.265507e-01
    outer loop
      vertex -1.463001e+01 -2.172777e+01 6.693878e+01
      vertex -1.560535e+01 -2.134373e+01 6.693878e+01
      vertex -1.506889e+01 -2.072745e+01 6.857143e+01
    endloop
  endfacet
  facet normal -3.684903e-01 -8.290819e-01 4.205213e-01
    outer loop
      vertex -1.412709e+01 -2.112129e+01 6.857143e+01
      vertex -1.362416e+01 -2.051672e+01 7.020408e+01
      vertex -1.453244e+01 -2.011303e+01 7.020408e+01
    endloop
  endfacet
  facet normal 3.486222e-01 8.336821e-01 -4.282951e-01
    outer loop
      vertex -1.412709e+01 -2.112129e+01 6.857143e+01
      vertex -1.506889e+01 -2.072745e+01 6.857143e+01
      vertex -1.453244e+01 -2.011303e+01 7.020408e+01
    endloop
  endfacet
  facet normal -3.875615e-01 -8.196908e-01 4.217855e-01
    outer loop
      vertex -1.362416e+01 -2.051672e+01 7.020408e+01
      vertex -1.312123e+01 -1.991440e+01 7.183673e+01
      vertex -1.399598e+01 -1.950080e+01 7.183673e+01
    endloop
  endfacet
  facet normal 3.667048e-01 8.250645e-01 -4.298792e-01
    outer loop
      vertex -1.362416e+01 -2.051672e+01 7.020408e+01
      vertex -1.453244e+01 -2.011303e+01 7.020408e+01
      vertex -1.399598e+01 -1.950080e+01 7.183673e+01
    endloop
  endfacet
  facet normal -4.075304e-01 -8.094126e-01 4.228123e-01
    outer loop
      vertex -1.312123e+01 -1.991440e+01 7.183673e+01
      vertex -1.261831e+01 -1.931477e+01 7.346939e+01
      vertex -1.345953e+01 -1.889122e+01 7.346939e+01
    endloop
  endfacet
  facet normal 3.856524e-01 8.156531e-01 -4.312565e-01
    outer loop
      vertex -1.312123e+01 -1.991440e+01 7.183673e+01
      vertex -1.399598e+01 -1.950080e+01 7.183673e+01
      vertex -1.345953e+01 -1.889122e+01 7.346939e+01
    endloop
  endfacet
  facet normal -4.284192e-01 -7.981655e-01 4.235431e-01
    outer loop
      vertex -1.261831e+01 -1.931477e+01 7.346939e+01
      vertex -1.211538e+01 -1.871836e+01 7.510204e+01
      vertex -1.292307e+01 -1.828482e+01 7.510204e+01
    endloop
  endfacet
  facet normal 4.054974e-01 8.053747e-01 -4.323697e-01
    outer loop
      vertex -1.261831e+01 -1.931477e+01 7.346939e+01
      vertex -1.345953e+01 -1.889122e+01 7.346939e+01
      vertex -1.292307e+01 -1.828482e+01 7.510204e+01
    endloop
  endfacet
  facet normal -4.502391e-01 -7.858671e-01 4.239076e-01
    outer loop
      vertex -1.211538e+01 -1.871836e+01 7.510204e+01
      vertex -1.161245e+01 -1.812582e+01 7.673469e+01
      vertex -1.238662e+01 -1.768228e+01 7.673469e+01
    endloop
  endfacet
  facet normal 4.262657e-01 7.941534e-01 -4.331489e-01
    outer loop
      vertex -1.211538e+01 -1.871836e+01 7.510204e+01
      vertex -1.292307e+01 -1.828482e+01 7.510204e+01
      vertex -1.238662e+01 -1.768228e+01 7.673469e+01
    endloop
  endfacet
  facet normal -4.729852e-01 -7.724375e-01 4.238222e-01
    outer loop
      vertex -1.161245e+01 -1.812582e+01 7.673469e+01
      vertex -1.110953e+01 -1.753797e+01 7.836735e+01
      vertex -1.185016e+01 -1.708445e+01 7.836735e+01
    endloop
  endfacet
  facet normal 4.479744e-01 7.819141e-01 -4.335082e-01
    outer loop
      vertex -1.161245e+01 -1.812582e+01 7.673469e+01
      vertex -1.238662e+01 -1.768228e+01 7.673469e+01
      vertex -1.185016e+01 -1.708445e+01 7.836735e+01
    endloop
  endfacet
  facet normal -4.966290e-01 -7.578072e-01 4.231878e-01
    outer loop
      vertex -1.110953e+01 -1.753797e+01 7.836735e+01
      vertex -1.060660e+01 -1.695582e+01 8.000000e+01
      vertex -1.131371e+01 -1.649242e+01 8.000000e+01
    endloop
  endfacet
  facet normal 4.706269e-01 7.685861e-01 -4.333425e-01
    outer loop
      vertex -1.110953e+01 -1.753797e+01 7.836735e+01
      vertex -1.185016e+01 -1.708445e+01 7.836735e+01
      vertex -1.131371e+01 -1.649242e+01 8.000000e+01
    endloop
  endfacet
  facet normal -3.972312e-03 -9.329794e-01 3.599078e-01
    outer loop
      vertex -3.760000e+01 -4.700000e+01 0.000000e+00
      vertex -3.706355e+01 -4.637247e+01 1.632653e+00
      vertex -3.938002e+01 -4.636261e+01 1.632653e+00
    endloop
  endfacet
  facet normal 0.000000e+00 9.315272e-01 -3.636717e-01
    outer loop
      vertex -3.760000e+01 -4.700000e+01 0.000000e+00
      vertex -3.995000e+01 -4.700000e+01 0.000000e+00
      vertex -3.938002e+01 -4.636261e+01 1.632653e+00
    endloop
  endfacet
  facet normal -8.057264e-03 -9.325051e-01 3.610670e-01
    outer loop
      vertex -3.706355e+01 -4.637247e+01 1.632653e+00
      vertex -3.652709e+01 -4.574494e+01 3.265306e+00
      vertex -3.881003e+01 -4.572521e+01 3.265306e+00
    endloop
  endfacet
  facet normal 3.964099e-03 9.310505e-01 -3.648689e-01
    outer loop
      vertex -3.706355e+01 -4.637247e+01 1.632653e+00
      vertex -3.938002e+01 -4.636261e+01 1.632653e+00
      vertex -3.881003e+01 -4.572521e+01 3.265306e+00
    endloop
  endfacet
  facet normal -1.225955e-02 -9.319995e-01 3.622521e-01
    outer loop
      vertex -3.652709e+01 -4.574494e+01 3.265306e+00
      vertex -3.599064e+01 -4.511741e+01 4.897959e+00
      vertex -3.824005e+01 -4.508782e+01 4.897959e+00
    endloop
  endfacet
  facet normal 8.040316e-03 9.305436e-01 -3.660929e-01
    outer loop
      vertex -3.652709e+01 -4.574494e+01 3.265306e+00
      vertex -3.881003e+01 -4.572521e+01 3.265306e+00
      vertex -3.824005e+01 -4.508782e+01 4.897959e+00
    endloop
  endfacet
  facet normal -1.658413e-02 -9.314607e-01 3.634638e-01
    outer loop
      vertex -3.599064e+01 -4.511741e+01 4.897959e+00
      vertex -3.545418e+01 -4.448989e+01 6.530612e+00
      vertex -3.767007e+01 -4.445044e+01 6.530612e+00
    endloop
  endfacet
  facet normal 1.223331e-02 9.300045e-01 -3.673444e-01
    outer loop
      vertex -3.599064e+01 -4.511741e+01 4.897959e+00
      vertex -3.824005e+01 -4.508782e+01 4.897959e+00
      vertex -3.767007e+01 -4.445044e+01 6.530612e+00
    endloop
  endfacet
  facet normal -2.103620e-02 -9.308863e-01 3.647028e-01
    outer loop
      vertex -3.545418e+01 -4.448989e+01 6.530612e+00
      vertex -3.491773e+01 -4.386237e+01 8.163265e+00
      vertex -3.710008e+01 -4.381305e+01 8.163265e+00
    endloop
  endfacet
  facet normal 1.654799e-02 9.294312e-01 -3.686242e-01
    outer loop
      vertex -3.545418e+01 -4.448989e+01 6.530612e+00
      vertex -3.767007e+01 -4.445044e+01 6.530612e+00
      vertex -3.710008e+01 -4.381305e+01 8.163265e+00
    endloop
  endfacet
  facet normal -2.562130e-02 -9.302739e-01 3.659699e-01
    outer loop
      vertex -3.491773e+01 -4.386237e+01 8.163265e+00
      vertex -3.438127e+01 -4.323486e+01 9.795918e+00
      vertex -3.653010e+01 -4.317568e+01 9.795918e+00
    endloop
  endfacet
  facet normal 2.098954e-02 9.288213e-01 -3.699331e-01
    outer loop
      vertex -3.491773e+01 -4.386237e+01 8.163265e+00
      vertex -3.710008e+01 -4.381305e+01 8.163265e+00
      vertex -3.653010e+01 -4.317568e+01 9.795918e+00
    endloop
  endfacet
  facet normal -3.034523e-02 -9.296209e-01 3.672658e-01
    outer loop
      vertex -3.438127e+01 -4.323486e+01 9.795918e+00
      vertex -3.384482e+01 -4.260736e+01 1.142857e+01
      vertex -3.596012e+01 -4.253831e+01 1.142857e+01
    endloop
  endfacet
  facet normal 2.556342e-02 9.281722e-01 -3.712720e-01
    outer loop
      vertex -3.438127e+01 -4.323486e+01 9.795918e+00
      vertex -3.653010e+01 -4.317568e+01 9.795918e+00
      vertex -3.596012e+01 -4.253831e+01 1.142857e+01
    endloop
  endfacet
  facet normal -3.521415e-02 -9.289243e-01 3.685914e-01
    outer loop
      vertex -3.384482e+01 -4.260736e+01 1.142857e+01
      vertex -3.330836e+01 -4.197987e+01 1.306122e+01
      vertex -3.539013e+01 -4.190095e+01 1.306122e+01
    endloop
  endfacet
  facet normal 3.027539e-02 9.274813e-01 -3.726417e-01
    outer loop
      vertex -3.384482e+01 -4.260736e+01 1.142857e+01
      vertex -3.596012e+01 -4.253831e+01 1.142857e+01
      vertex -3.539013e+01 -4.190095e+01 1.306122e+01
    endloop
  endfacet
  facet normal -4.023455e-02 -9.281810e-01 3.699475e-01
    outer loop
      vertex -3.330836e+01 -4.197987e+01 1.306122e+01
      vertex -3.277191e+01 -4.135239e+01 1.469388e+01
      vertex -3.482015e+01 -4.126360e+01 1.469388e+01
    endloop
  endfacet
  facet normal 3.513157e-02 9.267457e-01 -3.740430e-01
    outer loop
      vertex -3.330836e+01 -4.197987e+01 1.306122e+01
      vertex -3.539013e+01 -4.190095e+01 1.306122e+01
      vertex -3.482015e+01 -4.126360e+01 1.469388e+01
    endloop
  endfacet
  facet normal -4.541332e-02 -9.273878e-01 3.713347e-01
    outer loop
      vertex -3.277191e+01 -4.135239e+01 1.469388e+01
      vertex -3.223545e+01 -4.072493e+01 1.632653e+01
      vertex -3.425017e+01 -4.062627e+01 1.632653e+01
    endloop
  endfacet
  facet normal 4.013837e-02 9.259622e-01 -3.754768e-01
    outer loop
      vertex -3.277191e+01 -4.135239e+01 1.469388e+01
      vertex -3.482015e+01 -4.126360e+01 1.469388e+01
      vertex -3.425017e+01 -4.062627e+01 1.632653e+01
    endloop
  endfacet
  facet normal -5.075773e-02 -9.265409e-01 3.727541e-01
    outer loop
      vertex -3.223545e+01 -4.072493e+01 1.632653e+01
      vertex -3.169900e+01 -4.009749e+01 1.795918e+01
      vertex -3.368018e+01 -3.998896e+01 1.795918e+01
    endloop
  endfacet
  facet normal 4.530263e-02 9.251275e-01 -3.769441e-01
    outer loop
      vertex -3.223545e+01 -4.072493e+01 1.632653e+01
      vertex -3.425017e+01 -4.062627e+01 1.632653e+01
      vertex -3.368018e+01 -3.998896e+01 1.795918e+01
    endloop
  endfacet
  facet normal -5.627548e-02 -9.256364e-01 3.742062e-01
    outer loop
      vertex -3.169900e+01 -4.009749e+01 1.795918e+01
      vertex -3.116254e+01 -3.947007e+01 1.959184e+01
      vertex -3.311020e+01 -3.935166e+01 1.959184e+01
    endloop
  endfacet
  facet normal 5.063155e-02 9.242377e-01 -3.784457e-01
    outer loop
      vertex -3.169900e+01 -4.009749e+01 1.795918e+01
      vertex -3.368018e+01 -3.998896e+01 1.795918e+01
      vertex -3.311020e+01 -3.935166e+01 1.959184e+01
    endloop
  endfacet
  facet normal -6.197475e-02 -9.246700e-01 3.756921e-01
    outer loop
      vertex -3.116254e+01 -3.947007e+01 1.959184e+01
      vertex -3.062609e+01 -3.884268e+01 2.122449e+01
      vertex -3.254022e+01 -3.871439e+01 2.122449e+01
    endloop
  endfacet
  facet normal 5.613276e-02 9.232889e-01 -3.799825e-01
    outer loop
      vertex -3.116254e+01 -3.947007e+01 1.959184e+01
      vertex -3.311020e+01 -3.935166e+01 1.959184e+01
      vertex -3.254022e+01 -3.871439e+01 2.122449e+01
    endloop
  endfacet
  facet normal -6.786421e-02 -9.236370e-01 3.772123e-01
    outer loop
      vertex -3.062609e+01 -3.884268e+01 2.122449e+01
      vertex -3.008963e+01 -3.821533e+01 2.285714e+01
      vertex -3.197023e+01 -3.807715e+01 2.285714e+01
    endloop
  endfacet
  facet normal 6.181435e-02 9.222768e-01 -3.815553e-01
    outer loop
      vertex -3.062609e+01 -3.884268e+01 2.122449e+01
      vertex -3.254022e+01 -3.871439e+01 2.122449e+01
      vertex -3.197023e+01 -3.807715e+01 2.285714e+01
    endloop
  endfacet
  facet normal -7.395302e-02 -9.225323e-01 3.787678e-01
    outer loop
      vertex -3.008963e+01 -3.821533e+01 2.285714e+01
      vertex -2.955318e+01 -3.758800e+01 2.448980e+01
      vertex -3.140025e+01 -3.743994e+01 2.448980e+01
    endloop
  endfacet
  facet normal 6.768490e-02 9.211966e-01 -3.831652e-01
    outer loop
      vertex -3.008963e+01 -3.821533e+01 2.285714e+01
      vertex -3.197023e+01 -3.807715e+01 2.285714e+01
      vertex -3.140025e+01 -3.743994e+01 2.448980e+01
    endloop
  endfacet
  facet normal -8.025096e-02 -9.213504e-01 3.803593e-01
    outer loop
      vertex -2.955318e+01 -3.758800e+01 2.448980e+01
      vertex -2.901672e+01 -3.696073e+01 2.612245e+01
      vertex -3.083027e+01 -3.680276e+01 2.612245e+01
    endloop
  endfacet
  facet normal 7.375348e-02 9.200432e-01 -3.848130e-01
    outer loop
      vertex -2.955318e+01 -3.758800e+01 2.448980e+01
      vertex -3.140025e+01 -3.743994e+01 2.448980e+01
      vertex -3.083027e+01 -3.680276e+01 2.612245e+01
    endloop
  endfacet
  facet normal -8.676838e-02 -9.200853e-01 3.819874e-01
    outer loop
      vertex -2.901672e+01 -3.696073e+01 2.612245e+01
      vertex -2.848027e+01 -3.633350e+01 2.775510e+01
      vertex -3.026028e+01 -3.616563e+01 2.775510e+01
    endloop
  endfacet
  facet normal 8.002976e-02 9.188109e-01 -3.864994e-01
    outer loop
      vertex -2.901672e+01 -3.696073e+01 2.612245e+01
      vertex -3.083027e+01 -3.680276e+01 2.612245e+01
      vertex -3.026028e+01 -3.616563e+01 2.775510e+01
    endloop
  endfacet
  facet normal -9.351628e-02 -9.187302e-01 3.836528e-01
    outer loop
      vertex -2.848027e+01 -3.633350e+01 2.775510e+01
      vertex -2.794381e+01 -3.570632e+01 2.938776e+01
      vertex -2.969030e+01 -3.552855e+01 2.938776e+01
    endloop
  endfacet
  facet normal 8.652398e-02 9.174937e-01 -3.882254e-01
    outer loop
      vertex -2.848027e+01 -3.633350e+01 2.775510e+01
      vertex -3.026028e+01 -3.616563e+01 2.775510e+01
      vertex -2.969030e+01 -3.552855e+01 2.938776e+01
    endloop
  endfacet
  facet normal -1.005064e-01 -9.172781e-01 3.853562e-01
    outer loop
      vertex -2.794381e+01 -3.570632e+01 2.938776e+01
      vertex -2.740736e+01 -3.507921e+01 3.102041e+01
      vertex -2.912032e+01 -3.489152e+01 3.102041e+01
    endloop
  endfacet
  facet normal 9.324701e-02 9.160848e-01 -3.899918e-01
    outer loop
      vertex -2.794381e+01 -3.570632e+01 2.938776e+01
      vertex -2.969030e+01 -3.552855e+01 2.938776e+01
      vertex -2.912032e+01 -3.489152e+01 3.102041e+01
    endloop
  endfacet
  facet normal -1.077511e-01 -9.157210e-01 3.870979e-01
    outer loop
      vertex -2.740736e+01 -3.507921e+01 3.102041e+01
      vertex -2.687090e+01 -3.445217e+01 3.265306e+01
      vertex -2.855033e+01 -3.425455e+01 3.265306e+01
    endloop
  endfacet
  facet normal 1.002104e-01 9.145771e-01 -3.917992e-01
    outer loop
      vertex -2.740736e+01 -3.507921e+01 3.102041e+01
      vertex -2.912032e+01 -3.489152e+01 3.102041e+01
      vertex -2.855033e+01 -3.425455e+01 3.265306e+01
    endloop
  endfacet
  facet normal -1.152637e-01 -9.140502e-01 3.888786e-01
    outer loop
      vertex -2.687090e+01 -3.445217e+01 3.265306e+01
      vertex -2.633445e+01 -3.382521e+01 3.428571e+01
      vertex -2.798035e+01 -3.361766e+01 3.428571e+01
    endloop
  endfacet
  facet normal 1.074265e-01 9.129625e-01 -3.936483e-01
    outer loop
      vertex -2.687090e+01 -3.445217e+01 3.265306e+01
      vertex -2.855033e+01 -3.425455e+01 3.265306e+01
      vertex -2.798035e+01 -3.361766e+01 3.428571e+01
    endloop
  endfacet
  facet normal -1.230583e-01 -9.122563e-01 3.906983e-01
    outer loop
      vertex -2.633445e+01 -3.382521e+01 3.428571e+01
      vertex -2.579799e+01 -3.319835e+01 3.591837e+01
      vertex -2.741037e+01 -3.298085e+01 3.591837e+01
    endloop
  endfacet
  facet normal 1.149084e-01 9.112324e-01 -3.955396e-01
    outer loop
      vertex -2.633445e+01 -3.382521e+01 3.428571e+01
      vertex -2.798035e+01 -3.361766e+01 3.428571e+01
      vertex -2.741037e+01 -3.298085e+01 3.591837e+01
    endloop
  endfacet
  facet normal -1.311499e-01 -9.103288e-01 3.925573e-01
    outer loop
      vertex -2.579799e+01 -3.319835e+01 3.591837e+01
      vertex -2.526154e+01 -3.257159e+01 3.755102e+01
      vertex -2.684038e+01 -3.234413e+01 3.755102e+01
    endloop
  endfacet
  facet normal 1.226699e-01 9.093772e-01 -3.974736e-01
    outer loop
      vertex -2.579799e+01 -3.319835e+01 3.591837e+01
      vertex -2.741037e+01 -3.298085e+01 3.591837e+01
      vertex -2.684038e+01 -3.234413e+01 3.755102e+01
    endloop
  endfacet
  facet normal -1.395545e-01 -9.082562e-01 3.944556e-01
    outer loop
      vertex -2.526154e+01 -3.257159e+01 3.755102e+01
      vertex -2.472508e+01 -3.194496e+01 3.918367e+01
      vertex -2.627040e+01 -3.170752e+01 3.918367e+01
    endloop
  endfacet
  facet normal 1.307260e-01 9.073863e-01 -3.994506e-01
    outer loop
      vertex -2.526154e+01 -3.257159e+01 3.755102e+01
      vertex -2.684038e+01 -3.234413e+01 3.755102e+01
      vertex -2.627040e+01 -3.170752e+01 3.918367e+01
    endloop
  endfacet
  facet normal -1.482892e-01 -9.060260e-01 3.963927e-01
    outer loop
      vertex -2.472508e+01 -3.194496e+01 3.918367e+01
      vertex -2.418863e+01 -3.131846e+01 4.081633e+01
      vertex -2.570042e+01 -3.107103e+01 4.081633e+01
    endloop
  endfacet
  facet normal 1.390924e-01 9.052484e-01 -4.014706e-01
    outer loop
      vertex -2.472508e+01 -3.194496e+01 3.918367e+01
      vertex -2.627040e+01 -3.170752e+01 3.918367e+01
      vertex -2.570042e+01 -3.107103e+01 4.081633e+01
    endloop
  endfacet
  facet normal -1.573721e-01 -9.036242e-01 3.983683e-01
    outer loop
      vertex -2.418863e+01 -3.131846e+01 4.081633e+01
      vertex -2.365217e+01 -3.069213e+01 4.244898e+01
      vertex -2.513043e+01 -3.043468e+01 4.244898e+01
    endloop
  endfacet
  facet normal 1.477859e-01 9.029507e-01 -4.035336e-01
    outer loop
      vertex -2.418863e+01 -3.131846e+01 4.081633e+01
      vertex -2.570042e+01 -3.107103e+01 4.081633e+01
      vertex -2.513043e+01 -3.043468e+01 4.244898e+01
    endloop
  endfacet
  facet normal -1.668227e-01 -9.010355e-01 4.003813e-01
    outer loop
      vertex -2.365217e+01 -3.069213e+01 4.244898e+01
      vertex -2.311572e+01 -3.006597e+01 4.408163e+01
      vertex -2.456045e+01 -2.979848e+01 4.408163e+01
    endloop
  endfacet
  facet normal 1.568244e-01 9.004793e-01 -4.056391e-01
    outer loop
      vertex -2.365217e+01 -3.069213e+01 4.244898e+01
      vertex -2.513043e+01 -3.043468e+01 4.244898e+01
      vertex -2.456045e+01 -2.979848e+01 4.408163e+01
    endloop
  endfacet
  facet normal -1.766615e-01 -8.982430e-01 4.024305e-01
    outer loop
      vertex -2.311572e+01 -3.006597e+01 4.408163e+01
      vertex -2.257926e+01 -2.944001e+01 4.571429e+01
      vertex -2.399047e+01 -2.916247e+01 4.571429e+01
    endloop
  endfacet
  facet normal 1.662271e-01 8.978189e-01 -4.077864e-01
    outer loop
      vertex -2.311572e+01 -3.006597e+01 4.408163e+01
      vertex -2.456045e+01 -2.979848e+01 4.408163e+01
      vertex -2.399047e+01 -2.916247e+01 4.571429e+01
    endloop
  endfacet
  facet normal -1.869106e-01 -8.952278e-01 4.045141e-01
    outer loop
      vertex -2.257926e+01 -2.944001e+01 4.571429e+01
      vertex -2.204281e+01 -2.881429e+01 4.734694e+01
      vertex -2.342048e+01 -2.852666e+01 4.734694e+01
    endloop
  endfacet
  facet normal 1.760144e-01 8.949525e-01 -4.099743e-01
    outer loop
      vertex -2.257926e+01 -2.944001e+01 4.571429e+01
      vertex -2.399047e+01 -2.916247e+01 4.571429e+01
      vertex -2.342048e+01 -2.852666e+01 4.734694e+01
    endloop
  endfacet
  facet normal -1.975935e-01 -8.919693e-01 4.066296e-01
    outer loop
      vertex -2.204281e+01 -2.881429e+01 4.734694e+01
      vertex -2.150635e+01 -2.818884e+01 4.897959e+01
      vertex -2.285050e+01 -2.789108e+01 4.897959e+01
    endloop
  endfacet
  facet normal 1.862078e-01 8.918614e-01 -4.122013e-01
    outer loop
      vertex -2.204281e+01 -2.881429e+01 4.734694e+01
      vertex -2.342048e+01 -2.852666e+01 4.734694e+01
      vertex -2.285050e+01 -2.789108e+01 4.897959e+01
    endloop
  endfacet
  facet normal -2.087350e-01 -8.884444e-01 4.087742e-01
    outer loop
      vertex -2.150635e+01 -2.818884e+01 4.897959e+01
      vertex -2.096990e+01 -2.756369e+01 5.061224e+01
      vertex -2.228052e+01 -2.725577e+01 5.061224e+01
    endloop
  endfacet
  facet normal 1.968305e-01 8.885249e-01 -4.144650e-01
    outer loop
      vertex -2.150635e+01 -2.818884e+01 4.897959e+01
      vertex -2.285050e+01 -2.789108e+01 4.897959e+01
      vertex -2.228052e+01 -2.725577e+01 5.061224e+01
    endloop
  endfacet
  facet normal -2.203619e-01 -8.846276e-01 4.109437e-01
    outer loop
      vertex -2.096990e+01 -2.756369e+01 5.061224e+01
      vertex -2.043344e+01 -2.693889e+01 5.224490e+01
      vertex -2.171053e+01 -2.662077e+01 5.224490e+01
    endloop
  endfacet
  facet normal 2.079070e-01 8.849201e-01 -4.167626e-01
    outer loop
      vertex -2.096990e+01 -2.756369e+01 5.061224e+01
      vertex -2.228052e+01 -2.725577e+01 5.061224e+01
      vertex -2.171053e+01 -2.662077e+01 5.224490e+01
    endloop
  endfacet
  facet normal -2.325022e-01 -8.804905e-01 4.131333e-01
    outer loop
      vertex -2.043344e+01 -2.693889e+01 5.224490e+01
      vertex -1.989699e+01 -2.631450e+01 5.387755e+01
      vertex -2.114055e+01 -2.598612e+01 5.387755e+01
    endloop
  endfacet
  facet normal 2.194636e-01 8.810216e-01 -4.190903e-01
    outer loop
      vertex -2.043344e+01 -2.693889e+01 5.224490e+01
      vertex -2.171053e+01 -2.662077e+01 5.224490e+01
      vertex -2.114055e+01 -2.598612e+01 5.387755e+01
    endloop
  endfacet
  facet normal -2.451860e-01 -8.760018e-01 4.153368e-01
    outer loop
      vertex -1.989699e+01 -2.631450e+01 5.387755e+01
      vertex -1.936053e+01 -2.569056e+01 5.551020e+01
      vertex -2.057057e+01 -2.535188e+01 5.551020e+01
    endloop
  endfacet
  facet normal 2.315280e-01 8.768013e-01 -4.214431e-01
    outer loop
      vertex -1.989699e+01 -2.631450e+01 5.387755e+01
      vertex -2.114055e+01 -2.598612e+01 5.387755e+01
      vertex -2.057057e+01 -2.535188e+01 5.551020e+01
    endloop
  endfacet
  facet normal -2.584450e-01 -8.711262e-01 4.175467e-01
    outer loop
      vertex -1.936053e+01 -2.569056e+01 5.551020e+01
      vertex -1.882408e+01 -2.506715e+01 5.714286e+01
      vertex -2.000058e+01 -2.471811e+01 5.714286e+01
    endloop
  endfacet
  facet normal 2.441298e-01 8.722279e-01 -4.238149e-01
    outer loop
      vertex -1.936053e+01 -2.569056e+01 5.551020e+01
      vertex -2.057057e+01 -2.535188e+01 5.551020e+01
      vertex -2.000058e+01 -2.471811e+01 5.714286e+01
    endloop
  endfacet
  facet normal -2.723126e-01 -8.658249e-01 4.197536e-01
    outer loop
      vertex -1.882408e+01 -2.506715e+01 5.714286e+01
      vertex -1.828762e+01 -2.444436e+01 5.877551e+01
      vertex -1.943060e+01 -2.408488e+01 5.877551e+01
    endloop
  endfacet
  facet normal 2.573000e-01 8.672669e-01 -4.261982e-01
    outer loop
      vertex -1.882408e+01 -2.506715e+01 5.714286e+01
      vertex -2.000058e+01 -2.471811e+01 5.714286e+01
      vertex -1.943060e+01 -2.408488e+01 5.877551e+01
    endloop
  endfacet
  facet normal -2.868241e-01 -8.600544e-01 4.219459e-01
    outer loop
      vertex -1.828762e+01 -2.444436e+01 5.877551e+01
      vertex -1.775117e+01 -2.382228e+01 6.040816e+01
      vertex -1.886062e+01 -2.345229e+01 6.040816e+01
    endloop
  endfacet
  facet normal 2.710718e-01 8.618796e-01 -4.285834e-01
    outer loop
      vertex -1.828762e+01 -2.444436e+01 5.877551e+01
      vertex -1.943060e+01 -2.408488e+01 5.877551e+01
      vertex -1.886062e+01 -2.345229e+01 6.040816e+01
    endloop
  endfacet
  facet normal -3.020163e-01 -8.537664e-01 4.241098e-01
    outer loop
      vertex -1.775117e+01 -2.382228e+01 6.040816e+01
      vertex -1.721471e+01 -2.320103e+01 6.204082e+01
      vertex -1.829063e+01 -2.282043e+01 6.204082e+01
    endloop
  endfacet
  facet normal 2.854797e-01 8.560233e-01 -4.309587e-01
    outer loop
      vertex -1.775117e+01 -2.382228e+01 6.040816e+01
      vertex -1.886062e+01 -2.345229e+01 6.040816e+01
      vertex -1.829063e+01 -2.282043e+01 6.204082e+01
    endloop
  endfacet
  facet normal -3.179275e-01 -8.469071e-01 4.262281e-01
    outer loop
      vertex -1.721471e+01 -2.320103e+01 6.204082e+01
      vertex -1.667826e+01 -2.258074e+01 6.367347e+01
      vertex -1.772065e+01 -2.218942e+01 6.367347e+01
    endloop
  endfacet
  facet normal 3.005603e-01 8.496506e-01 -4.333098e-01
    outer loop
      vertex -1.721471e+01 -2.320103e+01 6.204082e+01
      vertex -1.829063e+01 -2.282043e+01 6.204082e+01
      vertex -1.772065e+01 -2.218942e+01 6.367347e+01
    endloop
  endfacet
  facet normal -3.345973e-01 -8.394169e-01 4.282802e-01
    outer loop
      vertex -1.667826e+01 -2.258074e+01 6.367347e+01
      vertex -1.614180e+01 -2.196157e+01 6.530612e+01
      vertex -1.715067e+01 -2.155943e+01 6.530612e+01
    endloop
  endfacet
  facet normal 3.163514e-01 8.427087e-01 -4.356189e-01
    outer loop
      vertex -1.667826e+01 -2.258074e+01 6.367347e+01
      vertex -1.772065e+01 -2.218942e+01 6.367347e+01
      vertex -1.715067e+01 -2.155943e+01 6.530612e+01
    endloop
  endfacet
  facet normal -3.520660e-01 -8.312293e-01 4.302410e-01
    outer loop
      vertex -1.614180e+01 -2.196157e+01 6.530612e+01
      vertex -1.560535e+01 -2.134373e+01 6.693878e+01
      vertex -1.658068e+01 -2.093063e+01 6.693878e+01
    endloop
  endfacet
  facet normal 3.328923e-01 8.351393e-01 -4.378642e-01
    outer loop
      vertex -1.614180e+01 -2.196157e+01 6.530612e+01
      vertex -1.715067e+01 -2.155943e+01 6.530612e+01
      vertex -1.658068e+01 -2.093063e+01 6.693878e+01
    endloop
  endfacet
  facet normal -3.703740e-01 -8.222712e-01 4.320801e-01
    outer loop
      vertex -1.560535e+01 -2.134373e+01 6.693878e+01
      vertex -1.506889e+01 -2.072745e+01 6.857143e+01
      vertex -1.601070e+01 -2.030324e+01 6.857143e+01
    endloop
  endfacet
  facet normal 3.502230e-01 8.268779e-01 -4.400190e-01
    outer loop
      vertex -1.560535e+01 -2.134373e+01 6.693878e+01
      vertex -1.658068e+01 -2.093063e+01 6.693878e+01
      vertex -1.601070e+01 -2.030324e+01 6.857143e+01
    endloop
  endfacet
  facet normal -3.895608e-01 -8.124618e-01 4.337606e-01
    outer loop
      vertex -1.506889e+01 -2.072745e+01 6.857143e+01
      vertex -1.453244e+01 -2.011303e+01 7.020408e+01
      vertex -1.544072e+01 -1.967752e+01 7.020408e+01
    endloop
  endfacet
  facet normal 3.683841e-01 8.178535e-01 -4.420507e-01
    outer loop
      vertex -1.506889e+01 -2.072745e+01 6.857143e+01
      vertex -1.601070e+01 -2.030324e+01 6.857143e+01
      vertex -1.544072e+01 -1.967752e+01 7.020408e+01
    endloop
  endfacet
  facet normal -4.096638e-01 -8.017128e-01 4.352381e-01
    outer loop
      vertex -1.453244e+01 -2.011303e+01 7.020408e+01
      vertex -1.399598e+01 -1.950080e+01 7.183673e+01
      vertex -1.487073e+01 -1.905382e+01 7.183673e+01
    endloop
  endfacet
  facet normal 3.874158e-01 8.079881e-01 -4.439192e-01
    outer loop
      vertex -1.453244e+01 -2.011303e+01 7.020408e+01
      vertex -1.544072e+01 -1.967752e+01 7.020408e+01
      vertex -1.487073e+01 -1.905382e+01 7.183673e+01
    endloop
  endfacet
  facet normal -4.307163e-01 -7.899286e-01 4.364588e-01
    outer loop
      vertex -1.399598e+01 -1.950080e+01 7.183673e+01
      vertex -1.345953e+01 -1.889122e+01 7.346939e+01
      vertex -1.430075e+01 -1.843254e+01 7.346939e+01
    endloop
  endfacet
  facet normal 4.073564e-01 7.971972e-01 -4.455753e-01
    outer loop
      vertex -1.399598e+01 -1.950080e+01 7.183673e+01
      vertex -1.487073e+01 -1.905382e+01 7.183673e+01
      vertex -1.430075e+01 -1.843254e+01 7.346939e+01
    endloop
  endfacet
  facet normal -4.527449e-01 -7.770071e-01 4.373580e-01
    outer loop
      vertex -1.345953e+01 -1.889122e+01 7.346939e+01
      vertex -1.292307e+01 -1.828482e+01 7.510204e+01
      vertex -1.373077e+01 -1.781420e+01 7.510204e+01
    endloop
  endfacet
  facet normal 4.282415e-01 7.853898e-01 -4.469587e-01
    outer loop
      vertex -1.345953e+01 -1.889122e+01 7.346939e+01
      vertex -1.430075e+01 -1.843254e+01 7.346939e+01
      vertex -1.373077e+01 -1.781420e+01 7.510204e+01
    endloop
  endfacet
  facet normal -4.757655e-01 -7.628419e-01 4.378577e-01
    outer loop
      vertex -1.292307e+01 -1.828482e+01 7.510204e+01
      vertex -1.238662e+01 -1.768228e+01 7.673469e+01
      vertex -1.316078e+01 -1.719946e+01 7.673469e+01
    endloop
  endfacet
  facet normal 4.501011e-01 7.724698e-01 -4.479949e-01
    outer loop
      vertex -1.292307e+01 -1.828482e+01 7.510204e+01
      vertex -1.373077e+01 -1.781420e+01 7.510204e+01
      vertex -1.316078e+01 -1.719946e+01 7.673469e+01
    endloop
  endfacet
  facet normal -4.997785e-01 -7.473259e-01 4.378647e-01
    outer loop
      vertex -1.238662e+01 -1.768228e+01 7.673469e+01
      vertex -1.185016e+01 -1.708445e+01 7.836735e+01
      vertex -1.259080e+01 -1.658915e+01 7.836735e+01
    endloop
  endfacet
  facet normal 4.729567e-01 7.583382e-01 -4.485923e-01
    outer loop
      vertex -1.238662e+01 -1.768228e+01 7.673469e+01
      vertex -1.316078e+01 -1.719946e+01 7.673469e+01
      vertex -1.259080e+01 -1.658915e+01 7.836735e+01
    endloop
  endfacet
  facet normal -5.247611e-01 -7.303580e-01 4.372675e-01
    outer loop
      vertex -1.185016e+01 -1.708445e+01 7.836735e+01
      vertex -1.131371e+01 -1.649242e+01 8.000000e+01
      vertex -1.202082e+01 -1.598437e+01 8.000000e+01
    endloop
  endfacet
  facet normal 4.968171e-01 7.428977e-01 -4.486376e-01
    outer loop
      vertex -1.185016e+01 -1.708445e+01 7.836735e+01
      vertex -1.259080e+01 -1.658915e+01 7.836735e+01
      vertex -1.202082e+01 -1.598437e+01 8.000000e+01
    endloop
  endfacet
  facet normal -4.204218e-03 -9.310209e-01 3.649418e-01
    outer loop
      vertex -3.995000e+01 -4.700000e+01 0.000000e+00
      vertex -3.938002e+01 -4.636261e+01 1.632653e+00
      vertex -4.169649e+01 -4.635215e+01 1.632653e+00
    endloop
  endfacet
  facet normal 0.000000e+00 9.294954e-01 -3.688338e-01
    outer loop
      vertex -3.995000e+01 -4.700000e+01 0.000000e+00
      vertex -4.230000e+01 -4.700000e+01 0.000000e+00
      vertex -4.169649e+01 -4.635215e+01 1.632653e+00
    endloop
  endfacet
  facet normal -8.527078e-03 -9.304814e-01 3.662398e-01
    outer loop
      vertex -3.938002e+01 -4.636261e+01 1.632653e+00
      vertex -3.881003e+01 -4.572521e+01 3.265306e+00
      vertex -4.109298e+01 -4.570429e+01 3.265306e+00
    endloop
  endfacet
  facet normal 4.194888e-03 9.289548e-01 -3.701695e-01
    outer loop
      vertex -3.938002e+01 -4.636261e+01 1.632653e+00
      vertex -4.169649e+01 -4.635215e+01 1.632653e+00
      vertex -4.109298e+01 -4.570429e+01 3.265306e+00
    endloop
  endfacet
  facet normal -1.297350e-02 -9.299067e-01 3.675665e-01
    outer loop
      vertex -3.881003e+01 -4.572521e+01 3.265306e+00
      vertex -3.824005e+01 -4.508782e+01 4.897959e+00
      vertex -4.048946e+01 -4.505644e+01 4.897959e+00
    endloop
  endfacet
  facet normal 8.507821e-03 9.283800e-01 -3.715348e-01
    outer loop
      vertex -3.881003e+01 -4.572521e+01 3.265306e+00
      vertex -4.109298e+01 -4.570429e+01 3.265306e+00
      vertex -4.048946e+01 -4.505644e+01 4.897959e+00
    endloop
  endfacet
  facet normal -1.754866e-02 -9.292944e-01 3.689228e-01
    outer loop
      vertex -3.824005e+01 -4.508782e+01 4.897959e+00
      vertex -3.767007e+01 -4.445044e+01 6.530612e+00
      vertex -3.988595e+01 -4.440859e+01 6.530612e+00
    endloop
  endfacet
  facet normal 1.294367e-02 9.277690e-01 -3.729306e-01
    outer loop
      vertex -3.824005e+01 -4.508782e+01 4.897959e+00
      vertex -4.048946e+01 -4.505644e+01 4.897959e+00
      vertex -3.988595e+01 -4.440859e+01 6.530612e+00
    endloop
  endfacet
  facet normal -2.225804e-02 -9.286417e-01 3.703095e-01
    outer loop
      vertex -3.767007e+01 -4.445044e+01 6.530612e+00
      vertex -3.710008e+01 -4.381305e+01 8.163265e+00
      vertex -3.928244e+01 -4.376074e+01 8.163265e+00
    endloop
  endfacet
  facet normal 1.750759e-02 9.271191e-01 -3.743577e-01
    outer loop
      vertex -3.767007e+01 -4.445044e+01 6.530612e+00
      vertex -3.988595e+01 -4.440859e+01 6.530612e+00
      vertex -3.928244e+01 -4.376074e+01 8.163265e+00
    endloop
  endfacet
  facet normal -2.710739e-02 -9.279461e-01 3.717273e-01
    outer loop
      vertex -3.710008e+01 -4.381305e+01 8.163265e+00
      vertex -3.653010e+01 -4.317568e+01 9.795918e+00
      vertex -3.867893e+01 -4.311290e+01 9.795918e+00
    endloop
  endfacet
  facet normal 2.220497e-02 9.264278e-01 -3.758171e-01
    outer loop
      vertex -3.710008e+01 -4.381305e+01 8.163265e+00
      vertex -3.928244e+01 -4.376074e+01 8.163265e+00
      vertex -3.867893e+01 -4.311290e+01 9.795918e+00
    endloop
  endfacet
  facet normal -3.210282e-02 -9.272045e-01 3.731772e-01
    outer loop
      vertex -3.653010e+01 -4.317568e+01 9.795918e+00
      vertex -3.596012e+01 -4.253831e+01 1.142857e+01
      vertex -3.807542e+01 -4.246507e+01 1.142857e+01
    endloop
  endfacet
  facet normal 2.704156e-02 9.256923e-01 -3.773096e-01
    outer loop
      vertex -3.653010e+01 -4.317568e+01 9.795918e+00
      vertex -3.867893e+01 -4.311290e+01 9.795918e+00
      vertex -3.807542e+01 -4.246507e+01 1.142857e+01
    endloop
  endfacet
  facet normal -3.725074e-02 -9.264136e-01 3.746601e-01
    outer loop
      vertex -3.596012e+01 -4.253831e+01 1.142857e+01
      vertex -3.539013e+01 -4.190095e+01 1.306122e+01
      vertex -3.747191e+01 -4.181724e+01 1.306122e+01
    endloop
  endfacet
  facet normal 3.202336e-02 9.249095e-01 -3.788362e-01
    outer loop
      vertex -3.596012e+01 -4.253831e+01 1.142857e+01
      vertex -3.807542e+01 -4.246507e+01 1.142857e+01
      vertex -3.747191e+01 -4.181724e+01 1.306122e+01
    endloop
  endfacet
  facet normal -4.255797e-02 -9.255700e-01 3.761767e-01
    outer loop
      vertex -3.539013e+01 -4.190095e+01 1.306122e+01
      vertex -3.482015e+01 -4.126360e+01 1.469388e+01
      vertex -3.686839e+01 -4.116942e+01 1.469388e+01
    endloop
  endfacet
  facet normal 3.715676e-02 9.240762e-01 -3.803978e-01
    outer loop
      vertex -3.539013e+01 -4.190095e+01 1.306122e+01
      vertex -3.747191e+01 -4.181724e+01 1.306122e+01
      vertex -3.686839e+01 -4.116942e+01 1.469388e+01
    endloop
  endfacet
  facet normal -4.803168e-02 -9.246699e-01 3.777280e-01
    outer loop
      vertex -3.482015e+01 -4.126360e+01 1.469388e+01
      vertex -3.425017e+01 -4.062627e+01 1.632653e+01
      vertex -3.626488e+01 -4.052162e+01 1.632653e+01
    endloop
  endfacet
  facet normal 4.244848e-02 9.231888e-01 -3.819955e-01
    outer loop
      vertex -3.482015e+01 -4.126360e+01 1.469388e+01
      vertex -3.686839e+01 -4.116942e+01 1.469388e+01
      vertex -3.626488e+01 -4.052162e+01 1.632653e+01
    endloop
  endfacet
  facet normal -5.367948e-02 -9.237092e-01 3.793150e-01
    outer loop
      vertex -3.425017e+01 -4.062627e+01 1.632653e+01
      vertex -3.368018e+01 -3.998896e+01 1.795918e+01
      vertex -3.566137e+01 -3.987382e+01 1.795918e+01
    endloop
  endfacet
  facet normal 4.790563e-02 9.222434e-01 -3.836301e-01
    outer loop
      vertex -3.425017e+01 -4.062627e+01 1.632653e+01
      vertex -3.626488e+01 -4.052162e+01 1.632653e+01
      vertex -3.566137e+01 -3.987382e+01 1.795918e+01
    endloop
  endfacet
  facet normal -5.950944e-02 -9.226834e-01 3.809384e-01
    outer loop
      vertex -3.368018e+01 -3.998896e+01 1.795918e+01
      vertex -3.311020e+01 -3.935166e+01 1.959184e+01
      vertex -3.505786e+01 -3.922605e+01 1.959184e+01
    endloop
  endfacet
  facet normal 5.353576e-02 9.212360e-01 -3.853028e-01
    outer loop
      vertex -3.368018e+01 -3.998896e+01 1.795918e+01
      vertex -3.566137e+01 -3.987382e+01 1.795918e+01
      vertex -3.505786e+01 -3.922605e+01 1.959184e+01
    endloop
  endfacet
  facet normal -6.553007e-02 -9.215876e-01 3.825991e-01
    outer loop
      vertex -3.311020e+01 -3.935166e+01 1.959184e+01
      vertex -3.254022e+01 -3.871439e+01 2.122449e+01
      vertex -3.445435e+01 -3.857829e+01 2.122449e+01
    endloop
  endfacet
  facet normal 5.934681e-02 9.201619e-01 -3.870144e-01
    outer loop
      vertex -3.311020e+01 -3.935166e+01 1.959184e+01
      vertex -3.505786e+01 -3.922605e+01 1.959184e+01
      vertex -3.445435e+01 -3.857829e+01 2.122449e+01
    endloop
  endfacet
  facet normal -7.175042e-02 -9.204167e-01 3.842981e-01
    outer loop
      vertex -3.254022e+01 -3.871439e+01 2.122449e+01
      vertex -3.197023e+01 -3.807715e+01 2.285714e+01
      vertex -3.385083e+01 -3.793055e+01 2.285714e+01
    endloop
  endfacet
  facet normal 6.534723e-02 9.190162e-01 -3.887660e-01
    outer loop
      vertex -3.254022e+01 -3.871439e+01 2.122449e+01
      vertex -3.445435e+01 -3.857829e+01 2.122449e+01
      vertex -3.385083e+01 -3.793055e+01 2.285714e+01
    endloop
  endfacet
  facet normal -7.818009e-02 -9.191648e-01 3.860362e-01
    outer loop
      vertex -3.197023e+01 -3.807715e+01 2.285714e+01
      vertex -3.140025e+01 -3.743994e+01 2.448980e+01
      vertex -3.324732e+01 -3.728283e+01 2.448980e+01
    endloop
  endfacet
  facet normal 7.154595e-02 9.177937e-01 -3.905585e-01
    outer loop
      vertex -3.197023e+01 -3.807715e+01 2.285714e+01
      vertex -3.385083e+01 -3.793055e+01 2.285714e+01
      vertex -3.324732e+01 -3.728283e+01 2.448980e+01
    endloop
  endfacet
  facet normal -8.482924e-02 -9.178257e-01 3.878143e-01
    outer loop
      vertex -3.140025e+01 -3.743994e+01 2.448980e+01
      vertex -3.083027e+01 -3.680276e+01 2.612245e+01
      vertex -3.264381e+01 -3.663515e+01 2.612245e+01
    endloop
  endfacet
  facet normal 7.795245e-02 9.164885e-01 -3.923930e-01
    outer loop
      vertex -3.140025e+01 -3.743994e+01 2.448980e+01
      vertex -3.324732e+01 -3.728283e+01 2.448980e+01
      vertex -3.264381e+01 -3.663515e+01 2.612245e+01
    endloop
  endfacet
  facet normal -9.170868e-02 -9.163927e-01 3.896330e-01
    outer loop
      vertex -3.083027e+01 -3.680276e+01 2.612245e+01
      vertex -3.026028e+01 -3.616563e+01 2.775510e+01
      vertex -3.204030e+01 -3.598749e+01 2.775510e+01
    endloop
  endfacet
  facet normal 8.457679e-02 9.150943e-01 -3.942704e-01
    outer loop
      vertex -3.083027e+01 -3.680276e+01 2.612245e+01
      vertex -3.264381e+01 -3.663515e+01 2.612245e+01
      vertex -3.204030e+01 -3.598749e+01 2.775510e+01
    endloop
  endfacet
  facet normal -9.882989e-02 -9.148583e-01 3.914933e-01
    outer loop
      vertex -3.026028e+01 -3.616563e+01 2.775510e+01
      vertex -2.969030e+01 -3.552855e+01 2.938776e+01
      vertex -3.143679e+01 -3.533988e+01 2.938776e+01
    endloop
  endfacet
  facet normal 9.142963e-02 9.136043e-01 -3.961917e-01
    outer loop
      vertex -3.026028e+01 -3.616563e+01 2.775510e+01
      vertex -3.204030e+01 -3.598749e+01 2.775510e+01
      vertex -3.143679e+01 -3.533988e+01 2.938776e+01
    endloop
  endfacet
  facet normal -1.062051e-01 -9.132143e-01 3.933956e-01
    outer loop
      vertex -2.969030e+01 -3.552855e+01 2.938776e+01
      vertex -2.912032e+01 -3.489152e+01 3.102041e+01
      vertex -3.083328e+01 -3.469231e+01 3.102041e+01
    endloop
  endfacet
  facet normal 9.852229e-02 9.120109e-01 -3.981577e-01
    outer loop
      vertex -2.969030e+01 -3.552855e+01 2.938776e+01
      vertex -3.143679e+01 -3.533988e+01 2.938776e+01
      vertex -3.083328e+01 -3.469231e+01 3.102041e+01
    endloop
  endfacet
  facet normal -1.138472e-01 -9.114519e-01 3.953407e-01
    outer loop
      vertex -2.912032e+01 -3.489152e+01 3.102041e+01
      vertex -2.855033e+01 -3.425455e+01 3.265306e+01
      vertex -3.022976e+01 -3.404478e+01 3.265306e+01
    endloop
  endfacet
  facet normal 1.058668e-01 9.103059e-01 -4.001693e-01
    outer loop
      vertex -2.912032e+01 -3.489152e+01 3.102041e+01
      vertex -3.083328e+01 -3.469231e+01 3.102041e+01
      vertex -3.022976e+01 -3.404478e+01 3.265306e+01
    endloop
  endfacet
  facet normal -1.217700e-01 -9.095613e-01 3.973290e-01
    outer loop
      vertex -2.855033e+01 -3.425455e+01 3.265306e+01
      vertex -2.798035e+01 -3.361766e+01 3.428571e+01
      vertex -2.962625e+01 -3.339731e+01 3.428571e+01
    endloop
  endfacet
  facet normal 1.134760e-01 9.084803e-01 -4.022272e-01
    outer loop
      vertex -2.855033e+01 -3.425455e+01 3.265306e+01
      vertex -3.022976e+01 -3.404478e+01 3.265306e+01
      vertex -2.962625e+01 -3.339731e+01 3.428571e+01
    endloop
  endfacet
  facet normal -1.299882e-01 -9.075318e-01 3.993608e-01
    outer loop
      vertex -2.798035e+01 -3.361766e+01 3.428571e+01
      vertex -2.741037e+01 -3.298085e+01 3.591837e+01
      vertex -2.902274e+01 -3.274990e+01 3.591837e+01
    endloop
  endfacet
  facet normal 1.213634e-01 9.065244e-01 -4.043320e-01
    outer loop
      vertex -2.798035e+01 -3.361766e+01 3.428571e+01
      vertex -2.962625e+01 -3.339731e+01 3.428571e+01
      vertex -2.902274e+01 -3.274990e+01 3.591837e+01
    endloop
  endfacet
  facet normal -1.385175e-01 -9.053517e-01 4.014364e-01
    outer loop
      vertex -2.741037e+01 -3.298085e+01 3.591837e+01
      vertex -2.684038e+01 -3.234413e+01 3.755102e+01
      vertex -2.841923e+01 -3.210257e+01 3.755102e+01
    endloop
  endfacet
  facet normal 1.295436e-01 9.044274e-01 -4.064844e-01
    outer loop
      vertex -2.741037e+01 -3.298085e+01 3.591837e+01
      vertex -2.902274e+01 -3.274990e+01 3.591837e+01
      vertex -2.841923e+01 -3.210257e+01 3.755102e+01
    endloop
  endfacet
  facet normal -1.473746e-01 -9.030081e-01 4.035557e-01
    outer loop
      vertex -2.684038e+01 -3.234413e+01 3.755102e+01
      vertex -2.627040e+01 -3.170752e+01 3.918367e+01
      vertex -2.781572e+01 -3.145532e+01 3.918367e+01
    endloop
  endfacet
  facet normal 1.380319e-01 9.021774e-01 -4.086847e-01
    outer loop
      vertex -2.684038e+01 -3.234413e+01 3.755102e+01
      vertex -2.841923e+01 -3.210257e+01 3.755102e+01
      vertex -2.781572e+01 -3.145532e+01 3.918367e+01
    endloop
  endfacet
  facet normal -1.565770e-01 -9.004867e-01 4.057184e-01
    outer loop
      vertex -2.627040e+01 -3.170752e+01 3.918367e+01
      vertex -2.570042e+01 -3.107103e+01 4.081633e+01
      vertex -2.721221e+01 -3.080816e+01 4.081633e+01
    endloop
  endfacet
  facet normal 1.468447e-01 8.997614e-01 -4.109331e-01
    outer loop
      vertex -2.627040e+01 -3.170752e+01 3.918367e+01
      vertex -2.781572e+01 -3.145532e+01 3.918367e+01
      vertex -2.721221e+01 -3.080816e+01 4.081633e+01
    endloop
  endfacet
  facet normal -1.661438e-01 -8.977718e-01 4.079241e-01
    outer loop
      vertex -2.570042e+01 -3.107103e+01 4.081633e+01
      vertex -2.513043e+01 -3.043468e+01 4.244898e+01
      vertex -2.660869e+01 -3.016111e+01 4.244898e+01
    endloop
  endfacet
  facet normal 1.559995e-01 8.971653e-01 -4.132295e-01
    outer loop
      vertex -2.570042e+01 -3.107103e+01 4.081633e+01
      vertex -2.721221e+01 -3.080816e+01 4.081633e+01
      vertex -2.660869e+01 -3.016111e+01 4.244898e+01
    endloop
  endfacet
  facet normal -1.760951e-01 -8.948462e-01 4.101717e-01
    outer loop
      vertex -2.513043e+01 -3.043468e+01 4.244898e+01
      vertex -2.456045e+01 -2.979848e+01 4.408163e+01
      vertex -2.600518e+01 -2.951418e+01 4.408163e+01
    endloop
  endfacet
  facet normal 1.655148e-01 8.943731e-01 -4.155737e-01
    outer loop
      vertex -2.513043e+01 -3.043468e+01 4.244898e+01
      vertex -2.660869e+01 -3.016111e+01 4.244898e+01
      vertex -2.600518e+01 -2.951418e+01 4.408163e+01
    endloop
  endfacet
  facet normal -1.864524e-01 -8.916907e-01 4.124600e-01
    outer loop
      vertex -2.456045e+01 -2.979848e+01 4.408163e+01
      vertex -2.399047e+01 -2.916247e+01 4.571429e+01
      vertex -2.540167e+01 -2.886738e+01 4.571429e+01
    endloop
  endfacet
  facet normal 1.754106e-01 8.913677e-01 -4.179651e-01
    outer loop
      vertex -2.456045e+01 -2.979848e+01 4.408163e+01
      vertex -2.600518e+01 -2.951418e+01 4.408163e+01
      vertex -2.540167e+01 -2.886738e+01 4.571429e+01
    endloop
  endfacet
  facet normal -1.972386e-01 -8.882841e-01 4.147871e-01
    outer loop
      vertex -2.399047e+01 -2.916247e+01 4.571429e+01
      vertex -2.342048e+01 -2.852666e+01 4.734694e+01
      vertex -2.479816e+01 -2.822075e+01 4.734694e+01
    endloop
  endfacet
  facet normal 1.857078e-01 8.881297e-01 -4.204024e-01
    outer loop
      vertex -2.399047e+01 -2.916247e+01 4.571429e+01
      vertex -2.540167e+01 -2.886738e+01 4.571429e+01
      vertex -2.479816e+01 -2.822075e+01 4.734694e+01
    endloop
  endfacet
  facet normal -2.084780e-01 -8.846030e-01 4.171505e-01
    outer loop
      vertex -2.342048e+01 -2.852666e+01 4.734694e+01
      vertex -2.285050e+01 -2.789108e+01 4.897959e+01
      vertex -2.419465e+01 -2.757430e+01 4.897959e+01
    endloop
  endfacet
  facet normal 1.964290e-01 8.846381e-01 -4.228843e-01
    outer loop
      vertex -2.342048e+01 -2.852666e+01 4.734694e+01
      vertex -2.479816e+01 -2.822075e+01 4.734694e+01
      vertex -2.419465e+01 -2.757430e+01 4.897959e+01
    endloop
  endfacet
  facet normal -2.201966e-01 -8.806213e-01 4.195470e-01
    outer loop
      vertex -2.285050e+01 -2.789108e+01 4.897959e+01
      vertex -2.228052e+01 -2.725577e+01 5.061224e+01
      vertex -2.359113e+01 -2.692805e+01 5.061224e+01
    endloop
  endfacet
  facet normal 2.075980e-01 8.808693e-01 -4.254085e-01
    outer loop
      vertex -2.285050e+01 -2.789108e+01 4.897959e+01
      vertex -2.419465e+01 -2.757430e+01 4.897959e+01
      vertex -2.359113e+01 -2.692805e+01 5.061224e+01
    endloop
  endfacet
  facet normal -2.324220e-01 -8.763100e-01 4.219724e-01
    outer loop
      vertex -2.228052e+01 -2.725577e+01 5.061224e+01
      vertex -2.171053e+01 -2.662077e+01 5.224490e+01
      vertex -2.298762e+01 -2.628205e+01 5.224490e+01
    endloop
  endfacet
  facet normal 2.192404e-01 8.767973e-01 -4.279720e-01
    outer loop
      vertex -2.228052e+01 -2.725577e+01 5.061224e+01
      vertex -2.359113e+01 -2.692805e+01 5.061224e+01
      vertex -2.298762e+01 -2.628205e+01 5.224490e+01
    endloop
  endfacet
  facet normal -2.451837e-01 -8.716371e-01 4.244216e-01
    outer loop
      vertex -2.171053e+01 -2.662077e+01 5.224490e+01
      vertex -2.114055e+01 -2.598612e+01 5.387755e+01
      vertex -2.238411e+01 -2.563632e+01 5.387755e+01
    endloop
  endfacet
  facet normal 2.313832e-01 8.723934e-01 -4.305712e-01
    outer loop
      vertex -2.171053e+01 -2.662077e+01 5.224490e+01
      vertex -2.298762e+01 -2.628205e+01 5.224490e+01
      vertex -2.238411e+01 -2.563632e+01 5.387755e+01
    endloop
  endfacet
  facet normal -2.585127e-01 -8.665667e-01 4.268880e-01
    outer loop
      vertex -2.114055e+01 -2.598612e+01 5.387755e+01
      vertex -2.057057e+01 -2.535188e+01 5.551020e+01
      vertex -2.178060e+01 -2.499091e+01 5.551020e+01
    endloop
  endfacet
  facet normal 2.440552e-01 8.676254e-01 -4.332011e-01
    outer loop
      vertex -2.114055e+01 -2.598612e+01 5.387755e+01
      vertex -2.238411e+01 -2.563632e+01 5.387755e+01
      vertex -2.178060e+01 -2.499091e+01 5.551020e+01
    endloop
  endfacet
  facet normal -2.724422e-01 -8.610588e-01 4.293635e-01
    outer loop
      vertex -2.057057e+01 -2.535188e+01 5.551020e+01
      vertex -2.000058e+01 -2.471811e+01 5.714286e+01
      vertex -2.117709e+01 -2.434586e+01 5.714286e+01
    endloop
  endfacet
  facet normal 2.572869e-01 8.624577e-01 -4.358556e-01
    outer loop
      vertex -2.057057e+01 -2.535188e+01 5.551020e+01
      vertex -2.178060e+01 -2.499091e+01 5.551020e+01
      vertex -2.117709e+01 -2.434586e+01 5.714286e+01
    endloop
  endfacet
  facet normal -2.870069e-01 -8.550688e-01 4.318383e-01
    outer loop
      vertex -2.000058e+01 -2.471811e+01 5.714286e+01
      vertex -1.943060e+01 -2.408488e+01 5.877551e+01
      vertex -2.057358e+01 -2.370124e+01 5.877551e+01
    endloop
  endfacet
  facet normal 2.711107e-01 8.568507e-01 -4.385270e-01
    outer loop
      vertex -2.000058e+01 -2.471811e+01 5.714286e+01
      vertex -2.117709e+01 -2.434586e+01 5.714286e+01
      vertex -2.057358e+01 -2.370124e+01 5.877551e+01
    endloop
  endfacet
  facet normal -3.022437e-01 -8.485471e-01 4.343001e-01
    outer loop
      vertex -1.943060e+01 -2.408488e+01 5.877551e+01
      vertex -1.886062e+01 -2.345229e+01 6.040816e+01
      vertex -1.997006e+01 -2.305711e+01 6.040816e+01
    endloop
  endfacet
  facet normal 2.855607e-01 8.507601e-01 -4.412056e-01
    outer loop
      vertex -1.943060e+01 -2.408488e+01 5.877551e+01
      vertex -2.057358e+01 -2.370124e+01 5.877551e+01
      vertex -1.997006e+01 -2.305711e+01 6.040816e+01
    endloop
  endfacet
  facet normal -3.181912e-01 -8.414379e-01 4.367340e-01
    outer loop
      vertex -1.886062e+01 -2.345229e+01 6.040816e+01
      vertex -1.829063e+01 -2.282043e+01 6.204082e+01
      vertex -1.936655e+01 -2.241356e+01 6.204082e+01
    endloop
  endfacet
  facet normal 3.006728e-01 8.441366e-01 -4.438797e-01
    outer loop
      vertex -1.886062e+01 -2.345229e+01 6.040816e+01
      vertex -1.997006e+01 -2.305711e+01 6.040816e+01
      vertex -1.936655e+01 -2.241356e+01 6.204082e+01
    endloop
  endfacet
  facet normal -3.348896e-01 -8.336792e-01 4.391219e-01
    outer loop
      vertex -1.829063e+01 -2.282043e+01 6.204082e+01
      vertex -1.772065e+01 -2.218942e+01 6.367347e+01
      vertex -1.876304e+01 -2.177070e+01 6.367347e+01
    endloop
  endfacet
  facet normal 3.164848e-01 8.369255e-01 -4.465345e-01
    outer loop
      vertex -1.829063e+01 -2.282043e+01 6.204082e+01
      vertex -1.936655e+01 -2.241356e+01 6.204082e+01
      vertex -1.876304e+01 -2.177070e+01 6.367347e+01
    endloop
  endfacet
  facet normal -3.523804e-01 -8.252014e-01 4.414416e-01
    outer loop
      vertex -1.772065e+01 -2.218942e+01 6.367347e+01
      vertex -1.715067e+01 -2.155943e+01 6.530612e+01
      vertex -1.815953e+01 -2.112862e+01 6.530612e+01
    endloop
  endfacet
  facet normal 3.330362e-01 8.290653e-01 -4.491521e-01
    outer loop
      vertex -1.772065e+01 -2.218942e+01 6.367347e+01
      vertex -1.876304e+01 -2.177070e+01 6.367347e+01
      vertex -1.815953e+01 -2.112862e+01 6.530612e+01
    endloop
  endfacet
  facet normal -3.707063e-01 -8.159272e-01 4.436662e-01
    outer loop
      vertex -1.715067e+01 -2.155943e+01 6.530612e+01
      vertex -1.658068e+01 -2.093063e+01 6.693878e+01
      vertex -1.755602e+01 -2.048750e+01 6.693878e+01
    endloop
  endfacet
  facet normal 3.503676e-01 8.204879e-01 -4.517102e-01
    outer loop
      vertex -1.715067e+01 -2.155943e+01 6.530612e+01
      vertex -1.815953e+01 -2.112862e+01 6.530612e+01
      vertex -1.755602e+01 -2.048750e+01 6.693878e+01
    endloop
  endfacet
  facet normal -3.899103e-01 -8.057699e-01 4.457631e-01
    outer loop
      vertex -1.658068e+01 -2.093063e+01 6.693878e+01
      vertex -1.601070e+01 -2.030324e+01 6.857143e+01
      vertex -1.695250e+01 -1.984750e+01 6.857143e+01
    endloop
  endfacet
  facet normal 3.685209e-01 8.111172e-01 -4.541818e-01
    outer loop
      vertex -1.658068e+01 -2.093063e+01 6.693878e+01
      vertex -1.755602e+01 -2.048750e+01 6.693878e+01
      vertex -1.695250e+01 -1.984750e+01 6.857143e+01
    endloop
  endfacet
  facet normal -4.100350e-01 -7.946336e-01 4.476926e-01
    outer loop
      vertex -1.601070e+01 -2.030324e+01 6.857143e+01
      vertex -1.544072e+01 -1.967752e+01 7.020408e+01
      vertex -1.634899e+01 -1.920885e+01 7.020408e+01
    endloop
  endfacet
  facet normal 3.875387e-01 8.008688e-01 -4.565336e-01
    outer loop
      vertex -1.601070e+01 -2.030324e+01 6.857143e+01
      vertex -1.695250e+01 -1.984750e+01 6.857143e+01
      vertex -1.634899e+01 -1.920885e+01 7.020408e+01
    endloop
  endfacet
  facet normal -4.311212e-01 -7.824117e-01 4.494068e-01
    outer loop
      vertex -1.544072e+01 -1.967752e+01 7.020408e+01
      vertex -1.487073e+01 -1.905382e+01 7.183673e+01
      vertex -1.574548e+01 -1.857182e+01 7.183673e+01
    endloop
  endfacet
  facet normal 4.074630e-01 7.896491e-01 -4.587245e-01
    outer loop
      vertex -1.544072e+01 -1.967752e+01 7.020408e+01
      vertex -1.634899e+01 -1.920885e+01 7.020408e+01
      vertex -1.574548e+01 -1.857182e+01 7.183673e+01
    endloop
  endfacet
  facet normal -4.532061e-01 -7.689870e-01 4.508472e-01
    outer loop
      vertex -1.487073e+01 -1.905382e+01 7.183673e+01
      vertex -1.430075e+01 -1.843254e+01 7.346939e+01
      vertex -1.514197e+01 -1.793676e+01 7.346939e+01
    endloop
  endfacet
  facet normal 4.283348e-01 7.773549e-01 -4.607044e-01
    outer loop
      vertex -1.487073e+01 -1.905382e+01 7.183673e+01
      vertex -1.574548e+01 -1.857182e+01 7.183673e+01
      vertex -1.514197e+01 -1.793676e+01 7.346939e+01
    endloop
  endfacet
  facet normal -4.763210e-01 -7.542318e-01 4.519433e-01
    outer loop
      vertex -1.430075e+01 -1.843254e+01 7.346939e+01
      vertex -1.373077e+01 -1.781420e+01 7.510204e+01
      vertex -1.453846e+01 -1.730412e+01 7.510204e+01
    endloop
  endfacet
  facet normal 4.501924e-01 7.638734e-01 -4.624114e-01
    outer loop
      vertex -1.430075e+01 -1.843254e+01 7.346939e+01
      vertex -1.514197e+01 -1.793676e+01 7.346939e+01
      vertex -1.453846e+01 -1.730412e+01 7.510204e+01
    endloop
  endfacet
  facet normal -5.004872e-01 -7.380088e-01 4.526098e-01
    outer loop
      vertex -1.373077e+01 -1.781420e+01 7.510204e+01
      vertex -1.316078e+01 -1.719946e+01 7.673469e+01
      vertex -1.393495e+01 -1.667445e+01 7.673469e+01
    endloop
  endfacet
  facet normal 4.730688e-01 7.490822e-01 -4.637691e-01
    outer loop
      vertex -1.373077e+01 -1.781420e+01 7.510204e+01
      vertex -1.453846e+01 -1.730412e+01 7.510204e+01
      vertex -1.393495e+01 -1.667445e+01 7.673469e+01
    endloop
  endfacet
  facet normal -5.257114e-01 -7.201741e-01 4.527436e-01
    outer loop
      vertex -1.316078e+01 -1.719946e+01 7.673469e+01
      vertex -1.259080e+01 -1.658915e+01 7.836735e+01
      vertex -1.333143e+01 -1.604850e+01 7.836735e+01
    endloop
  endfacet
  facet normal 4.969897e-01 7.328515e-01 -4.646827e-01
    outer loop
      vertex -1.316078e+01 -1.719946e+01 7.673469e+01
      vertex -1.393495e+01 -1.667445e+01 7.673469e+01
      vertex -1.333143e+01 -1.604850e+01 7.836735e+01
    endloop
  endfacet
  facet normal -5.519786e-01 -7.005828e-01 4.522206e-01
    outer loop
      vertex -1.259080e+01 -1.658915e+01 7.836735e+01
      vertex -1.202082e+01 -1.598437e+01 8.000000e+01
      vertex -1.272792e+01 -1.542725e+01 8.000000e+01
    endloop
  endfacet
  facet normal 5.219685e-01 7.150467e-01 -4.650346e-01
    outer loop
      vertex -1.259080e+01 -1.658915e+01 7.836735e+01
      vertex -1.333143e+01 -1.604850e+01 7.836735e+01
      vertex -1.272792e+01 -1.542725e+01 8.000000e+01
    endloop
  endfacet
  facet normal -4.434451e-03 -9.289232e-01 3.702460e-01
    outer loop
      vertex -4.230000e+01 -4.700000e+01 0.000000e+00
      vertex -4.169649e+01 -4.635215e+01 1.632653e+00
      vertex -4.401296e+01 -4.634109e+01 1.632653e+00
    endloop
  endfacet
  facet normal 0.000000e+00 9.273262e-01 -3.742540e-01
    outer loop
      vertex -4.230000e+01 -4.700000e+01 0.000000e+00
      vertex -4.465000e+01 -4.700000e+01 0.000000e+00
      vertex -4.401296e+01 -4.634109e+01 1.632653e+00
    endloop
  endfacet
  facet normal -8.993384e-03 -9.283138e-01 3.716889e-01
    outer loop
      vertex -4.169649e+01 -4.635215e+01 1.632653e+00
      vertex -4.109298e+01 -4.570429e+01 3.265306e+00
      vertex -4.337592e+01 -4.568218e+01 3.265306e+00
    endloop
  endfacet
  facet normal 4.423919e-03 9.267170e-01 -3.757340e-01
    outer loop
      vertex -4.169649e+01 -4.635215e+01 1.632653e+00
      vertex -4.401296e+01 -4.634109e+01 1.632653e+00
      vertex -4.337592e+01 -4.568218e+01 3.265306e+00
    endloop
  endfacet
  facet normal -1.368193e-02 -9.276647e-01 3.731636e-01
    outer loop
      vertex -4.109298e+01 -4.570429e+01 3.265306e+00
      vertex -4.048946e+01 -4.505644e+01 4.897959e+00
      vertex -4.273888e+01 -4.502326e+01 4.897959e+00
    endloop
  endfacet
  facet normal 8.971641e-03 9.260694e-01 -3.772466e-01
    outer loop
      vertex -4.109298e+01 -4.570429e+01 3.265306e+00
      vertex -4.337592e+01 -4.568218e+01 3.265306e+00
      vertex -4.273888e+01 -4.502326e+01 4.897959e+00
    endloop
  endfacet
  facet normal -1.850550e-02 -9.269732e-01 3.746708e-01
    outer loop
      vertex -4.048946e+01 -4.505644e+01 4.897959e+00
      vertex -3.988595e+01 -4.440859e+01 6.530612e+00
      vertex -4.210184e+01 -4.436435e+01 6.530612e+00
    endloop
  endfacet
  facet normal 1.364825e-02 9.253809e-01 -3.787927e-01
    outer loop
      vertex -4.048946e+01 -4.505644e+01 4.897959e+00
      vertex -4.273888e+01 -4.502326e+01 4.897959e+00
      vertex -4.210184e+01 -4.436435e+01 6.530612e+00
    endloop
  endfacet
  facet normal -2.346978e-02 -9.262365e-01 3.762114e-01
    outer loop
      vertex -3.988595e+01 -4.440859e+01 6.530612e+00
      vertex -3.928244e+01 -4.376074e+01 8.163265e+00
      vertex -4.146480e+01 -4.370545e+01 8.163265e+00
    endloop
  endfacet
  facet normal 1.845909e-02 9.246488e-01 -3.803732e-01
    outer loop
      vertex -3.988595e+01 -4.440859e+01 6.530612e+00
      vertex -4.210184e+01 -4.436435e+01 6.530612e+00
      vertex -4.146480e+01 -4.370545e+01 8.163265e+00
    endloop
  endfacet
  facet normal -2.858078e-02 -9.254515e-01 3.777865e-01
    outer loop
      vertex -3.928244e+01 -4.376074e+01 8.163265e+00
      vertex -3.867893e+01 -4.311290e+01 9.795918e+00
      vertex -4.082776e+01 -4.304654e+01 9.795918e+00
    endloop
  endfacet
  facet normal 2.340982e-02 9.238703e-01 -3.819891e-01
    outer loop
      vertex -3.928244e+01 -4.376074e+01 8.163265e+00
      vertex -4.146480e+01 -4.370545e+01 8.163265e+00
      vertex -4.082776e+01 -4.304654e+01 9.795918e+00
    endloop
  endfacet
  facet normal -3.384486e-02 -9.246148e-01 3.793969e-01
    outer loop
      vertex -3.867893e+01 -4.311290e+01 9.795918e+00
      vertex -3.807542e+01 -4.246507e+01 1.142857e+01
      vertex -4.019072e+01 -4.238764e+01 1.142857e+01
    endloop
  endfacet
  facet normal 2.850637e-02 9.230420e-01 -3.836415e-01
    outer loop
      vertex -3.867893e+01 -4.311290e+01 9.795918e+00
      vertex -4.082776e+01 -4.304654e+01 9.795918e+00
      vertex -4.019072e+01 -4.238764e+01 1.142857e+01
    endloop
  endfacet
  facet normal -3.926871e-02 -9.237228e-01 3.810435e-01
    outer loop
      vertex -3.807542e+01 -4.246507e+01 1.142857e+01
      vertex -3.747191e+01 -4.181724e+01 1.306122e+01
      vertex -3.955368e+01 -4.172874e+01 1.306122e+01
    endloop
  endfacet
  facet normal 3.375503e-02 9.221607e-01 -3.853313e-01
    outer loop
      vertex -3.807542e+01 -4.246507e+01 1.142857e+01
      vertex -4.019072e+01 -4.238764e+01 1.142857e+01
      vertex -3.955368e+01 -4.172874e+01 1.306122e+01
    endloop
  endfacet
  facet normal -4.485940e-02 -9.227716e-01 3.827274e-01
    outer loop
      vertex -3.747191e+01 -4.181724e+01 1.306122e+01
      vertex -3.686839e+01 -4.116942e+01 1.469388e+01
      vertex -3.891664e+01 -4.106985e+01 1.469388e+01
    endloop
  endfacet
  facet normal 3.916242e-02 9.212226e-01 -3.870596e-01
    outer loop
      vertex -3.747191e+01 -4.181724e+01 1.306122e+01
      vertex -3.955368e+01 -4.172874e+01 1.306122e+01
      vertex -3.891664e+01 -4.106985e+01 1.469388e+01
    endloop
  endfacet
  facet normal -5.062441e-02 -9.217569e-01 3.844495e-01
    outer loop
      vertex -3.686839e+01 -4.116942e+01 1.469388e+01
      vertex -3.626488e+01 -4.052162e+01 1.632653e+01
      vertex -3.827960e+01 -4.041097e+01 1.632653e+01
    endloop
  endfacet
  facet normal 4.473554e-02 9.202238e-01 -3.888275e-01
    outer loop
      vertex -3.686839e+01 -4.116942e+01 1.469388e+01
      vertex -3.891664e+01 -4.106985e+01 1.469388e+01
      vertex -3.827960e+01 -4.041097e+01 1.632653e+01
    endloop
  endfacet
  facet normal -5.657166e-02 -9.206741e-01 3.862109e-01
    outer loop
      vertex -3.626488e+01 -4.052162e+01 1.632653e+01
      vertex -3.566137e+01 -3.987382e+01 1.795918e+01
      vertex -3.764256e+01 -3.975209e+01 1.795918e+01
    endloop
  endfacet
  facet normal 5.048178e-02 9.191600e-01 -3.906360e-01
    outer loop
      vertex -3.626488e+01 -4.052162e+01 1.632653e+01
      vertex -3.827960e+01 -4.041097e+01 1.632653e+01
      vertex -3.764256e+01 -3.975209e+01 1.795918e+01
    endloop
  endfacet
  facet normal -6.270951e-02 -9.195183e-01 3.880123e-01
    outer loop
      vertex -3.566137e+01 -3.987382e+01 1.795918e+01
      vertex -3.505786e+01 -3.922605e+01 1.959184e+01
      vertex -3.700552e+01 -3.909322e+01 1.959184e+01
    endloop
  endfacet
  facet normal 5.640897e-02 9.180265e-01 -3.924862e-01
    outer loop
      vertex -3.566137e+01 -3.987382e+01 1.795918e+01
      vertex -3.764256e+01 -3.975209e+01 1.795918e+01
      vertex -3.700552e+01 -3.909322e+01 1.959184e+01
    endloop
  endfacet
  facet normal -6.904684e-02 -9.182841e-01 3.898550e-01
    outer loop
      vertex -3.505786e+01 -3.922605e+01 1.959184e+01
      vertex -3.445435e+01 -3.857829e+01 2.122449e+01
      vertex -3.636848e+01 -3.843436e+01 2.122449e+01
    endloop
  endfacet
  facet normal 6.252537e-02 9.168182e-01 -3.943793e-01
    outer loop
      vertex -3.505786e+01 -3.922605e+01 1.959184e+01
      vertex -3.700552e+01 -3.909322e+01 1.959184e+01
      vertex -3.636848e+01 -3.843436e+01 2.122449e+01
    endloop
  endfacet
  facet normal -7.559304e-02 -9.169655e-01 3.917397e-01
    outer loop
      vertex -3.445435e+01 -3.857829e+01 2.122449e+01
      vertex -3.385083e+01 -3.793055e+01 2.285714e+01
      vertex -3.573144e+01 -3.777551e+01 2.285714e+01
    endloop
  endfacet
  facet normal 6.883973e-02 9.155296e-01 -3.963163e-01
    outer loop
      vertex -3.445435e+01 -3.857829e+01 2.122449e+01
      vertex -3.636848e+01 -3.843436e+01 2.122449e+01
      vertex -3.573144e+01 -3.777551e+01 2.285714e+01
    endloop
  endfacet
  facet normal -8.235807e-02 -9.155561e-01 3.936675e-01
    outer loop
      vertex -3.385083e+01 -3.793055e+01 2.285714e+01
      vertex -3.324732e+01 -3.728283e+01 2.448980e+01
      vertex -3.509440e+01 -3.711668e+01 2.448980e+01
    endloop
  endfacet
  facet normal 7.536134e-02 9.141549e-01 -3.982983e-01
    outer loop
      vertex -3.385083e+01 -3.793055e+01 2.285714e+01
      vertex -3.573144e+01 -3.777551e+01 2.285714e+01
      vertex -3.509440e+01 -3.711668e+01 2.448980e+01
    endloop
  endfacet
  facet normal -8.935250e-02 -9.140490e-01 3.956393e-01
    outer loop
      vertex -3.324732e+01 -3.728283e+01 2.448980e+01
      vertex -3.264381e+01 -3.663515e+01 2.612245e+01
      vertex -3.445736e+01 -3.645787e+01 2.612245e+01
    endloop
  endfacet
  facet normal 8.210002e-02 9.126874e-01 -4.003264e-01
    outer loop
      vertex -3.324732e+01 -3.728283e+01 2.448980e+01
      vertex -3.509440e+01 -3.711668e+01 2.448980e+01
      vertex -3.445736e+01 -3.645787e+01 2.612245e+01
    endloop
  endfacet
  facet normal -9.658752e-02 -9.124366e-01 3.976560e-01
    outer loop
      vertex -3.264381e+01 -3.663515e+01 2.612245e+01
      vertex -3.204030e+01 -3.598749e+01 2.775510e+01
      vertex -3.382032e+01 -3.579907e+01 2.775510e+01
    endloop
  endfacet
  facet normal 8.906619e-02 9.111202e-01 -4.024018e-01
    outer loop
      vertex -3.264381e+01 -3.663515e+01 2.612245e+01
      vertex -3.445736e+01 -3.645787e+01 2.612245e+01
      vertex -3.382032e+01 -3.579907e+01 2.775510e+01
    endloop
  endfacet
  facet normal -1.040750e-01 -9.107105e-01 3.997183e-01
    outer loop
      vertex -3.204030e+01 -3.598749e+01 2.775510e+01
      vertex -3.143679e+01 -3.533988e+01 2.938776e+01
      vertex -3.318328e+01 -3.514029e+01 2.938776e+01
    endloop
  endfacet
  facet normal 9.627089e-02 9.094455e-01 -4.045253e-01
    outer loop
      vertex -3.204030e+01 -3.598749e+01 2.775510e+01
      vertex -3.382032e+01 -3.579907e+01 2.775510e+01
      vertex -3.318328e+01 -3.514029e+01 2.938776e+01
    endloop
  endfacet
  facet normal -1.118277e-01 -9.088617e-01 4.018270e-01
    outer loop
      vertex -3.143679e+01 -3.533988e+01 2.938776e+01
      vertex -3.083328e+01 -3.469231e+01 3.102041e+01
      vertex -3.254624e+01 -3.448154e+01 3.102041e+01
    endloop
  endfacet
  facet normal 1.037259e-01 9.076550e-01 -4.066981e-01
    outer loop
      vertex -3.143679e+01 -3.533988e+01 2.938776e+01
      vertex -3.318328e+01 -3.514029e+01 2.938776e+01
      vertex -3.254624e+01 -3.448154e+01 3.102041e+01
    endloop
  endfacet
  facet normal -1.198590e-01 -9.068802e-01 4.039829e-01
    outer loop
      vertex -3.083328e+01 -3.469231e+01 3.102041e+01
      vertex -3.022976e+01 -3.404478e+01 3.265306e+01
      vertex -3.190920e+01 -3.382282e+01 3.265306e+01
    endloop
  endfacet
  facet normal 1.114436e-01 9.057394e-01 -4.089211e-01
    outer loop
      vertex -3.083328e+01 -3.469231e+01 3.102041e+01
      vertex -3.254624e+01 -3.448154e+01 3.102041e+01
      vertex -3.190920e+01 -3.382282e+01 3.265306e+01
    endloop
  endfacet
  facet normal -1.281832e-01 -9.047551e-01 4.061863e-01
    outer loop
      vertex -3.022976e+01 -3.404478e+01 3.265306e+01
      vertex -2.962625e+01 -3.339731e+01 3.428571e+01
      vertex -3.127216e+01 -3.316412e+01 3.428571e+01
    endloop
  endfacet
  facet normal 1.194372e-01 9.036887e-01 -4.111951e-01
    outer loop
      vertex -3.022976e+01 -3.404478e+01 3.265306e+01
      vertex -3.190920e+01 -3.382282e+01 3.265306e+01
      vertex -3.127216e+01 -3.316412e+01 3.428571e+01
    endloop
  endfacet
  facet normal -1.368154e-01 -9.024744e-01 4.084379e-01
    outer loop
      vertex -2.962625e+01 -3.339731e+01 3.428571e+01
      vertex -2.902274e+01 -3.274990e+01 3.591837e+01
      vertex -3.063511e+01 -3.250547e+01 3.591837e+01
    endloop
  endfacet
  facet normal 1.277209e-01 9.014920e-01 -4.135210e-01
    outer loop
      vertex -2.962625e+01 -3.339731e+01 3.428571e+01
      vertex -3.127216e+01 -3.316412e+01 3.428571e+01
      vertex -3.063511e+01 -3.250547e+01 3.591837e+01
    endloop
  endfacet
  facet normal -1.457720e-01 -9.000250e-01 4.107377e-01
    outer loop
      vertex -2.902274e+01 -3.274990e+01 3.591837e+01
      vertex -2.841923e+01 -3.210257e+01 3.755102e+01
      vertex -2.999807e+01 -3.184685e+01 3.755102e+01
    endloop
  endfacet
  facet normal 1.363095e-01 8.991370e-01 -4.158994e-01
    outer loop
      vertex -2.902274e+01 -3.274990e+01 3.591837e+01
      vertex -3.063511e+01 -3.250547e+01 3.591837e+01
      vertex -2.999807e+01 -3.184685e+01 3.755102e+01
    endloop
  endfacet
  facet normal -1.550701e-01 -8.973925e-01 4.130859e-01
    outer loop
      vertex -2.841923e+01 -3.210257e+01 3.755102e+01
      vertex -2.781572e+01 -3.145532e+01 3.918367e+01
      vertex -2.936103e+01 -3.118829e+01 3.918367e+01
    endloop
  endfacet
  facet normal 1.452190e-01 8.966107e-01 -4.183308e-01
    outer loop
      vertex -2.841923e+01 -3.210257e+01 3.755102e+01
      vertex -2.999807e+01 -3.184685e+01 3.755102e+01
      vertex -2.936103e+01 -3.118829e+01 3.918367e+01
    endloop
  endfacet
  facet normal -1.647280e-01 -8.945609e-01 4.154822e-01
    outer loop
      vertex -2.781572e+01 -3.145532e+01 3.918367e+01
      vertex -2.721221e+01 -3.080816e+01 4.081633e+01
      vertex -2.872399e+01 -3.052977e+01 4.081633e+01
    endloop
  endfacet
  facet normal 1.544663e-01 8.938985e-01 -4.208155e-01
    outer loop
      vertex -2.781572e+01 -3.145532e+01 3.918367e+01
      vertex -2.936103e+01 -3.118829e+01 3.918367e+01
      vertex -2.872399e+01 -3.052977e+01 4.081633e+01
    endloop
  endfacet
  facet normal -1.747654e-01 -8.915127e-01 4.179261e-01
    outer loop
      vertex -2.721221e+01 -3.080816e+01 4.081633e+01
      vertex -2.660869e+01 -3.016111e+01 4.244898e+01
      vertex -2.808695e+01 -2.987132e+01 4.244898e+01
    endloop
  endfacet
  facet normal 1.640694e-01 8.909843e-01 -4.233536e-01
    outer loop
      vertex -2.721221e+01 -3.080816e+01 4.081633e+01
      vertex -2.872399e+01 -3.052977e+01 4.081633e+01
      vertex -2.808695e+01 -2.987132e+01 4.244898e+01
    endloop
  endfacet
  facet normal -1.852030e-01 -8.882284e-01 4.204167e-01
    outer loop
      vertex -2.660869e+01 -3.016111e+01 4.244898e+01
      vertex -2.600518e+01 -2.951418e+01 4.408163e+01
      vertex -2.744991e+01 -2.921294e+01 4.408163e+01
    endloop
  endfacet
  facet normal 1.740475e-01 8.878504e-01 -4.259450e-01
    outer loop
      vertex -2.660869e+01 -3.016111e+01 4.244898e+01
      vertex -2.808695e+01 -2.987132e+01 4.244898e+01
      vertex -2.744991e+01 -2.921294e+01 4.408163e+01
    endloop
  endfacet
  facet normal -1.960631e-01 -8.846866e-01 4.229525e-01
    outer loop
      vertex -2.600518e+01 -2.951418e+01 4.408163e+01
      vertex -2.540167e+01 -2.886738e+01 4.571429e+01
      vertex -2.681287e+01 -2.855463e+01 4.571429e+01
    endloop
  endfacet
  facet normal 1.844209e-01 8.844774e-01 -4.285891e-01
    outer loop
      vertex -2.600518e+01 -2.951418e+01 4.408163e+01
      vertex -2.744991e+01 -2.921294e+01 4.408163e+01
      vertex -2.681287e+01 -2.855463e+01 4.571429e+01
    endloop
  endfacet
  facet normal -2.073693e-01 -8.808636e-01 4.255318e-01
    outer loop
      vertex -2.540167e+01 -2.886738e+01 4.571429e+01
      vertex -2.479816e+01 -2.822075e+01 4.734694e+01
      vertex -2.617583e+01 -2.789642e+01 4.734694e+01
    endloop
  endfacet
  facet normal 1.952115e-01 8.808438e-01 -4.312850e-01
    outer loop
      vertex -2.540167e+01 -2.886738e+01 4.571429e+01
      vertex -2.681287e+01 -2.855463e+01 4.571429e+01
      vertex -2.617583e+01 -2.789642e+01 4.734694e+01
    endloop
  endfacet
  facet normal -2.191468e-01 -8.767329e-01 4.281519e-01
    outer loop
      vertex -2.479816e+01 -2.822075e+01 4.734694e+01
      vertex -2.419465e+01 -2.757430e+01 4.897959e+01
      vertex -2.553879e+01 -2.723832e+01 4.897959e+01
    endloop
  endfacet
  facet normal 2.064423e-01 8.769256e-01 -4.340312e-01
    outer loop
      vertex -2.479816e+01 -2.822075e+01 4.734694e+01
      vertex -2.617583e+01 -2.789642e+01 4.734694e+01
      vertex -2.553879e+01 -2.723832e+01 4.897959e+01
    endloop
  endfacet
  facet normal -2.314225e-01 -8.722653e-01 4.308095e-01
    outer loop
      vertex -2.419465e+01 -2.757430e+01 4.897959e+01
      vertex -2.359113e+01 -2.692805e+01 5.061224e+01
      vertex -2.490175e+01 -2.658033e+01 5.061224e+01
    endloop
  endfacet
  facet normal 2.181379e-01 8.726965e-01 -4.368257e-01
    outer loop
      vertex -2.419465e+01 -2.757430e+01 4.897959e+01
      vertex -2.553879e+01 -2.723832e+01 4.897959e+01
      vertex -2.490175e+01 -2.658033e+01 5.061224e+01
    endloop
  endfacet
  facet normal -2.442249e-01 -8.674282e-01 4.335004e-01
    outer loop
      vertex -2.359113e+01 -2.692805e+01 5.061224e+01
      vertex -2.298762e+01 -2.628205e+01 5.224490e+01
      vertex -2.426471e+01 -2.592248e+01 5.224490e+01
    endloop
  endfacet
  facet normal 2.303246e-01 8.681271e-01 -4.396657e-01
    outer loop
      vertex -2.359113e+01 -2.692805e+01 5.061224e+01
      vertex -2.490175e+01 -2.658033e+01 5.061224e+01
      vertex -2.426471e+01 -2.592248e+01 5.224490e+01
    endloop
  endfacet
  facet normal -2.575843e-01 -8.621852e-01 4.362190e-01
    outer loop
      vertex -2.298762e+01 -2.628205e+01 5.224490e+01
      vertex -2.238411e+01 -2.563632e+01 5.387755e+01
      vertex -2.362767e+01 -2.526480e+01 5.387755e+01
    endloop
  endfacet
  facet normal 2.430302e-01 8.631848e-01 -4.425475e-01
    outer loop
      vertex -2.298762e+01 -2.628205e+01 5.224490e+01
      vertex -2.426471e+01 -2.592248e+01 5.224490e+01
      vertex -2.362767e+01 -2.526480e+01 5.387755e+01
    endloop
  endfacet
  facet normal -2.715330e-01 -8.564959e-01 4.389586e-01
    outer loop
      vertex -2.238411e+01 -2.563632e+01 5.387755e+01
      vertex -2.178060e+01 -2.499091e+01 5.551020e+01
      vertex -2.299063e+01 -2.460729e+01 5.551020e+01
    endloop
  endfacet
  facet normal 2.562842e-01 8.578333e-01 -4.454665e-01
    outer loop
      vertex -2.238411e+01 -2.563632e+01 5.387755e+01
      vertex -2.362767e+01 -2.526480e+01 5.387755e+01
      vertex -2.299063e+01 -2.460729e+01 5.551020e+01
    endloop
  endfacet
  facet normal -2.861052e-01 -8.503149e-01 4.417108e-01
    outer loop
      vertex -2.178060e+01 -2.499091e+01 5.551020e+01
      vertex -2.117709e+01 -2.434586e+01 5.714286e+01
      vertex -2.235359e+01 -2.395000e+01 5.714286e+01
    endloop
  endfacet
  facet normal 2.701179e-01 8.520322e-01 -4.484165e-01
    outer loop
      vertex -2.178060e+01 -2.499091e+01 5.551020e+01
      vertex -2.299063e+01 -2.460729e+01 5.551020e+01
      vertex -2.235359e+01 -2.395000e+01 5.714286e+01
    endloop
  endfacet
  facet normal -3.013371e-01 -8.435916e-01 4.444651e-01
    outer loop
      vertex -2.117709e+01 -2.434586e+01 5.714286e+01
      vertex -2.057358e+01 -2.370124e+01 5.877551e+01
      vertex -2.171655e+01 -2.329296e+01 5.877551e+01
    endloop
  endfacet
  facet normal 2.845647e-01 8.457363e-01 -4.513902e-01
    outer loop
      vertex -2.117709e+01 -2.434586e+01 5.714286e+01
      vertex -2.235359e+01 -2.395000e+01 5.714286e+01
      vertex -2.171655e+01 -2.329296e+01 5.877551e+01
    endloop
  endfacet
  facet normal -3.172667e-01 -8.362692e-01 4.472088e-01
    outer loop
      vertex -2.057358e+01 -2.370124e+01 5.877551e+01
      vertex -1.997006e+01 -2.305711e+01 6.040816e+01
      vertex -2.107951e+01 -2.263621e+01 6.040816e+01
    endloop
  endfacet
  facet normal 2.996594e-01 8.388951e-01 -4.543779e-01
    outer loop
      vertex -2.057358e+01 -2.370124e+01 5.877551e+01
      vertex -2.171655e+01 -2.329296e+01 5.877551e+01
      vertex -2.107951e+01 -2.263621e+01 6.040816e+01
    endloop
  endfacet
  facet normal -3.339341e-01 -8.282841e-01 4.499261e-01
    outer loop
      vertex -1.997006e+01 -2.305711e+01 6.040816e+01
      vertex -1.936655e+01 -2.241356e+01 6.204082e+01
      vertex -2.044247e+01 -2.197979e+01 6.204082e+01
    endloop
  endfacet
  facet normal 3.154391e-01 8.314521e-01 -4.573681e-01
    outer loop
      vertex -1.997006e+01 -2.305711e+01 6.040816e+01
      vertex -2.107951e+01 -2.263621e+01 6.040816e+01
      vertex -2.044247e+01 -2.197979e+01 6.204082e+01
    endloop
  endfacet
  facet normal -3.513813e-01 -8.195646e-01 4.525981e-01
    outer loop
      vertex -1.936655e+01 -2.241356e+01 6.204082e+01
      vertex -1.876304e+01 -2.177070e+01 6.367347e+01
      vertex -1.980543e+01 -2.132378e+01 6.367347e+01
    endloop
  endfacet
  facet normal 3.319425e-01 8.233441e-01 -4.603463e-01
    outer loop
      vertex -1.936655e+01 -2.241356e+01 6.204082e+01
      vertex -2.044247e+01 -2.197979e+01 6.204082e+01
      vertex -1.980543e+01 -2.132378e+01 6.367347e+01
    endloop
  endfacet
  facet normal -3.696518e-01 -8.100304e-01 4.552013e-01
    outer loop
      vertex -1.876304e+01 -2.177070e+01 6.367347e+01
      vertex -1.815953e+01 -2.112862e+01 6.530612e+01
      vertex -1.916839e+01 -2.066824e+01 6.530612e+01
    endloop
  endfacet
  facet normal 3.492100e-01 8.145001e-01 -4.632947e-01
    outer loop
      vertex -1.876304e+01 -2.177070e+01 6.367347e+01
      vertex -1.980543e+01 -2.132378e+01 6.367347e+01
      vertex -1.916839e+01 -2.066824e+01 6.530612e+01
    endloop
  endfacet
  facet normal -3.887903e-01 -7.995912e-01 4.577073e-01
    outer loop
      vertex -1.815953e+01 -2.112862e+01 6.530612e+01
      vertex -1.755602e+01 -2.048750e+01 6.693878e+01
      vertex -1.853135e+01 -2.001326e+01 6.693878e+01
    endloop
  endfacet
  facet normal 3.672835e-01 8.048406e-01 -4.661915e-01
    outer loop
      vertex -1.815953e+01 -2.112862e+01 6.530612e+01
      vertex -1.916839e+01 -2.066824e+01 6.530612e+01
      vertex -1.853135e+01 -2.001326e+01 6.693878e+01
    endloop
  endfacet
  facet normal -4.088424e-01 -7.881452e-01 4.600816e-01
    outer loop
      vertex -1.755602e+01 -2.048750e+01 6.693878e+01
      vertex -1.695250e+01 -1.984750e+01 6.857143e+01
      vertex -1.789431e+01 -1.935895e+01 6.857143e+01
    endloop
  endfacet
  facet normal 3.862060e-01 7.942761e-01 -4.690100e-01
    outer loop
      vertex -1.755602e+01 -2.048750e+01 6.693878e+01
      vertex -1.853135e+01 -2.001326e+01 6.693878e+01
      vertex -1.789431e+01 -1.935895e+01 6.857143e+01
    endloop
  endfacet
  facet normal -4.298534e-01 -7.755780e-01 4.622821e-01
    outer loop
      vertex -1.695250e+01 -1.984750e+01 6.857143e+01
      vertex -1.634899e+01 -1.920885e+01 7.020408e+01
      vertex -1.725727e+01 -1.870545e+01 7.020408e+01
    endloop
  endfacet
  facet normal 4.060212e-01 7.827066e-01 -4.717173e-01
    outer loop
      vertex -1.695250e+01 -1.984750e+01 6.857143e+01
      vertex -1.789431e+01 -1.935895e+01 6.857143e+01
      vertex -1.725727e+01 -1.870545e+01 7.020408e+01
    endloop
  endfacet
  facet normal -4.518676e-01 -7.617615e-01 4.642575e-01
    outer loop
      vertex -1.634899e+01 -1.920885e+01 7.020408e+01
      vertex -1.574548e+01 -1.857182e+01 7.183673e+01
      vertex -1.662023e+01 -1.805293e+01 7.183673e+01
    endloop
  endfacet
  facet normal 4.267726e-01 7.700195e-01 -4.742733e-01
    outer loop
      vertex -1.634899e+01 -1.920885e+01 7.020408e+01
      vertex -1.725727e+01 -1.870545e+01 7.020408e+01
      vertex -1.662023e+01 -1.805293e+01 7.183673e+01
    endloop
  endfacet
  facet normal -4.749264e-01 -7.465519e-01 4.659455e-01
    outer loop
      vertex -1.574548e+01 -1.857182e+01 7.183673e+01
      vertex -1.514197e+01 -1.793676e+01 7.346939e+01
      vertex -1.598319e+01 -1.740161e+01 7.346939e+01
    endloop
  endfacet
  facet normal 4.485028e-01 7.560890e-01 -4.766285e-01
    outer loop
      vertex -1.574548e+01 -1.857182e+01 7.183673e+01
      vertex -1.662023e+01 -1.805293e+01 7.183673e+01
      vertex -1.598319e+01 -1.740161e+01 7.346939e+01
    endloop
  endfacet
  facet normal -4.990659e-01 -7.297890e-01 4.672700e-01
    outer loop
      vertex -1.514197e+01 -1.793676e+01 7.346939e+01
      vertex -1.453846e+01 -1.730412e+01 7.510204e+01
      vertex -1.534615e+01 -1.675178e+01 7.510204e+01
    endloop
  endfacet
  facet normal 4.712513e-01 7.407748e-01 -4.787221e-01
    outer loop
      vertex -1.514197e+01 -1.793676e+01 7.346939e+01
      vertex -1.598319e+01 -1.740161e+01 7.346939e+01
      vertex -1.534615e+01 -1.675178e+01 7.510204e+01
    endloop
  endfacet
  facet normal -5.243135e-01 -7.112957e-01 4.681386e-01
    outer loop
      vertex -1.453846e+01 -1.730412e+01 7.510204e+01
      vertex -1.393495e+01 -1.667445e+01 7.673469e+01
      vertex -1.470911e+01 -1.610380e+01 7.673469e+01
    endloop
  endfacet
  facet normal 4.950532e-01 7.239213e-01 -4.804793e-01
    outer loop
      vertex -1.453846e+01 -1.730412e+01 7.510204e+01
      vertex -1.534615e+01 -1.675178e+01 7.510204e+01
      vertex -1.470911e+01 -1.610380e+01 7.673469e+01
    endloop
  endfacet
  facet normal -5.506836e-01 -6.908784e-01 4.684385e-01
    outer loop
      vertex -1.393495e+01 -1.667445e+01 7.673469e+01
      vertex -1.333143e+01 -1.604850e+01 7.836735e+01
      vertex -1.407207e+01 -1.545816e+01 7.836735e+01
    endloop
  endfacet
  facet normal 5.199359e-01 7.053570e-01 -4.818072e-01
    outer loop
      vertex -1.393495e+01 -1.667445e+01 7.673469e+01
      vertex -1.470911e+01 -1.610380e+01 7.673469e+01
      vertex -1.407207e+01 -1.545816e+01 7.836735e+01
    endloop
  endfacet
  facet normal -5.781702e-01 -6.683296e-01 4.680329e-01
    outer loop
      vertex -1.333143e+01 -1.604850e+01 7.836735e+01
      vertex -1.272792e+01 -1.542725e+01 8.000000e+01
      vertex -1.343503e+01 -1.481553e+01 8.000000e+01
    endloop
  endfacet
  facet normal 5.459153e-01 6.848962e-01 -4.825905e-01
    outer loop
      vertex -1.333143e+01 -1.604850e+01 7.836735e+01
      vertex -1.407207e+01 -1.545816e+01 7.836735e+01
      vertex -1.343503e+01 -1.481553e+01 8.000000e+01
    endloop
  endfacet
  facet normal -4.662887e-03 -9.266834e-01 3.758140e-01
    outer loop
      vertex -4.465000e+01 -4.700000e+01 0.000000e+00
      vertex -4.401296e+01 -4.634109e+01 1.632653e+00
      vertex -4.632943e+01 -4.632943e+01 1.632653e+00
    endloop
  endfacet
  facet normal 0.000000e+00 9.250169e-01 -3.799260e-01
    outer loop
      vertex -4.465000e+01 -4.700000e+01 0.000000e+00
      vertex -4.700000e+01 -4.700000e+01 0.000000e+00
      vertex -4.632943e+01 -4.632943e+01 1.632653e+00
    endloop
  endfacet
  facet normal -9.455924e-03 -9.259989e-01 3.774077e-01
    outer loop
      vertex -4.401296e+01 -4.634109e+01 1.632653e+00
      vertex -4.337592e+01 -4.568218e+01 3.265306e+00
      vertex -4.565886e+01 -4.565886e+01 3.265306e+00
    endloop
  endfacet
  facet normal 4.651065e-03 9.243341e-01 -3.815559e-01
    outer loop
      vertex -4.401296e+01 -4.634109e+01 1.632653e+00
      vertex -4.632943e+01 -4.632943e+01 1.632653e+00
      vertex -4.565886e+01 -4.565886e+01 3.265306e+00
    endloop
  endfacet
  facet normal -1.438444e-02 -9.252701e-01 3.790361e-01
    outer loop
      vertex -4.337592e+01 -4.568218e+01 3.265306e+00
      vertex -4.273888e+01 -4.502326e+01 4.897959e+00
      vertex -4.498829e+01 -4.498829e+01 4.897959e+00
    endloop
  endfacet
  facet normal 9.431513e-03 9.236084e-01 -3.832212e-01
    outer loop
      vertex -4.337592e+01 -4.568218e+01 3.265306e+00
      vertex -4.565886e+01 -4.565886e+01 3.265306e+00
      vertex -4.498829e+01 -4.498829e+01 4.897959e+00
    endloop
  endfacet
  facet normal -1.945405e-02 -9.244939e-01 3.807001e-01
    outer loop
      vertex -4.273888e+01 -4.502326e+01 4.897959e+00
      vertex -4.210184e+01 -4.436435e+01 6.530612e+00
      vertex -4.431773e+01 -4.431773e+01 6.530612e+00
    endloop
  endfacet
  facet normal 1.434662e-02 9.228371e-01 -3.849232e-01
    outer loop
      vertex -4.273888e+01 -4.502326e+01 4.897959e+00
      vertex -4.498829e+01 -4.498829e+01 4.897959e+00
      vertex -4.431773e+01 -4.431773e+01 6.530612e+00
    endloop
  endfacet
  facet normal -2.467067e-02 -9.236672e-01 3.824007e-01
    outer loop
      vertex -4.210184e+01 -4.436435e+01 6.530612e+00
      vertex -4.146480e+01 -4.370545e+01 8.163265e+00
      vertex -4.364716e+01 -4.364716e+01 8.163265e+00
    endloop
  endfacet
  facet normal 1.940193e-02 9.220171e-01 -3.866627e-01
    outer loop
      vertex -4.210184e+01 -4.436435e+01 6.530612e+00
      vertex -4.431773e+01 -4.431773e+01 6.530612e+00
      vertex -4.364716e+01 -4.364716e+01 8.163265e+00
    endloop
  endfacet
  facet normal -3.004053e-02 -9.227865e-01 3.841389e-01
    outer loop
      vertex -4.146480e+01 -4.370545e+01 8.163265e+00
      vertex -4.082776e+01 -4.304654e+01 9.795918e+00
      vertex -4.297659e+01 -4.297659e+01 9.795918e+00
    endloop
  endfacet
  facet normal 2.460331e-02 9.211451e-01 -3.884409e-01
    outer loop
      vertex -4.146480e+01 -4.370545e+01 8.163265e+00
      vertex -4.364716e+01 -4.364716e+01 8.163265e+00
      vertex -4.297659e+01 -4.297659e+01 9.795918e+00
    endloop
  endfacet
  facet normal -3.557021e-02 -9.218480e-01 3.859158e-01
    outer loop
      vertex -4.082776e+01 -4.304654e+01 9.795918e+00
      vertex -4.019072e+01 -4.238764e+01 1.142857e+01
      vertex -4.230602e+01 -4.230602e+01 1.142857e+01
    endloop
  endfacet
  facet normal 2.995690e-02 9.202177e-01 -3.902589e-01
    outer loop
      vertex -4.082776e+01 -4.304654e+01 9.795918e+00
      vertex -4.297659e+01 -4.297659e+01 9.795918e+00
      vertex -4.230602e+01 -4.230602e+01 1.142857e+01
    endloop
  endfacet
  facet normal -4.126665e-02 -9.208478e-01 3.877324e-01
    outer loop
      vertex -4.019072e+01 -4.238764e+01 1.142857e+01
      vertex -3.955368e+01 -4.172874e+01 1.306122e+01
      vertex -4.163545e+01 -4.163545e+01 1.306122e+01
    endloop
  endfacet
  facet normal 3.546923e-02 9.192310e-01 -3.921176e-01
    outer loop
      vertex -4.019072e+01 -4.238764e+01 1.142857e+01
      vertex -4.230602e+01 -4.230602e+01 1.142857e+01
      vertex -4.163545e+01 -4.163545e+01 1.306122e+01
    endloop
  endfacet
  facet normal -4.713720e-02 -9.197815e-01 3.895897e-01
    outer loop
      vertex -3.955368e+01 -4.172874e+01 1.306122e+01
      vertex -3.891664e+01 -4.106985e+01 1.469388e+01
      vertex -4.096488e+01 -4.096488e+01 1.469388e+01
    endloop
  endfacet
  facet normal 4.114715e-02 9.181810e-01 -3.940184e-01
    outer loop
      vertex -3.955368e+01 -4.172874e+01 1.306122e+01
      vertex -4.163545e+01 -4.163545e+01 1.306122e+01
      vertex -4.096488e+01 -4.096488e+01 1.469388e+01
    endloop
  endfacet
  facet normal -5.318959e-02 -9.186444e-01 3.914887e-01
    outer loop
      vertex -3.891664e+01 -4.106985e+01 1.469388e+01
      vertex -3.827960e+01 -4.041097e+01 1.632653e+01
      vertex -4.029431e+01 -4.029431e+01 1.632653e+01
    endloop
  endfacet
  facet normal 4.699789e-02 9.170632e-01 -3.959624e-01
    outer loop
      vertex -3.891664e+01 -4.106985e+01 1.469388e+01
      vertex -4.096488e+01 -4.096488e+01 1.469388e+01
      vertex -4.029431e+01 -4.029431e+01 1.632653e+01
    endloop
  endfacet
  facet normal -5.943201e-02 -9.174313e-01 3.934306e-01
    outer loop
      vertex -3.827960e+01 -4.041097e+01 1.632653e+01
      vertex -3.764256e+01 -3.975209e+01 1.795918e+01
      vertex -3.962374e+01 -3.962374e+01 1.795918e+01
    endloop
  endfacet
  facet normal 5.302912e-02 9.158729e-01 -3.979506e-01
    outer loop
      vertex -3.827960e+01 -4.041097e+01 1.632653e+01
      vertex -4.029431e+01 -4.029431e+01 1.632653e+01
      vertex -3.962374e+01 -3.962374e+01 1.795918e+01
    endloop
  endfacet
  facet normal -6.587314e-02 -9.161368e-01 3.954164e-01
    outer loop
      vertex -3.764256e+01 -3.975209e+01 1.795918e+01
      vertex -3.700552e+01 -3.909322e+01 1.959184e+01
      vertex -3.895318e+01 -3.895318e+01 1.959184e+01
    endloop
  endfacet
  facet normal 5.924891e-02 9.146048e-01 -3.999844e-01
    outer loop
      vertex -3.764256e+01 -3.975209e+01 1.795918e+01
      vertex -3.962374e+01 -3.962374e+01 1.795918e+01
      vertex -3.895318e+01 -3.895318e+01 1.959184e+01
    endloop
  endfacet
  facet normal -7.252215e-02 -9.147547e-01 3.974472e-01
    outer loop
      vertex -3.700552e+01 -3.909322e+01 1.959184e+01
      vertex -3.636848e+01 -3.843436e+01 2.122449e+01
      vertex -3.828261e+01 -3.828261e+01 2.122449e+01
    endloop
  endfacet
  facet normal 6.566582e-02 9.132534e-01 -4.020649e-01
    outer loop
      vertex -3.700552e+01 -3.909322e+01 1.959184e+01
      vertex -3.895318e+01 -3.895318e+01 1.959184e+01
      vertex -3.828261e+01 -3.828261e+01 2.122449e+01
    endloop
  endfacet
  facet normal -7.938875e-02 -9.132787e-01 3.995240e-01
    outer loop
      vertex -3.636848e+01 -3.843436e+01 2.122449e+01
      vertex -3.573144e+01 -3.777551e+01 2.285714e+01
      vertex -3.761204e+01 -3.761204e+01 2.285714e+01
    endloop
  endfacet
  facet normal 7.228889e-02 9.118125e-01 -4.041934e-01
    outer loop
      vertex -3.636848e+01 -3.843436e+01 2.122449e+01
      vertex -3.828261e+01 -3.828261e+01 2.122449e+01
      vertex -3.761204e+01 -3.761204e+01 2.285714e+01
    endloop
  endfacet
  facet normal -8.648324e-02 -9.117015e-01 4.016479e-01
    outer loop
      vertex -3.573144e+01 -3.777551e+01 2.285714e+01
      vertex -3.509440e+01 -3.711668e+01 2.448980e+01
      vertex -3.694147e+01 -3.694147e+01 2.448980e+01
    endloop
  endfacet
  facet normal 7.912769e-02 9.102755e-01 -4.063709e-01
    outer loop
      vertex -3.573144e+01 -3.777551e+01 2.285714e+01
      vertex -3.761204e+01 -3.761204e+01 2.285714e+01
      vertex -3.694147e+01 -3.694147e+01 2.448980e+01
    endloop
  endfacet
  facet normal -9.381652e-02 -9.100154e-01 4.038198e-01
    outer loop
      vertex -3.509440e+01 -3.711668e+01 2.448980e+01
      vertex -3.445736e+01 -3.645787e+01 2.612245e+01
      vertex -3.627090e+01 -3.627090e+01 2.612245e+01
    endloop
  endfacet
  facet normal 8.619237e-02 9.086352e-01 -4.085989e-01
    outer loop
      vertex -3.509440e+01 -3.711668e+01 2.448980e+01
      vertex -3.694147e+01 -3.694147e+01 2.448980e+01
      vertex -3.627090e+01 -3.627090e+01 2.612245e+01
    endloop
  endfacet
  facet normal -1.014002e-01 -9.082119e-01 4.060408e-01
    outer loop
      vertex -3.445736e+01 -3.645787e+01 2.612245e+01
      vertex -3.382032e+01 -3.579907e+01 2.775510e+01
      vertex -3.560033e+01 -3.560033e+01 2.775510e+01
    endloop
  endfacet
  facet normal 9.349366e-02 9.068837e-01 -4.108783e-01
    outer loop
      vertex -3.445736e+01 -3.645787e+01 2.612245e+01
      vertex -3.627090e+01 -3.627090e+01 2.612245e+01
      vertex -3.560033e+01 -3.560033e+01 2.775510e+01
    endloop
  endfacet
  facet normal -1.092465e-01 -9.062818e-01 4.083117e-01
    outer loop
      vertex -3.382032e+01 -3.579907e+01 2.775510e+01
      vertex -3.318328e+01 -3.514029e+01 2.938776e+01
      vertex -3.492976e+01 -3.492976e+01 2.938776e+01
    endloop
  endfacet
  facet normal 1.010430e-01 9.050124e-01 -4.132104e-01
    outer loop
      vertex -3.382032e+01 -3.579907e+01 2.775510e+01
      vertex -3.560033e+01 -3.560033e+01 2.775510e+01
      vertex -3.492976e+01 -3.492976e+01 2.938776e+01
    endloop
  endfacet
  facet normal -1.173685e-01 -9.042151e-01 4.106334e-01
    outer loop
      vertex -3.318328e+01 -3.514029e+01 2.938776e+01
      vertex -3.254624e+01 -3.448154e+01 3.102041e+01
      vertex -3.425920e+01 -3.425920e+01 3.102041e+01
    endloop
  endfacet
  facet normal 1.088524e-01 9.030121e-01 -4.155963e-01
    outer loop
      vertex -3.318328e+01 -3.514029e+01 2.938776e+01
      vertex -3.492976e+01 -3.492976e+01 2.938776e+01
      vertex -3.425920e+01 -3.425920e+01 3.102041e+01
    endloop
  endfacet
  facet normal -1.257801e-01 -9.020005e-01 4.130065e-01
    outer loop
      vertex -3.254624e+01 -3.448154e+01 3.102041e+01
      vertex -3.190920e+01 -3.382282e+01 3.265306e+01
      vertex -3.358863e+01 -3.358863e+01 3.265306e+01
    endloop
  endfacet
  facet normal 1.169347e-01 9.008725e-01 -4.180371e-01
    outer loop
      vertex -3.254624e+01 -3.448154e+01 3.102041e+01
      vertex -3.425920e+01 -3.425920e+01 3.102041e+01
      vertex -3.358863e+01 -3.358863e+01 3.265306e+01
    endloop
  endfacet
  facet normal -1.344960e-01 -8.996261e-01 4.154319e-01
    outer loop
      vertex -3.190920e+01 -3.382282e+01 3.265306e+01
      vertex -3.127216e+01 -3.316412e+01 3.428571e+01
      vertex -3.291806e+01 -3.291806e+01 3.428571e+01
    endloop
  endfacet
  facet normal 1.253035e-01 8.985824e-01 -4.205338e-01
    outer loop
      vertex -3.190920e+01 -3.382282e+01 3.265306e+01
      vertex -3.358863e+01 -3.358863e+01 3.265306e+01
      vertex -3.291806e+01 -3.291806e+01 3.428571e+01
    endloop
  endfacet
  facet normal -1.435319e-01 -8.970786e-01 4.179098e-01
    outer loop
      vertex -3.127216e+01 -3.316412e+01 3.428571e+01
      vertex -3.063511e+01 -3.250547e+01 3.591837e+01
      vertex -3.224749e+01 -3.224749e+01 3.591837e+01
    endloop
  endfacet
  facet normal 1.339733e-01 8.961296e-01 -4.230873e-01
    outer loop
      vertex -3.127216e+01 -3.316412e+01 3.428571e+01
      vertex -3.291806e+01 -3.291806e+01 3.428571e+01
      vertex -3.224749e+01 -3.224749e+01 3.591837e+01
    endloop
  endfacet
  facet normal -1.529044e-01 -8.943433e-01 4.204407e-01
    outer loop
      vertex -3.063511e+01 -3.250547e+01 3.591837e+01
      vertex -2.999807e+01 -3.184685e+01 3.755102e+01
      vertex -3.157692e+01 -3.157692e+01 3.755102e+01
    endloop
  endfacet
  facet normal 1.429594e-01 8.935007e-01 -4.256983e-01
    outer loop
      vertex -3.063511e+01 -3.250547e+01 3.591837e+01
      vertex -3.224749e+01 -3.224749e+01 3.591837e+01
      vertex -3.157692e+01 -3.157692e+01 3.755102e+01
    endloop
  endfacet
  facet normal -1.626313e-01 -8.914041e-01 4.230246e-01
    outer loop
      vertex -2.999807e+01 -3.184685e+01 3.755102e+01
      vertex -2.936103e+01 -3.118829e+01 3.918367e+01
      vertex -3.090635e+01 -3.090635e+01 3.918367e+01
    endloop
  endfacet
  facet normal 1.522783e-01 8.906809e-01 -4.283676e-01
    outer loop
      vertex -2.999807e+01 -3.184685e+01 3.755102e+01
      vertex -3.157692e+01 -3.157692e+01 3.755102e+01
      vertex -3.090635e+01 -3.090635e+01 3.918367e+01
    endloop
  endfacet
  facet normal -1.727315e-01 -8.882433e-01 4.256614e-01
    outer loop
      vertex -2.936103e+01 -3.118829e+01 3.918367e+01
      vertex -2.872399e+01 -3.052977e+01 4.081633e+01
      vertex -3.023578e+01 -3.023578e+01 4.081633e+01
    endloop
  endfacet
  facet normal 1.619471e-01 8.876540e-01 -4.310957e-01
    outer loop
      vertex -2.936103e+01 -3.118829e+01 3.918367e+01
      vertex -3.090635e+01 -3.090635e+01 3.918367e+01
      vertex -3.023578e+01 -3.023578e+01 4.081633e+01
    endloop
  endfacet
  facet normal -1.832250e-01 -8.848415e-01 4.283505e-01
    outer loop
      vertex -2.872399e+01 -3.052977e+01 4.081633e+01
      vertex -2.808695e+01 -2.987132e+01 4.244898e+01
      vertex -2.956521e+01 -2.956521e+01 4.244898e+01
    endloop
  endfacet
  facet normal 1.719845e-01 8.844022e-01 -4.338826e-01
    outer loop
      vertex -2.872399e+01 -3.052977e+01 4.081633e+01
      vertex -3.023578e+01 -3.023578e+01 4.081633e+01
      vertex -2.956521e+01 -2.956521e+01 4.244898e+01
    endloop
  endfacet
  facet normal -1.941333e-01 -8.811769e-01 4.310911e-01
    outer loop
      vertex -2.808695e+01 -2.987132e+01 4.244898e+01
      vertex -2.744991e+01 -2.921294e+01 4.408163e+01
      vertex -2.889465e+01 -2.889465e+01 4.408163e+01
    endloop
  endfacet
  facet normal 1.824100e-01 8.809057e-01 -4.367285e-01
    outer loop
      vertex -2.808695e+01 -2.987132e+01 4.244898e+01
      vertex -2.956521e+01 -2.956521e+01 4.244898e+01
      vertex -2.889465e+01 -2.889465e+01 4.408163e+01
    endloop
  endfacet
  facet normal -2.054793e-01 -8.772256e-01 4.338818e-01
    outer loop
      vertex -2.744991e+01 -2.921294e+01 4.408163e+01
      vertex -2.681287e+01 -2.855463e+01 4.571429e+01
      vertex -2.822408e+01 -2.822408e+01 4.571429e+01
    endloop
  endfacet
  facet normal 1.932446e-01 8.771427e-01 -4.396330e-01
    outer loop
      vertex -2.744991e+01 -2.921294e+01 4.408163e+01
      vertex -2.889465e+01 -2.889465e+01 4.408163e+01
      vertex -2.822408e+01 -2.822408e+01 4.571429e+01
    endloop
  endfacet
  facet normal -2.172872e-01 -8.729612e-01 4.367207e-01
    outer loop
      vertex -2.681287e+01 -2.855463e+01 4.571429e+01
      vertex -2.617583e+01 -2.789642e+01 4.734694e+01
      vertex -2.755351e+01 -2.755351e+01 4.734694e+01
    endloop
  endfacet
  facet normal 2.045104e-01 8.730893e-01 -4.425953e-01
    outer loop
      vertex -2.681287e+01 -2.855463e+01 4.571429e+01
      vertex -2.822408e+01 -2.822408e+01 4.571429e+01
      vertex -2.755351e+01 -2.755351e+01 4.734694e+01
    endloop
  endfacet
  facet normal -2.295828e-01 -8.683542e-01 4.396053e-01
    outer loop
      vertex -2.617583e+01 -2.789642e+01 4.734694e+01
      vertex -2.553879e+01 -2.723832e+01 4.897959e+01
      vertex -2.688294e+01 -2.688294e+01 4.897959e+01
    endloop
  endfacet
  facet normal 2.162311e-01 8.687187e-01 -4.456142e-01
    outer loop
      vertex -2.617583e+01 -2.789642e+01 4.734694e+01
      vertex -2.755351e+01 -2.755351e+01 4.734694e+01
      vertex -2.688294e+01 -2.688294e+01 4.897959e+01
    endloop
  endfacet
  facet normal -2.423938e-01 -8.633717e-01 4.425320e-01
    outer loop
      vertex -2.553879e+01 -2.723832e+01 4.897959e+01
      vertex -2.490175e+01 -2.658033e+01 5.061224e+01
      vertex -2.621237e+01 -2.621237e+01 5.061224e+01
    endloop
  endfacet
  facet normal 2.284320e-01 8.640012e-01 -4.486878e-01
    outer loop
      vertex -2.553879e+01 -2.723832e+01 4.897959e+01
      vertex -2.688294e+01 -2.688294e+01 4.897959e+01
      vertex -2.621237e+01 -2.621237e+01 5.061224e+01
    endloop
  endfacet
  facet normal -2.557495e-01 -8.579773e-01 4.454965e-01
    outer loop
      vertex -2.490175e+01 -2.658033e+01 5.061224e+01
      vertex -2.426471e+01 -2.592248e+01 5.224490e+01
      vertex -2.554180e+01 -2.554180e+01 5.224490e+01
    endloop
  endfacet
  facet normal 2.411395e-01 8.589041e-01 -4.518136e-01
    outer loop
      vertex -2.490175e+01 -2.658033e+01 5.061224e+01
      vertex -2.621237e+01 -2.621237e+01 5.061224e+01
      vertex -2.554180e+01 -2.554180e+01 5.224490e+01
    endloop
  endfacet
  facet normal -2.696811e-01 -8.521302e-01 4.484932e-01
    outer loop
      vertex -2.426471e+01 -2.592248e+01 5.224490e+01
      vertex -2.362767e+01 -2.526480e+01 5.387755e+01
      vertex -2.487123e+01 -2.487123e+01 5.387755e+01
    endloop
  endfacet
  facet normal 2.543823e-01 8.533906e-01 -4.549881e-01
    outer loop
      vertex -2.426471e+01 -2.592248e+01 5.224490e+01
      vertex -2.554180e+01 -2.554180e+01 5.224490e+01
      vertex -2.487123e+01 -2.487123e+01 5.387755e+01
    endloop
  endfacet
  facet normal -2.842217e-01 -8.457849e-01 4.515152e-01
    outer loop
      vertex -2.362767e+01 -2.526480e+01 5.387755e+01
      vertex -2.299063e+01 -2.460729e+01 5.551020e+01
      vertex -2.420067e+01 -2.420067e+01 5.551020e+01
    endloop
  endfacet
  facet normal 2.681903e-01 8.474197e-01 -4.582071e-01
    outer loop
      vertex -2.362767e+01 -2.526480e+01 5.387755e+01
      vertex -2.487123e+01 -2.487123e+01 5.387755e+01
      vertex -2.420067e+01 -2.420067e+01 5.551020e+01
    endloop
  endfacet
  facet normal -2.994064e-01 -8.388902e-01 4.545537e-01
    outer loop
      vertex -2.299063e+01 -2.460729e+01 5.551020e+01
      vertex -2.235359e+01 -2.395000e+01 5.714286e+01
      vertex -2.353010e+01 -2.353010e+01 5.714286e+01
    endloop
  endfacet
  facet normal 2.825956e-01 8.409459e-01 -4.614647e-01
    outer loop
      vertex -2.299063e+01 -2.460729e+01 5.551020e+01
      vertex -2.420067e+01 -2.420067e+01 5.551020e+01
      vertex -2.353010e+01 -2.353010e+01 5.714286e+01
    endloop
  endfacet
  facet normal -3.152725e-01 -8.313888e-01 4.575980e-01
    outer loop
      vertex -2.235359e+01 -2.395000e+01 5.714286e+01
      vertex -2.171655e+01 -2.329296e+01 5.877551e+01
      vertex -2.285953e+01 -2.285953e+01 5.877551e+01
    endloop
  endfacet
  facet normal 2.976318e-01 8.339180e-01 -4.647539e-01
    outer loop
      vertex -2.235359e+01 -2.395000e+01 5.714286e+01
      vertex -2.353010e+01 -2.353010e+01 5.714286e+01
      vertex -2.285953e+01 -2.285953e+01 5.877551e+01
    endloop
  endfacet
  facet normal -3.318591e-01 -8.232163e-01 4.606349e-01
    outer loop
      vertex -2.171655e+01 -2.329296e+01 5.877551e+01
      vertex -2.107951e+01 -2.263621e+01 6.040816e+01
      vertex -2.218896e+01 -2.218896e+01 6.040816e+01
    endloop
  endfacet
  facet normal 3.133345e-01 8.262784e-01 -4.680656e-01
    outer loop
      vertex -2.171655e+01 -2.329296e+01 5.877551e+01
      vertex -2.285953e+01 -2.285953e+01 5.877551e+01
      vertex -2.218896e+01 -2.218896e+01 6.040816e+01
    endloop
  endfacet
  facet normal -3.492078e-01 -8.142999e-01 4.636481e-01
    outer loop
      vertex -2.107951e+01 -2.263621e+01 6.040816e+01
      vertex -2.044247e+01 -2.197979e+01 6.204082e+01
      vertex -2.151839e+01 -2.151839e+01 6.204082e+01
    endloop
  endfacet
  facet normal 3.297414e-01 8.179628e-01 -4.713889e-01
    outer loop
      vertex -2.107951e+01 -2.263621e+01 6.040816e+01
      vertex -2.218896e+01 -2.218896e+01 6.040816e+01
      vertex -2.151839e+01 -2.151839e+01 6.204082e+01
    endloop
  endfacet
  facet normal -3.673618e-01 -8.045577e-01 4.666179e-01
    outer loop
      vertex -2.044247e+01 -2.197979e+01 6.204082e+01
      vertex -1.980543e+01 -2.132378e+01 6.367347e+01
      vertex -2.084782e+01 -2.084782e+01 6.367347e+01
    endloop
  endfacet
  facet normal 3.468915e-01 8.088985e-01 -4.747099e-01
    outer loop
      vertex -2.044247e+01 -2.197979e+01 6.204082e+01
      vertex -2.151839e+01 -2.151839e+01 6.204082e+01
      vertex -2.084782e+01 -2.084782e+01 6.367347e+01
    endloop
  endfacet
  facet normal -3.863663e-01 -7.938968e-01 4.695200e-01
    outer loop
      vertex -1.980543e+01 -2.132378e+01 6.367347e+01
      vertex -1.916839e+01 -2.066824e+01 6.530612e+01
      vertex -2.017725e+01 -2.017725e+01 6.530612e+01
    endloop
  endfacet
  facet normal 3.648258e-01 7.990036e-01 -4.780119e-01
    outer loop
      vertex -1.980543e+01 -2.132378e+01 6.367347e+01
      vertex -2.084782e+01 -2.084782e+01 6.367347e+01
      vertex -2.017725e+01 -2.017725e+01 6.530612e+01
    endloop
  endfacet
  facet normal -4.062679e-01 -7.822121e-01 4.723247e-01
    outer loop
      vertex -1.916839e+01 -2.066824e+01 6.530612e+01
      vertex -1.853135e+01 -2.001326e+01 6.693878e+01
      vertex -1.950668e+01 -1.950668e+01 6.693878e+01
    endloop
  endfacet
  facet normal 3.835868e-01 7.881855e-01 -4.812742e-01
    outer loop
      vertex -1.916839e+01 -2.066824e+01 6.530612e+01
      vertex -2.017725e+01 -2.017725e+01 6.530612e+01
      vertex -1.950668e+01 -1.950668e+01 6.693878e+01
    endloop
  endfacet
  facet normal -4.271144e-01 -7.693842e-01 4.749961e-01
    outer loop
      vertex -1.853135e+01 -2.001326e+01 6.693878e+01
      vertex -1.789431e+01 -1.935895e+01 6.857143e+01
      vertex -1.883612e+01 -1.883612e+01 6.857143e+01
    endloop
  endfacet
  facet normal 4.032177e-01 7.763394e-01 -4.844716e-01
    outer loop
      vertex -1.853135e+01 -2.001326e+01 6.693878e+01
      vertex -1.950668e+01 -1.950668e+01 6.693878e+01
      vertex -1.883612e+01 -1.883612e+01 6.857143e+01
    endloop
  endfacet
  facet normal -4.489539e-01 -7.552772e-01 4.774900e-01
    outer loop
      vertex -1.789431e+01 -1.935895e+01 6.857143e+01
      vertex -1.725727e+01 -1.870545e+01 7.020408e+01
      vertex -1.816555e+01 -1.816555e+01 7.020408e+01
    endloop
  endfacet
  facet normal 4.237625e-01 7.633463e-01 -4.875733e-01
    outer loop
      vertex -1.789431e+01 -1.935895e+01 6.857143e+01
      vertex -1.883612e+01 -1.883612e+01 6.857143e+01
      vertex -1.816555e+01 -1.816555e+01 7.020408e+01
    endloop
  endfacet
  facet normal -4.718339e-01 -7.397366e-01 4.797525e-01
    outer loop
      vertex -1.725727e+01 -1.870545e+01 7.020408e+01
      vertex -1.662023e+01 -1.805293e+01 7.183673e+01
      vertex -1.749498e+01 -1.749498e+01 7.183673e+01
    endloop
  endfacet
  facet normal 4.452650e-01 7.490714e-01 -4.905418e-01
    outer loop
      vertex -1.725727e+01 -1.870545e+01 7.020408e+01
      vertex -1.816555e+01 -1.816555e+01 7.020408e+01
      vertex -1.749498e+01 -1.749498e+01 7.183673e+01
    endloop
  endfacet
  facet normal -4.957999e-01 -7.225860e-01 4.817177e-01
    outer loop
      vertex -1.662023e+01 -1.805293e+01 7.183673e+01
      vertex -1.598319e+01 -1.740161e+01 7.346939e+01
      vertex -1.682441e+01 -1.682441e+01 7.346939e+01
    endloop
  endfacet
  facet normal 4.677672e-01 7.333608e-01 -4.933313e-01
    outer loop
      vertex -1.662023e+01 -1.805293e+01 7.183673e+01
      vertex -1.749498e+01 -1.749498e+01 7.183673e+01
      vertex -1.682441e+01 -1.682441e+01 7.346939e+01
    endloop
  endfacet
  facet normal -5.208931e-01 -7.036240e-01 4.833048e-01
    outer loop
      vertex -1.598319e+01 -1.740161e+01 7.346939e+01
      vertex -1.534615e+01 -1.675178e+01 7.510204e+01
      vertex -1.615384e+01 -1.615384e+01 7.510204e+01
    endloop
  endfacet
  facet normal 4.913083e-01 7.160399e-01 -4.958861e-01
    outer loop
      vertex -1.598319e+01 -1.740161e+01 7.346939e+01
      vertex -1.682441e+01 -1.682441e+01 7.346939e+01
      vertex -1.615384e+01 -1.615384e+01 7.510204e+01
    endloop
  endfacet
  facet normal -5.471478e-01 -6.826214e-01 4.844145e-01
    outer loop
      vertex -1.534615e+01 -1.675178e+01 7.510204e+01
      vertex -1.470911e+01 -1.610380e+01 7.673469e+01
      vertex -1.548327e+01 -1.548327e+01 7.673469e+01
    endloop
  endfacet
  facet normal 5.159222e-01 6.969093e-01 -4.981382e-01
    outer loop
      vertex -1.534615e+01 -1.675178e+01 7.510204e+01
      vertex -1.615384e+01 -1.615384e+01 7.510204e+01
      vertex -1.548327e+01 -1.548327e+01 7.673469e+01
    endloop
  endfacet
  facet normal -5.745868e-01 -6.593165e-01 4.849245e-01
    outer loop
      vertex -1.470911e+01 -1.610380e+01 7.673469e+01
      vertex -1.407207e+01 -1.545816e+01 7.836735e+01
      vertex -1.481270e+01 -1.481270e+01 7.836735e+01
    endloop
  endfacet
  facet normal 5.416340e-01 6.757424e-01 -5.000049e-01
    outer loop
      vertex -1.470911e+01 -1.610380e+01 7.673469e+01
      vertex -1.548327e+01 -1.548327e+01 7.673469e+01
      vertex -1.481270e+01 -1.481270e+01 7.836735e+01
    endloop
  endfacet
  facet normal -6.032160e-01 -6.334128e-01 4.846841e-01
    outer loop
      vertex -1.407207e+01 -1.545816e+01 7.836735e+01
      vertex -1.343503e+01 -1.481553e+01 8.000000e+01
      vertex -1.414214e+01 -1.414214e+01 8.000000e+01
    endloop
  endfacet
  facet normal 5.684558e-01 6.522813e-01 -5.013852e-01
    outer loop
      vertex -1.407207e+01 -1.545816e+01 7.836735e+01
      vertex -1.481270e+01 -1.481270e+01 7.836735e+01
      vertex -1.414214e+01 -1.414214e+01 8.000000e+01
    endloop
  endfacet
endsolid generated_mesh
