solid 
facet normal 0.0 0.0 -1.0
outer loop
vertex -50.0 -50.0 0.0
vertex -50.0 -45.0 0.0
vertex -45.0 -50.0 0.0
endloop
endfacet
facet normal 0.0 0.0 -1.0
outer loop
vertex -50.0 -45.0 0.0
vertex -45.0 -45.0 0.0
vertex -45.0 -50.0 0.0
endloop
endfacet
facet normal 0.0 0.0 -1.0
outer loop
vertex -50.0 -45.0 0.0
vertex -50.0 -40.0 0.0
vertex -45.0 -45.0 0.0
endloop
endfacet
facet normal 0.0 0.0 -1.0
outer loop
vertex -50.0 -40.0 0.0
vertex -45.0 -40.0 0.0
vertex -45.0 -45.0 0.0
endloop
endfacet
facet normal 0.0 0.0 -1.0
outer loop
vertex -50.0 -40.0 0.0
vertex -50.0 -35.0 0.0
vertex -45.0 -40.0 0.0
endloop
endfacet
facet normal 0.0 0.0 -1.0
outer loop
vertex -50.0 -35.0 0.0
vertex -45.0 -35.0 0.0
vertex -45.0 -40.0 0.0
endloop
endfacet
facet normal 0.0 0.0 -1.0
outer loop
vertex -50.0 -35.0 0.0
vertex -50.0 -30.0 0.0
vertex -45.0 -35.0 0.0
endloop
endfacet
facet normal 0.0 0.0 -1.0
outer loop
vertex -50.0 -30.0 0.0
vertex -45.0 -30.0 0.0
vertex -45.0 -35.0 0.0
endloop
endfacet
facet normal 0.0 0.0 -1.0
outer loop
vertex -50.0 -30.0 0.0
vertex -50.0 -25.0 0.0
vertex -45.0 -30.0 0.0
endloop
endfacet
facet normal 0.0 0.0 -1.0
outer loop
vertex -50.0 -25.0 0.0
vertex -45.0 -25.0 0.0
vertex -45.0 -30.0 0.0
endloop
endfacet
facet normal 0.0 0.0 -1.0
outer loop
vertex -50.0 -25.0 0.0
vertex -50.0 -20.0 0.0
vertex -45.0 -25.0 0.0
endloop
endfacet
facet normal 0.0 0.0 -1.0
outer loop
vertex -50.0 -20.0 0.0
vertex -45.0 -20.0 0.0
vertex -45.0 -25.0 0.0
endloop
endfacet
facet normal 0.0 0.0 -1.0
outer loop
vertex -50.0 -20.0 0.0
vertex -50.0 -15.0 0.0
vertex -45.0 -20.0 0.0
endloop
endfacet
facet normal 0.0 0.0 -1.0
outer loop
vertex -50.0 -15.0 0.0
vertex -45.0 -15.0 0.0
vertex -45.0 -20.0 0.0
endloop
endfacet
facet normal 0.0 0.0 -1.0
outer loop
vertex -50.0 -15.0 0.0
vertex -50.0 -10.0 0.0
vertex -45.0 -15.0 0.0
endloop
endfacet
facet normal 0.0 0.0 -1.0
outer loop
vertex -50.0 -10.0 0.0
vertex -45.0 -10.0 0.0
vertex -45.0 -15.0 0.0
endloop
endfacet
facet normal 0.0 0.0 -1.0
outer loop
vertex -50.0 -10.0 0.0
vertex -50.0 -5.0 0.0
vertex -45.0 -10.0 0.0
endloop
endfacet
facet normal 0.0 0.0 -1.0
outer loop
vertex -50.0 -5.0 0.0
vertex -45.0 -5.0 0.0
vertex -45.0 -10.0 0.0
endloop
endfacet
facet normal 0.0 0.0 -1.0
outer loop
vertex -50.0 -5.0 0.0
vertex -50.0 0.0 0.0
vertex -45.0 -5.0 0.0
endloop
endfacet
facet normal 0.0 0.0 -1.0
outer loop
vertex -50.0 0.0 0.0
vertex -45.0 0.0 0.0
vertex -45.0 -5.0 0.0
endloop
endfacet
facet normal 0.0 0.0 -1.0
outer loop
vertex -50.0 0.0 0.0
vertex -50.0 5.0 0.0
vertex -45.0 0.0 0.0
endloop
endfacet
facet normal 0.0 0.0 -1.0
outer loop
vertex -50.0 5.0 0.0
vertex -45.0 5.0 0.0
vertex -45.0 0.0 0.0
endloop
endfacet
facet normal 0.0 0.0 -1.0
outer loop
vertex -50.0 5.0 0.0
vertex -50.0 10.0 0.0
vertex -45.0 5.0 0.0
endloop
endfacet
facet normal 0.0 0.0 -1.0
outer loop
vertex -50.0 10.0 0.0
vertex -45.0 10.0 0.0
vertex -45.0 5.0 0.0
endloop
endfacet
facet normal 0.0 0.0 -1.0
outer loop
vertex -50.0 10.0 0.0
vertex -50.0 15.0 0.0
vertex -45.0 10.0 0.0
endloop
endfacet
facet normal 0.0 0.0 -1.0
outer loop
vertex -50.0 15.0 0.0
vertex -45.0 15.0 0.0
vertex -45.0 10.0 0.0
endloop
endfacet
facet normal 0.0 0.0 -1.0
outer loop
vertex -50.0 15.0 0.0
vertex -50.0 20.0 0.0
vertex -45.0 15.0 0.0
endloop
endfacet
facet normal 0.0 0.0 -1.0
outer loop
vertex -50.0 20.0 0.0
vertex -45.0 20.0 0.0
vertex -45.0 15.0 0.0
endloop
endfacet
facet normal 0.0 0.0 -1.0
outer loop
vertex -50.0 20.0 0.0
vertex -50.0 25.0 0.0
vertex -45.0 20.0 0.0
endloop
endfacet
facet normal 0.0 0.0 -1.0
outer loop
vertex -50.0 25.0 0.0
vertex -45.0 25.0 0.0
vertex -45.0 20.0 0.0
endloop
endfacet
facet normal 0.0 0.0 -1.0
outer loop
vertex -50.0 25.0 0.0
vertex -50.0 30.0 0.0
vertex -45.0 25.0 0.0
endloop
endfacet
facet normal 0.0 0.0 -1.0
outer loop
vertex -50.0 30.0 0.0
vertex -45.0 30.0 0.0
vertex -45.0 25.0 0.0
endloop
endfacet
facet normal 0.0 0.0 -1.0
outer loop
vertex -50.0 30.0 0.0
vertex -50.0 35.0 0.0
vertex -45.0 30.0 0.0
endloop
endfacet
facet normal 0.0 0.0 -1.0
outer loop
vertex -50.0 35.0 0.0
vertex -45.0 35.0 0.0
vertex -45.0 30.0 0.0
endloop
endfacet
facet normal 0.0 0.0 -1.0
outer loop
vertex -50.0 35.0 0.0
vertex -50.0 40.0 0.0
vertex -45.0 35.0 0.0
endloop
endfacet
facet normal 0.0 0.0 -1.0
outer loop
vertex -50.0 40.0 0.0
vertex -45.0 40.0 0.0
vertex -45.0 35.0 0.0
endloop
endfacet
facet normal 0.0 0.0 -1.0
outer loop
vertex -50.0 40.0 0.0
vertex -50.0 45.0 0.0
vertex -45.0 40.0 0.0
endloop
endfacet
facet normal 0.0 0.0 -1.0
outer loop
vertex -50.0 45.0 0.0
vertex -45.0 45.0 0.0
vertex -45.0 40.0 0.0
endloop
endfacet
facet normal 0.0 0.0 -1.0
outer loop
vertex -50.0 45.0 0.0
vertex -50.0 50.0 0.0
vertex -45.0 45.0 0.0
endloop
endfacet
facet normal 0.0 0.0 -1.0
outer loop
vertex -50.0 50.0 0.0
vertex -45.0 50.0 0.0
vertex -45.0 45.0 0.0
endloop
endfacet
facet normal 0.0 0.0 -1.0
outer loop
vertex -45.0 -50.0 0.0
vertex -45.0 -45.0 0.0
vertex -40.0 -50.0 0.0
endloop
endfacet
facet normal 0.0 0.0 -1.0
outer loop
vertex -45.0 -45.0 0.0
vertex -40.0 -45.0 0.0
vertex -40.0 -50.0 0.0
endloop
endfacet
facet normal 0.0 0.0 -1.0
outer loop
vertex -45.0 -45.0 0.0
vertex -45.0 -40.0 0.0
vertex -40.0 -45.0 0.0
endloop
endfacet
facet normal 0.0 0.0 -1.0
outer loop
vertex -45.0 -40.0 0.0
vertex -40.0 -40.0 0.0
vertex -40.0 -45.0 0.0
endloop
endfacet
facet normal 0.0 0.0 -1.0
outer loop
vertex -45.0 -40.0 0.0
vertex -45.0 -35.0 0.0
vertex -40.0 -40.0 0.0
endloop
endfacet
facet normal 0.0 0.0 -1.0
outer loop
vertex -45.0 -35.0 0.0
vertex -40.0 -35.0 0.0
vertex -40.0 -40.0 0.0
endloop
endfacet
facet normal 0.0 0.0 -1.0
outer loop
vertex -45.0 -35.0 0.0
vertex -45.0 -30.0 0.0
vertex -40.0 -35.0 0.0
endloop
endfacet
facet normal 0.0 0.0 -1.0
outer loop
vertex -45.0 -30.0 0.0
vertex -40.0 -30.0 0.0
vertex -40.0 -35.0 0.0
endloop
endfacet
facet normal 0.0 0.0 -1.0
outer loop
vertex -45.0 -30.0 0.0
vertex -45.0 -25.0 0.0
vertex -40.0 -30.0 0.0
endloop
endfacet
facet normal 0.0 0.0 -1.0
outer loop
vertex -45.0 -25.0 0.0
vertex -40.0 -25.0 0.0
vertex -40.0 -30.0 0.0
endloop
endfacet
facet normal 0.0 0.0 -1.0
outer loop
vertex -45.0 -25.0 0.0
vertex -45.0 -20.0 0.0
vertex -40.0 -25.0 0.0
endloop
endfacet
facet normal 0.0 0.0 -1.0
outer loop
vertex -45.0 -20.0 0.0
vertex -40.0 -20.0 0.0
vertex -40.0 -25.0 0.0
endloop
endfacet
facet normal 0.0 0.0 -1.0
outer loop
vertex -45.0 -20.0 0.0
vertex -45.0 -15.0 0.0
vertex -40.0 -20.0 0.0
endloop
endfacet
facet normal 0.0 0.0 -1.0
outer loop
vertex -45.0 -15.0 0.0
vertex -40.0 -15.0 0.0
vertex -40.0 -20.0 0.0
endloop
endfacet
facet normal 0.0 0.0 -1.0
outer loop
vertex -45.0 -15.0 0.0
vertex -45.0 -10.0 0.0
vertex -40.0 -15.0 0.0
endloop
endfacet
facet normal 0.0 0.0 -1.0
outer loop
vertex -45.0 -10.0 0.0
vertex -40.0 -10.0 0.0
vertex -40.0 -15.0 0.0
endloop
endfacet
facet normal 0.0 0.0 -1.0
outer loop
vertex -45.0 -10.0 0.0
vertex -45.0 -5.0 0.0
vertex -40.0 -10.0 0.0
endloop
endfacet
facet normal 0.0 0.0 -1.0
outer loop
vertex -45.0 -5.0 0.0
vertex -40.0 -5.0 0.0
vertex -40.0 -10.0 0.0
endloop
endfacet
facet normal 0.0 0.0 -1.0
outer loop
vertex -45.0 -5.0 0.0
vertex -45.0 0.0 0.0
vertex -40.0 -5.0 0.0
endloop
endfacet
facet normal 0.0 0.0 -1.0
outer loop
vertex -45.0 0.0 0.0
vertex -40.0 0.0 0.0
vertex -40.0 -5.0 0.0
endloop
endfacet
facet normal 0.0 0.0 -1.0
outer loop
vertex -45.0 0.0 0.0
vertex -45.0 5.0 0.0
vertex -40.0 0.0 0.0
endloop
endfacet
facet normal 0.0 0.0 -1.0
outer loop
vertex -45.0 5.0 0.0
vertex -40.0 5.0 0.0
vertex -40.0 0.0 0.0
endloop
endfacet
facet normal 0.0 0.0 -1.0
outer loop
vertex -45.0 5.0 0.0
vertex -45.0 10.0 0.0
vertex -40.0 5.0 0.0
endloop
endfacet
facet normal 0.0 0.0 -1.0
outer loop
vertex -45.0 10.0 0.0
vertex -40.0 10.0 0.0
vertex -40.0 5.0 0.0
endloop
endfacet
facet normal 0.0 0.0 -1.0
outer loop
vertex -45.0 10.0 0.0
vertex -45.0 15.0 0.0
vertex -40.0 10.0 0.0
endloop
endfacet
facet normal 0.0 0.0 -1.0
outer loop
vertex -45.0 15.0 0.0
vertex -40.0 15.0 0.0
vertex -40.0 10.0 0.0
endloop
endfacet
facet normal 0.0 0.0 -1.0
outer loop
vertex -45.0 15.0 0.0
vertex -45.0 20.0 0.0
vertex -40.0 15.0 0.0
endloop
endfacet
facet normal 0.0 0.0 -1.0
outer loop
vertex -45.0 20.0 0.0
vertex -40.0 20.0 0.0
vertex -40.0 15.0 0.0
endloop
endfacet
facet normal 0.0 0.0 -1.0
outer loop
vertex -45.0 20.0 0.0
vertex -45.0 25.0 0.0
vertex -40.0 20.0 0.0
endloop
endfacet
facet normal 0.0 0.0 -1.0
outer loop
vertex -45.0 25.0 0.0
vertex -40.0 25.0 0.0
vertex -40.0 20.0 0.0
endloop
endfacet
facet normal 0.0 0.0 -1.0
outer loop
vertex -45.0 25.0 0.0
vertex -45.0 30.0 0.0
vertex -40.0 25.0 0.0
endloop
endfacet
facet normal 0.0 0.0 -1.0
outer loop
vertex -45.0 30.0 0.0
vertex -40.0 30.0 0.0
vertex -40.0 25.0 0.0
endloop
endfacet
facet normal 0.0 0.0 -1.0
outer loop
vertex -45.0 30.0 0.0
vertex -45.0 35.0 0.0
vertex -40.0 30.0 0.0
endloop
endfacet
facet normal 0.0 0.0 -1.0
outer loop
vertex -45.0 35.0 0.0
vertex -40.0 35.0 0.0
vertex -40.0 30.0 0.0
endloop
endfacet
facet normal 0.0 0.0 -1.0
outer loop
vertex -45.0 35.0 0.0
vertex -45.0 40.0 0.0
vertex -40.0 35.0 0.0
endloop
endfacet
facet normal 0.0 0.0 -1.0
outer loop
vertex -45.0 40.0 0.0
vertex -40.0 40.0 0.0
vertex -40.0 35.0 0.0
endloop
endfacet
facet normal 0.0 0.0 -1.0
outer loop
vertex -45.0 40.0 0.0
vertex -45.0 45.0 0.0
vertex -40.0 40.0 0.0
endloop
endfacet
facet normal 0.0 0.0 -1.0
outer loop
vertex -45.0 45.0 0.0
vertex -40.0 45.0 0.0
vertex -40.0 40.0 0.0
endloop
endfacet
facet normal 0.0 0.0 -1.0
outer loop
vertex -45.0 45.0 0.0
vertex -45.0 50.0 0.0
vertex -40.0 45.0 0.0
endloop
endfacet
facet normal 0.0 0.0 -1.0
outer loop
vertex -45.0 50.0 0.0
vertex -40.0 50.0 0.0
vertex -40.0 45.0 0.0
endloop
endfacet
facet normal 0.0 0.0 -1.0
outer loop
vertex -40.0 -50.0 0.0
vertex -40.0 -45.0 0.0
vertex -35.0 -50.0 0.0
endloop
endfacet
facet normal 0.0 0.0 -1.0
outer loop
vertex -40.0 -45.0 0.0
vertex -35.0 -45.0 0.0
vertex -35.0 -50.0 0.0
endloop
endfacet
facet normal 0.0 0.0 -1.0
outer loop
vertex -40.0 -45.0 0.0
vertex -40.0 -40.0 0.0
vertex -35.0 -45.0 0.0
endloop
endfacet
facet normal 0.0 0.0 -1.0
outer loop
vertex -40.0 -40.0 0.0
vertex -35.0 -40.0 0.0
vertex -35.0 -45.0 0.0
endloop
endfacet
facet normal 0.0 0.0 -1.0
outer loop
vertex -40.0 -40.0 0.0
vertex -40.0 -35.0 0.0
vertex -35.0 -40.0 0.0
endloop
endfacet
facet normal 0.0 0.0 -1.0
outer loop
vertex -40.0 -35.0 0.0
vertex -35.0 -35.0 0.0
vertex -35.0 -40.0 0.0
endloop
endfacet
facet normal 0.0 0.0 -1.0
outer loop
vertex -40.0 -35.0 0.0
vertex -40.0 -30.0 0.0
vertex -35.0 -35.0 0.0
endloop
endfacet
facet normal 0.0 0.0 -1.0
outer loop
vertex -40.0 -30.0 0.0
vertex -35.0 -30.0 0.0
vertex -35.0 -35.0 0.0
endloop
endfacet
facet normal 0.0 0.0 -1.0
outer loop
vertex -40.0 -30.0 0.0
vertex -40.0 -25.0 0.0
vertex -35.0 -30.0 0.0
endloop
endfacet
facet normal 0.0 0.0 -1.0
outer loop
vertex -40.0 -25.0 0.0
vertex -35.0 -25.0 0.0
vertex -35.0 -30.0 0.0
endloop
endfacet
facet normal 0.0 0.0 -1.0
outer loop
vertex -40.0 -25.0 0.0
vertex -40.0 -20.0 0.0
vertex -35.0 -25.0 0.0
endloop
endfacet
facet normal 0.0 0.0 -1.0
outer loop
vertex -40.0 -20.0 0.0
vertex -35.0 -20.0 0.0
vertex -35.0 -25.0 0.0
endloop
endfacet
facet normal 0.0 0.0 -1.0
outer loop
vertex -40.0 -20.0 0.0
vertex -40.0 -15.0 0.0
vertex -35.0 -20.0 0.0
endloop
endfacet
facet normal 0.0 0.0 -1.0
outer loop
vertex -40.0 -15.0 0.0
vertex -35.0 -15.0 0.0
vertex -35.0 -20.0 0.0
endloop
endfacet
facet normal 0.0 0.0 -1.0
outer loop
vertex -40.0 -15.0 0.0
vertex -40.0 -10.0 0.0
vertex -35.0 -15.0 0.0
endloop
endfacet
facet normal 0.0 0.0 -1.0
outer loop
vertex -40.0 -10.0 0.0
vertex -35.0 -10.0 0.0
vertex -35.0 -15.0 0.0
endloop
endfacet
facet normal 0.0 0.0 -1.0
outer loop
vertex -40.0 -10.0 0.0
vertex -40.0 -5.0 0.0
vertex -35.0 -10.0 0.0
endloop
endfacet
facet normal 0.0 0.0 -1.0
outer loop
vertex -40.0 -5.0 0.0
vertex -35.0 -5.0 0.0
vertex -35.0 -10.0 0.0
endloop
endfacet
facet normal 0.0 0.0 -1.0
outer loop
vertex -40.0 -5.0 0.0
vertex -40.0 0.0 0.0
vertex -35.0 -5.0 0.0
endloop
endfacet
facet normal 0.0 0.0 -1.0
outer loop
vertex -40.0 0.0 0.0
vertex -35.0 0.0 0.0
vertex -35.0 -5.0 0.0
endloop
endfacet
facet normal 0.0 0.0 -1.0
outer loop
vertex -40.0 0.0 0.0
vertex -40.0 5.0 0.0
vertex -35.0 0.0 0.0
endloop
endfacet
facet normal 0.0 0.0 -1.0
outer loop
vertex -40.0 5.0 0.0
vertex -35.0 5.0 0.0
vertex -35.0 0.0 0.0
endloop
endfacet
facet normal 0.0 0.0 -1.0
outer loop
vertex -40.0 5.0 0.0
vertex -40.0 10.0 0.0
vertex -35.0 5.0 0.0
endloop
endfacet
facet normal 0.0 0.0 -1.0
outer loop
vertex -40.0 10.0 0.0
vertex -35.0 10.0 0.0
vertex -35.0 5.0 0.0
endloop
endfacet
facet normal 0.0 0.0 -1.0
outer loop
vertex -40.0 10.0 0.0
vertex -40.0 15.0 0.0
vertex -35.0 10.0 0.0
endloop
endfacet
facet normal 0.0 0.0 -1.0
outer loop
vertex -40.0 15.0 0.0
vertex -35.0 15.0 0.0
vertex -35.0 10.0 0.0
endloop
endfacet
facet normal 0.0 0.0 -1.0
outer loop
vertex -40.0 15.0 0.0
vertex -40.0 20.0 0.0
vertex -35.0 15.0 0.0
endloop
endfacet
facet normal 0.0 0.0 -1.0
outer loop
vertex -40.0 20.0 0.0
vertex -35.0 20.0 0.0
vertex -35.0 15.0 0.0
endloop
endfacet
facet normal 0.0 0.0 -1.0
outer loop
vertex -40.0 20.0 0.0
vertex -40.0 25.0 0.0
vertex -35.0 20.0 0.0
endloop
endfacet
facet normal 0.0 0.0 -1.0
outer loop
vertex -40.0 25.0 0.0
vertex -35.0 25.0 0.0
vertex -35.0 20.0 0.0
endloop
endfacet
facet normal 0.0 0.0 -1.0
outer loop
vertex -40.0 25.0 0.0
vertex -40.0 30.0 0.0
vertex -35.0 25.0 0.0
endloop
endfacet
facet normal 0.0 0.0 -1.0
outer loop
vertex -40.0 30.0 0.0
vertex -35.0 30.0 0.0
vertex -35.0 25.0 0.0
endloop
endfacet
facet normal 0.0 0.0 -1.0
outer loop
vertex -40.0 30.0 0.0
vertex -40.0 35.0 0.0
vertex -35.0 30.0 0.0
endloop
endfacet
facet normal 0.0 0.0 -1.0
outer loop
vertex -40.0 35.0 0.0
vertex -35.0 35.0 0.0
vertex -35.0 30.0 0.0
endloop
endfacet
facet normal 0.0 0.0 -1.0
outer loop
vertex -40.0 35.0 0.0
vertex -40.0 40.0 0.0
vertex -35.0 35.0 0.0
endloop
endfacet
facet normal 0.0 0.0 -1.0
outer loop
vertex -40.0 40.0 0.0
vertex -35.0 40.0 0.0
vertex -35.0 35.0 0.0
endloop
endfacet
facet normal 0.0 0.0 -1.0
outer loop
vertex -40.0 40.0 0.0
vertex -40.0 45.0 0.0
vertex -35.0 40.0 0.0
endloop
endfacet
facet normal 0.0 0.0 -1.0
outer loop
vertex -40.0 45.0 0.0
vertex -35.0 45.0 0.0
vertex -35.0 40.0 0.0
endloop
endfacet
facet normal 0.0 0.0 -1.0
outer loop
vertex -40.0 45.0 0.0
vertex -40.0 50.0 0.0
vertex -35.0 45.0 0.0
endloop
endfacet
facet normal 0.0 0.0 -1.0
outer loop
vertex -40.0 50.0 0.0
vertex -35.0 50.0 0.0
vertex -35.0 45.0 0.0
endloop
endfacet
facet normal 0.0 0.0 -1.0
outer loop
vertex -35.0 -50.0 0.0
vertex -35.0 -45.0 0.0
vertex -30.0 -50.0 0.0
endloop
endfacet
facet normal 0.0 0.0 -1.0
outer loop
vertex -35.0 -45.0 0.0
vertex -30.0 -45.0 0.0
vertex -30.0 -50.0 0.0
endloop
endfacet
facet normal 0.0 0.0 -1.0
outer loop
vertex -35.0 -45.0 0.0
vertex -35.0 -40.0 0.0
vertex -30.0 -45.0 0.0
endloop
endfacet
facet normal 0.0 0.0 -1.0
outer loop
vertex -35.0 -40.0 0.0
vertex -30.0 -40.0 0.0
vertex -30.0 -45.0 0.0
endloop
endfacet
facet normal 0.0 0.0 -1.0
outer loop
vertex -35.0 -40.0 0.0
vertex -35.0 -35.0 0.0
vertex -30.0 -40.0 0.0
endloop
endfacet
facet normal 0.0 0.0 -1.0
outer loop
vertex -35.0 -35.0 0.0
vertex -30.0 -35.0 0.0
vertex -30.0 -40.0 0.0
endloop
endfacet
facet normal 0.0 0.0 -1.0
outer loop
vertex -35.0 -35.0 0.0
vertex -35.0 -30.0 0.0
vertex -30.0 -35.0 0.0
endloop
endfacet
facet normal 0.0 0.0 -1.0
outer loop
vertex -35.0 -30.0 0.0
vertex -30.0 -30.0 0.0
vertex -30.0 -35.0 0.0
endloop
endfacet
facet normal 0.0 0.0 -1.0
outer loop
vertex -35.0 -30.0 0.0
vertex -35.0 -25.0 0.0
vertex -30.0 -30.0 0.0
endloop
endfacet
facet normal 0.0 0.0 -1.0
outer loop
vertex -35.0 -25.0 0.0
vertex -30.0 -25.0 0.0
vertex -30.0 -30.0 0.0
endloop
endfacet
facet normal 0.0 0.0 -1.0
outer loop
vertex -35.0 -25.0 0.0
vertex -35.0 -20.0 0.0
vertex -30.0 -25.0 0.0
endloop
endfacet
facet normal 0.0 0.0 -1.0
outer loop
vertex -35.0 -20.0 0.0
vertex -30.0 -20.0 0.0
vertex -30.0 -25.0 0.0
endloop
endfacet
facet normal 0.0 0.0 -1.0
outer loop
vertex -35.0 -20.0 0.0
vertex -35.0 -15.0 0.0
vertex -30.0 -20.0 0.0
endloop
endfacet
facet normal 0.0 0.0 -1.0
outer loop
vertex -35.0 -15.0 0.0
vertex -30.0 -15.0 0.0
vertex -30.0 -20.0 0.0
endloop
endfacet
facet normal 0.0 0.0 -1.0
outer loop
vertex -35.0 -15.0 0.0
vertex -35.0 -10.0 0.0
vertex -30.0 -15.0 0.0
endloop
endfacet
facet normal 0.0 0.0 -1.0
outer loop
vertex -35.0 -10.0 0.0
vertex -30.0 -10.0 0.0
vertex -30.0 -15.0 0.0
endloop
endfacet
facet normal 0.0 0.0 -1.0
outer loop
vertex -35.0 -10.0 0.0
vertex -35.0 -5.0 0.0
vertex -30.0 -10.0 0.0
endloop
endfacet
facet normal 0.0 0.0 -1.0
outer loop
vertex -35.0 -5.0 0.0
vertex -30.0 -5.0 0.0
vertex -30.0 -10.0 0.0
endloop
endfacet
facet normal 0.0 0.0 -1.0
outer loop
vertex -35.0 -5.0 0.0
vertex -35.0 0.0 0.0
vertex -30.0 -5.0 0.0
endloop
endfacet
facet normal 0.0 0.0 -1.0
outer loop
vertex -35.0 0.0 0.0
vertex -30.0 0.0 0.0
vertex -30.0 -5.0 0.0
endloop
endfacet
facet normal 0.0 0.0 -1.0
outer loop
vertex -35.0 0.0 0.0
vertex -35.0 5.0 0.0
vertex -30.0 0.0 0.0
endloop
endfacet
facet normal 0.0 0.0 -1.0
outer loop
vertex -35.0 5.0 0.0
vertex -30.0 5.0 0.0
vertex -30.0 0.0 0.0
endloop
endfacet
facet normal 0.0 0.0 -1.0
outer loop
vertex -35.0 5.0 0.0
vertex -35.0 10.0 0.0
vertex -30.0 5.0 0.0
endloop
endfacet
facet normal 0.0 0.0 -1.0
outer loop
vertex -35.0 10.0 0.0
vertex -30.0 10.0 0.0
vertex -30.0 5.0 0.0
endloop
endfacet
facet normal 0.0 0.0 -1.0
outer loop
vertex -35.0 10.0 0.0
vertex -35.0 15.0 0.0
vertex -30.0 10.0 0.0
endloop
endfacet
facet normal 0.0 0.0 -1.0
outer loop
vertex -35.0 15.0 0.0
vertex -30.0 15.0 0.0
vertex -30.0 10.0 0.0
endloop
endfacet
facet normal 0.0 0.0 -1.0
outer loop
vertex -35.0 15.0 0.0
vertex -35.0 20.0 0.0
vertex -30.0 15.0 0.0
endloop
endfacet
facet normal 0.0 0.0 -1.0
outer loop
vertex -35.0 20.0 0.0
vertex -30.0 20.0 0.0
vertex -30.0 15.0 0.0
endloop
endfacet
facet normal 0.0 0.0 -1.0
outer loop
vertex -35.0 20.0 0.0
vertex -35.0 25.0 0.0
vertex -30.0 20.0 0.0
endloop
endfacet
facet normal 0.0 0.0 -1.0
outer loop
vertex -35.0 25.0 0.0
vertex -30.0 25.0 0.0
vertex -30.0 20.0 0.0
endloop
endfacet
facet normal 0.0 0.0 -1.0
outer loop
vertex -35.0 25.0 0.0
vertex -35.0 30.0 0.0
vertex -30.0 25.0 0.0
endloop
endfacet
facet normal 0.0 0.0 -1.0
outer loop
vertex -35.0 30.0 0.0
vertex -30.0 30.0 0.0
vertex -30.0 25.0 0.0
endloop
endfacet
facet normal 0.0 0.0 -1.0
outer loop
vertex -35.0 30.0 0.0
vertex -35.0 35.0 0.0
vertex -30.0 30.0 0.0
endloop
endfacet
facet normal 0.0 0.0 -1.0
outer loop
vertex -35.0 35.0 0.0
vertex -30.0 35.0 0.0
vertex -30.0 30.0 0.0
endloop
endfacet
facet normal 0.0 0.0 -1.0
outer loop
vertex -35.0 35.0 0.0
vertex -35.0 40.0 0.0
vertex -30.0 35.0 0.0
endloop
endfacet
facet normal 0.0 0.0 -1.0
outer loop
vertex -35.0 40.0 0.0
vertex -30.0 40.0 0.0
vertex -30.0 35.0 0.0
endloop
endfacet
facet normal 0.0 0.0 -1.0
outer loop
vertex -35.0 40.0 0.0
vertex -35.0 45.0 0.0
vertex -30.0 40.0 0.0
endloop
endfacet
facet normal 0.0 0.0 -1.0
outer loop
vertex -35.0 45.0 0.0
vertex -30.0 45.0 0.0
vertex -30.0 40.0 0.0
endloop
endfacet
facet normal 0.0 0.0 -1.0
outer loop
vertex -35.0 45.0 0.0
vertex -35.0 50.0 0.0
vertex -30.0 45.0 0.0
endloop
endfacet
facet normal 0.0 0.0 -1.0
outer loop
vertex -35.0 50.0 0.0
vertex -30.0 50.0 0.0
vertex -30.0 45.0 0.0
endloop
endfacet
facet normal 0.0 0.0 -1.0
outer loop
vertex -30.0 -50.0 0.0
vertex -30.0 -45.0 0.0
vertex -25.0 -50.0 0.0
endloop
endfacet
facet normal 0.0 0.0 -1.0
outer loop
vertex -30.0 -45.0 0.0
vertex -25.0 -45.0 0.0
vertex -25.0 -50.0 0.0
endloop
endfacet
facet normal 0.0 0.0 -1.0
outer loop
vertex -30.0 -45.0 0.0
vertex -30.0 -40.0 0.0
vertex -25.0 -45.0 0.0
endloop
endfacet
facet normal 0.0 0.0 -1.0
outer loop
vertex -30.0 -40.0 0.0
vertex -25.0 -40.0 0.0
vertex -25.0 -45.0 0.0
endloop
endfacet
facet normal 0.0 0.0 -1.0
outer loop
vertex -30.0 -40.0 0.0
vertex -30.0 -35.0 0.0
vertex -25.0 -40.0 0.0
endloop
endfacet
facet normal 0.0 0.0 -1.0
outer loop
vertex -30.0 -35.0 0.0
vertex -25.0 -35.0 0.0
vertex -25.0 -40.0 0.0
endloop
endfacet
facet normal 0.0 0.0 -1.0
outer loop
vertex -30.0 -35.0 0.0
vertex -30.0 -30.0 0.0
vertex -25.0 -35.0 0.0
endloop
endfacet
facet normal 0.0 0.0 -1.0
outer loop
vertex -30.0 -30.0 0.0
vertex -25.0 -30.0 0.0
vertex -25.0 -35.0 0.0
endloop
endfacet
facet normal 0.0 0.0 -1.0
outer loop
vertex -30.0 -30.0 0.0
vertex -30.0 -25.0 0.0
vertex -25.0 -30.0 0.0
endloop
endfacet
facet normal 0.0 0.0 -1.0
outer loop
vertex -30.0 -25.0 0.0
vertex -25.0 -25.0 0.0
vertex -25.0 -30.0 0.0
endloop
endfacet
facet normal 0.0 0.0 -1.0
outer loop
vertex -30.0 -25.0 0.0
vertex -30.0 -20.0 0.0
vertex -25.0 -25.0 0.0
endloop
endfacet
facet normal 0.0 0.0 -1.0
outer loop
vertex -30.0 -20.0 0.0
vertex -25.0 -20.0 0.0
vertex -25.0 -25.0 0.0
endloop
endfacet
facet normal 0.0 0.0 -1.0
outer loop
vertex -30.0 -20.0 0.0
vertex -30.0 -15.0 0.0
vertex -25.0 -20.0 0.0
endloop
endfacet
facet normal 0.0 0.0 -1.0
outer loop
vertex -30.0 -15.0 0.0
vertex -25.0 -15.0 0.0
vertex -25.0 -20.0 0.0
endloop
endfacet
facet normal 0.0 0.0 -1.0
outer loop
vertex -30.0 -15.0 0.0
vertex -30.0 -10.0 0.0
vertex -25.0 -15.0 0.0
endloop
endfacet
facet normal 0.0 0.0 -1.0
outer loop
vertex -30.0 -10.0 0.0
vertex -25.0 -10.0 0.0
vertex -25.0 -15.0 0.0
endloop
endfacet
facet normal 0.0 0.0 -1.0
outer loop
vertex -30.0 -10.0 0.0
vertex -30.0 -5.0 0.0
vertex -25.0 -10.0 0.0
endloop
endfacet
facet normal 0.0 0.0 -1.0
outer loop
vertex -30.0 -5.0 0.0
vertex -25.0 -5.0 0.0
vertex -25.0 -10.0 0.0
endloop
endfacet
facet normal 0.0 0.0 -1.0
outer loop
vertex -30.0 -5.0 0.0
vertex -30.0 0.0 0.0
vertex -25.0 -5.0 0.0
endloop
endfacet
facet normal 0.0 0.0 -1.0
outer loop
vertex -30.0 0.0 0.0
vertex -25.0 0.0 0.0
vertex -25.0 -5.0 0.0
endloop
endfacet
facet normal 0.0 0.0 -1.0
outer loop
vertex -30.0 0.0 0.0
vertex -30.0 5.0 0.0
vertex -25.0 0.0 0.0
endloop
endfacet
facet normal 0.0 0.0 -1.0
outer loop
vertex -30.0 5.0 0.0
vertex -25.0 5.0 0.0
vertex -25.0 0.0 0.0
endloop
endfacet
facet normal 0.0 0.0 -1.0
outer loop
vertex -30.0 5.0 0.0
vertex -30.0 10.0 0.0
vertex -25.0 5.0 0.0
endloop
endfacet
facet normal 0.0 0.0 -1.0
outer loop
vertex -30.0 10.0 0.0
vertex -25.0 10.0 0.0
vertex -25.0 5.0 0.0
endloop
endfacet
facet normal 0.0 0.0 -1.0
outer loop
vertex -30.0 10.0 0.0
vertex -30.0 15.0 0.0
vertex -25.0 10.0 0.0
endloop
endfacet
facet normal 0.0 0.0 -1.0
outer loop
vertex -30.0 15.0 0.0
vertex -25.0 15.0 0.0
vertex -25.0 10.0 0.0
endloop
endfacet
facet normal 0.0 0.0 -1.0
outer loop
vertex -30.0 15.0 0.0
vertex -30.0 20.0 0.0
vertex -25.0 15.0 0.0
endloop
endfacet
facet normal 0.0 0.0 -1.0
outer loop
vertex -30.0 20.0 0.0
vertex -25.0 20.0 0.0
vertex -25.0 15.0 0.0
endloop
endfacet
facet normal 0.0 0.0 -1.0
outer loop
vertex -30.0 20.0 0.0
vertex -30.0 25.0 0.0
vertex -25.0 20.0 0.0
endloop
endfacet
facet normal 0.0 0.0 -1.0
outer loop
vertex -30.0 25.0 0.0
vertex -25.0 25.0 0.0
vertex -25.0 20.0 0.0
endloop
endfacet
facet normal 0.0 0.0 -1.0
outer loop
vertex -30.0 25.0 0.0
vertex -30.0 30.0 0.0
vertex -25.0 25.0 0.0
endloop
endfacet
facet normal 0.0 0.0 -1.0
outer loop
vertex -30.0 30.0 0.0
vertex -25.0 30.0 0.0
vertex -25.0 25.0 0.0
endloop
endfacet
facet normal 0.0 0.0 -1.0
outer loop
vertex -30.0 30.0 0.0
vertex -30.0 35.0 0.0
vertex -25.0 30.0 0.0
endloop
endfacet
facet normal 0.0 0.0 -1.0
outer loop
vertex -30.0 35.0 0.0
vertex -25.0 35.0 0.0
vertex -25.0 30.0 0.0
endloop
endfacet
facet normal 0.0 0.0 -1.0
outer loop
vertex -30.0 35.0 0.0
vertex -30.0 40.0 0.0
vertex -25.0 35.0 0.0
endloop
endfacet
facet normal 0.0 0.0 -1.0
outer loop
vertex -30.0 40.0 0.0
vertex -25.0 40.0 0.0
vertex -25.0 35.0 0.0
endloop
endfacet
facet normal 0.0 0.0 -1.0
outer loop
vertex -30.0 40.0 0.0
vertex -30.0 45.0 0.0
vertex -25.0 40.0 0.0
endloop
endfacet
facet normal 0.0 0.0 -1.0
outer loop
vertex -30.0 45.0 0.0
vertex -25.0 45.0 0.0
vertex -25.0 40.0 0.0
endloop
endfacet
facet normal 0.0 0.0 -1.0
outer loop
vertex -30.0 45.0 0.0
vertex -30.0 50.0 0.0
vertex -25.0 45.0 0.0
endloop
endfacet
facet normal 0.0 0.0 -1.0
outer loop
vertex -30.0 50.0 0.0
vertex -25.0 50.0 0.0
vertex -25.0 45.0 0.0
endloop
endfacet
facet normal 0.0 0.0 -1.0
outer loop
vertex -25.0 -50.0 0.0
vertex -25.0 -45.0 0.0
vertex -20.0 -50.0 0.0
endloop
endfacet
facet normal 0.0 0.0 -1.0
outer loop
vertex -25.0 -45.0 0.0
vertex -20.0 -45.0 0.0
vertex -20.0 -50.0 0.0
endloop
endfacet
facet normal 0.0 0.0 -1.0
outer loop
vertex -25.0 -45.0 0.0
vertex -25.0 -40.0 0.0
vertex -20.0 -45.0 0.0
endloop
endfacet
facet normal 0.0 0.0 -1.0
outer loop
vertex -25.0 -40.0 0.0
vertex -20.0 -40.0 0.0
vertex -20.0 -45.0 0.0
endloop
endfacet
facet normal 0.0 0.0 -1.0
outer loop
vertex -25.0 -40.0 0.0
vertex -25.0 -35.0 0.0
vertex -20.0 -40.0 0.0
endloop
endfacet
facet normal 0.0 0.0 -1.0
outer loop
vertex -25.0 -35.0 0.0
vertex -20.0 -35.0 0.0
vertex -20.0 -40.0 0.0
endloop
endfacet
facet normal 0.0 0.0 -1.0
outer loop
vertex -25.0 -35.0 0.0
vertex -25.0 -30.0 0.0
vertex -20.0 -35.0 0.0
endloop
endfacet
facet normal 0.0 0.0 -1.0
outer loop
vertex -25.0 -30.0 0.0
vertex -20.0 -30.0 0.0
vertex -20.0 -35.0 0.0
endloop
endfacet
facet normal 0.0 0.0 -1.0
outer loop
vertex -25.0 -30.0 0.0
vertex -25.0 -25.0 0.0
vertex -20.0 -30.0 0.0
endloop
endfacet
facet normal 0.0 0.0 -1.0
outer loop
vertex -25.0 -25.0 0.0
vertex -20.0 -25.0 0.0
vertex -20.0 -30.0 0.0
endloop
endfacet
facet normal 0.0 0.0 -1.0
outer loop
vertex -25.0 -25.0 0.0
vertex -25.0 -20.0 0.0
vertex -20.0 -25.0 0.0
endloop
endfacet
facet normal 0.0 0.0 -1.0
outer loop
vertex -25.0 -20.0 0.0
vertex -20.0 -20.0 0.0
vertex -20.0 -25.0 0.0
endloop
endfacet
facet normal 0.0 0.0 -1.0
outer loop
vertex -25.0 -20.0 0.0
vertex -25.0 -15.0 0.0
vertex -20.0 -20.0 0.0
endloop
endfacet
facet normal 0.0 0.0 -1.0
outer loop
vertex -25.0 -15.0 0.0
vertex -20.0 -15.0 0.0
vertex -20.0 -20.0 0.0
endloop
endfacet
facet normal 0.0 0.0 -1.0
outer loop
vertex -25.0 -15.0 0.0
vertex -25.0 -10.0 0.0
vertex -20.0 -15.0 0.0
endloop
endfacet
facet normal 0.0 0.0 -1.0
outer loop
vertex -25.0 -10.0 0.0
vertex -20.0 -10.0 0.0
vertex -20.0 -15.0 0.0
endloop
endfacet
facet normal 0.0 0.0 -1.0
outer loop
vertex -25.0 -10.0 0.0
vertex -25.0 -5.0 0.0
vertex -20.0 -10.0 0.0
endloop
endfacet
facet normal 0.0 0.0 -1.0
outer loop
vertex -25.0 -5.0 0.0
vertex -20.0 -5.0 0.0
vertex -20.0 -10.0 0.0
endloop
endfacet
facet normal 0.0 0.0 -1.0
outer loop
vertex -25.0 -5.0 0.0
vertex -25.0 0.0 0.0
vertex -20.0 -5.0 0.0
endloop
endfacet
facet normal 0.0 0.0 -1.0
outer loop
vertex -25.0 0.0 0.0
vertex -20.0 0.0 0.0
vertex -20.0 -5.0 0.0
endloop
endfacet
facet normal 0.0 0.0 -1.0
outer loop
vertex -25.0 0.0 0.0
vertex -25.0 5.0 0.0
vertex -20.0 0.0 0.0
endloop
endfacet
facet normal 0.0 0.0 -1.0
outer loop
vertex -25.0 5.0 0.0
vertex -20.0 5.0 0.0
vertex -20.0 0.0 0.0
endloop
endfacet
facet normal 0.0 0.0 -1.0
outer loop
vertex -25.0 5.0 0.0
vertex -25.0 10.0 0.0
vertex -20.0 5.0 0.0
endloop
endfacet
facet normal 0.0 0.0 -1.0
outer loop
vertex -25.0 10.0 0.0
vertex -20.0 10.0 0.0
vertex -20.0 5.0 0.0
endloop
endfacet
facet normal 0.0 0.0 -1.0
outer loop
vertex -25.0 10.0 0.0
vertex -25.0 15.0 0.0
vertex -20.0 10.0 0.0
endloop
endfacet
facet normal 0.0 0.0 -1.0
outer loop
vertex -25.0 15.0 0.0
vertex -20.0 15.0 0.0
vertex -20.0 10.0 0.0
endloop
endfacet
facet normal 0.0 0.0 -1.0
outer loop
vertex -25.0 15.0 0.0
vertex -25.0 20.0 0.0
vertex -20.0 15.0 0.0
endloop
endfacet
facet normal 0.0 0.0 -1.0
outer loop
vertex -25.0 20.0 0.0
vertex -20.0 20.0 0.0
vertex -20.0 15.0 0.0
endloop
endfacet
facet normal 0.0 0.0 -1.0
outer loop
vertex -25.0 20.0 0.0
vertex -25.0 25.0 0.0
vertex -20.0 20.0 0.0
endloop
endfacet
facet normal 0.0 0.0 -1.0
outer loop
vertex -25.0 25.0 0.0
vertex -20.0 25.0 0.0
vertex -20.0 20.0 0.0
endloop
endfacet
facet normal 0.0 0.0 -1.0
outer loop
vertex -25.0 25.0 0.0
vertex -25.0 30.0 0.0
vertex -20.0 25.0 0.0
endloop
endfacet
facet normal 0.0 0.0 -1.0
outer loop
vertex -25.0 30.0 0.0
vertex -20.0 30.0 0.0
vertex -20.0 25.0 0.0
endloop
endfacet
facet normal 0.0 0.0 -1.0
outer loop
vertex -25.0 30.0 0.0
vertex -25.0 35.0 0.0
vertex -20.0 30.0 0.0
endloop
endfacet
facet normal 0.0 0.0 -1.0
outer loop
vertex -25.0 35.0 0.0
vertex -20.0 35.0 0.0
vertex -20.0 30.0 0.0
endloop
endfacet
facet normal 0.0 0.0 -1.0
outer loop
vertex -25.0 35.0 0.0
vertex -25.0 40.0 0.0
vertex -20.0 35.0 0.0
endloop
endfacet
facet normal 0.0 0.0 -1.0
outer loop
vertex -25.0 40.0 0.0
vertex -20.0 40.0 0.0
vertex -20.0 35.0 0.0
endloop
endfacet
facet normal 0.0 0.0 -1.0
outer loop
vertex -25.0 40.0 0.0
vertex -25.0 45.0 0.0
vertex -20.0 40.0 0.0
endloop
endfacet
facet normal 0.0 0.0 -1.0
outer loop
vertex -25.0 45.0 0.0
vertex -20.0 45.0 0.0
vertex -20.0 40.0 0.0
endloop
endfacet
facet normal 0.0 0.0 -1.0
outer loop
vertex -25.0 45.0 0.0
vertex -25.0 50.0 0.0
vertex -20.0 45.0 0.0
endloop
endfacet
facet normal 0.0 0.0 -1.0
outer loop
vertex -25.0 50.0 0.0
vertex -20.0 50.0 0.0
vertex -20.0 45.0 0.0
endloop
endfacet
facet normal 0.0 0.0 -1.0
outer loop
vertex -20.0 -50.0 0.0
vertex -20.0 -45.0 0.0
vertex -15.0 -50.0 0.0
endloop
endfacet
facet normal 0.0 0.0 -1.0
outer loop
vertex -20.0 -45.0 0.0
vertex -15.0 -45.0 0.0
vertex -15.0 -50.0 0.0
endloop
endfacet
facet normal 0.0 0.0 -1.0
outer loop
vertex -20.0 -45.0 0.0
vertex -20.0 -40.0 0.0
vertex -15.0 -45.0 0.0
endloop
endfacet
facet normal 0.0 0.0 -1.0
outer loop
vertex -20.0 -40.0 0.0
vertex -15.0 -40.0 0.0
vertex -15.0 -45.0 0.0
endloop
endfacet
facet normal 0.0 0.0 -1.0
outer loop
vertex -20.0 -40.0 0.0
vertex -20.0 -35.0 0.0
vertex -15.0 -40.0 0.0
endloop
endfacet
facet normal 0.0 0.0 -1.0
outer loop
vertex -20.0 -35.0 0.0
vertex -15.0 -35.0 0.0
vertex -15.0 -40.0 0.0
endloop
endfacet
facet normal 0.0 0.0 -1.0
outer loop
vertex -20.0 -35.0 0.0
vertex -20.0 -30.0 0.0
vertex -15.0 -35.0 0.0
endloop
endfacet
facet normal 0.0 0.0 -1.0
outer loop
vertex -20.0 -30.0 0.0
vertex -15.0 -30.0 0.0
vertex -15.0 -35.0 0.0
endloop
endfacet
facet normal 0.0 0.0 -1.0
outer loop
vertex -20.0 -30.0 0.0
vertex -20.0 -25.0 0.0
vertex -15.0 -30.0 0.0
endloop
endfacet
facet normal 0.0 0.0 -1.0
outer loop
vertex -20.0 -25.0 0.0
vertex -15.0 -25.0 0.0
vertex -15.0 -30.0 0.0
endloop
endfacet
facet normal 0.0 0.0 -1.0
outer loop
vertex -20.0 -25.0 0.0
vertex -20.0 -20.0 0.0
vertex -15.0 -25.0 0.0
endloop
endfacet
facet normal 0.0 0.0 -1.0
outer loop
vertex -20.0 -20.0 0.0
vertex -15.0 -20.0 0.0
vertex -15.0 -25.0 0.0
endloop
endfacet
facet normal 0.0 0.0 -1.0
outer loop
vertex -20.0 -20.0 0.0
vertex -20.0 -15.0 0.0
vertex -15.0 -20.0 0.0
endloop
endfacet
facet normal 0.0 0.0 -1.0
outer loop
vertex -20.0 -15.0 0.0
vertex -15.0 -15.0 0.0
vertex -15.0 -20.0 0.0
endloop
endfacet
facet normal 0.0 0.0 -1.0
outer loop
vertex -20.0 -15.0 0.0
vertex -20.0 -10.0 0.0
vertex -15.0 -15.0 0.0
endloop
endfacet
facet normal 0.0 0.0 -1.0
outer loop
vertex -20.0 -10.0 0.0
vertex -15.0 -10.0 0.0
vertex -15.0 -15.0 0.0
endloop
endfacet
facet normal 0.0 0.0 -1.0
outer loop
vertex -20.0 -10.0 0.0
vertex -20.0 -5.0 0.0
vertex -15.0 -10.0 0.0
endloop
endfacet
facet normal 0.0 0.0 -1.0
outer loop
vertex -20.0 -5.0 0.0
vertex -15.0 -5.0 0.0
vertex -15.0 -10.0 0.0
endloop
endfacet
facet normal 0.0 0.0 -1.0
outer loop
vertex -20.0 -5.0 0.0
vertex -20.0 0.0 0.0
vertex -15.0 -5.0 0.0
endloop
endfacet
facet normal 0.0 0.0 -1.0
outer loop
vertex -20.0 0.0 0.0
vertex -15.0 0.0 0.0
vertex -15.0 -5.0 0.0
endloop
endfacet
facet normal 0.0 0.0 -1.0
outer loop
vertex -20.0 0.0 0.0
vertex -20.0 5.0 0.0
vertex -15.0 0.0 0.0
endloop
endfacet
facet normal 0.0 0.0 -1.0
outer loop
vertex -20.0 5.0 0.0
vertex -15.0 5.0 0.0
vertex -15.0 0.0 0.0
endloop
endfacet
facet normal 0.0 0.0 -1.0
outer loop
vertex -20.0 5.0 0.0
vertex -20.0 10.0 0.0
vertex -15.0 5.0 0.0
endloop
endfacet
facet normal 0.0 0.0 -1.0
outer loop
vertex -20.0 10.0 0.0
vertex -15.0 10.0 0.0
vertex -15.0 5.0 0.0
endloop
endfacet
facet normal 0.0 0.0 -1.0
outer loop
vertex -20.0 10.0 0.0
vertex -20.0 15.0 0.0
vertex -15.0 10.0 0.0
endloop
endfacet
facet normal 0.0 0.0 -1.0
outer loop
vertex -20.0 15.0 0.0
vertex -15.0 15.0 0.0
vertex -15.0 10.0 0.0
endloop
endfacet
facet normal 0.0 0.0 -1.0
outer loop
vertex -20.0 15.0 0.0
vertex -20.0 20.0 0.0
vertex -15.0 15.0 0.0
endloop
endfacet
facet normal 0.0 0.0 -1.0
outer loop
vertex -20.0 20.0 0.0
vertex -15.0 20.0 0.0
vertex -15.0 15.0 0.0
endloop
endfacet
facet normal 0.0 0.0 -1.0
outer loop
vertex -20.0 20.0 0.0
vertex -20.0 25.0 0.0
vertex -15.0 20.0 0.0
endloop
endfacet
facet normal 0.0 0.0 -1.0
outer loop
vertex -20.0 25.0 0.0
vertex -15.0 25.0 0.0
vertex -15.0 20.0 0.0
endloop
endfacet
facet normal 0.0 0.0 -1.0
outer loop
vertex -20.0 25.0 0.0
vertex -20.0 30.0 0.0
vertex -15.0 25.0 0.0
endloop
endfacet
facet normal 0.0 0.0 -1.0
outer loop
vertex -20.0 30.0 0.0
vertex -15.0 30.0 0.0
vertex -15.0 25.0 0.0
endloop
endfacet
facet normal 0.0 0.0 -1.0
outer loop
vertex -20.0 30.0 0.0
vertex -20.0 35.0 0.0
vertex -15.0 30.0 0.0
endloop
endfacet
facet normal 0.0 0.0 -1.0
outer loop
vertex -20.0 35.0 0.0
vertex -15.0 35.0 0.0
vertex -15.0 30.0 0.0
endloop
endfacet
facet normal 0.0 0.0 -1.0
outer loop
vertex -20.0 35.0 0.0
vertex -20.0 40.0 0.0
vertex -15.0 35.0 0.0
endloop
endfacet
facet normal 0.0 0.0 -1.0
outer loop
vertex -20.0 40.0 0.0
vertex -15.0 40.0 0.0
vertex -15.0 35.0 0.0
endloop
endfacet
facet normal 0.0 0.0 -1.0
outer loop
vertex -20.0 40.0 0.0
vertex -20.0 45.0 0.0
vertex -15.0 40.0 0.0
endloop
endfacet
facet normal 0.0 0.0 -1.0
outer loop
vertex -20.0 45.0 0.0
vertex -15.0 45.0 0.0
vertex -15.0 40.0 0.0
endloop
endfacet
facet normal 0.0 0.0 -1.0
outer loop
vertex -20.0 45.0 0.0
vertex -20.0 50.0 0.0
vertex -15.0 45.0 0.0
endloop
endfacet
facet normal 0.0 0.0 -1.0
outer loop
vertex -20.0 50.0 0.0
vertex -15.0 50.0 0.0
vertex -15.0 45.0 0.0
endloop
endfacet
facet normal 0.0 0.0 -1.0
outer loop
vertex -15.0 -50.0 0.0
vertex -15.0 -45.0 0.0
vertex -10.0 -50.0 0.0
endloop
endfacet
facet normal 0.0 0.0 -1.0
outer loop
vertex -15.0 -45.0 0.0
vertex -10.0 -45.0 0.0
vertex -10.0 -50.0 0.0
endloop
endfacet
facet normal 0.0 0.0 -1.0
outer loop
vertex -15.0 -45.0 0.0
vertex -15.0 -40.0 0.0
vertex -10.0 -45.0 0.0
endloop
endfacet
facet normal 0.0 0.0 -1.0
outer loop
vertex -15.0 -40.0 0.0
vertex -10.0 -40.0 0.0
vertex -10.0 -45.0 0.0
endloop
endfacet
facet normal 0.0 0.0 -1.0
outer loop
vertex -15.0 -40.0 0.0
vertex -15.0 -35.0 0.0
vertex -10.0 -40.0 0.0
endloop
endfacet
facet normal 0.0 0.0 -1.0
outer loop
vertex -15.0 -35.0 0.0
vertex -10.0 -35.0 0.0
vertex -10.0 -40.0 0.0
endloop
endfacet
facet normal 0.0 0.0 -1.0
outer loop
vertex -15.0 -35.0 0.0
vertex -15.0 -30.0 0.0
vertex -10.0 -35.0 0.0
endloop
endfacet
facet normal 0.0 0.0 -1.0
outer loop
vertex -15.0 -30.0 0.0
vertex -10.0 -30.0 0.0
vertex -10.0 -35.0 0.0
endloop
endfacet
facet normal 0.0 0.0 -1.0
outer loop
vertex -15.0 -30.0 0.0
vertex -15.0 -25.0 0.0
vertex -10.0 -30.0 0.0
endloop
endfacet
facet normal 0.0 0.0 -1.0
outer loop
vertex -15.0 -25.0 0.0
vertex -10.0 -25.0 0.0
vertex -10.0 -30.0 0.0
endloop
endfacet
facet normal 0.0 0.0 -1.0
outer loop
vertex -15.0 -25.0 0.0
vertex -15.0 -20.0 0.0
vertex -10.0 -25.0 0.0
endloop
endfacet
facet normal 0.0 0.0 -1.0
outer loop
vertex -15.0 -20.0 0.0
vertex -10.0 -20.0 0.0
vertex -10.0 -25.0 0.0
endloop
endfacet
facet normal 0.0 0.0 -1.0
outer loop
vertex -15.0 -20.0 0.0
vertex -15.0 -15.0 0.0
vertex -10.0 -20.0 0.0
endloop
endfacet
facet normal 0.0 0.0 -1.0
outer loop
vertex -15.0 -15.0 0.0
vertex -10.0 -15.0 0.0
vertex -10.0 -20.0 0.0
endloop
endfacet
facet normal 0.0 0.0 -1.0
outer loop
vertex -15.0 -15.0 0.0
vertex -15.0 -10.0 0.0
vertex -10.0 -15.0 0.0
endloop
endfacet
facet normal 0.0 0.0 -1.0
outer loop
vertex -15.0 -10.0 0.0
vertex -10.0 -10.0 0.0
vertex -10.0 -15.0 0.0
endloop
endfacet
facet normal 0.0 0.0 -1.0
outer loop
vertex -15.0 -10.0 0.0
vertex -15.0 -5.0 0.0
vertex -10.0 -10.0 0.0
endloop
endfacet
facet normal 0.0 0.0 -1.0
outer loop
vertex -15.0 -5.0 0.0
vertex -10.0 -5.0 0.0
vertex -10.0 -10.0 0.0
endloop
endfacet
facet normal 0.0 0.0 -1.0
outer loop
vertex -15.0 -5.0 0.0
vertex -15.0 0.0 0.0
vertex -10.0 -5.0 0.0
endloop
endfacet
facet normal 0.0 0.0 -1.0
outer loop
vertex -15.0 0.0 0.0
vertex -10.0 0.0 0.0
vertex -10.0 -5.0 0.0
endloop
endfacet
facet normal 0.0 0.0 -1.0
outer loop
vertex -15.0 0.0 0.0
vertex -15.0 5.0 0.0
vertex -10.0 0.0 0.0
endloop
endfacet
facet normal 0.0 0.0 -1.0
outer loop
vertex -15.0 5.0 0.0
vertex -10.0 5.0 0.0
vertex -10.0 0.0 0.0
endloop
endfacet
facet normal 0.0 0.0 -1.0
outer loop
vertex -15.0 5.0 0.0
vertex -15.0 10.0 0.0
vertex -10.0 5.0 0.0
endloop
endfacet
facet normal 0.0 0.0 -1.0
outer loop
vertex -15.0 10.0 0.0
vertex -10.0 10.0 0.0
vertex -10.0 5.0 0.0
endloop
endfacet
facet normal 0.0 0.0 -1.0
outer loop
vertex -15.0 10.0 0.0
vertex -15.0 15.0 0.0
vertex -10.0 10.0 0.0
endloop
endfacet
facet normal 0.0 0.0 -1.0
outer loop
vertex -15.0 15.0 0.0
vertex -10.0 15.0 0.0
vertex -10.0 10.0 0.0
endloop
endfacet
facet normal 0.0 0.0 -1.0
outer loop
vertex -15.0 15.0 0.0
vertex -15.0 20.0 0.0
vertex -10.0 15.0 0.0
endloop
endfacet
facet normal 0.0 0.0 -1.0
outer loop
vertex -15.0 20.0 0.0
vertex -10.0 20.0 0.0
vertex -10.0 15.0 0.0
endloop
endfacet
facet normal 0.0 0.0 -1.0
outer loop
vertex -15.0 20.0 0.0
vertex -15.0 25.0 0.0
vertex -10.0 20.0 0.0
endloop
endfacet
facet normal 0.0 0.0 -1.0
outer loop
vertex -15.0 25.0 0.0
vertex -10.0 25.0 0.0
vertex -10.0 20.0 0.0
endloop
endfacet
facet normal 0.0 0.0 -1.0
outer loop
vertex -15.0 25.0 0.0
vertex -15.0 30.0 0.0
vertex -10.0 25.0 0.0
endloop
endfacet
facet normal 0.0 0.0 -1.0
outer loop
vertex -15.0 30.0 0.0
vertex -10.0 30.0 0.0
vertex -10.0 25.0 0.0
endloop
endfacet
facet normal 0.0 0.0 -1.0
outer loop
vertex -15.0 30.0 0.0
vertex -15.0 35.0 0.0
vertex -10.0 30.0 0.0
endloop
endfacet
facet normal 0.0 0.0 -1.0
outer loop
vertex -15.0 35.0 0.0
vertex -10.0 35.0 0.0
vertex -10.0 30.0 0.0
endloop
endfacet
facet normal 0.0 0.0 -1.0
outer loop
vertex -15.0 35.0 0.0
vertex -15.0 40.0 0.0
vertex -10.0 35.0 0.0
endloop
endfacet
facet normal 0.0 0.0 -1.0
outer loop
vertex -15.0 40.0 0.0
vertex -10.0 40.0 0.0
vertex -10.0 35.0 0.0
endloop
endfacet
facet normal 0.0 0.0 -1.0
outer loop
vertex -15.0 40.0 0.0
vertex -15.0 45.0 0.0
vertex -10.0 40.0 0.0
endloop
endfacet
facet normal 0.0 0.0 -1.0
outer loop
vertex -15.0 45.0 0.0
vertex -10.0 45.0 0.0
vertex -10.0 40.0 0.0
endloop
endfacet
facet normal 0.0 0.0 -1.0
outer loop
vertex -15.0 45.0 0.0
vertex -15.0 50.0 0.0
vertex -10.0 45.0 0.0
endloop
endfacet
facet normal 0.0 0.0 -1.0
outer loop
vertex -15.0 50.0 0.0
vertex -10.0 50.0 0.0
vertex -10.0 45.0 0.0
endloop
endfacet
facet normal 0.0 0.0 -1.0
outer loop
vertex -10.0 -50.0 0.0
vertex -10.0 -45.0 0.0
vertex -5.0 -50.0 0.0
endloop
endfacet
facet normal 0.0 0.0 -1.0
outer loop
vertex -10.0 -45.0 0.0
vertex -5.0 -45.0 0.0
vertex -5.0 -50.0 0.0
endloop
endfacet
facet normal 0.0 0.0 -1.0
outer loop
vertex -10.0 -45.0 0.0
vertex -10.0 -40.0 0.0
vertex -5.0 -45.0 0.0
endloop
endfacet
facet normal 0.0 0.0 -1.0
outer loop
vertex -10.0 -40.0 0.0
vertex -5.0 -40.0 0.0
vertex -5.0 -45.0 0.0
endloop
endfacet
facet normal 0.0 0.0 -1.0
outer loop
vertex -10.0 -40.0 0.0
vertex -10.0 -35.0 0.0
vertex -5.0 -40.0 0.0
endloop
endfacet
facet normal 0.0 0.0 -1.0
outer loop
vertex -10.0 -35.0 0.0
vertex -5.0 -35.0 0.0
vertex -5.0 -40.0 0.0
endloop
endfacet
facet normal 0.0 0.0 -1.0
outer loop
vertex -10.0 -35.0 0.0
vertex -10.0 -30.0 0.0
vertex -5.0 -35.0 0.0
endloop
endfacet
facet normal 0.0 0.0 -1.0
outer loop
vertex -10.0 -30.0 0.0
vertex -5.0 -30.0 0.0
vertex -5.0 -35.0 0.0
endloop
endfacet
facet normal 0.0 0.0 -1.0
outer loop
vertex -10.0 -30.0 0.0
vertex -10.0 -25.0 0.0
vertex -5.0 -30.0 0.0
endloop
endfacet
facet normal 0.0 0.0 -1.0
outer loop
vertex -10.0 -25.0 0.0
vertex -5.0 -25.0 0.0
vertex -5.0 -30.0 0.0
endloop
endfacet
facet normal 0.0 0.0 -1.0
outer loop
vertex -10.0 -25.0 0.0
vertex -10.0 -20.0 0.0
vertex -5.0 -25.0 0.0
endloop
endfacet
facet normal 0.0 0.0 -1.0
outer loop
vertex -10.0 -20.0 0.0
vertex -5.0 -20.0 0.0
vertex -5.0 -25.0 0.0
endloop
endfacet
facet normal 0.0 0.0 -1.0
outer loop
vertex -10.0 -20.0 0.0
vertex -10.0 -15.0 0.0
vertex -5.0 -20.0 0.0
endloop
endfacet
facet normal 0.0 0.0 -1.0
outer loop
vertex -10.0 -15.0 0.0
vertex -5.0 -15.0 0.0
vertex -5.0 -20.0 0.0
endloop
endfacet
facet normal 0.0 0.0 -1.0
outer loop
vertex -10.0 -15.0 0.0
vertex -10.0 -10.0 0.0
vertex -5.0 -15.0 0.0
endloop
endfacet
facet normal 0.0 0.0 -1.0
outer loop
vertex -10.0 -10.0 0.0
vertex -5.0 -10.0 0.0
vertex -5.0 -15.0 0.0
endloop
endfacet
facet normal 0.0 0.0 -1.0
outer loop
vertex -10.0 -10.0 0.0
vertex -10.0 -5.0 0.0
vertex -5.0 -10.0 0.0
endloop
endfacet
facet normal 0.0 0.0 -1.0
outer loop
vertex -10.0 -5.0 0.0
vertex -5.0 -5.0 0.0
vertex -5.0 -10.0 0.0
endloop
endfacet
facet normal 0.0 0.0 -1.0
outer loop
vertex -10.0 -5.0 0.0
vertex -10.0 0.0 0.0
vertex -5.0 -5.0 0.0
endloop
endfacet
facet normal 0.0 0.0 -1.0
outer loop
vertex -10.0 0.0 0.0
vertex -5.0 0.0 0.0
vertex -5.0 -5.0 0.0
endloop
endfacet
facet normal 0.0 0.0 -1.0
outer loop
vertex -10.0 0.0 0.0
vertex -10.0 5.0 0.0
vertex -5.0 0.0 0.0
endloop
endfacet
facet normal 0.0 0.0 -1.0
outer loop
vertex -10.0 5.0 0.0
vertex -5.0 5.0 0.0
vertex -5.0 0.0 0.0
endloop
endfacet
facet normal 0.0 0.0 -1.0
outer loop
vertex -10.0 5.0 0.0
vertex -10.0 10.0 0.0
vertex -5.0 5.0 0.0
endloop
endfacet
facet normal 0.0 0.0 -1.0
outer loop
vertex -10.0 10.0 0.0
vertex -5.0 10.0 0.0
vertex -5.0 5.0 0.0
endloop
endfacet
facet normal 0.0 0.0 -1.0
outer loop
vertex -10.0 10.0 0.0
vertex -10.0 15.0 0.0
vertex -5.0 10.0 0.0
endloop
endfacet
facet normal 0.0 0.0 -1.0
outer loop
vertex -10.0 15.0 0.0
vertex -5.0 15.0 0.0
vertex -5.0 10.0 0.0
endloop
endfacet
facet normal 0.0 0.0 -1.0
outer loop
vertex -10.0 15.0 0.0
vertex -10.0 20.0 0.0
vertex -5.0 15.0 0.0
endloop
endfacet
facet normal 0.0 0.0 -1.0
outer loop
vertex -10.0 20.0 0.0
vertex -5.0 20.0 0.0
vertex -5.0 15.0 0.0
endloop
endfacet
facet normal 0.0 0.0 -1.0
outer loop
vertex -10.0 20.0 0.0
vertex -10.0 25.0 0.0
vertex -5.0 20.0 0.0
endloop
endfacet
facet normal 0.0 0.0 -1.0
outer loop
vertex -10.0 25.0 0.0
vertex -5.0 25.0 0.0
vertex -5.0 20.0 0.0
endloop
endfacet
facet normal 0.0 0.0 -1.0
outer loop
vertex -10.0 25.0 0.0
vertex -10.0 30.0 0.0
vertex -5.0 25.0 0.0
endloop
endfacet
facet normal 0.0 0.0 -1.0
outer loop
vertex -10.0 30.0 0.0
vertex -5.0 30.0 0.0
vertex -5.0 25.0 0.0
endloop
endfacet
facet normal 0.0 0.0 -1.0
outer loop
vertex -10.0 30.0 0.0
vertex -10.0 35.0 0.0
vertex -5.0 30.0 0.0
endloop
endfacet
facet normal 0.0 0.0 -1.0
outer loop
vertex -10.0 35.0 0.0
vertex -5.0 35.0 0.0
vertex -5.0 30.0 0.0
endloop
endfacet
facet normal 0.0 0.0 -1.0
outer loop
vertex -10.0 35.0 0.0
vertex -10.0 40.0 0.0
vertex -5.0 35.0 0.0
endloop
endfacet
facet normal 0.0 0.0 -1.0
outer loop
vertex -10.0 40.0 0.0
vertex -5.0 40.0 0.0
vertex -5.0 35.0 0.0
endloop
endfacet
facet normal 0.0 0.0 -1.0
outer loop
vertex -10.0 40.0 0.0
vertex -10.0 45.0 0.0
vertex -5.0 40.0 0.0
endloop
endfacet
facet normal 0.0 0.0 -1.0
outer loop
vertex -10.0 45.0 0.0
vertex -5.0 45.0 0.0
vertex -5.0 40.0 0.0
endloop
endfacet
facet normal 0.0 0.0 -1.0
outer loop
vertex -10.0 45.0 0.0
vertex -10.0 50.0 0.0
vertex -5.0 45.0 0.0
endloop
endfacet
facet normal 0.0 0.0 -1.0
outer loop
vertex -10.0 50.0 0.0
vertex -5.0 50.0 0.0
vertex -5.0 45.0 0.0
endloop
endfacet
facet normal 0.0 0.0 -1.0
outer loop
vertex -5.0 -50.0 0.0
vertex -5.0 -45.0 0.0
vertex 0.0 -50.0 0.0
endloop
endfacet
facet normal 0.0 0.0 -1.0
outer loop
vertex -5.0 -45.0 0.0
vertex 0.0 -45.0 0.0
vertex 0.0 -50.0 0.0
endloop
endfacet
facet normal 0.0 0.0 -1.0
outer loop
vertex -5.0 -45.0 0.0
vertex -5.0 -40.0 0.0
vertex 0.0 -45.0 0.0
endloop
endfacet
facet normal 0.0 0.0 -1.0
outer loop
vertex -5.0 -40.0 0.0
vertex 0.0 -40.0 0.0
vertex 0.0 -45.0 0.0
endloop
endfacet
facet normal 0.0 0.0 -1.0
outer loop
vertex -5.0 -40.0 0.0
vertex -5.0 -35.0 0.0
vertex 0.0 -40.0 0.0
endloop
endfacet
facet normal 0.0 0.0 -1.0
outer loop
vertex -5.0 -35.0 0.0
vertex 0.0 -35.0 0.0
vertex 0.0 -40.0 0.0
endloop
endfacet
facet normal 0.0 0.0 -1.0
outer loop
vertex -5.0 -35.0 0.0
vertex -5.0 -30.0 0.0
vertex 0.0 -35.0 0.0
endloop
endfacet
facet normal 0.0 0.0 -1.0
outer loop
vertex -5.0 -30.0 0.0
vertex 0.0 -30.0 0.0
vertex 0.0 -35.0 0.0
endloop
endfacet
facet normal 0.0 0.0 -1.0
outer loop
vertex -5.0 -30.0 0.0
vertex -5.0 -25.0 0.0
vertex 0.0 -30.0 0.0
endloop
endfacet
facet normal 0.0 0.0 -1.0
outer loop
vertex -5.0 -25.0 0.0
vertex 0.0 -25.0 0.0
vertex 0.0 -30.0 0.0
endloop
endfacet
facet normal 0.0 0.0 -1.0
outer loop
vertex -5.0 -25.0 0.0
vertex -5.0 -20.0 0.0
vertex 0.0 -25.0 0.0
endloop
endfacet
facet normal 0.0 0.0 -1.0
outer loop
vertex -5.0 -20.0 0.0
vertex 0.0 -20.0 0.0
vertex 0.0 -25.0 0.0
endloop
endfacet
facet normal 0.0 0.0 -1.0
outer loop
vertex -5.0 -20.0 0.0
vertex -5.0 -15.0 0.0
vertex 0.0 -20.0 0.0
endloop
endfacet
facet normal 0.0 0.0 -1.0
outer loop
vertex -5.0 -15.0 0.0
vertex 0.0 -15.0 0.0
vertex 0.0 -20.0 0.0
endloop
endfacet
facet normal 0.0 0.0 -1.0
outer loop
vertex -5.0 -15.0 0.0
vertex -5.0 -10.0 0.0
vertex 0.0 -15.0 0.0
endloop
endfacet
facet normal 0.0 0.0 -1.0
outer loop
vertex -5.0 -10.0 0.0
vertex 0.0 -10.0 0.0
vertex 0.0 -15.0 0.0
endloop
endfacet
facet normal 0.0 0.0 -1.0
outer loop
vertex -5.0 -10.0 0.0
vertex -5.0 -5.0 0.0
vertex 0.0 -10.0 0.0
endloop
endfacet
facet normal 0.0 0.0 -1.0
outer loop
vertex -5.0 -5.0 0.0
vertex 0.0 -5.0 0.0
vertex 0.0 -10.0 0.0
endloop
endfacet
facet normal 0.0 0.0 -1.0
outer loop
vertex -5.0 -5.0 0.0
vertex -5.0 0.0 0.0
vertex 0.0 -5.0 0.0
endloop
endfacet
facet normal 0.0 0.0 -1.0
outer loop
vertex -5.0 0.0 0.0
vertex 0.0 0.0 0.0
vertex 0.0 -5.0 0.0
endloop
endfacet
facet normal 0.0 0.0 -1.0
outer loop
vertex -5.0 0.0 0.0
vertex -5.0 5.0 0.0
vertex 0.0 0.0 0.0
endloop
endfacet
facet normal 0.0 0.0 -1.0
outer loop
vertex -5.0 5.0 0.0
vertex 0.0 5.0 0.0
vertex 0.0 0.0 0.0
endloop
endfacet
facet normal 0.0 0.0 -1.0
outer loop
vertex -5.0 5.0 0.0
vertex -5.0 10.0 0.0
vertex 0.0 5.0 0.0
endloop
endfacet
facet normal 0.0 0.0 -1.0
outer loop
vertex -5.0 10.0 0.0
vertex 0.0 10.0 0.0
vertex 0.0 5.0 0.0
endloop
endfacet
facet normal 0.0 0.0 -1.0
outer loop
vertex -5.0 10.0 0.0
vertex -5.0 15.0 0.0
vertex 0.0 10.0 0.0
endloop
endfacet
facet normal 0.0 0.0 -1.0
outer loop
vertex -5.0 15.0 0.0
vertex 0.0 15.0 0.0
vertex 0.0 10.0 0.0
endloop
endfacet
facet normal 0.0 0.0 -1.0
outer loop
vertex -5.0 15.0 0.0
vertex -5.0 20.0 0.0
vertex 0.0 15.0 0.0
endloop
endfacet
facet normal 0.0 0.0 -1.0
outer loop
vertex -5.0 20.0 0.0
vertex 0.0 20.0 0.0
vertex 0.0 15.0 0.0
endloop
endfacet
facet normal 0.0 0.0 -1.0
outer loop
vertex -5.0 20.0 0.0
vertex -5.0 25.0 0.0
vertex 0.0 20.0 0.0
endloop
endfacet
facet normal 0.0 0.0 -1.0
outer loop
vertex -5.0 25.0 0.0
vertex 0.0 25.0 0.0
vertex 0.0 20.0 0.0
endloop
endfacet
facet normal 0.0 0.0 -1.0
outer loop
vertex -5.0 25.0 0.0
vertex -5.0 30.0 0.0
vertex 0.0 25.0 0.0
endloop
endfacet
facet normal 0.0 0.0 -1.0
outer loop
vertex -5.0 30.0 0.0
vertex 0.0 30.0 0.0
vertex 0.0 25.0 0.0
endloop
endfacet
facet normal 0.0 0.0 -1.0
outer loop
vertex -5.0 30.0 0.0
vertex -5.0 35.0 0.0
vertex 0.0 30.0 0.0
endloop
endfacet
facet normal 0.0 0.0 -1.0
outer loop
vertex -5.0 35.0 0.0
vertex 0.0 35.0 0.0
vertex 0.0 30.0 0.0
endloop
endfacet
facet normal 0.0 0.0 -1.0
outer loop
vertex -5.0 35.0 0.0
vertex -5.0 40.0 0.0
vertex 0.0 35.0 0.0
endloop
endfacet
facet normal 0.0 0.0 -1.0
outer loop
vertex -5.0 40.0 0.0
vertex 0.0 40.0 0.0
vertex 0.0 35.0 0.0
endloop
endfacet
facet normal 0.0 0.0 -1.0
outer loop
vertex -5.0 40.0 0.0
vertex -5.0 45.0 0.0
vertex 0.0 40.0 0.0
endloop
endfacet
facet normal 0.0 0.0 -1.0
outer loop
vertex -5.0 45.0 0.0
vertex 0.0 45.0 0.0
vertex 0.0 40.0 0.0
endloop
endfacet
facet normal 0.0 0.0 -1.0
outer loop
vertex -5.0 45.0 0.0
vertex -5.0 50.0 0.0
vertex 0.0 45.0 0.0
endloop
endfacet
facet normal 0.0 0.0 -1.0
outer loop
vertex -5.0 50.0 0.0
vertex 0.0 50.0 0.0
vertex 0.0 45.0 0.0
endloop
endfacet
facet normal 0.0 0.0 -1.0
outer loop
vertex 0.0 -50.0 0.0
vertex 0.0 -45.0 0.0
vertex 5.0 -50.0 0.0
endloop
endfacet
facet normal 0.0 0.0 -1.0
outer loop
vertex 0.0 -45.0 0.0
vertex 5.0 -45.0 0.0
vertex 5.0 -50.0 0.0
endloop
endfacet
facet normal 0.0 0.0 -1.0
outer loop
vertex 0.0 -45.0 0.0
vertex 0.0 -40.0 0.0
vertex 5.0 -45.0 0.0
endloop
endfacet
facet normal 0.0 0.0 -1.0
outer loop
vertex 0.0 -40.0 0.0
vertex 5.0 -40.0 0.0
vertex 5.0 -45.0 0.0
endloop
endfacet
facet normal 0.0 0.0 -1.0
outer loop
vertex 0.0 -40.0 0.0
vertex 0.0 -35.0 0.0
vertex 5.0 -40.0 0.0
endloop
endfacet
facet normal 0.0 0.0 -1.0
outer loop
vertex 0.0 -35.0 0.0
vertex 5.0 -35.0 0.0
vertex 5.0 -40.0 0.0
endloop
endfacet
facet normal 0.0 0.0 -1.0
outer loop
vertex 0.0 -35.0 0.0
vertex 0.0 -30.0 0.0
vertex 5.0 -35.0 0.0
endloop
endfacet
facet normal 0.0 0.0 -1.0
outer loop
vertex 0.0 -30.0 0.0
vertex 5.0 -30.0 0.0
vertex 5.0 -35.0 0.0
endloop
endfacet
facet normal 0.0 0.0 -1.0
outer loop
vertex 0.0 -30.0 0.0
vertex 0.0 -25.0 0.0
vertex 5.0 -30.0 0.0
endloop
endfacet
facet normal 0.0 0.0 -1.0
outer loop
vertex 0.0 -25.0 0.0
vertex 5.0 -25.0 0.0
vertex 5.0 -30.0 0.0
endloop
endfacet
facet normal 0.0 0.0 -1.0
outer loop
vertex 0.0 -25.0 0.0
vertex 0.0 -20.0 0.0
vertex 5.0 -25.0 0.0
endloop
endfacet
facet normal 0.0 0.0 -1.0
outer loop
vertex 0.0 -20.0 0.0
vertex 5.0 -20.0 0.0
vertex 5.0 -25.0 0.0
endloop
endfacet
facet normal 0.0 0.0 -1.0
outer loop
vertex 0.0 -20.0 0.0
vertex 0.0 -15.0 0.0
vertex 5.0 -20.0 0.0
endloop
endfacet
facet normal 0.0 0.0 -1.0
outer loop
vertex 0.0 -15.0 0.0
vertex 5.0 -15.0 0.0
vertex 5.0 -20.0 0.0
endloop
endfacet
facet normal 0.0 0.0 -1.0
outer loop
vertex 0.0 -15.0 0.0
vertex 0.0 -10.0 0.0
vertex 5.0 -15.0 0.0
endloop
endfacet
facet normal 0.0 0.0 -1.0
outer loop
vertex 0.0 -10.0 0.0
vertex 5.0 -10.0 0.0
vertex 5.0 -15.0 0.0
endloop
endfacet
facet normal 0.0 0.0 -1.0
outer loop
vertex 0.0 -10.0 0.0
vertex 0.0 -5.0 0.0
vertex 5.0 -10.0 0.0
endloop
endfacet
facet normal 0.0 0.0 -1.0
outer loop
vertex 0.0 -5.0 0.0
vertex 5.0 -5.0 0.0
vertex 5.0 -10.0 0.0
endloop
endfacet
facet normal 0.0 0.0 -1.0
outer loop
vertex 0.0 -5.0 0.0
vertex 0.0 0.0 0.0
vertex 5.0 -5.0 0.0
endloop
endfacet
facet normal 0.0 0.0 -1.0
outer loop
vertex 0.0 0.0 0.0
vertex 5.0 0.0 0.0
vertex 5.0 -5.0 0.0
endloop
endfacet
facet normal 0.0 0.0 -1.0
outer loop
vertex 0.0 0.0 0.0
vertex 0.0 5.0 0.0
vertex 5.0 0.0 0.0
endloop
endfacet
facet normal 0.0 0.0 -1.0
outer loop
vertex 0.0 5.0 0.0
vertex 5.0 5.0 0.0
vertex 5.0 0.0 0.0
endloop
endfacet
facet normal 0.0 0.0 -1.0
outer loop
vertex 0.0 5.0 0.0
vertex 0.0 10.0 0.0
vertex 5.0 5.0 0.0
endloop
endfacet
facet normal 0.0 0.0 -1.0
outer loop
vertex 0.0 10.0 0.0
vertex 5.0 10.0 0.0
vertex 5.0 5.0 0.0
endloop
endfacet
facet normal 0.0 0.0 -1.0
outer loop
vertex 0.0 10.0 0.0
vertex 0.0 15.0 0.0
vertex 5.0 10.0 0.0
endloop
endfacet
facet normal 0.0 0.0 -1.0
outer loop
vertex 0.0 15.0 0.0
vertex 5.0 15.0 0.0
vertex 5.0 10.0 0.0
endloop
endfacet
facet normal 0.0 0.0 -1.0
outer loop
vertex 0.0 15.0 0.0
vertex 0.0 20.0 0.0
vertex 5.0 15.0 0.0
endloop
endfacet
facet normal 0.0 0.0 -1.0
outer loop
vertex 0.0 20.0 0.0
vertex 5.0 20.0 0.0
vertex 5.0 15.0 0.0
endloop
endfacet
facet normal 0.0 0.0 -1.0
outer loop
vertex 0.0 20.0 0.0
vertex 0.0 25.0 0.0
vertex 5.0 20.0 0.0
endloop
endfacet
facet normal 0.0 0.0 -1.0
outer loop
vertex 0.0 25.0 0.0
vertex 5.0 25.0 0.0
vertex 5.0 20.0 0.0
endloop
endfacet
facet normal 0.0 0.0 -1.0
outer loop
vertex 0.0 25.0 0.0
vertex 0.0 30.0 0.0
vertex 5.0 25.0 0.0
endloop
endfacet
facet normal 0.0 0.0 -1.0
outer loop
vertex 0.0 30.0 0.0
vertex 5.0 30.0 0.0
vertex 5.0 25.0 0.0
endloop
endfacet
facet normal 0.0 0.0 -1.0
outer loop
vertex 0.0 30.0 0.0
vertex 0.0 35.0 0.0
vertex 5.0 30.0 0.0
endloop
endfacet
facet normal 0.0 0.0 -1.0
outer loop
vertex 0.0 35.0 0.0
vertex 5.0 35.0 0.0
vertex 5.0 30.0 0.0
endloop
endfacet
facet normal 0.0 0.0 -1.0
outer loop
vertex 0.0 35.0 0.0
vertex 0.0 40.0 0.0
vertex 5.0 35.0 0.0
endloop
endfacet
facet normal 0.0 0.0 -1.0
outer loop
vertex 0.0 40.0 0.0
vertex 5.0 40.0 0.0
vertex 5.0 35.0 0.0
endloop
endfacet
facet normal 0.0 0.0 -1.0
outer loop
vertex 0.0 40.0 0.0
vertex 0.0 45.0 0.0
vertex 5.0 40.0 0.0
endloop
endfacet
facet normal 0.0 0.0 -1.0
outer loop
vertex 0.0 45.0 0.0
vertex 5.0 45.0 0.0
vertex 5.0 40.0 0.0
endloop
endfacet
facet normal 0.0 0.0 -1.0
outer loop
vertex 0.0 45.0 0.0
vertex 0.0 50.0 0.0
vertex 5.0 45.0 0.0
endloop
endfacet
facet normal 0.0 0.0 -1.0
outer loop
vertex 0.0 50.0 0.0
vertex 5.0 50.0 0.0
vertex 5.0 45.0 0.0
endloop
endfacet
facet normal 0.0 0.0 -1.0
outer loop
vertex 5.0 -50.0 0.0
vertex 5.0 -45.0 0.0
vertex 10.0 -50.0 0.0
endloop
endfacet
facet normal 0.0 0.0 -1.0
outer loop
vertex 5.0 -45.0 0.0
vertex 10.0 -45.0 0.0
vertex 10.0 -50.0 0.0
endloop
endfacet
facet normal 0.0 0.0 -1.0
outer loop
vertex 5.0 -45.0 0.0
vertex 5.0 -40.0 0.0
vertex 10.0 -45.0 0.0
endloop
endfacet
facet normal 0.0 0.0 -1.0
outer loop
vertex 5.0 -40.0 0.0
vertex 10.0 -40.0 0.0
vertex 10.0 -45.0 0.0
endloop
endfacet
facet normal 0.0 0.0 -1.0
outer loop
vertex 5.0 -40.0 0.0
vertex 5.0 -35.0 0.0
vertex 10.0 -40.0 0.0
endloop
endfacet
facet normal 0.0 0.0 -1.0
outer loop
vertex 5.0 -35.0 0.0
vertex 10.0 -35.0 0.0
vertex 10.0 -40.0 0.0
endloop
endfacet
facet normal 0.0 0.0 -1.0
outer loop
vertex 5.0 -35.0 0.0
vertex 5.0 -30.0 0.0
vertex 10.0 -35.0 0.0
endloop
endfacet
facet normal 0.0 0.0 -1.0
outer loop
vertex 5.0 -30.0 0.0
vertex 10.0 -30.0 0.0
vertex 10.0 -35.0 0.0
endloop
endfacet
facet normal 0.0 0.0 -1.0
outer loop
vertex 5.0 -30.0 0.0
vertex 5.0 -25.0 0.0
vertex 10.0 -30.0 0.0
endloop
endfacet
facet normal 0.0 0.0 -1.0
outer loop
vertex 5.0 -25.0 0.0
vertex 10.0 -25.0 0.0
vertex 10.0 -30.0 0.0
endloop
endfacet
facet normal 0.0 0.0 -1.0
outer loop
vertex 5.0 -25.0 0.0
vertex 5.0 -20.0 0.0
vertex 10.0 -25.0 0.0
endloop
endfacet
facet normal 0.0 0.0 -1.0
outer loop
vertex 5.0 -20.0 0.0
vertex 10.0 -20.0 0.0
vertex 10.0 -25.0 0.0
endloop
endfacet
facet normal 0.0 0.0 -1.0
outer loop
vertex 5.0 -20.0 0.0
vertex 5.0 -15.0 0.0
vertex 10.0 -20.0 0.0
endloop
endfacet
facet normal 0.0 0.0 -1.0
outer loop
vertex 5.0 -15.0 0.0
vertex 10.0 -15.0 0.0
vertex 10.0 -20.0 0.0
endloop
endfacet
facet normal 0.0 0.0 -1.0
outer loop
vertex 5.0 -15.0 0.0
vertex 5.0 -10.0 0.0
vertex 10.0 -15.0 0.0
endloop
endfacet
facet normal 0.0 0.0 -1.0
outer loop
vertex 5.0 -10.0 0.0
vertex 10.0 -10.0 0.0
vertex 10.0 -15.0 0.0
endloop
endfacet
facet normal 0.0 0.0 -1.0
outer loop
vertex 5.0 -10.0 0.0
vertex 5.0 -5.0 0.0
vertex 10.0 -10.0 0.0
endloop
endfacet
facet normal 0.0 0.0 -1.0
outer loop
vertex 5.0 -5.0 0.0
vertex 10.0 -5.0 0.0
vertex 10.0 -10.0 0.0
endloop
endfacet
facet normal 0.0 0.0 -1.0
outer loop
vertex 5.0 -5.0 0.0
vertex 5.0 0.0 0.0
vertex 10.0 -5.0 0.0
endloop
endfacet
facet normal 0.0 0.0 -1.0
outer loop
vertex 5.0 0.0 0.0
vertex 10.0 0.0 0.0
vertex 10.0 -5.0 0.0
endloop
endfacet
facet normal 0.0 0.0 -1.0
outer loop
vertex 5.0 0.0 0.0
vertex 5.0 5.0 0.0
vertex 10.0 0.0 0.0
endloop
endfacet
facet normal 0.0 0.0 -1.0
outer loop
vertex 5.0 5.0 0.0
vertex 10.0 5.0 0.0
vertex 10.0 0.0 0.0
endloop
endfacet
facet normal 0.0 0.0 -1.0
outer loop
vertex 5.0 5.0 0.0
vertex 5.0 10.0 0.0
vertex 10.0 5.0 0.0
endloop
endfacet
facet normal 0.0 0.0 -1.0
outer loop
vertex 5.0 10.0 0.0
vertex 10.0 10.0 0.0
vertex 10.0 5.0 0.0
endloop
endfacet
facet normal 0.0 0.0 -1.0
outer loop
vertex 5.0 10.0 0.0
vertex 5.0 15.0 0.0
vertex 10.0 10.0 0.0
endloop
endfacet
facet normal 0.0 0.0 -1.0
outer loop
vertex 5.0 15.0 0.0
vertex 10.0 15.0 0.0
vertex 10.0 10.0 0.0
endloop
endfacet
facet normal 0.0 0.0 -1.0
outer loop
vertex 5.0 15.0 0.0
vertex 5.0 20.0 0.0
vertex 10.0 15.0 0.0
endloop
endfacet
facet normal 0.0 0.0 -1.0
outer loop
vertex 5.0 20.0 0.0
vertex 10.0 20.0 0.0
vertex 10.0 15.0 0.0
endloop
endfacet
facet normal 0.0 0.0 -1.0
outer loop
vertex 5.0 20.0 0.0
vertex 5.0 25.0 0.0
vertex 10.0 20.0 0.0
endloop
endfacet
facet normal 0.0 0.0 -1.0
outer loop
vertex 5.0 25.0 0.0
vertex 10.0 25.0 0.0
vertex 10.0 20.0 0.0
endloop
endfacet
facet normal 0.0 0.0 -1.0
outer loop
vertex 5.0 25.0 0.0
vertex 5.0 30.0 0.0
vertex 10.0 25.0 0.0
endloop
endfacet
facet normal 0.0 0.0 -1.0
outer loop
vertex 5.0 30.0 0.0
vertex 10.0 30.0 0.0
vertex 10.0 25.0 0.0
endloop
endfacet
facet normal 0.0 0.0 -1.0
outer loop
vertex 5.0 30.0 0.0
vertex 5.0 35.0 0.0
vertex 10.0 30.0 0.0
endloop
endfacet
facet normal 0.0 0.0 -1.0
outer loop
vertex 5.0 35.0 0.0
vertex 10.0 35.0 0.0
vertex 10.0 30.0 0.0
endloop
endfacet
facet normal 0.0 0.0 -1.0
outer loop
vertex 5.0 35.0 0.0
vertex 5.0 40.0 0.0
vertex 10.0 35.0 0.0
endloop
endfacet
facet normal 0.0 0.0 -1.0
outer loop
vertex 5.0 40.0 0.0
vertex 10.0 40.0 0.0
vertex 10.0 35.0 0.0
endloop
endfacet
facet normal 0.0 0.0 -1.0
outer loop
vertex 5.0 40.0 0.0
vertex 5.0 45.0 0.0
vertex 10.0 40.0 0.0
endloop
endfacet
facet normal 0.0 0.0 -1.0
outer loop
vertex 5.0 45.0 0.0
vertex 10.0 45.0 0.0
vertex 10.0 40.0 0.0
endloop
endfacet
facet normal 0.0 0.0 -1.0
outer loop
vertex 5.0 45.0 0.0
vertex 5.0 50.0 0.0
vertex 10.0 45.0 0.0
endloop
endfacet
facet normal 0.0 0.0 -1.0
outer loop
vertex 5.0 50.0 0.0
vertex 10.0 50.0 0.0
vertex 10.0 45.0 0.0
endloop
endfacet
facet normal 0.0 0.0 -1.0
outer loop
vertex 10.0 -50.0 0.0
vertex 10.0 -45.0 0.0
vertex 15.0 -50.0 0.0
endloop
endfacet
facet normal 0.0 0.0 -1.0
outer loop
vertex 10.0 -45.0 0.0
vertex 15.0 -45.0 0.0
vertex 15.0 -50.0 0.0
endloop
endfacet
facet normal 0.0 0.0 -1.0
outer loop
vertex 10.0 -45.0 0.0
vertex 10.0 -40.0 0.0
vertex 15.0 -45.0 0.0
endloop
endfacet
facet normal 0.0 0.0 -1.0
outer loop
vertex 10.0 -40.0 0.0
vertex 15.0 -40.0 0.0
vertex 15.0 -45.0 0.0
endloop
endfacet
facet normal 0.0 0.0 -1.0
outer loop
vertex 10.0 -40.0 0.0
vertex 10.0 -35.0 0.0
vertex 15.0 -40.0 0.0
endloop
endfacet
facet normal 0.0 0.0 -1.0
outer loop
vertex 10.0 -35.0 0.0
vertex 15.0 -35.0 0.0
vertex 15.0 -40.0 0.0
endloop
endfacet
facet normal 0.0 0.0 -1.0
outer loop
vertex 10.0 -35.0 0.0
vertex 10.0 -30.0 0.0
vertex 15.0 -35.0 0.0
endloop
endfacet
facet normal 0.0 0.0 -1.0
outer loop
vertex 10.0 -30.0 0.0
vertex 15.0 -30.0 0.0
vertex 15.0 -35.0 0.0
endloop
endfacet
facet normal 0.0 0.0 -1.0
outer loop
vertex 10.0 -30.0 0.0
vertex 10.0 -25.0 0.0
vertex 15.0 -30.0 0.0
endloop
endfacet
facet normal 0.0 0.0 -1.0
outer loop
vertex 10.0 -25.0 0.0
vertex 15.0 -25.0 0.0
vertex 15.0 -30.0 0.0
endloop
endfacet
facet normal 0.0 0.0 -1.0
outer loop
vertex 10.0 -25.0 0.0
vertex 10.0 -20.0 0.0
vertex 15.0 -25.0 0.0
endloop
endfacet
facet normal 0.0 0.0 -1.0
outer loop
vertex 10.0 -20.0 0.0
vertex 15.0 -20.0 0.0
vertex 15.0 -25.0 0.0
endloop
endfacet
facet normal 0.0 0.0 -1.0
outer loop
vertex 10.0 -20.0 0.0
vertex 10.0 -15.0 0.0
vertex 15.0 -20.0 0.0
endloop
endfacet
facet normal 0.0 0.0 -1.0
outer loop
vertex 10.0 -15.0 0.0
vertex 15.0 -15.0 0.0
vertex 15.0 -20.0 0.0
endloop
endfacet
facet normal 0.0 0.0 -1.0
outer loop
vertex 10.0 -15.0 0.0
vertex 10.0 -10.0 0.0
vertex 15.0 -15.0 0.0
endloop
endfacet
facet normal 0.0 0.0 -1.0
outer loop
vertex 10.0 -10.0 0.0
vertex 15.0 -10.0 0.0
vertex 15.0 -15.0 0.0
endloop
endfacet
facet normal 0.0 0.0 -1.0
outer loop
vertex 10.0 -10.0 0.0
vertex 10.0 -5.0 0.0
vertex 15.0 -10.0 0.0
endloop
endfacet
facet normal 0.0 0.0 -1.0
outer loop
vertex 10.0 -5.0 0.0
vertex 15.0 -5.0 0.0
vertex 15.0 -10.0 0.0
endloop
endfacet
facet normal 0.0 0.0 -1.0
outer loop
vertex 10.0 -5.0 0.0
vertex 10.0 0.0 0.0
vertex 15.0 -5.0 0.0
endloop
endfacet
facet normal 0.0 0.0 -1.0
outer loop
vertex 10.0 0.0 0.0
vertex 15.0 0.0 0.0
vertex 15.0 -5.0 0.0
endloop
endfacet
facet normal 0.0 0.0 -1.0
outer loop
vertex 10.0 0.0 0.0
vertex 10.0 5.0 0.0
vertex 15.0 0.0 0.0
endloop
endfacet
facet normal 0.0 0.0 -1.0
outer loop
vertex 10.0 5.0 0.0
vertex 15.0 5.0 0.0
vertex 15.0 0.0 0.0
endloop
endfacet
facet normal 0.0 0.0 -1.0
outer loop
vertex 10.0 5.0 0.0
vertex 10.0 10.0 0.0
vertex 15.0 5.0 0.0
endloop
endfacet
facet normal 0.0 0.0 -1.0
outer loop
vertex 10.0 10.0 0.0
vertex 15.0 10.0 0.0
vertex 15.0 5.0 0.0
endloop
endfacet
facet normal 0.0 0.0 -1.0
outer loop
vertex 10.0 10.0 0.0
vertex 10.0 15.0 0.0
vertex 15.0 10.0 0.0
endloop
endfacet
facet normal 0.0 0.0 -1.0
outer loop
vertex 10.0 15.0 0.0
vertex 15.0 15.0 0.0
vertex 15.0 10.0 0.0
endloop
endfacet
facet normal 0.0 0.0 -1.0
outer loop
vertex 10.0 15.0 0.0
vertex 10.0 20.0 0.0
vertex 15.0 15.0 0.0
endloop
endfacet
facet normal 0.0 0.0 -1.0
outer loop
vertex 10.0 20.0 0.0
vertex 15.0 20.0 0.0
vertex 15.0 15.0 0.0
endloop
endfacet
facet normal 0.0 0.0 -1.0
outer loop
vertex 10.0 20.0 0.0
vertex 10.0 25.0 0.0
vertex 15.0 20.0 0.0
endloop
endfacet
facet normal 0.0 0.0 -1.0
outer loop
vertex 10.0 25.0 0.0
vertex 15.0 25.0 0.0
vertex 15.0 20.0 0.0
endloop
endfacet
facet normal 0.0 0.0 -1.0
outer loop
vertex 10.0 25.0 0.0
vertex 10.0 30.0 0.0
vertex 15.0 25.0 0.0
endloop
endfacet
facet normal 0.0 0.0 -1.0
outer loop
vertex 10.0 30.0 0.0
vertex 15.0 30.0 0.0
vertex 15.0 25.0 0.0
endloop
endfacet
facet normal 0.0 0.0 -1.0
outer loop
vertex 10.0 30.0 0.0
vertex 10.0 35.0 0.0
vertex 15.0 30.0 0.0
endloop
endfacet
facet normal 0.0 0.0 -1.0
outer loop
vertex 10.0 35.0 0.0
vertex 15.0 35.0 0.0
vertex 15.0 30.0 0.0
endloop
endfacet
facet normal 0.0 0.0 -1.0
outer loop
vertex 10.0 35.0 0.0
vertex 10.0 40.0 0.0
vertex 15.0 35.0 0.0
endloop
endfacet
facet normal 0.0 0.0 -1.0
outer loop
vertex 10.0 40.0 0.0
vertex 15.0 40.0 0.0
vertex 15.0 35.0 0.0
endloop
endfacet
facet normal 0.0 0.0 -1.0
outer loop
vertex 10.0 40.0 0.0
vertex 10.0 45.0 0.0
vertex 15.0 40.0 0.0
endloop
endfacet
facet normal 0.0 0.0 -1.0
outer loop
vertex 10.0 45.0 0.0
vertex 15.0 45.0 0.0
vertex 15.0 40.0 0.0
endloop
endfacet
facet normal 0.0 0.0 -1.0
outer loop
vertex 10.0 45.0 0.0
vertex 10.0 50.0 0.0
vertex 15.0 45.0 0.0
endloop
endfacet
facet normal 0.0 0.0 -1.0
outer loop
vertex 10.0 50.0 0.0
vertex 15.0 50.0 0.0
vertex 15.0 45.0 0.0
endloop
endfacet
facet normal 0.0 0.0 -1.0
outer loop
vertex 15.0 -50.0 0.0
vertex 15.0 -45.0 0.0
vertex 20.0 -50.0 0.0
endloop
endfacet
facet normal 0.0 0.0 -1.0
outer loop
vertex 15.0 -45.0 0.0
vertex 20.0 -45.0 0.0
vertex 20.0 -50.0 0.0
endloop
endfacet
facet normal 0.0 0.0 -1.0
outer loop
vertex 15.0 -45.0 0.0
vertex 15.0 -40.0 0.0
vertex 20.0 -45.0 0.0
endloop
endfacet
facet normal 0.0 0.0 -1.0
outer loop
vertex 15.0 -40.0 0.0
vertex 20.0 -40.0 0.0
vertex 20.0 -45.0 0.0
endloop
endfacet
facet normal 0.0 0.0 -1.0
outer loop
vertex 15.0 -40.0 0.0
vertex 15.0 -35.0 0.0
vertex 20.0 -40.0 0.0
endloop
endfacet
facet normal 0.0 0.0 -1.0
outer loop
vertex 15.0 -35.0 0.0
vertex 20.0 -35.0 0.0
vertex 20.0 -40.0 0.0
endloop
endfacet
facet normal 0.0 0.0 -1.0
outer loop
vertex 15.0 -35.0 0.0
vertex 15.0 -30.0 0.0
vertex 20.0 -35.0 0.0
endloop
endfacet
facet normal 0.0 0.0 -1.0
outer loop
vertex 15.0 -30.0 0.0
vertex 20.0 -30.0 0.0
vertex 20.0 -35.0 0.0
endloop
endfacet
facet normal 0.0 0.0 -1.0
outer loop
vertex 15.0 -30.0 0.0
vertex 15.0 -25.0 0.0
vertex 20.0 -30.0 0.0
endloop
endfacet
facet normal 0.0 0.0 -1.0
outer loop
vertex 15.0 -25.0 0.0
vertex 20.0 -25.0 0.0
vertex 20.0 -30.0 0.0
endloop
endfacet
facet normal 0.0 0.0 -1.0
outer loop
vertex 15.0 -25.0 0.0
vertex 15.0 -20.0 0.0
vertex 20.0 -25.0 0.0
endloop
endfacet
facet normal 0.0 0.0 -1.0
outer loop
vertex 15.0 -20.0 0.0
vertex 20.0 -20.0 0.0
vertex 20.0 -25.0 0.0
endloop
endfacet
facet normal 0.0 0.0 -1.0
outer loop
vertex 15.0 -20.0 0.0
vertex 15.0 -15.0 0.0
vertex 20.0 -20.0 0.0
endloop
endfacet
facet normal 0.0 0.0 -1.0
outer loop
vertex 15.0 -15.0 0.0
vertex 20.0 -15.0 0.0
vertex 20.0 -20.0 0.0
endloop
endfacet
facet normal 0.0 0.0 -1.0
outer loop
vertex 15.0 -15.0 0.0
vertex 15.0 -10.0 0.0
vertex 20.0 -15.0 0.0
endloop
endfacet
facet normal 0.0 0.0 -1.0
outer loop
vertex 15.0 -10.0 0.0
vertex 20.0 -10.0 0.0
vertex 20.0 -15.0 0.0
endloop
endfacet
facet normal 0.0 0.0 -1.0
outer loop
vertex 15.0 -10.0 0.0
vertex 15.0 -5.0 0.0
vertex 20.0 -10.0 0.0
endloop
endfacet
facet normal 0.0 0.0 -1.0
outer loop
vertex 15.0 -5.0 0.0
vertex 20.0 -5.0 0.0
vertex 20.0 -10.0 0.0
endloop
endfacet
facet normal 0.0 0.0 -1.0
outer loop
vertex 15.0 -5.0 0.0
vertex 15.0 0.0 0.0
vertex 20.0 -5.0 0.0
endloop
endfacet
facet normal 0.0 0.0 -1.0
outer loop
vertex 15.0 0.0 0.0
vertex 20.0 0.0 0.0
vertex 20.0 -5.0 0.0
endloop
endfacet
facet normal 0.0 0.0 -1.0
outer loop
vertex 15.0 0.0 0.0
vertex 15.0 5.0 0.0
vertex 20.0 0.0 0.0
endloop
endfacet
facet normal 0.0 0.0 -1.0
outer loop
vertex 15.0 5.0 0.0
vertex 20.0 5.0 0.0
vertex 20.0 0.0 0.0
endloop
endfacet
facet normal 0.0 0.0 -1.0
outer loop
vertex 15.0 5.0 0.0
vertex 15.0 10.0 0.0
vertex 20.0 5.0 0.0
endloop
endfacet
facet normal 0.0 0.0 -1.0
outer loop
vertex 15.0 10.0 0.0
vertex 20.0 10.0 0.0
vertex 20.0 5.0 0.0
endloop
endfacet
facet normal 0.0 0.0 -1.0
outer loop
vertex 15.0 10.0 0.0
vertex 15.0 15.0 0.0
vertex 20.0 10.0 0.0
endloop
endfacet
facet normal 0.0 0.0 -1.0
outer loop
vertex 15.0 15.0 0.0
vertex 20.0 15.0 0.0
vertex 20.0 10.0 0.0
endloop
endfacet
facet normal 0.0 0.0 -1.0
outer loop
vertex 15.0 15.0 0.0
vertex 15.0 20.0 0.0
vertex 20.0 15.0 0.0
endloop
endfacet
facet normal 0.0 0.0 -1.0
outer loop
vertex 15.0 20.0 0.0
vertex 20.0 20.0 0.0
vertex 20.0 15.0 0.0
endloop
endfacet
facet normal 0.0 0.0 -1.0
outer loop
vertex 15.0 20.0 0.0
vertex 15.0 25.0 0.0
vertex 20.0 20.0 0.0
endloop
endfacet
facet normal 0.0 0.0 -1.0
outer loop
vertex 15.0 25.0 0.0
vertex 20.0 25.0 0.0
vertex 20.0 20.0 0.0
endloop
endfacet
facet normal 0.0 0.0 -1.0
outer loop
vertex 15.0 25.0 0.0
vertex 15.0 30.0 0.0
vertex 20.0 25.0 0.0
endloop
endfacet
facet normal 0.0 0.0 -1.0
outer loop
vertex 15.0 30.0 0.0
vertex 20.0 30.0 0.0
vertex 20.0 25.0 0.0
endloop
endfacet
facet normal 0.0 0.0 -1.0
outer loop
vertex 15.0 30.0 0.0
vertex 15.0 35.0 0.0
vertex 20.0 30.0 0.0
endloop
endfacet
facet normal 0.0 0.0 -1.0
outer loop
vertex 15.0 35.0 0.0
vertex 20.0 35.0 0.0
vertex 20.0 30.0 0.0
endloop
endfacet
facet normal 0.0 0.0 -1.0
outer loop
vertex 15.0 35.0 0.0
vertex 15.0 40.0 0.0
vertex 20.0 35.0 0.0
endloop
endfacet
facet normal 0.0 0.0 -1.0
outer loop
vertex 15.0 40.0 0.0
vertex 20.0 40.0 0.0
vertex 20.0 35.0 0.0
endloop
endfacet
facet normal 0.0 0.0 -1.0
outer loop
vertex 15.0 40.0 0.0
vertex 15.0 45.0 0.0
vertex 20.0 40.0 0.0
endloop
endfacet
facet normal 0.0 0.0 -1.0
outer loop
vertex 15.0 45.0 0.0
vertex 20.0 45.0 0.0
vertex 20.0 40.0 0.0
endloop
endfacet
facet normal 0.0 0.0 -1.0
outer loop
vertex 15.0 45.0 0.0
vertex 15.0 50.0 0.0
vertex 20.0 45.0 0.0
endloop
endfacet
facet normal 0.0 0.0 -1.0
outer loop
vertex 15.0 50.0 0.0
vertex 20.0 50.0 0.0
vertex 20.0 45.0 0.0
endloop
endfacet
facet normal 0.0 0.0 -1.0
outer loop
vertex 20.0 -50.0 0.0
vertex 20.0 -45.0 0.0
vertex 25.0 -50.0 0.0
endloop
endfacet
facet normal 0.0 0.0 -1.0
outer loop
vertex 20.0 -45.0 0.0
vertex 25.0 -45.0 0.0
vertex 25.0 -50.0 0.0
endloop
endfacet
facet normal 0.0 0.0 -1.0
outer loop
vertex 20.0 -45.0 0.0
vertex 20.0 -40.0 0.0
vertex 25.0 -45.0 0.0
endloop
endfacet
facet normal 0.0 0.0 -1.0
outer loop
vertex 20.0 -40.0 0.0
vertex 25.0 -40.0 0.0
vertex 25.0 -45.0 0.0
endloop
endfacet
facet normal 0.0 0.0 -1.0
outer loop
vertex 20.0 -40.0 0.0
vertex 20.0 -35.0 0.0
vertex 25.0 -40.0 0.0
endloop
endfacet
facet normal 0.0 0.0 -1.0
outer loop
vertex 20.0 -35.0 0.0
vertex 25.0 -35.0 0.0
vertex 25.0 -40.0 0.0
endloop
endfacet
facet normal 0.0 0.0 -1.0
outer loop
vertex 20.0 -35.0 0.0
vertex 20.0 -30.0 0.0
vertex 25.0 -35.0 0.0
endloop
endfacet
facet normal 0.0 0.0 -1.0
outer loop
vertex 20.0 -30.0 0.0
vertex 25.0 -30.0 0.0
vertex 25.0 -35.0 0.0
endloop
endfacet
facet normal 0.0 0.0 -1.0
outer loop
vertex 20.0 -30.0 0.0
vertex 20.0 -25.0 0.0
vertex 25.0 -30.0 0.0
endloop
endfacet
facet normal 0.0 0.0 -1.0
outer loop
vertex 20.0 -25.0 0.0
vertex 25.0 -25.0 0.0
vertex 25.0 -30.0 0.0
endloop
endfacet
facet normal 0.0 0.0 -1.0
outer loop
vertex 20.0 -25.0 0.0
vertex 20.0 -20.0 0.0
vertex 25.0 -25.0 0.0
endloop
endfacet
facet normal 0.0 0.0 -1.0
outer loop
vertex 20.0 -20.0 0.0
vertex 25.0 -20.0 0.0
vertex 25.0 -25.0 0.0
endloop
endfacet
facet normal 0.0 0.0 -1.0
outer loop
vertex 20.0 -20.0 0.0
vertex 20.0 -15.0 0.0
vertex 25.0 -20.0 0.0
endloop
endfacet
facet normal 0.0 0.0 -1.0
outer loop
vertex 20.0 -15.0 0.0
vertex 25.0 -15.0 0.0
vertex 25.0 -20.0 0.0
endloop
endfacet
facet normal 0.0 0.0 -1.0
outer loop
vertex 20.0 -15.0 0.0
vertex 20.0 -10.0 0.0
vertex 25.0 -15.0 0.0
endloop
endfacet
facet normal 0.0 0.0 -1.0
outer loop
vertex 20.0 -10.0 0.0
vertex 25.0 -10.0 0.0
vertex 25.0 -15.0 0.0
endloop
endfacet
facet normal 0.0 0.0 -1.0
outer loop
vertex 20.0 -10.0 0.0
vertex 20.0 -5.0 0.0
vertex 25.0 -10.0 0.0
endloop
endfacet
facet normal 0.0 0.0 -1.0
outer loop
vertex 20.0 -5.0 0.0
vertex 25.0 -5.0 0.0
vertex 25.0 -10.0 0.0
endloop
endfacet
facet normal 0.0 0.0 -1.0
outer loop
vertex 20.0 -5.0 0.0
vertex 20.0 0.0 0.0
vertex 25.0 -5.0 0.0
endloop
endfacet
facet normal 0.0 0.0 -1.0
outer loop
vertex 20.0 0.0 0.0
vertex 25.0 0.0 0.0
vertex 25.0 -5.0 0.0
endloop
endfacet
facet normal 0.0 0.0 -1.0
outer loop
vertex 20.0 0.0 0.0
vertex 20.0 5.0 0.0
vertex 25.0 0.0 0.0
endloop
endfacet
facet normal 0.0 0.0 -1.0
outer loop
vertex 20.0 5.0 0.0
vertex 25.0 5.0 0.0
vertex 25.0 0.0 0.0
endloop
endfacet
facet normal 0.0 0.0 -1.0
outer loop
vertex 20.0 5.0 0.0
vertex 20.0 10.0 0.0
vertex 25.0 5.0 0.0
endloop
endfacet
facet normal 0.0 0.0 -1.0
outer loop
vertex 20.0 10.0 0.0
vertex 25.0 10.0 0.0
vertex 25.0 5.0 0.0
endloop
endfacet
facet normal 0.0 0.0 -1.0
outer loop
vertex 20.0 10.0 0.0
vertex 20.0 15.0 0.0
vertex 25.0 10.0 0.0
endloop
endfacet
facet normal 0.0 0.0 -1.0
outer loop
vertex 20.0 15.0 0.0
vertex 25.0 15.0 0.0
vertex 25.0 10.0 0.0
endloop
endfacet
facet normal 0.0 0.0 -1.0
outer loop
vertex 20.0 15.0 0.0
vertex 20.0 20.0 0.0
vertex 25.0 15.0 0.0
endloop
endfacet
facet normal 0.0 0.0 -1.0
outer loop
vertex 20.0 20.0 0.0
vertex 25.0 20.0 0.0
vertex 25.0 15.0 0.0
endloop
endfacet
facet normal 0.0 0.0 -1.0
outer loop
vertex 20.0 20.0 0.0
vertex 20.0 25.0 0.0
vertex 25.0 20.0 0.0
endloop
endfacet
facet normal 0.0 0.0 -1.0
outer loop
vertex 20.0 25.0 0.0
vertex 25.0 25.0 0.0
vertex 25.0 20.0 0.0
endloop
endfacet
facet normal 0.0 0.0 -1.0
outer loop
vertex 20.0 25.0 0.0
vertex 20.0 30.0 0.0
vertex 25.0 25.0 0.0
endloop
endfacet
facet normal 0.0 0.0 -1.0
outer loop
vertex 20.0 30.0 0.0
vertex 25.0 30.0 0.0
vertex 25.0 25.0 0.0
endloop
endfacet
facet normal 0.0 0.0 -1.0
outer loop
vertex 20.0 30.0 0.0
vertex 20.0 35.0 0.0
vertex 25.0 30.0 0.0
endloop
endfacet
facet normal 0.0 0.0 -1.0
outer loop
vertex 20.0 35.0 0.0
vertex 25.0 35.0 0.0
vertex 25.0 30.0 0.0
endloop
endfacet
facet normal 0.0 0.0 -1.0
outer loop
vertex 20.0 35.0 0.0
vertex 20.0 40.0 0.0
vertex 25.0 35.0 0.0
endloop
endfacet
facet normal 0.0 0.0 -1.0
outer loop
vertex 20.0 40.0 0.0
vertex 25.0 40.0 0.0
vertex 25.0 35.0 0.0
endloop
endfacet
facet normal 0.0 0.0 -1.0
outer loop
vertex 20.0 40.0 0.0
vertex 20.0 45.0 0.0
vertex 25.0 40.0 0.0
endloop
endfacet
facet normal 0.0 0.0 -1.0
outer loop
vertex 20.0 45.0 0.0
vertex 25.0 45.0 0.0
vertex 25.0 40.0 0.0
endloop
endfacet
facet normal 0.0 0.0 -1.0
outer loop
vertex 20.0 45.0 0.0
vertex 20.0 50.0 0.0
vertex 25.0 45.0 0.0
endloop
endfacet
facet normal 0.0 0.0 -1.0
outer loop
vertex 20.0 50.0 0.0
vertex 25.0 50.0 0.0
vertex 25.0 45.0 0.0
endloop
endfacet
facet normal 0.0 0.0 -1.0
outer loop
vertex 25.0 -50.0 0.0
vertex 25.0 -45.0 0.0
vertex 30.0 -50.0 0.0
endloop
endfacet
facet normal 0.0 0.0 -1.0
outer loop
vertex 25.0 -45.0 0.0
vertex 30.0 -45.0 0.0
vertex 30.0 -50.0 0.0
endloop
endfacet
facet normal 0.0 0.0 -1.0
outer loop
vertex 25.0 -45.0 0.0
vertex 25.0 -40.0 0.0
vertex 30.0 -45.0 0.0
endloop
endfacet
facet normal 0.0 0.0 -1.0
outer loop
vertex 25.0 -40.0 0.0
vertex 30.0 -40.0 0.0
vertex 30.0 -45.0 0.0
endloop
endfacet
facet normal 0.0 0.0 -1.0
outer loop
vertex 25.0 -40.0 0.0
vertex 25.0 -35.0 0.0
vertex 30.0 -40.0 0.0
endloop
endfacet
facet normal 0.0 0.0 -1.0
outer loop
vertex 25.0 -35.0 0.0
vertex 30.0 -35.0 0.0
vertex 30.0 -40.0 0.0
endloop
endfacet
facet normal 0.0 0.0 -1.0
outer loop
vertex 25.0 -35.0 0.0
vertex 25.0 -30.0 0.0
vertex 30.0 -35.0 0.0
endloop
endfacet
facet normal 0.0 0.0 -1.0
outer loop
vertex 25.0 -30.0 0.0
vertex 30.0 -30.0 0.0
vertex 30.0 -35.0 0.0
endloop
endfacet
facet normal 0.0 0.0 -1.0
outer loop
vertex 25.0 -30.0 0.0
vertex 25.0 -25.0 0.0
vertex 30.0 -30.0 0.0
endloop
endfacet
facet normal 0.0 0.0 -1.0
outer loop
vertex 25.0 -25.0 0.0
vertex 30.0 -25.0 0.0
vertex 30.0 -30.0 0.0
endloop
endfacet
facet normal 0.0 0.0 -1.0
outer loop
vertex 25.0 -25.0 0.0
vertex 25.0 -20.0 0.0
vertex 30.0 -25.0 0.0
endloop
endfacet
facet normal 0.0 0.0 -1.0
outer loop
vertex 25.0 -20.0 0.0
vertex 30.0 -20.0 0.0
vertex 30.0 -25.0 0.0
endloop
endfacet
facet normal 0.0 0.0 -1.0
outer loop
vertex 25.0 -20.0 0.0
vertex 25.0 -15.0 0.0
vertex 30.0 -20.0 0.0
endloop
endfacet
facet normal 0.0 0.0 -1.0
outer loop
vertex 25.0 -15.0 0.0
vertex 30.0 -15.0 0.0
vertex 30.0 -20.0 0.0
endloop
endfacet
facet normal 0.0 0.0 -1.0
outer loop
vertex 25.0 -15.0 0.0
vertex 25.0 -10.0 0.0
vertex 30.0 -15.0 0.0
endloop
endfacet
facet normal 0.0 0.0 -1.0
outer loop
vertex 25.0 -10.0 0.0
vertex 30.0 -10.0 0.0
vertex 30.0 -15.0 0.0
endloop
endfacet
facet normal 0.0 0.0 -1.0
outer loop
vertex 25.0 -10.0 0.0
vertex 25.0 -5.0 0.0
vertex 30.0 -10.0 0.0
endloop
endfacet
facet normal 0.0 0.0 -1.0
outer loop
vertex 25.0 -5.0 0.0
vertex 30.0 -5.0 0.0
vertex 30.0 -10.0 0.0
endloop
endfacet
facet normal 0.0 0.0 -1.0
outer loop
vertex 25.0 -5.0 0.0
vertex 25.0 0.0 0.0
vertex 30.0 -5.0 0.0
endloop
endfacet
facet normal 0.0 0.0 -1.0
outer loop
vertex 25.0 0.0 0.0
vertex 30.0 0.0 0.0
vertex 30.0 -5.0 0.0
endloop
endfacet
facet normal 0.0 0.0 -1.0
outer loop
vertex 25.0 0.0 0.0
vertex 25.0 5.0 0.0
vertex 30.0 0.0 0.0
endloop
endfacet
facet normal 0.0 0.0 -1.0
outer loop
vertex 25.0 5.0 0.0
vertex 30.0 5.0 0.0
vertex 30.0 0.0 0.0
endloop
endfacet
facet normal 0.0 0.0 -1.0
outer loop
vertex 25.0 5.0 0.0
vertex 25.0 10.0 0.0
vertex 30.0 5.0 0.0
endloop
endfacet
facet normal 0.0 0.0 -1.0
outer loop
vertex 25.0 10.0 0.0
vertex 30.0 10.0 0.0
vertex 30.0 5.0 0.0
endloop
endfacet
facet normal 0.0 0.0 -1.0
outer loop
vertex 25.0 10.0 0.0
vertex 25.0 15.0 0.0
vertex 30.0 10.0 0.0
endloop
endfacet
facet normal 0.0 0.0 -1.0
outer loop
vertex 25.0 15.0 0.0
vertex 30.0 15.0 0.0
vertex 30.0 10.0 0.0
endloop
endfacet
facet normal 0.0 0.0 -1.0
outer loop
vertex 25.0 15.0 0.0
vertex 25.0 20.0 0.0
vertex 30.0 15.0 0.0
endloop
endfacet
facet normal 0.0 0.0 -1.0
outer loop
vertex 25.0 20.0 0.0
vertex 30.0 20.0 0.0
vertex 30.0 15.0 0.0
endloop
endfacet
facet normal 0.0 0.0 -1.0
outer loop
vertex 25.0 20.0 0.0
vertex 25.0 25.0 0.0
vertex 30.0 20.0 0.0
endloop
endfacet
facet normal 0.0 0.0 -1.0
outer loop
vertex 25.0 25.0 0.0
vertex 30.0 25.0 0.0
vertex 30.0 20.0 0.0
endloop
endfacet
facet normal 0.0 0.0 -1.0
outer loop
vertex 25.0 25.0 0.0
vertex 25.0 30.0 0.0
vertex 30.0 25.0 0.0
endloop
endfacet
facet normal 0.0 0.0 -1.0
outer loop
vertex 25.0 30.0 0.0
vertex 30.0 30.0 0.0
vertex 30.0 25.0 0.0
endloop
endfacet
facet normal 0.0 0.0 -1.0
outer loop
vertex 25.0 30.0 0.0
vertex 25.0 35.0 0.0
vertex 30.0 30.0 0.0
endloop
endfacet
facet normal 0.0 0.0 -1.0
outer loop
vertex 25.0 35.0 0.0
vertex 30.0 35.0 0.0
vertex 30.0 30.0 0.0
endloop
endfacet
facet normal 0.0 0.0 -1.0
outer loop
vertex 25.0 35.0 0.0
vertex 25.0 40.0 0.0
vertex 30.0 35.0 0.0
endloop
endfacet
facet normal 0.0 0.0 -1.0
outer loop
vertex 25.0 40.0 0.0
vertex 30.0 40.0 0.0
vertex 30.0 35.0 0.0
endloop
endfacet
facet normal 0.0 0.0 -1.0
outer loop
vertex 25.0 40.0 0.0
vertex 25.0 45.0 0.0
vertex 30.0 40.0 0.0
endloop
endfacet
facet normal 0.0 0.0 -1.0
outer loop
vertex 25.0 45.0 0.0
vertex 30.0 45.0 0.0
vertex 30.0 40.0 0.0
endloop
endfacet
facet normal 0.0 0.0 -1.0
outer loop
vertex 25.0 45.0 0.0
vertex 25.0 50.0 0.0
vertex 30.0 45.0 0.0
endloop
endfacet
facet normal 0.0 0.0 -1.0
outer loop
vertex 25.0 50.0 0.0
vertex 30.0 50.0 0.0
vertex 30.0 45.0 0.0
endloop
endfacet
facet normal 0.0 0.0 -1.0
outer loop
vertex 30.0 -50.0 0.0
vertex 30.0 -45.0 0.0
vertex 35.0 -50.0 0.0
endloop
endfacet
facet normal 0.0 0.0 -1.0
outer loop
vertex 30.0 -45.0 0.0
vertex 35.0 -45.0 0.0
vertex 35.0 -50.0 0.0
endloop
endfacet
facet normal 0.0 0.0 -1.0
outer loop
vertex 30.0 -45.0 0.0
vertex 30.0 -40.0 0.0
vertex 35.0 -45.0 0.0
endloop
endfacet
facet normal 0.0 0.0 -1.0
outer loop
vertex 30.0 -40.0 0.0
vertex 35.0 -40.0 0.0
vertex 35.0 -45.0 0.0
endloop
endfacet
facet normal 0.0 0.0 -1.0
outer loop
vertex 30.0 -40.0 0.0
vertex 30.0 -35.0 0.0
vertex 35.0 -40.0 0.0
endloop
endfacet
facet normal 0.0 0.0 -1.0
outer loop
vertex 30.0 -35.0 0.0
vertex 35.0 -35.0 0.0
vertex 35.0 -40.0 0.0
endloop
endfacet
facet normal 0.0 0.0 -1.0
outer loop
vertex 30.0 -35.0 0.0
vertex 30.0 -30.0 0.0
vertex 35.0 -35.0 0.0
endloop
endfacet
facet normal 0.0 0.0 -1.0
outer loop
vertex 30.0 -30.0 0.0
vertex 35.0 -30.0 0.0
vertex 35.0 -35.0 0.0
endloop
endfacet
facet normal 0.0 0.0 -1.0
outer loop
vertex 30.0 -30.0 0.0
vertex 30.0 -25.0 0.0
vertex 35.0 -30.0 0.0
endloop
endfacet
facet normal 0.0 0.0 -1.0
outer loop
vertex 30.0 -25.0 0.0
vertex 35.0 -25.0 0.0
vertex 35.0 -30.0 0.0
endloop
endfacet
facet normal 0.0 0.0 -1.0
outer loop
vertex 30.0 -25.0 0.0
vertex 30.0 -20.0 0.0
vertex 35.0 -25.0 0.0
endloop
endfacet
facet normal 0.0 0.0 -1.0
outer loop
vertex 30.0 -20.0 0.0
vertex 35.0 -20.0 0.0
vertex 35.0 -25.0 0.0
endloop
endfacet
facet normal 0.0 0.0 -1.0
outer loop
vertex 30.0 -20.0 0.0
vertex 30.0 -15.0 0.0
vertex 35.0 -20.0 0.0
endloop
endfacet
facet normal 0.0 0.0 -1.0
outer loop
vertex 30.0 -15.0 0.0
vertex 35.0 -15.0 0.0
vertex 35.0 -20.0 0.0
endloop
endfacet
facet normal 0.0 0.0 -1.0
outer loop
vertex 30.0 -15.0 0.0
vertex 30.0 -10.0 0.0
vertex 35.0 -15.0 0.0
endloop
endfacet
facet normal 0.0 0.0 -1.0
outer loop
vertex 30.0 -10.0 0.0
vertex 35.0 -10.0 0.0
vertex 35.0 -15.0 0.0
endloop
endfacet
facet normal 0.0 0.0 -1.0
outer loop
vertex 30.0 -10.0 0.0
vertex 30.0 -5.0 0.0
vertex 35.0 -10.0 0.0
endloop
endfacet
facet normal 0.0 0.0 -1.0
outer loop
vertex 30.0 -5.0 0.0
vertex 35.0 -5.0 0.0
vertex 35.0 -10.0 0.0
endloop
endfacet
facet normal 0.0 0.0 -1.0
outer loop
vertex 30.0 -5.0 0.0
vertex 30.0 0.0 0.0
vertex 35.0 -5.0 0.0
endloop
endfacet
facet normal 0.0 0.0 -1.0
outer loop
vertex 30.0 0.0 0.0
vertex 35.0 0.0 0.0
vertex 35.0 -5.0 0.0
endloop
endfacet
facet normal 0.0 0.0 -1.0
outer loop
vertex 30.0 0.0 0.0
vertex 30.0 5.0 0.0
vertex 35.0 0.0 0.0
endloop
endfacet
facet normal 0.0 0.0 -1.0
outer loop
vertex 30.0 5.0 0.0
vertex 35.0 5.0 0.0
vertex 35.0 0.0 0.0
endloop
endfacet
facet normal 0.0 0.0 -1.0
outer loop
vertex 30.0 5.0 0.0
vertex 30.0 10.0 0.0
vertex 35.0 5.0 0.0
endloop
endfacet
facet normal 0.0 0.0 -1.0
outer loop
vertex 30.0 10.0 0.0
vertex 35.0 10.0 0.0
vertex 35.0 5.0 0.0
endloop
endfacet
facet normal 0.0 0.0 -1.0
outer loop
vertex 30.0 10.0 0.0
vertex 30.0 15.0 0.0
vertex 35.0 10.0 0.0
endloop
endfacet
facet normal 0.0 0.0 -1.0
outer loop
vertex 30.0 15.0 0.0
vertex 35.0 15.0 0.0
vertex 35.0 10.0 0.0
endloop
endfacet
facet normal 0.0 0.0 -1.0
outer loop
vertex 30.0 15.0 0.0
vertex 30.0 20.0 0.0
vertex 35.0 15.0 0.0
endloop
endfacet
facet normal 0.0 0.0 -1.0
outer loop
vertex 30.0 20.0 0.0
vertex 35.0 20.0 0.0
vertex 35.0 15.0 0.0
endloop
endfacet
facet normal 0.0 0.0 -1.0
outer loop
vertex 30.0 20.0 0.0
vertex 30.0 25.0 0.0
vertex 35.0 20.0 0.0
endloop
endfacet
facet normal 0.0 0.0 -1.0
outer loop
vertex 30.0 25.0 0.0
vertex 35.0 25.0 0.0
vertex 35.0 20.0 0.0
endloop
endfacet
facet normal 0.0 0.0 -1.0
outer loop
vertex 30.0 25.0 0.0
vertex 30.0 30.0 0.0
vertex 35.0 25.0 0.0
endloop
endfacet
facet normal 0.0 0.0 -1.0
outer loop
vertex 30.0 30.0 0.0
vertex 35.0 30.0 0.0
vertex 35.0 25.0 0.0
endloop
endfacet
facet normal 0.0 0.0 -1.0
outer loop
vertex 30.0 30.0 0.0
vertex 30.0 35.0 0.0
vertex 35.0 30.0 0.0
endloop
endfacet
facet normal 0.0 0.0 -1.0
outer loop
vertex 30.0 35.0 0.0
vertex 35.0 35.0 0.0
vertex 35.0 30.0 0.0
endloop
endfacet
facet normal 0.0 0.0 -1.0
outer loop
vertex 30.0 35.0 0.0
vertex 30.0 40.0 0.0
vertex 35.0 35.0 0.0
endloop
endfacet
facet normal 0.0 0.0 -1.0
outer loop
vertex 30.0 40.0 0.0
vertex 35.0 40.0 0.0
vertex 35.0 35.0 0.0
endloop
endfacet
facet normal 0.0 0.0 -1.0
outer loop
vertex 30.0 40.0 0.0
vertex 30.0 45.0 0.0
vertex 35.0 40.0 0.0
endloop
endfacet
facet normal 0.0 0.0 -1.0
outer loop
vertex 30.0 45.0 0.0
vertex 35.0 45.0 0.0
vertex 35.0 40.0 0.0
endloop
endfacet
facet normal 0.0 0.0 -1.0
outer loop
vertex 30.0 45.0 0.0
vertex 30.0 50.0 0.0
vertex 35.0 45.0 0.0
endloop
endfacet
facet normal 0.0 0.0 -1.0
outer loop
vertex 30.0 50.0 0.0
vertex 35.0 50.0 0.0
vertex 35.0 45.0 0.0
endloop
endfacet
facet normal 0.0 0.0 -1.0
outer loop
vertex 35.0 -50.0 0.0
vertex 35.0 -45.0 0.0
vertex 40.0 -50.0 0.0
endloop
endfacet
facet normal 0.0 0.0 -1.0
outer loop
vertex 35.0 -45.0 0.0
vertex 40.0 -45.0 0.0
vertex 40.0 -50.0 0.0
endloop
endfacet
facet normal 0.0 0.0 -1.0
outer loop
vertex 35.0 -45.0 0.0
vertex 35.0 -40.0 0.0
vertex 40.0 -45.0 0.0
endloop
endfacet
facet normal 0.0 0.0 -1.0
outer loop
vertex 35.0 -40.0 0.0
vertex 40.0 -40.0 0.0
vertex 40.0 -45.0 0.0
endloop
endfacet
facet normal 0.0 0.0 -1.0
outer loop
vertex 35.0 -40.0 0.0
vertex 35.0 -35.0 0.0
vertex 40.0 -40.0 0.0
endloop
endfacet
facet normal 0.0 0.0 -1.0
outer loop
vertex 35.0 -35.0 0.0
vertex 40.0 -35.0 0.0
vertex 40.0 -40.0 0.0
endloop
endfacet
facet normal 0.0 0.0 -1.0
outer loop
vertex 35.0 -35.0 0.0
vertex 35.0 -30.0 0.0
vertex 40.0 -35.0 0.0
endloop
endfacet
facet normal 0.0 0.0 -1.0
outer loop
vertex 35.0 -30.0 0.0
vertex 40.0 -30.0 0.0
vertex 40.0 -35.0 0.0
endloop
endfacet
facet normal 0.0 0.0 -1.0
outer loop
vertex 35.0 -30.0 0.0
vertex 35.0 -25.0 0.0
vertex 40.0 -30.0 0.0
endloop
endfacet
facet normal 0.0 0.0 -1.0
outer loop
vertex 35.0 -25.0 0.0
vertex 40.0 -25.0 0.0
vertex 40.0 -30.0 0.0
endloop
endfacet
facet normal 0.0 0.0 -1.0
outer loop
vertex 35.0 -25.0 0.0
vertex 35.0 -20.0 0.0
vertex 40.0 -25.0 0.0
endloop
endfacet
facet normal 0.0 0.0 -1.0
outer loop
vertex 35.0 -20.0 0.0
vertex 40.0 -20.0 0.0
vertex 40.0 -25.0 0.0
endloop
endfacet
facet normal 0.0 0.0 -1.0
outer loop
vertex 35.0 -20.0 0.0
vertex 35.0 -15.0 0.0
vertex 40.0 -20.0 0.0
endloop
endfacet
facet normal 0.0 0.0 -1.0
outer loop
vertex 35.0 -15.0 0.0
vertex 40.0 -15.0 0.0
vertex 40.0 -20.0 0.0
endloop
endfacet
facet normal 0.0 0.0 -1.0
outer loop
vertex 35.0 -15.0 0.0
vertex 35.0 -10.0 0.0
vertex 40.0 -15.0 0.0
endloop
endfacet
facet normal 0.0 0.0 -1.0
outer loop
vertex 35.0 -10.0 0.0
vertex 40.0 -10.0 0.0
vertex 40.0 -15.0 0.0
endloop
endfacet
facet normal 0.0 0.0 -1.0
outer loop
vertex 35.0 -10.0 0.0
vertex 35.0 -5.0 0.0
vertex 40.0 -10.0 0.0
endloop
endfacet
facet normal 0.0 0.0 -1.0
outer loop
vertex 35.0 -5.0 0.0
vertex 40.0 -5.0 0.0
vertex 40.0 -10.0 0.0
endloop
endfacet
facet normal 0.0 0.0 -1.0
outer loop
vertex 35.0 -5.0 0.0
vertex 35.0 0.0 0.0
vertex 40.0 -5.0 0.0
endloop
endfacet
facet normal 0.0 0.0 -1.0
outer loop
vertex 35.0 0.0 0.0
vertex 40.0 0.0 0.0
vertex 40.0 -5.0 0.0
endloop
endfacet
facet normal 0.0 0.0 -1.0
outer loop
vertex 35.0 0.0 0.0
vertex 35.0 5.0 0.0
vertex 40.0 0.0 0.0
endloop
endfacet
facet normal 0.0 0.0 -1.0
outer loop
vertex 35.0 5.0 0.0
vertex 40.0 5.0 0.0
vertex 40.0 0.0 0.0
endloop
endfacet
facet normal 0.0 0.0 -1.0
outer loop
vertex 35.0 5.0 0.0
vertex 35.0 10.0 0.0
vertex 40.0 5.0 0.0
endloop
endfacet
facet normal 0.0 0.0 -1.0
outer loop
vertex 35.0 10.0 0.0
vertex 40.0 10.0 0.0
vertex 40.0 5.0 0.0
endloop
endfacet
facet normal 0.0 0.0 -1.0
outer loop
vertex 35.0 10.0 0.0
vertex 35.0 15.0 0.0
vertex 40.0 10.0 0.0
endloop
endfacet
facet normal 0.0 0.0 -1.0
outer loop
vertex 35.0 15.0 0.0
vertex 40.0 15.0 0.0
vertex 40.0 10.0 0.0
endloop
endfacet
facet normal 0.0 0.0 -1.0
outer loop
vertex 35.0 15.0 0.0
vertex 35.0 20.0 0.0
vertex 40.0 15.0 0.0
endloop
endfacet
facet normal 0.0 0.0 -1.0
outer loop
vertex 35.0 20.0 0.0
vertex 40.0 20.0 0.0
vertex 40.0 15.0 0.0
endloop
endfacet
facet normal 0.0 0.0 -1.0
outer loop
vertex 35.0 20.0 0.0
vertex 35.0 25.0 0.0
vertex 40.0 20.0 0.0
endloop
endfacet
facet normal 0.0 0.0 -1.0
outer loop
vertex 35.0 25.0 0.0
vertex 40.0 25.0 0.0
vertex 40.0 20.0 0.0
endloop
endfacet
facet normal 0.0 0.0 -1.0
outer loop
vertex 35.0 25.0 0.0
vertex 35.0 30.0 0.0
vertex 40.0 25.0 0.0
endloop
endfacet
facet normal 0.0 0.0 -1.0
outer loop
vertex 35.0 30.0 0.0
vertex 40.0 30.0 0.0
vertex 40.0 25.0 0.0
endloop
endfacet
facet normal 0.0 0.0 -1.0
outer loop
vertex 35.0 30.0 0.0
vertex 35.0 35.0 0.0
vertex 40.0 30.0 0.0
endloop
endfacet
facet normal 0.0 0.0 -1.0
outer loop
vertex 35.0 35.0 0.0
vertex 40.0 35.0 0.0
vertex 40.0 30.0 0.0
endloop
endfacet
facet normal 0.0 0.0 -1.0
outer loop
vertex 35.0 35.0 0.0
vertex 35.0 40.0 0.0
vertex 40.0 35.0 0.0
endloop
endfacet
facet normal 0.0 0.0 -1.0
outer loop
vertex 35.0 40.0 0.0
vertex 40.0 40.0 0.0
vertex 40.0 35.0 0.0
endloop
endfacet
facet normal 0.0 0.0 -1.0
outer loop
vertex 35.0 40.0 0.0
vertex 35.0 45.0 0.0
vertex 40.0 40.0 0.0
endloop
endfacet
facet normal 0.0 0.0 -1.0
outer loop
vertex 35.0 45.0 0.0
vertex 40.0 45.0 0.0
vertex 40.0 40.0 0.0
endloop
endfacet
facet normal 0.0 0.0 -1.0
outer loop
vertex 35.0 45.0 0.0
vertex 35.0 50.0 0.0
vertex 40.0 45.0 0.0
endloop
endfacet
facet normal 0.0 0.0 -1.0
outer loop
vertex 35.0 50.0 0.0
vertex 40.0 50.0 0.0
vertex 40.0 45.0 0.0
endloop
endfacet
facet normal 0.0 0.0 -1.0
outer loop
vertex 40.0 -50.0 0.0
vertex 40.0 -45.0 0.0
vertex 45.0 -50.0 0.0
endloop
endfacet
facet normal 0.0 0.0 -1.0
outer loop
vertex 40.0 -45.0 0.0
vertex 45.0 -45.0 0.0
vertex 45.0 -50.0 0.0
endloop
endfacet
facet normal 0.0 0.0 -1.0
outer loop
vertex 40.0 -45.0 0.0
vertex 40.0 -40.0 0.0
vertex 45.0 -45.0 0.0
endloop
endfacet
facet normal 0.0 0.0 -1.0
outer loop
vertex 40.0 -40.0 0.0
vertex 45.0 -40.0 0.0
vertex 45.0 -45.0 0.0
endloop
endfacet
facet normal 0.0 0.0 -1.0
outer loop
vertex 40.0 -40.0 0.0
vertex 40.0 -35.0 0.0
vertex 45.0 -40.0 0.0
endloop
endfacet
facet normal 0.0 0.0 -1.0
outer loop
vertex 40.0 -35.0 0.0
vertex 45.0 -35.0 0.0
vertex 45.0 -40.0 0.0
endloop
endfacet
facet normal 0.0 0.0 -1.0
outer loop
vertex 40.0 -35.0 0.0
vertex 40.0 -30.0 0.0
vertex 45.0 -35.0 0.0
endloop
endfacet
facet normal 0.0 0.0 -1.0
outer loop
vertex 40.0 -30.0 0.0
vertex 45.0 -30.0 0.0
vertex 45.0 -35.0 0.0
endloop
endfacet
facet normal 0.0 0.0 -1.0
outer loop
vertex 40.0 -30.0 0.0
vertex 40.0 -25.0 0.0
vertex 45.0 -30.0 0.0
endloop
endfacet
facet normal 0.0 0.0 -1.0
outer loop
vertex 40.0 -25.0 0.0
vertex 45.0 -25.0 0.0
vertex 45.0 -30.0 0.0
endloop
endfacet
facet normal 0.0 0.0 -1.0
outer loop
vertex 40.0 -25.0 0.0
vertex 40.0 -20.0 0.0
vertex 45.0 -25.0 0.0
endloop
endfacet
facet normal 0.0 0.0 -1.0
outer loop
vertex 40.0 -20.0 0.0
vertex 45.0 -20.0 0.0
vertex 45.0 -25.0 0.0
endloop
endfacet
facet normal 0.0 0.0 -1.0
outer loop
vertex 40.0 -20.0 0.0
vertex 40.0 -15.0 0.0
vertex 45.0 -20.0 0.0
endloop
endfacet
facet normal 0.0 0.0 -1.0
outer loop
vertex 40.0 -15.0 0.0
vertex 45.0 -15.0 0.0
vertex 45.0 -20.0 0.0
endloop
endfacet
facet normal 0.0 0.0 -1.0
outer loop
vertex 40.0 -15.0 0.0
vertex 40.0 -10.0 0.0
vertex 45.0 -15.0 0.0
endloop
endfacet
facet normal 0.0 0.0 -1.0
outer loop
vertex 40.0 -10.0 0.0
vertex 45.0 -10.0 0.0
vertex 45.0 -15.0 0.0
endloop
endfacet
facet normal 0.0 0.0 -1.0
outer loop
vertex 40.0 -10.0 0.0
vertex 40.0 -5.0 0.0
vertex 45.0 -10.0 0.0
endloop
endfacet
facet normal 0.0 0.0 -1.0
outer loop
vertex 40.0 -5.0 0.0
vertex 45.0 -5.0 0.0
vertex 45.0 -10.0 0.0
endloop
endfacet
facet normal 0.0 0.0 -1.0
outer loop
vertex 40.0 -5.0 0.0
vertex 40.0 0.0 0.0
vertex 45.0 -5.0 0.0
endloop
endfacet
facet normal 0.0 0.0 -1.0
outer loop
vertex 40.0 0.0 0.0
vertex 45.0 0.0 0.0
vertex 45.0 -5.0 0.0
endloop
endfacet
facet normal 0.0 0.0 -1.0
outer loop
vertex 40.0 0.0 0.0
vertex 40.0 5.0 0.0
vertex 45.0 0.0 0.0
endloop
endfacet
facet normal 0.0 0.0 -1.0
outer loop
vertex 40.0 5.0 0.0
vertex 45.0 5.0 0.0
vertex 45.0 0.0 0.0
endloop
endfacet
facet normal 0.0 0.0 -1.0
outer loop
vertex 40.0 5.0 0.0
vertex 40.0 10.0 0.0
vertex 45.0 5.0 0.0
endloop
endfacet
facet normal 0.0 0.0 -1.0
outer loop
vertex 40.0 10.0 0.0
vertex 45.0 10.0 0.0
vertex 45.0 5.0 0.0
endloop
endfacet
facet normal 0.0 0.0 -1.0
outer loop
vertex 40.0 10.0 0.0
vertex 40.0 15.0 0.0
vertex 45.0 10.0 0.0
endloop
endfacet
facet normal 0.0 0.0 -1.0
outer loop
vertex 40.0 15.0 0.0
vertex 45.0 15.0 0.0
vertex 45.0 10.0 0.0
endloop
endfacet
facet normal 0.0 0.0 -1.0
outer loop
vertex 40.0 15.0 0.0
vertex 40.0 20.0 0.0
vertex 45.0 15.0 0.0
endloop
endfacet
facet normal 0.0 0.0 -1.0
outer loop
vertex 40.0 20.0 0.0
vertex 45.0 20.0 0.0
vertex 45.0 15.0 0.0
endloop
endfacet
facet normal 0.0 0.0 -1.0
outer loop
vertex 40.0 20.0 0.0
vertex 40.0 25.0 0.0
vertex 45.0 20.0 0.0
endloop
endfacet
facet normal 0.0 0.0 -1.0
outer loop
vertex 40.0 25.0 0.0
vertex 45.0 25.0 0.0
vertex 45.0 20.0 0.0
endloop
endfacet
facet normal 0.0 0.0 -1.0
outer loop
vertex 40.0 25.0 0.0
vertex 40.0 30.0 0.0
vertex 45.0 25.0 0.0
endloop
endfacet
facet normal 0.0 0.0 -1.0
outer loop
vertex 40.0 30.0 0.0
vertex 45.0 30.0 0.0
vertex 45.0 25.0 0.0
endloop
endfacet
facet normal 0.0 0.0 -1.0
outer loop
vertex 40.0 30.0 0.0
vertex 40.0 35.0 0.0
vertex 45.0 30.0 0.0
endloop
endfacet
facet normal 0.0 0.0 -1.0
outer loop
vertex 40.0 35.0 0.0
vertex 45.0 35.0 0.0
vertex 45.0 30.0 0.0
endloop
endfacet
facet normal 0.0 0.0 -1.0
outer loop
vertex 40.0 35.0 0.0
vertex 40.0 40.0 0.0
vertex 45.0 35.0 0.0
endloop
endfacet
facet normal 0.0 0.0 -1.0
outer loop
vertex 40.0 40.0 0.0
vertex 45.0 40.0 0.0
vertex 45.0 35.0 0.0
endloop
endfacet
facet normal 0.0 0.0 -1.0
outer loop
vertex 40.0 40.0 0.0
vertex 40.0 45.0 0.0
vertex 45.0 40.0 0.0
endloop
endfacet
facet normal 0.0 0.0 -1.0
outer loop
vertex 40.0 45.0 0.0
vertex 45.0 45.0 0.0
vertex 45.0 40.0 0.0
endloop
endfacet
facet normal 0.0 0.0 -1.0
outer loop
vertex 40.0 45.0 0.0
vertex 40.0 50.0 0.0
vertex 45.0 45.0 0.0
endloop
endfacet
facet normal 0.0 0.0 -1.0
outer loop
vertex 40.0 50.0 0.0
vertex 45.0 50.0 0.0
vertex 45.0 45.0 0.0
endloop
endfacet
facet normal 0.0 0.0 -1.0
outer loop
vertex 45.0 -50.0 0.0
vertex 45.0 -45.0 0.0
vertex 50.0 -50.0 0.0
endloop
endfacet
facet normal 0.0 0.0 -1.0
outer loop
vertex 45.0 -45.0 0.0
vertex 50.0 -45.0 0.0
vertex 50.0 -50.0 0.0
endloop
endfacet
facet normal 0.0 0.0 -1.0
outer loop
vertex 45.0 -45.0 0.0
vertex 45.0 -40.0 0.0
vertex 50.0 -45.0 0.0
endloop
endfacet
facet normal 0.0 0.0 -1.0
outer loop
vertex 45.0 -40.0 0.0
vertex 50.0 -40.0 0.0
vertex 50.0 -45.0 0.0
endloop
endfacet
facet normal 0.0 0.0 -1.0
outer loop
vertex 45.0 -40.0 0.0
vertex 45.0 -35.0 0.0
vertex 50.0 -40.0 0.0
endloop
endfacet
facet normal 0.0 0.0 -1.0
outer loop
vertex 45.0 -35.0 0.0
vertex 50.0 -35.0 0.0
vertex 50.0 -40.0 0.0
endloop
endfacet
facet normal 0.0 0.0 -1.0
outer loop
vertex 45.0 -35.0 0.0
vertex 45.0 -30.0 0.0
vertex 50.0 -35.0 0.0
endloop
endfacet
facet normal 0.0 0.0 -1.0
outer loop
vertex 45.0 -30.0 0.0
vertex 50.0 -30.0 0.0
vertex 50.0 -35.0 0.0
endloop
endfacet
facet normal 0.0 0.0 -1.0
outer loop
vertex 45.0 -30.0 0.0
vertex 45.0 -25.0 0.0
vertex 50.0 -30.0 0.0
endloop
endfacet
facet normal 0.0 0.0 -1.0
outer loop
vertex 45.0 -25.0 0.0
vertex 50.0 -25.0 0.0
vertex 50.0 -30.0 0.0
endloop
endfacet
facet normal 0.0 0.0 -1.0
outer loop
vertex 45.0 -25.0 0.0
vertex 45.0 -20.0 0.0
vertex 50.0 -25.0 0.0
endloop
endfacet
facet normal 0.0 0.0 -1.0
outer loop
vertex 45.0 -20.0 0.0
vertex 50.0 -20.0 0.0
vertex 50.0 -25.0 0.0
endloop
endfacet
facet normal 0.0 0.0 -1.0
outer loop
vertex 45.0 -20.0 0.0
vertex 45.0 -15.0 0.0
vertex 50.0 -20.0 0.0
endloop
endfacet
facet normal 0.0 0.0 -1.0
outer loop
vertex 45.0 -15.0 0.0
vertex 50.0 -15.0 0.0
vertex 50.0 -20.0 0.0
endloop
endfacet
facet normal 0.0 0.0 -1.0
outer loop
vertex 45.0 -15.0 0.0
vertex 45.0 -10.0 0.0
vertex 50.0 -15.0 0.0
endloop
endfacet
facet normal 0.0 0.0 -1.0
outer loop
vertex 45.0 -10.0 0.0
vertex 50.0 -10.0 0.0
vertex 50.0 -15.0 0.0
endloop
endfacet
facet normal 0.0 0.0 -1.0
outer loop
vertex 45.0 -10.0 0.0
vertex 45.0 -5.0 0.0
vertex 50.0 -10.0 0.0
endloop
endfacet
facet normal 0.0 0.0 -1.0
outer loop
vertex 45.0 -5.0 0.0
vertex 50.0 -5.0 0.0
vertex 50.0 -10.0 0.0
endloop
endfacet
facet normal 0.0 0.0 -1.0
outer loop
vertex 45.0 -5.0 0.0
vertex 45.0 0.0 0.0
vertex 50.0 -5.0 0.0
endloop
endfacet
facet normal 0.0 0.0 -1.0
outer loop
vertex 45.0 0.0 0.0
vertex 50.0 0.0 0.0
vertex 50.0 -5.0 0.0
endloop
endfacet
facet normal 0.0 0.0 -1.0
outer loop
vertex 45.0 0.0 0.0
vertex 45.0 5.0 0.0
vertex 50.0 0.0 0.0
endloop
endfacet
facet normal 0.0 0.0 -1.0
outer loop
vertex 45.0 5.0 0.0
vertex 50.0 5.0 0.0
vertex 50.0 0.0 0.0
endloop
endfacet
facet normal 0.0 0.0 -1.0
outer loop
vertex 45.0 5.0 0.0
vertex 45.0 10.0 0.0
vertex 50.0 5.0 0.0
endloop
endfacet
facet normal 0.0 0.0 -1.0
outer loop
vertex 45.0 10.0 0.0
vertex 50.0 10.0 0.0
vertex 50.0 5.0 0.0
endloop
endfacet
facet normal 0.0 0.0 -1.0
outer loop
vertex 45.0 10.0 0.0
vertex 45.0 15.0 0.0
vertex 50.0 10.0 0.0
endloop
endfacet
facet normal 0.0 0.0 -1.0
outer loop
vertex 45.0 15.0 0.0
vertex 50.0 15.0 0.0
vertex 50.0 10.0 0.0
endloop
endfacet
facet normal 0.0 0.0 -1.0
outer loop
vertex 45.0 15.0 0.0
vertex 45.0 20.0 0.0
vertex 50.0 15.0 0.0
endloop
endfacet
facet normal 0.0 0.0 -1.0
outer loop
vertex 45.0 20.0 0.0
vertex 50.0 20.0 0.0
vertex 50.0 15.0 0.0
endloop
endfacet
facet normal 0.0 0.0 -1.0
outer loop
vertex 45.0 20.0 0.0
vertex 45.0 25.0 0.0
vertex 50.0 20.0 0.0
endloop
endfacet
facet normal 0.0 0.0 -1.0
outer loop
vertex 45.0 25.0 0.0
vertex 50.0 25.0 0.0
vertex 50.0 20.0 0.0
endloop
endfacet
facet normal 0.0 0.0 -1.0
outer loop
vertex 45.0 25.0 0.0
vertex 45.0 30.0 0.0
vertex 50.0 25.0 0.0
endloop
endfacet
facet normal 0.0 0.0 -1.0
outer loop
vertex 45.0 30.0 0.0
vertex 50.0 30.0 0.0
vertex 50.0 25.0 0.0
endloop
endfacet
facet normal 0.0 0.0 -1.0
outer loop
vertex 45.0 30.0 0.0
vertex 45.0 35.0 0.0
vertex 50.0 30.0 0.0
endloop
endfacet
facet normal 0.0 0.0 -1.0
outer loop
vertex 45.0 35.0 0.0
vertex 50.0 35.0 0.0
vertex 50.0 30.0 0.0
endloop
endfacet
facet normal 0.0 0.0 -1.0
outer loop
vertex 45.0 35.0 0.0
vertex 45.0 40.0 0.0
vertex 50.0 35.0 0.0
endloop
endfacet
facet normal 0.0 0.0 -1.0
outer loop
vertex 45.0 40.0 0.0
vertex 50.0 40.0 0.0
vertex 50.0 35.0 0.0
endloop
endfacet
facet normal 0.0 0.0 -1.0
outer loop
vertex 45.0 40.0 0.0
vertex 45.0 45.0 0.0
vertex 50.0 40.0 0.0
endloop
endfacet
facet normal 0.0 0.0 -1.0
outer loop
vertex 45.0 45.0 0.0
vertex 50.0 45.0 0.0
vertex 50.0 40.0 0.0
endloop
endfacet
facet normal 0.0 0.0 -1.0
outer loop
vertex 45.0 45.0 0.0
vertex 45.0 50.0 0.0
vertex 50.0 45.0 0.0
endloop
endfacet
facet normal 0.0 0.0 -1.0
outer loop
vertex 45.0 50.0 0.0
vertex 50.0 50.0 0.0
vertex 50.0 45.0 0.0
endloop
endfacet
facet normal 0.0 -0.0 1.0
outer loop
vertex -50.0 -50.0 -10.0
vertex -45.0 -50.0 -10.0
vertex -50.0 -45.0 -10.0
endloop
endfacet
facet normal -0.0 0.0 1.0
outer loop
vertex -50.0 -45.0 -10.0
vertex -45.0 -50.0 -10.0
vertex -45.0 -45.0 -10.0
endloop
endfacet
facet normal 0.0 -0.0 1.0
outer loop
vertex -50.0 -45.0 -10.0
vertex -45.0 -45.0 -10.0
vertex -50.0 -40.0 -10.0
endloop
endfacet
facet normal -0.0 0.0 1.0
outer loop
vertex -50.0 -40.0 -10.0
vertex -45.0 -45.0 -10.0
vertex -45.0 -40.0 -10.0
endloop
endfacet
facet normal 0.0 -0.0 1.0
outer loop
vertex -50.0 -40.0 -10.0
vertex -45.0 -40.0 -10.0
vertex -50.0 -35.0 -10.0
endloop
endfacet
facet normal -0.0 0.0 1.0
outer loop
vertex -50.0 -35.0 -10.0
vertex -45.0 -40.0 -10.0
vertex -45.0 -35.0 -10.0
endloop
endfacet
facet normal 0.0 -0.0 1.0
outer loop
vertex -50.0 -35.0 -10.0
vertex -45.0 -35.0 -10.0
vertex -50.0 -30.0 -10.0
endloop
endfacet
facet normal -0.0 0.0 1.0
outer loop
vertex -50.0 -30.0 -10.0
vertex -45.0 -35.0 -10.0
vertex -45.0 -30.0 -10.0
endloop
endfacet
facet normal 0.0 -0.0 1.0
outer loop
vertex -50.0 -30.0 -10.0
vertex -45.0 -30.0 -10.0
vertex -50.0 -25.0 -10.0
endloop
endfacet
facet normal -0.0 0.0 1.0
outer loop
vertex -50.0 -25.0 -10.0
vertex -45.0 -30.0 -10.0
vertex -45.0 -25.0 -10.0
endloop
endfacet
facet normal 0.0 -0.0 1.0
outer loop
vertex -50.0 -25.0 -10.0
vertex -45.0 -25.0 -10.0
vertex -50.0 -20.0 -10.0
endloop
endfacet
facet normal -0.0 0.0 1.0
outer loop
vertex -50.0 -20.0 -10.0
vertex -45.0 -25.0 -10.0
vertex -45.0 -20.0 -10.0
endloop
endfacet
facet normal 0.0 -0.0 1.0
outer loop
vertex -50.0 -20.0 -10.0
vertex -45.0 -20.0 -10.0
vertex -50.0 -15.0 -10.0
endloop
endfacet
facet normal -0.0 0.0 1.0
outer loop
vertex -50.0 -15.0 -10.0
vertex -45.0 -20.0 -10.0
vertex -45.0 -15.0 -10.0
endloop
endfacet
facet normal 0.0 -0.0 1.0
outer loop
vertex -50.0 -15.0 -10.0
vertex -45.0 -15.0 -10.0
vertex -50.0 -10.0 -10.0
endloop
endfacet
facet normal -0.0 0.0 1.0
outer loop
vertex -50.0 -10.0 -10.0
vertex -45.0 -15.0 -10.0
vertex -45.0 -10.0 -10.0
endloop
endfacet
facet normal 0.0 -0.0 1.0
outer loop
vertex -50.0 -10.0 -10.0
vertex -45.0 -10.0 -10.0
vertex -50.0 -5.0 -10.0
endloop
endfacet
facet normal -0.0 0.0 1.0
outer loop
vertex -50.0 -5.0 -10.0
vertex -45.0 -10.0 -10.0
vertex -45.0 -5.0 -10.0
endloop
endfacet
facet normal 0.0 -0.0 1.0
outer loop
vertex -50.0 -5.0 -10.0
vertex -45.0 -5.0 -10.0
vertex -50.0 0.0 -10.0
endloop
endfacet
facet normal -0.0 0.0 1.0
outer loop
vertex -50.0 0.0 -10.0
vertex -45.0 -5.0 -10.0
vertex -45.0 0.0 -10.0
endloop
endfacet
facet normal 0.0 -0.0 1.0
outer loop
vertex -50.0 0.0 -10.0
vertex -45.0 0.0 -10.0
vertex -50.0 5.0 -10.0
endloop
endfacet
facet normal -0.0 0.0 1.0
outer loop
vertex -50.0 5.0 -10.0
vertex -45.0 0.0 -10.0
vertex -45.0 5.0 -10.0
endloop
endfacet
facet normal 0.0 -0.0 1.0
outer loop
vertex -50.0 5.0 -10.0
vertex -45.0 5.0 -10.0
vertex -50.0 10.0 -10.0
endloop
endfacet
facet normal -0.0 0.0 1.0
outer loop
vertex -50.0 10.0 -10.0
vertex -45.0 5.0 -10.0
vertex -45.0 10.0 -10.0
endloop
endfacet
facet normal 0.0 -0.0 1.0
outer loop
vertex -50.0 10.0 -10.0
vertex -45.0 10.0 -10.0
vertex -50.0 15.0 -10.0
endloop
endfacet
facet normal -0.0 0.0 1.0
outer loop
vertex -50.0 15.0 -10.0
vertex -45.0 10.0 -10.0
vertex -45.0 15.0 -10.0
endloop
endfacet
facet normal 0.0 -0.0 1.0
outer loop
vertex -50.0 15.0 -10.0
vertex -45.0 15.0 -10.0
vertex -50.0 20.0 -10.0
endloop
endfacet
facet normal -0.0 0.0 1.0
outer loop
vertex -50.0 20.0 -10.0
vertex -45.0 15.0 -10.0
vertex -45.0 20.0 -10.0
endloop
endfacet
facet normal 0.0 -0.0 1.0
outer loop
vertex -50.0 20.0 -10.0
vertex -45.0 20.0 -10.0
vertex -50.0 25.0 -10.0
endloop
endfacet
facet normal -0.0 0.0 1.0
outer loop
vertex -50.0 25.0 -10.0
vertex -45.0 20.0 -10.0
vertex -45.0 25.0 -10.0
endloop
endfacet
facet normal 0.0 -0.0 1.0
outer loop
vertex -50.0 25.0 -10.0
vertex -45.0 25.0 -10.0
vertex -50.0 30.0 -10.0
endloop
endfacet
facet normal -0.0 0.0 1.0
outer loop
vertex -50.0 30.0 -10.0
vertex -45.0 25.0 -10.0
vertex -45.0 30.0 -10.0
endloop
endfacet
facet normal 0.0 -0.0 1.0
outer loop
vertex -50.0 30.0 -10.0
vertex -45.0 30.0 -10.0
vertex -50.0 35.0 -10.0
endloop
endfacet
facet normal -0.0 0.0 1.0
outer loop
vertex -50.0 35.0 -10.0
vertex -45.0 30.0 -10.0
vertex -45.0 35.0 -10.0
endloop
endfacet
facet normal 0.0 -0.0 1.0
outer loop
vertex -50.0 35.0 -10.0
vertex -45.0 35.0 -10.0
vertex -50.0 40.0 -10.0
endloop
endfacet
facet normal -0.0 0.0 1.0
outer loop
vertex -50.0 40.0 -10.0
vertex -45.0 35.0 -10.0
vertex -45.0 40.0 -10.0
endloop
endfacet
facet normal 0.0 -0.0 1.0
outer loop
vertex -50.0 40.0 -10.0
vertex -45.0 40.0 -10.0
vertex -50.0 45.0 -10.0
endloop
endfacet
facet normal -0.0 0.0 1.0
outer loop
vertex -50.0 45.0 -10.0
vertex -45.0 40.0 -10.0
vertex -45.0 45.0 -10.0
endloop
endfacet
facet normal 0.0 -0.0 1.0
outer loop
vertex -50.0 45.0 -10.0
vertex -45.0 45.0 -10.0
vertex -50.0 50.0 -10.0
endloop
endfacet
facet normal -0.0 0.0 1.0
outer loop
vertex -50.0 50.0 -10.0
vertex -45.0 45.0 -10.0
vertex -45.0 50.0 -10.0
endloop
endfacet
facet normal 0.0 -0.0 1.0
outer loop
vertex -45.0 -50.0 -10.0
vertex -40.0 -50.0 -10.0
vertex -45.0 -45.0 -10.0
endloop
endfacet
facet normal -0.0 0.0 1.0
outer loop
vertex -45.0 -45.0 -10.0
vertex -40.0 -50.0 -10.0
vertex -40.0 -45.0 -10.0
endloop
endfacet
facet normal 0.0 -0.0 1.0
outer loop
vertex -45.0 -45.0 -10.0
vertex -40.0 -45.0 -10.0
vertex -45.0 -40.0 -10.0
endloop
endfacet
facet normal -0.0 0.0 1.0
outer loop
vertex -45.0 -40.0 -10.0
vertex -40.0 -45.0 -10.0
vertex -40.0 -40.0 -10.0
endloop
endfacet
facet normal 0.0 -0.0 1.0
outer loop
vertex -45.0 -40.0 -10.0
vertex -40.0 -40.0 -10.0
vertex -45.0 -35.0 -10.0
endloop
endfacet
facet normal -0.0 0.0 1.0
outer loop
vertex -45.0 -35.0 -10.0
vertex -40.0 -40.0 -10.0
vertex -40.0 -35.0 -10.0
endloop
endfacet
facet normal 0.0 -0.0 1.0
outer loop
vertex -45.0 -35.0 -10.0
vertex -40.0 -35.0 -10.0
vertex -45.0 -30.0 -10.0
endloop
endfacet
facet normal -0.0 0.0 1.0
outer loop
vertex -45.0 -30.0 -10.0
vertex -40.0 -35.0 -10.0
vertex -40.0 -30.0 -10.0
endloop
endfacet
facet normal 0.0 -0.0 1.0
outer loop
vertex -45.0 -30.0 -10.0
vertex -40.0 -30.0 -10.0
vertex -45.0 -25.0 -10.0
endloop
endfacet
facet normal -0.0 0.0 1.0
outer loop
vertex -45.0 -25.0 -10.0
vertex -40.0 -30.0 -10.0
vertex -40.0 -25.0 -10.0
endloop
endfacet
facet normal 0.0 -0.0 1.0
outer loop
vertex -45.0 -25.0 -10.0
vertex -40.0 -25.0 -10.0
vertex -45.0 -20.0 -10.0
endloop
endfacet
facet normal -0.0 0.0 1.0
outer loop
vertex -45.0 -20.0 -10.0
vertex -40.0 -25.0 -10.0
vertex -40.0 -20.0 -10.0
endloop
endfacet
facet normal 0.0 -0.0 1.0
outer loop
vertex -45.0 -20.0 -10.0
vertex -40.0 -20.0 -10.0
vertex -45.0 -15.0 -10.0
endloop
endfacet
facet normal -0.0 0.0 1.0
outer loop
vertex -45.0 -15.0 -10.0
vertex -40.0 -20.0 -10.0
vertex -40.0 -15.0 -10.0
endloop
endfacet
facet normal 0.0 -0.0 1.0
outer loop
vertex -45.0 -15.0 -10.0
vertex -40.0 -15.0 -10.0
vertex -45.0 -10.0 -10.0
endloop
endfacet
facet normal -0.0 0.0 1.0
outer loop
vertex -45.0 -10.0 -10.0
vertex -40.0 -15.0 -10.0
vertex -40.0 -10.0 -10.0
endloop
endfacet
facet normal 0.0 -0.0 1.0
outer loop
vertex -45.0 -10.0 -10.0
vertex -40.0 -10.0 -10.0
vertex -45.0 -5.0 -10.0
endloop
endfacet
facet normal -0.0 0.0 1.0
outer loop
vertex -45.0 -5.0 -10.0
vertex -40.0 -10.0 -10.0
vertex -40.0 -5.0 -10.0
endloop
endfacet
facet normal 0.0 -0.0 1.0
outer loop
vertex -45.0 -5.0 -10.0
vertex -40.0 -5.0 -10.0
vertex -45.0 0.0 -10.0
endloop
endfacet
facet normal -0.0 0.0 1.0
outer loop
vertex -45.0 0.0 -10.0
vertex -40.0 -5.0 -10.0
vertex -40.0 0.0 -10.0
endloop
endfacet
facet normal 0.0 -0.0 1.0
outer loop
vertex -45.0 0.0 -10.0
vertex -40.0 0.0 -10.0
vertex -45.0 5.0 -10.0
endloop
endfacet
facet normal -0.0 0.0 1.0
outer loop
vertex -45.0 5.0 -10.0
vertex -40.0 0.0 -10.0
vertex -40.0 5.0 -10.0
endloop
endfacet
facet normal 0.0 -0.0 1.0
outer loop
vertex -45.0 5.0 -10.0
vertex -40.0 5.0 -10.0
vertex -45.0 10.0 -10.0
endloop
endfacet
facet normal -0.0 0.0 1.0
outer loop
vertex -45.0 10.0 -10.0
vertex -40.0 5.0 -10.0
vertex -40.0 10.0 -10.0
endloop
endfacet
facet normal 0.0 -0.0 1.0
outer loop
vertex -45.0 10.0 -10.0
vertex -40.0 10.0 -10.0
vertex -45.0 15.0 -10.0
endloop
endfacet
facet normal -0.0 0.0 1.0
outer loop
vertex -45.0 15.0 -10.0
vertex -40.0 10.0 -10.0
vertex -40.0 15.0 -10.0
endloop
endfacet
facet normal 0.0 -0.0 1.0
outer loop
vertex -45.0 15.0 -10.0
vertex -40.0 15.0 -10.0
vertex -45.0 20.0 -10.0
endloop
endfacet
facet normal -0.0 0.0 1.0
outer loop
vertex -45.0 20.0 -10.0
vertex -40.0 15.0 -10.0
vertex -40.0 20.0 -10.0
endloop
endfacet
facet normal 0.0 -0.0 1.0
outer loop
vertex -45.0 20.0 -10.0
vertex -40.0 20.0 -10.0
vertex -45.0 25.0 -10.0
endloop
endfacet
facet normal -0.0 0.0 1.0
outer loop
vertex -45.0 25.0 -10.0
vertex -40.0 20.0 -10.0
vertex -40.0 25.0 -10.0
endloop
endfacet
facet normal 0.0 -0.0 1.0
outer loop
vertex -45.0 25.0 -10.0
vertex -40.0 25.0 -10.0
vertex -45.0 30.0 -10.0
endloop
endfacet
facet normal -0.0 0.0 1.0
outer loop
vertex -45.0 30.0 -10.0
vertex -40.0 25.0 -10.0
vertex -40.0 30.0 -10.0
endloop
endfacet
facet normal 0.0 -0.0 1.0
outer loop
vertex -45.0 30.0 -10.0
vertex -40.0 30.0 -10.0
vertex -45.0 35.0 -10.0
endloop
endfacet
facet normal -0.0 0.0 1.0
outer loop
vertex -45.0 35.0 -10.0
vertex -40.0 30.0 -10.0
vertex -40.0 35.0 -10.0
endloop
endfacet
facet normal 0.0 -0.0 1.0
outer loop
vertex -45.0 35.0 -10.0
vertex -40.0 35.0 -10.0
vertex -45.0 40.0 -10.0
endloop
endfacet
facet normal -0.0 0.0 1.0
outer loop
vertex -45.0 40.0 -10.0
vertex -40.0 35.0 -10.0
vertex -40.0 40.0 -10.0
endloop
endfacet
facet normal 0.0 -0.0 1.0
outer loop
vertex -45.0 40.0 -10.0
vertex -40.0 40.0 -10.0
vertex -45.0 45.0 -10.0
endloop
endfacet
facet normal -0.0 0.0 1.0
outer loop
vertex -45.0 45.0 -10.0
vertex -40.0 40.0 -10.0
vertex -40.0 45.0 -10.0
endloop
endfacet
facet normal 0.0 -0.0 1.0
outer loop
vertex -45.0 45.0 -10.0
vertex -40.0 45.0 -10.0
vertex -45.0 50.0 -10.0
endloop
endfacet
facet normal -0.0 0.0 1.0
outer loop
vertex -45.0 50.0 -10.0
vertex -40.0 45.0 -10.0
vertex -40.0 50.0 -10.0
endloop
endfacet
facet normal 0.0 -0.0 1.0
outer loop
vertex -40.0 -50.0 -10.0
vertex -35.0 -50.0 -10.0
vertex -40.0 -45.0 -10.0
endloop
endfacet
facet normal -0.0 0.0 1.0
outer loop
vertex -40.0 -45.0 -10.0
vertex -35.0 -50.0 -10.0
vertex -35.0 -45.0 -10.0
endloop
endfacet
facet normal 0.0 -0.0 1.0
outer loop
vertex -40.0 -45.0 -10.0
vertex -35.0 -45.0 -10.0
vertex -40.0 -40.0 -10.0
endloop
endfacet
facet normal -0.0 0.0 1.0
outer loop
vertex -40.0 -40.0 -10.0
vertex -35.0 -45.0 -10.0
vertex -35.0 -40.0 -10.0
endloop
endfacet
facet normal 0.0 -0.0 1.0
outer loop
vertex -40.0 -40.0 -10.0
vertex -35.0 -40.0 -10.0
vertex -40.0 -35.0 -10.0
endloop
endfacet
facet normal -0.0 0.0 1.0
outer loop
vertex -40.0 -35.0 -10.0
vertex -35.0 -40.0 -10.0
vertex -35.0 -35.0 -10.0
endloop
endfacet
facet normal 0.0 -0.0 1.0
outer loop
vertex -40.0 -35.0 -10.0
vertex -35.0 -35.0 -10.0
vertex -40.0 -30.0 -10.0
endloop
endfacet
facet normal -0.0 0.0 1.0
outer loop
vertex -40.0 -30.0 -10.0
vertex -35.0 -35.0 -10.0
vertex -35.0 -30.0 -10.0
endloop
endfacet
facet normal 0.0 -0.0 1.0
outer loop
vertex -40.0 -30.0 -10.0
vertex -35.0 -30.0 -10.0
vertex -40.0 -25.0 -10.0
endloop
endfacet
facet normal -0.0 0.0 1.0
outer loop
vertex -40.0 -25.0 -10.0
vertex -35.0 -30.0 -10.0
vertex -35.0 -25.0 -10.0
endloop
endfacet
facet normal 0.0 -0.0 1.0
outer loop
vertex -40.0 -25.0 -10.0
vertex -35.0 -25.0 -10.0
vertex -40.0 -20.0 -10.0
endloop
endfacet
facet normal -0.0 0.0 1.0
outer loop
vertex -40.0 -20.0 -10.0
vertex -35.0 -25.0 -10.0
vertex -35.0 -20.0 -10.0
endloop
endfacet
facet normal 0.0 -0.0 1.0
outer loop
vertex -40.0 -20.0 -10.0
vertex -35.0 -20.0 -10.0
vertex -40.0 -15.0 -10.0
endloop
endfacet
facet normal -0.0 0.0 1.0
outer loop
vertex -40.0 -15.0 -10.0
vertex -35.0 -20.0 -10.0
vertex -35.0 -15.0 -10.0
endloop
endfacet
facet normal 0.0 -0.0 1.0
outer loop
vertex -40.0 -15.0 -10.0
vertex -35.0 -15.0 -10.0
vertex -40.0 -10.0 -10.0
endloop
endfacet
facet normal -0.0 0.0 1.0
outer loop
vertex -40.0 -10.0 -10.0
vertex -35.0 -15.0 -10.0
vertex -35.0 -10.0 -10.0
endloop
endfacet
facet normal 0.0 -0.0 1.0
outer loop
vertex -40.0 -10.0 -10.0
vertex -35.0 -10.0 -10.0
vertex -40.0 -5.0 -10.0
endloop
endfacet
facet normal -0.0 0.0 1.0
outer loop
vertex -40.0 -5.0 -10.0
vertex -35.0 -10.0 -10.0
vertex -35.0 -5.0 -10.0
endloop
endfacet
facet normal 0.0 -0.0 1.0
outer loop
vertex -40.0 -5.0 -10.0
vertex -35.0 -5.0 -10.0
vertex -40.0 0.0 -10.0
endloop
endfacet
facet normal -0.0 0.0 1.0
outer loop
vertex -40.0 0.0 -10.0
vertex -35.0 -5.0 -10.0
vertex -35.0 0.0 -10.0
endloop
endfacet
facet normal 0.0 -0.0 1.0
outer loop
vertex -40.0 0.0 -10.0
vertex -35.0 0.0 -10.0
vertex -40.0 5.0 -10.0
endloop
endfacet
facet normal -0.0 0.0 1.0
outer loop
vertex -40.0 5.0 -10.0
vertex -35.0 0.0 -10.0
vertex -35.0 5.0 -10.0
endloop
endfacet
facet normal 0.0 -0.0 1.0
outer loop
vertex -40.0 5.0 -10.0
vertex -35.0 5.0 -10.0
vertex -40.0 10.0 -10.0
endloop
endfacet
facet normal -0.0 0.0 1.0
outer loop
vertex -40.0 10.0 -10.0
vertex -35.0 5.0 -10.0
vertex -35.0 10.0 -10.0
endloop
endfacet
facet normal 0.0 -0.0 1.0
outer loop
vertex -40.0 10.0 -10.0
vertex -35.0 10.0 -10.0
vertex -40.0 15.0 -10.0
endloop
endfacet
facet normal -0.0 0.0 1.0
outer loop
vertex -40.0 15.0 -10.0
vertex -35.0 10.0 -10.0
vertex -35.0 15.0 -10.0
endloop
endfacet
facet normal 0.0 -0.0 1.0
outer loop
vertex -40.0 15.0 -10.0
vertex -35.0 15.0 -10.0
vertex -40.0 20.0 -10.0
endloop
endfacet
facet normal -0.0 0.0 1.0
outer loop
vertex -40.0 20.0 -10.0
vertex -35.0 15.0 -10.0
vertex -35.0 20.0 -10.0
endloop
endfacet
facet normal 0.0 -0.0 1.0
outer loop
vertex -40.0 20.0 -10.0
vertex -35.0 20.0 -10.0
vertex -40.0 25.0 -10.0
endloop
endfacet
facet normal -0.0 0.0 1.0
outer loop
vertex -40.0 25.0 -10.0
vertex -35.0 20.0 -10.0
vertex -35.0 25.0 -10.0
endloop
endfacet
facet normal 0.0 -0.0 1.0
outer loop
vertex -40.0 25.0 -10.0
vertex -35.0 25.0 -10.0
vertex -40.0 30.0 -10.0
endloop
endfacet
facet normal -0.0 0.0 1.0
outer loop
vertex -40.0 30.0 -10.0
vertex -35.0 25.0 -10.0
vertex -35.0 30.0 -10.0
endloop
endfacet
facet normal 0.0 -0.0 1.0
outer loop
vertex -40.0 30.0 -10.0
vertex -35.0 30.0 -10.0
vertex -40.0 35.0 -10.0
endloop
endfacet
facet normal -0.0 0.0 1.0
outer loop
vertex -40.0 35.0 -10.0
vertex -35.0 30.0 -10.0
vertex -35.0 35.0 -10.0
endloop
endfacet
facet normal 0.0 -0.0 1.0
outer loop
vertex -40.0 35.0 -10.0
vertex -35.0 35.0 -10.0
vertex -40.0 40.0 -10.0
endloop
endfacet
facet normal -0.0 0.0 1.0
outer loop
vertex -40.0 40.0 -10.0
vertex -35.0 35.0 -10.0
vertex -35.0 40.0 -10.0
endloop
endfacet
facet normal 0.0 -0.0 1.0
outer loop
vertex -40.0 40.0 -10.0
vertex -35.0 40.0 -10.0
vertex -40.0 45.0 -10.0
endloop
endfacet
facet normal -0.0 0.0 1.0
outer loop
vertex -40.0 45.0 -10.0
vertex -35.0 40.0 -10.0
vertex -35.0 45.0 -10.0
endloop
endfacet
facet normal 0.0 -0.0 1.0
outer loop
vertex -40.0 45.0 -10.0
vertex -35.0 45.0 -10.0
vertex -40.0 50.0 -10.0
endloop
endfacet
facet normal -0.0 0.0 1.0
outer loop
vertex -40.0 50.0 -10.0
vertex -35.0 45.0 -10.0
vertex -35.0 50.0 -10.0
endloop
endfacet
facet normal 0.0 -0.0 1.0
outer loop
vertex -35.0 -50.0 -10.0
vertex -30.0 -50.0 -10.0
vertex -35.0 -45.0 -10.0
endloop
endfacet
facet normal -0.0 0.0 1.0
outer loop
vertex -35.0 -45.0 -10.0
vertex -30.0 -50.0 -10.0
vertex -30.0 -45.0 -10.0
endloop
endfacet
facet normal 0.0 -0.0 1.0
outer loop
vertex -35.0 -45.0 -10.0
vertex -30.0 -45.0 -10.0
vertex -35.0 -40.0 -10.0
endloop
endfacet
facet normal -0.0 0.0 1.0
outer loop
vertex -35.0 -40.0 -10.0
vertex -30.0 -45.0 -10.0
vertex -30.0 -40.0 -10.0
endloop
endfacet
facet normal 0.0 -0.0 1.0
outer loop
vertex -35.0 -40.0 -10.0
vertex -30.0 -40.0 -10.0
vertex -35.0 -35.0 -10.0
endloop
endfacet
facet normal -0.0 0.0 1.0
outer loop
vertex -35.0 -35.0 -10.0
vertex -30.0 -40.0 -10.0
vertex -30.0 -35.0 -10.0
endloop
endfacet
facet normal 0.0 -0.0 1.0
outer loop
vertex -35.0 -35.0 -10.0
vertex -30.0 -35.0 -10.0
vertex -35.0 -30.0 -10.0
endloop
endfacet
facet normal -0.0 0.0 1.0
outer loop
vertex -35.0 -30.0 -10.0
vertex -30.0 -35.0 -10.0
vertex -30.0 -30.0 -10.0
endloop
endfacet
facet normal 0.0 -0.0 1.0
outer loop
vertex -35.0 -30.0 -10.0
vertex -30.0 -30.0 -10.0
vertex -35.0 -25.0 -10.0
endloop
endfacet
facet normal -0.0 0.0 1.0
outer loop
vertex -35.0 -25.0 -10.0
vertex -30.0 -30.0 -10.0
vertex -30.0 -25.0 -10.0
endloop
endfacet
facet normal 0.0 -0.0 1.0
outer loop
vertex -35.0 -25.0 -10.0
vertex -30.0 -25.0 -10.0
vertex -35.0 -20.0 -10.0
endloop
endfacet
facet normal -0.0 0.0 1.0
outer loop
vertex -35.0 -20.0 -10.0
vertex -30.0 -25.0 -10.0
vertex -30.0 -20.0 -10.0
endloop
endfacet
facet normal 0.0 -0.0 1.0
outer loop
vertex -35.0 -20.0 -10.0
vertex -30.0 -20.0 -10.0
vertex -35.0 -15.0 -10.0
endloop
endfacet
facet normal -0.0 0.0 1.0
outer loop
vertex -35.0 -15.0 -10.0
vertex -30.0 -20.0 -10.0
vertex -30.0 -15.0 -10.0
endloop
endfacet
facet normal 0.0 -0.0 1.0
outer loop
vertex -35.0 -15.0 -10.0
vertex -30.0 -15.0 -10.0
vertex -35.0 -10.0 -10.0
endloop
endfacet
facet normal -0.0 0.0 1.0
outer loop
vertex -35.0 -10.0 -10.0
vertex -30.0 -15.0 -10.0
vertex -30.0 -10.0 -10.0
endloop
endfacet
facet normal 0.0 -0.0 1.0
outer loop
vertex -35.0 -10.0 -10.0
vertex -30.0 -10.0 -10.0
vertex -35.0 -5.0 -10.0
endloop
endfacet
facet normal -0.0 0.0 1.0
outer loop
vertex -35.0 -5.0 -10.0
vertex -30.0 -10.0 -10.0
vertex -30.0 -5.0 -10.0
endloop
endfacet
facet normal 0.0 -0.0 1.0
outer loop
vertex -35.0 -5.0 -10.0
vertex -30.0 -5.0 -10.0
vertex -35.0 0.0 -10.0
endloop
endfacet
facet normal -0.0 0.0 1.0
outer loop
vertex -35.0 0.0 -10.0
vertex -30.0 -5.0 -10.0
vertex -30.0 0.0 -10.0
endloop
endfacet
facet normal 0.0 -0.0 1.0
outer loop
vertex -35.0 0.0 -10.0
vertex -30.0 0.0 -10.0
vertex -35.0 5.0 -10.0
endloop
endfacet
facet normal -0.0 0.0 1.0
outer loop
vertex -35.0 5.0 -10.0
vertex -30.0 0.0 -10.0
vertex -30.0 5.0 -10.0
endloop
endfacet
facet normal 0.0 -0.0 1.0
outer loop
vertex -35.0 5.0 -10.0
vertex -30.0 5.0 -10.0
vertex -35.0 10.0 -10.0
endloop
endfacet
facet normal -0.0 0.0 1.0
outer loop
vertex -35.0 10.0 -10.0
vertex -30.0 5.0 -10.0
vertex -30.0 10.0 -10.0
endloop
endfacet
facet normal 0.0 -0.0 1.0
outer loop
vertex -35.0 10.0 -10.0
vertex -30.0 10.0 -10.0
vertex -35.0 15.0 -10.0
endloop
endfacet
facet normal -0.0 0.0 1.0
outer loop
vertex -35.0 15.0 -10.0
vertex -30.0 10.0 -10.0
vertex -30.0 15.0 -10.0
endloop
endfacet
facet normal 0.0 -0.0 1.0
outer loop
vertex -35.0 15.0 -10.0
vertex -30.0 15.0 -10.0
vertex -35.0 20.0 -10.0
endloop
endfacet
facet normal -0.0 0.0 1.0
outer loop
vertex -35.0 20.0 -10.0
vertex -30.0 15.0 -10.0
vertex -30.0 20.0 -10.0
endloop
endfacet
facet normal 0.0 -0.0 1.0
outer loop
vertex -35.0 20.0 -10.0
vertex -30.0 20.0 -10.0
vertex -35.0 25.0 -10.0
endloop
endfacet
facet normal -0.0 0.0 1.0
outer loop
vertex -35.0 25.0 -10.0
vertex -30.0 20.0 -10.0
vertex -30.0 25.0 -10.0
endloop
endfacet
facet normal 0.0 -0.0 1.0
outer loop
vertex -35.0 25.0 -10.0
vertex -30.0 25.0 -10.0
vertex -35.0 30.0 -10.0
endloop
endfacet
facet normal -0.0 0.0 1.0
outer loop
vertex -35.0 30.0 -10.0
vertex -30.0 25.0 -10.0
vertex -30.0 30.0 -10.0
endloop
endfacet
facet normal 0.0 -0.0 1.0
outer loop
vertex -35.0 30.0 -10.0
vertex -30.0 30.0 -10.0
vertex -35.0 35.0 -10.0
endloop
endfacet
facet normal -0.0 0.0 1.0
outer loop
vertex -35.0 35.0 -10.0
vertex -30.0 30.0 -10.0
vertex -30.0 35.0 -10.0
endloop
endfacet
facet normal 0.0 -0.0 1.0
outer loop
vertex -35.0 35.0 -10.0
vertex -30.0 35.0 -10.0
vertex -35.0 40.0 -10.0
endloop
endfacet
facet normal -0.0 0.0 1.0
outer loop
vertex -35.0 40.0 -10.0
vertex -30.0 35.0 -10.0
vertex -30.0 40.0 -10.0
endloop
endfacet
facet normal 0.0 -0.0 1.0
outer loop
vertex -35.0 40.0 -10.0
vertex -30.0 40.0 -10.0
vertex -35.0 45.0 -10.0
endloop
endfacet
facet normal -0.0 0.0 1.0
outer loop
vertex -35.0 45.0 -10.0
vertex -30.0 40.0 -10.0
vertex -30.0 45.0 -10.0
endloop
endfacet
facet normal 0.0 -0.0 1.0
outer loop
vertex -35.0 45.0 -10.0
vertex -30.0 45.0 -10.0
vertex -35.0 50.0 -10.0
endloop
endfacet
facet normal -0.0 0.0 1.0
outer loop
vertex -35.0 50.0 -10.0
vertex -30.0 45.0 -10.0
vertex -30.0 50.0 -10.0
endloop
endfacet
facet normal 0.0 -0.0 1.0
outer loop
vertex -30.0 -50.0 -10.0
vertex -25.0 -50.0 -10.0
vertex -30.0 -45.0 -10.0
endloop
endfacet
facet normal -0.0 0.0 1.0
outer loop
vertex -30.0 -45.0 -10.0
vertex -25.0 -50.0 -10.0
vertex -25.0 -45.0 -10.0
endloop
endfacet
facet normal 0.0 -0.0 1.0
outer loop
vertex -30.0 -45.0 -10.0
vertex -25.0 -45.0 -10.0
vertex -30.0 -40.0 -10.0
endloop
endfacet
facet normal -0.0 0.0 1.0
outer loop
vertex -30.0 -40.0 -10.0
vertex -25.0 -45.0 -10.0
vertex -25.0 -40.0 -10.0
endloop
endfacet
facet normal 0.0 -0.0 1.0
outer loop
vertex -30.0 -40.0 -10.0
vertex -25.0 -40.0 -10.0
vertex -30.0 -35.0 -10.0
endloop
endfacet
facet normal -0.0 0.0 1.0
outer loop
vertex -30.0 -35.0 -10.0
vertex -25.0 -40.0 -10.0
vertex -25.0 -35.0 -10.0
endloop
endfacet
facet normal 0.0 -0.0 1.0
outer loop
vertex -30.0 -35.0 -10.0
vertex -25.0 -35.0 -10.0
vertex -30.0 -30.0 -10.0
endloop
endfacet
facet normal -0.0 0.0 1.0
outer loop
vertex -30.0 -30.0 -10.0
vertex -25.0 -35.0 -10.0
vertex -25.0 -30.0 -10.0
endloop
endfacet
facet normal 0.0 -0.0 1.0
outer loop
vertex -30.0 -30.0 -10.0
vertex -25.0 -30.0 -10.0
vertex -30.0 -25.0 -10.0
endloop
endfacet
facet normal -0.0 0.0 1.0
outer loop
vertex -30.0 -25.0 -10.0
vertex -25.0 -30.0 -10.0
vertex -25.0 -25.0 -10.0
endloop
endfacet
facet normal 0.0 -0.0 1.0
outer loop
vertex -30.0 -25.0 -10.0
vertex -25.0 -25.0 -10.0
vertex -30.0 -20.0 -10.0
endloop
endfacet
facet normal -0.0 0.0 1.0
outer loop
vertex -30.0 -20.0 -10.0
vertex -25.0 -25.0 -10.0
vertex -25.0 -20.0 -10.0
endloop
endfacet
facet normal 0.0 -0.0 1.0
outer loop
vertex -30.0 -20.0 -10.0
vertex -25.0 -20.0 -10.0
vertex -30.0 -15.0 -10.0
endloop
endfacet
facet normal -0.0 0.0 1.0
outer loop
vertex -30.0 -15.0 -10.0
vertex -25.0 -20.0 -10.0
vertex -25.0 -15.0 -10.0
endloop
endfacet
facet normal 0.0 -0.0 1.0
outer loop
vertex -30.0 -15.0 -10.0
vertex -25.0 -15.0 -10.0
vertex -30.0 -10.0 -10.0
endloop
endfacet
facet normal -0.0 0.0 1.0
outer loop
vertex -30.0 -10.0 -10.0
vertex -25.0 -15.0 -10.0
vertex -25.0 -10.0 -10.0
endloop
endfacet
facet normal 0.0 -0.0 1.0
outer loop
vertex -30.0 -10.0 -10.0
vertex -25.0 -10.0 -10.0
vertex -30.0 -5.0 -10.0
endloop
endfacet
facet normal -0.0 0.0 1.0
outer loop
vertex -30.0 -5.0 -10.0
vertex -25.0 -10.0 -10.0
vertex -25.0 -5.0 -10.0
endloop
endfacet
facet normal 0.0 -0.0 1.0
outer loop
vertex -30.0 -5.0 -10.0
vertex -25.0 -5.0 -10.0
vertex -30.0 0.0 -10.0
endloop
endfacet
facet normal -0.0 0.0 1.0
outer loop
vertex -30.0 0.0 -10.0
vertex -25.0 -5.0 -10.0
vertex -25.0 0.0 -10.0
endloop
endfacet
facet normal 0.0 -0.0 1.0
outer loop
vertex -30.0 0.0 -10.0
vertex -25.0 0.0 -10.0
vertex -30.0 5.0 -10.0
endloop
endfacet
facet normal -0.0 0.0 1.0
outer loop
vertex -30.0 5.0 -10.0
vertex -25.0 0.0 -10.0
vertex -25.0 5.0 -10.0
endloop
endfacet
facet normal 0.0 -0.0 1.0
outer loop
vertex -30.0 5.0 -10.0
vertex -25.0 5.0 -10.0
vertex -30.0 10.0 -10.0
endloop
endfacet
facet normal -0.0 0.0 1.0
outer loop
vertex -30.0 10.0 -10.0
vertex -25.0 5.0 -10.0
vertex -25.0 10.0 -10.0
endloop
endfacet
facet normal 0.0 -0.0 1.0
outer loop
vertex -30.0 10.0 -10.0
vertex -25.0 10.0 -10.0
vertex -30.0 15.0 -10.0
endloop
endfacet
facet normal -0.0 0.0 1.0
outer loop
vertex -30.0 15.0 -10.0
vertex -25.0 10.0 -10.0
vertex -25.0 15.0 -10.0
endloop
endfacet
facet normal 0.0 -0.0 1.0
outer loop
vertex -30.0 15.0 -10.0
vertex -25.0 15.0 -10.0
vertex -30.0 20.0 -10.0
endloop
endfacet
facet normal -0.0 0.0 1.0
outer loop
vertex -30.0 20.0 -10.0
vertex -25.0 15.0 -10.0
vertex -25.0 20.0 -10.0
endloop
endfacet
facet normal 0.0 -0.0 1.0
outer loop
vertex -30.0 20.0 -10.0
vertex -25.0 20.0 -10.0
vertex -30.0 25.0 -10.0
endloop
endfacet
facet normal -0.0 0.0 1.0
outer loop
vertex -30.0 25.0 -10.0
vertex -25.0 20.0 -10.0
vertex -25.0 25.0 -10.0
endloop
endfacet
facet normal 0.0 -0.0 1.0
outer loop
vertex -30.0 25.0 -10.0
vertex -25.0 25.0 -10.0
vertex -30.0 30.0 -10.0
endloop
endfacet
facet normal -0.0 0.0 1.0
outer loop
vertex -30.0 30.0 -10.0
vertex -25.0 25.0 -10.0
vertex -25.0 30.0 -10.0
endloop
endfacet
facet normal 0.0 -0.0 1.0
outer loop
vertex -30.0 30.0 -10.0
vertex -25.0 30.0 -10.0
vertex -30.0 35.0 -10.0
endloop
endfacet
facet normal -0.0 0.0 1.0
outer loop
vertex -30.0 35.0 -10.0
vertex -25.0 30.0 -10.0
vertex -25.0 35.0 -10.0
endloop
endfacet
facet normal 0.0 -0.0 1.0
outer loop
vertex -30.0 35.0 -10.0
vertex -25.0 35.0 -10.0
vertex -30.0 40.0 -10.0
endloop
endfacet
facet normal -0.0 0.0 1.0
outer loop
vertex -30.0 40.0 -10.0
vertex -25.0 35.0 -10.0
vertex -25.0 40.0 -10.0
endloop
endfacet
facet normal 0.0 -0.0 1.0
outer loop
vertex -30.0 40.0 -10.0
vertex -25.0 40.0 -10.0
vertex -30.0 45.0 -10.0
endloop
endfacet
facet normal -0.0 0.0 1.0
outer loop
vertex -30.0 45.0 -10.0
vertex -25.0 40.0 -10.0
vertex -25.0 45.0 -10.0
endloop
endfacet
facet normal 0.0 -0.0 1.0
outer loop
vertex -30.0 45.0 -10.0
vertex -25.0 45.0 -10.0
vertex -30.0 50.0 -10.0
endloop
endfacet
facet normal -0.0 0.0 1.0
outer loop
vertex -30.0 50.0 -10.0
vertex -25.0 45.0 -10.0
vertex -25.0 50.0 -10.0
endloop
endfacet
facet normal 0.0 -0.0 1.0
outer loop
vertex -25.0 -50.0 -10.0
vertex -20.0 -50.0 -10.0
vertex -25.0 -45.0 -10.0
endloop
endfacet
facet normal -0.0 0.0 1.0
outer loop
vertex -25.0 -45.0 -10.0
vertex -20.0 -50.0 -10.0
vertex -20.0 -45.0 -10.0
endloop
endfacet
facet normal 0.0 -0.0 1.0
outer loop
vertex -25.0 -45.0 -10.0
vertex -20.0 -45.0 -10.0
vertex -25.0 -40.0 -10.0
endloop
endfacet
facet normal -0.0 0.0 1.0
outer loop
vertex -25.0 -40.0 -10.0
vertex -20.0 -45.0 -10.0
vertex -20.0 -40.0 -10.0
endloop
endfacet
facet normal 0.0 -0.0 1.0
outer loop
vertex -25.0 -40.0 -10.0
vertex -20.0 -40.0 -10.0
vertex -25.0 -35.0 -10.0
endloop
endfacet
facet normal -0.0 0.0 1.0
outer loop
vertex -25.0 -35.0 -10.0
vertex -20.0 -40.0 -10.0
vertex -20.0 -35.0 -10.0
endloop
endfacet
facet normal 0.0 -0.0 1.0
outer loop
vertex -25.0 -35.0 -10.0
vertex -20.0 -35.0 -10.0
vertex -25.0 -30.0 -10.0
endloop
endfacet
facet normal -0.0 0.0 1.0
outer loop
vertex -25.0 -30.0 -10.0
vertex -20.0 -35.0 -10.0
vertex -20.0 -30.0 -10.0
endloop
endfacet
facet normal 0.0 -0.0 1.0
outer loop
vertex -25.0 -30.0 -10.0
vertex -20.0 -30.0 -10.0
vertex -25.0 -25.0 -10.0
endloop
endfacet
facet normal -0.0 0.0 1.0
outer loop
vertex -25.0 -25.0 -10.0
vertex -20.0 -30.0 -10.0
vertex -20.0 -25.0 -10.0
endloop
endfacet
facet normal 0.0 -0.0 1.0
outer loop
vertex -25.0 -25.0 -10.0
vertex -20.0 -25.0 -10.0
vertex -25.0 -20.0 -10.0
endloop
endfacet
facet normal -0.0 0.0 1.0
outer loop
vertex -25.0 -20.0 -10.0
vertex -20.0 -25.0 -10.0
vertex -20.0 -20.0 -10.0
endloop
endfacet
facet normal 0.0 -0.0 1.0
outer loop
vertex -25.0 -20.0 -10.0
vertex -20.0 -20.0 -10.0
vertex -25.0 -15.0 -10.0
endloop
endfacet
facet normal -0.0 0.0 1.0
outer loop
vertex -25.0 -15.0 -10.0
vertex -20.0 -20.0 -10.0
vertex -20.0 -15.0 -10.0
endloop
endfacet
facet normal 0.0 -0.0 1.0
outer loop
vertex -25.0 -15.0 -10.0
vertex -20.0 -15.0 -10.0
vertex -25.0 -10.0 -10.0
endloop
endfacet
facet normal -0.0 0.0 1.0
outer loop
vertex -25.0 -10.0 -10.0
vertex -20.0 -15.0 -10.0
vertex -20.0 -10.0 -10.0
endloop
endfacet
facet normal 0.0 -0.0 1.0
outer loop
vertex -25.0 -10.0 -10.0
vertex -20.0 -10.0 -10.0
vertex -25.0 -5.0 -10.0
endloop
endfacet
facet normal -0.0 0.0 1.0
outer loop
vertex -25.0 -5.0 -10.0
vertex -20.0 -10.0 -10.0
vertex -20.0 -5.0 -10.0
endloop
endfacet
facet normal 0.0 -0.0 1.0
outer loop
vertex -25.0 -5.0 -10.0
vertex -20.0 -5.0 -10.0
vertex -25.0 0.0 -10.0
endloop
endfacet
facet normal -0.0 0.0 1.0
outer loop
vertex -25.0 0.0 -10.0
vertex -20.0 -5.0 -10.0
vertex -20.0 0.0 -10.0
endloop
endfacet
facet normal 0.0 -0.0 1.0
outer loop
vertex -25.0 0.0 -10.0
vertex -20.0 0.0 -10.0
vertex -25.0 5.0 -10.0
endloop
endfacet
facet normal -0.0 0.0 1.0
outer loop
vertex -25.0 5.0 -10.0
vertex -20.0 0.0 -10.0
vertex -20.0 5.0 -10.0
endloop
endfacet
facet normal 0.0 -0.0 1.0
outer loop
vertex -25.0 5.0 -10.0
vertex -20.0 5.0 -10.0
vertex -25.0 10.0 -10.0
endloop
endfacet
facet normal -0.0 0.0 1.0
outer loop
vertex -25.0 10.0 -10.0
vertex -20.0 5.0 -10.0
vertex -20.0 10.0 -10.0
endloop
endfacet
facet normal 0.0 -0.0 1.0
outer loop
vertex -25.0 10.0 -10.0
vertex -20.0 10.0 -10.0
vertex -25.0 15.0 -10.0
endloop
endfacet
facet normal -0.0 0.0 1.0
outer loop
vertex -25.0 15.0 -10.0
vertex -20.0 10.0 -10.0
vertex -20.0 15.0 -10.0
endloop
endfacet
facet normal 0.0 -0.0 1.0
outer loop
vertex -25.0 15.0 -10.0
vertex -20.0 15.0 -10.0
vertex -25.0 20.0 -10.0
endloop
endfacet
facet normal -0.0 0.0 1.0
outer loop
vertex -25.0 20.0 -10.0
vertex -20.0 15.0 -10.0
vertex -20.0 20.0 -10.0
endloop
endfacet
facet normal 0.0 -0.0 1.0
outer loop
vertex -25.0 20.0 -10.0
vertex -20.0 20.0 -10.0
vertex -25.0 25.0 -10.0
endloop
endfacet
facet normal -0.0 0.0 1.0
outer loop
vertex -25.0 25.0 -10.0
vertex -20.0 20.0 -10.0
vertex -20.0 25.0 -10.0
endloop
endfacet
facet normal 0.0 -0.0 1.0
outer loop
vertex -25.0 25.0 -10.0
vertex -20.0 25.0 -10.0
vertex -25.0 30.0 -10.0
endloop
endfacet
facet normal -0.0 0.0 1.0
outer loop
vertex -25.0 30.0 -10.0
vertex -20.0 25.0 -10.0
vertex -20.0 30.0 -10.0
endloop
endfacet
facet normal 0.0 -0.0 1.0
outer loop
vertex -25.0 30.0 -10.0
vertex -20.0 30.0 -10.0
vertex -25.0 35.0 -10.0
endloop
endfacet
facet normal -0.0 0.0 1.0
outer loop
vertex -25.0 35.0 -10.0
vertex -20.0 30.0 -10.0
vertex -20.0 35.0 -10.0
endloop
endfacet
facet normal 0.0 -0.0 1.0
outer loop
vertex -25.0 35.0 -10.0
vertex -20.0 35.0 -10.0
vertex -25.0 40.0 -10.0
endloop
endfacet
facet normal -0.0 0.0 1.0
outer loop
vertex -25.0 40.0 -10.0
vertex -20.0 35.0 -10.0
vertex -20.0 40.0 -10.0
endloop
endfacet
facet normal 0.0 -0.0 1.0
outer loop
vertex -25.0 40.0 -10.0
vertex -20.0 40.0 -10.0
vertex -25.0 45.0 -10.0
endloop
endfacet
facet normal -0.0 0.0 1.0
outer loop
vertex -25.0 45.0 -10.0
vertex -20.0 40.0 -10.0
vertex -20.0 45.0 -10.0
endloop
endfacet
facet normal 0.0 -0.0 1.0
outer loop
vertex -25.0 45.0 -10.0
vertex -20.0 45.0 -10.0
vertex -25.0 50.0 -10.0
endloop
endfacet
facet normal -0.0 0.0 1.0
outer loop
vertex -25.0 50.0 -10.0
vertex -20.0 45.0 -10.0
vertex -20.0 50.0 -10.0
endloop
endfacet
facet normal 0.0 -0.0 1.0
outer loop
vertex -20.0 -50.0 -10.0
vertex -15.0 -50.0 -10.0
vertex -20.0 -45.0 -10.0
endloop
endfacet
facet normal -0.0 0.0 1.0
outer loop
vertex -20.0 -45.0 -10.0
vertex -15.0 -50.0 -10.0
vertex -15.0 -45.0 -10.0
endloop
endfacet
facet normal 0.0 -0.0 1.0
outer loop
vertex -20.0 -45.0 -10.0
vertex -15.0 -45.0 -10.0
vertex -20.0 -40.0 -10.0
endloop
endfacet
facet normal -0.0 0.0 1.0
outer loop
vertex -20.0 -40.0 -10.0
vertex -15.0 -45.0 -10.0
vertex -15.0 -40.0 -10.0
endloop
endfacet
facet normal 0.0 -0.0 1.0
outer loop
vertex -20.0 -40.0 -10.0
vertex -15.0 -40.0 -10.0
vertex -20.0 -35.0 -10.0
endloop
endfacet
facet normal -0.0 0.0 1.0
outer loop
vertex -20.0 -35.0 -10.0
vertex -15.0 -40.0 -10.0
vertex -15.0 -35.0 -10.0
endloop
endfacet
facet normal 0.0 -0.0 1.0
outer loop
vertex -20.0 -35.0 -10.0
vertex -15.0 -35.0 -10.0
vertex -20.0 -30.0 -10.0
endloop
endfacet
facet normal -0.0 0.0 1.0
outer loop
vertex -20.0 -30.0 -10.0
vertex -15.0 -35.0 -10.0
vertex -15.0 -30.0 -10.0
endloop
endfacet
facet normal 0.0 -0.0 1.0
outer loop
vertex -20.0 -30.0 -10.0
vertex -15.0 -30.0 -10.0
vertex -20.0 -25.0 -10.0
endloop
endfacet
facet normal -0.0 0.0 1.0
outer loop
vertex -20.0 -25.0 -10.0
vertex -15.0 -30.0 -10.0
vertex -15.0 -25.0 -10.0
endloop
endfacet
facet normal 0.0 -0.0 1.0
outer loop
vertex -20.0 -25.0 -10.0
vertex -15.0 -25.0 -10.0
vertex -20.0 -20.0 -10.0
endloop
endfacet
facet normal -0.0 0.0 1.0
outer loop
vertex -20.0 -20.0 -10.0
vertex -15.0 -25.0 -10.0
vertex -15.0 -20.0 -10.0
endloop
endfacet
facet normal 0.0 -0.0 1.0
outer loop
vertex -20.0 -20.0 -10.0
vertex -15.0 -20.0 -10.0
vertex -20.0 -15.0 -10.0
endloop
endfacet
facet normal -0.0 0.0 1.0
outer loop
vertex -20.0 -15.0 -10.0
vertex -15.0 -20.0 -10.0
vertex -15.0 -15.0 -10.0
endloop
endfacet
facet normal 0.0 -0.0 1.0
outer loop
vertex -20.0 -15.0 -10.0
vertex -15.0 -15.0 -10.0
vertex -20.0 -10.0 -10.0
endloop
endfacet
facet normal -0.0 0.0 1.0
outer loop
vertex -20.0 -10.0 -10.0
vertex -15.0 -15.0 -10.0
vertex -15.0 -10.0 -10.0
endloop
endfacet
facet normal 0.0 -0.0 1.0
outer loop
vertex -20.0 -10.0 -10.0
vertex -15.0 -10.0 -10.0
vertex -20.0 -5.0 -10.0
endloop
endfacet
facet normal -0.0 0.0 1.0
outer loop
vertex -20.0 -5.0 -10.0
vertex -15.0 -10.0 -10.0
vertex -15.0 -5.0 -10.0
endloop
endfacet
facet normal 0.0 -0.0 1.0
outer loop
vertex -20.0 -5.0 -10.0
vertex -15.0 -5.0 -10.0
vertex -20.0 0.0 -10.0
endloop
endfacet
facet normal -0.0 0.0 1.0
outer loop
vertex -20.0 0.0 -10.0
vertex -15.0 -5.0 -10.0
vertex -15.0 0.0 -10.0
endloop
endfacet
facet normal 0.0 -0.0 1.0
outer loop
vertex -20.0 0.0 -10.0
vertex -15.0 0.0 -10.0
vertex -20.0 5.0 -10.0
endloop
endfacet
facet normal -0.0 0.0 1.0
outer loop
vertex -20.0 5.0 -10.0
vertex -15.0 0.0 -10.0
vertex -15.0 5.0 -10.0
endloop
endfacet
facet normal 0.0 -0.0 1.0
outer loop
vertex -20.0 5.0 -10.0
vertex -15.0 5.0 -10.0
vertex -20.0 10.0 -10.0
endloop
endfacet
facet normal -0.0 0.0 1.0
outer loop
vertex -20.0 10.0 -10.0
vertex -15.0 5.0 -10.0
vertex -15.0 10.0 -10.0
endloop
endfacet
facet normal 0.0 -0.0 1.0
outer loop
vertex -20.0 10.0 -10.0
vertex -15.0 10.0 -10.0
vertex -20.0 15.0 -10.0
endloop
endfacet
facet normal -0.0 0.0 1.0
outer loop
vertex -20.0 15.0 -10.0
vertex -15.0 10.0 -10.0
vertex -15.0 15.0 -10.0
endloop
endfacet
facet normal 0.0 -0.0 1.0
outer loop
vertex -20.0 15.0 -10.0
vertex -15.0 15.0 -10.0
vertex -20.0 20.0 -10.0
endloop
endfacet
facet normal -0.0 0.0 1.0
outer loop
vertex -20.0 20.0 -10.0
vertex -15.0 15.0 -10.0
vertex -15.0 20.0 -10.0
endloop
endfacet
facet normal 0.0 -0.0 1.0
outer loop
vertex -20.0 20.0 -10.0
vertex -15.0 20.0 -10.0
vertex -20.0 25.0 -10.0
endloop
endfacet
facet normal -0.0 0.0 1.0
outer loop
vertex -20.0 25.0 -10.0
vertex -15.0 20.0 -10.0
vertex -15.0 25.0 -10.0
endloop
endfacet
facet normal 0.0 -0.0 1.0
outer loop
vertex -20.0 25.0 -10.0
vertex -15.0 25.0 -10.0
vertex -20.0 30.0 -10.0
endloop
endfacet
facet normal -0.0 0.0 1.0
outer loop
vertex -20.0 30.0 -10.0
vertex -15.0 25.0 -10.0
vertex -15.0 30.0 -10.0
endloop
endfacet
facet normal 0.0 -0.0 1.0
outer loop
vertex -20.0 30.0 -10.0
vertex -15.0 30.0 -10.0
vertex -20.0 35.0 -10.0
endloop
endfacet
facet normal -0.0 0.0 1.0
outer loop
vertex -20.0 35.0 -10.0
vertex -15.0 30.0 -10.0
vertex -15.0 35.0 -10.0
endloop
endfacet
facet normal 0.0 -0.0 1.0
outer loop
vertex -20.0 35.0 -10.0
vertex -15.0 35.0 -10.0
vertex -20.0 40.0 -10.0
endloop
endfacet
facet normal -0.0 0.0 1.0
outer loop
vertex -20.0 40.0 -10.0
vertex -15.0 35.0 -10.0
vertex -15.0 40.0 -10.0
endloop
endfacet
facet normal 0.0 -0.0 1.0
outer loop
vertex -20.0 40.0 -10.0
vertex -15.0 40.0 -10.0
vertex -20.0 45.0 -10.0
endloop
endfacet
facet normal -0.0 0.0 1.0
outer loop
vertex -20.0 45.0 -10.0
vertex -15.0 40.0 -10.0
vertex -15.0 45.0 -10.0
endloop
endfacet
facet normal 0.0 -0.0 1.0
outer loop
vertex -20.0 45.0 -10.0
vertex -15.0 45.0 -10.0
vertex -20.0 50.0 -10.0
endloop
endfacet
facet normal -0.0 0.0 1.0
outer loop
vertex -20.0 50.0 -10.0
vertex -15.0 45.0 -10.0
vertex -15.0 50.0 -10.0
endloop
endfacet
facet normal 0.0 -0.0 1.0
outer loop
vertex -15.0 -50.0 -10.0
vertex -10.0 -50.0 -10.0
vertex -15.0 -45.0 -10.0
endloop
endfacet
facet normal -0.0 0.0 1.0
outer loop
vertex -15.0 -45.0 -10.0
vertex -10.0 -50.0 -10.0
vertex -10.0 -45.0 -10.0
endloop
endfacet
facet normal 0.0 -0.0 1.0
outer loop
vertex -15.0 -45.0 -10.0
vertex -10.0 -45.0 -10.0
vertex -15.0 -40.0 -10.0
endloop
endfacet
facet normal -0.0 0.0 1.0
outer loop
vertex -15.0 -40.0 -10.0
vertex -10.0 -45.0 -10.0
vertex -10.0 -40.0 -10.0
endloop
endfacet
facet normal 0.0 -0.0 1.0
outer loop
vertex -15.0 -40.0 -10.0
vertex -10.0 -40.0 -10.0
vertex -15.0 -35.0 -10.0
endloop
endfacet
facet normal -0.0 0.0 1.0
outer loop
vertex -15.0 -35.0 -10.0
vertex -10.0 -40.0 -10.0
vertex -10.0 -35.0 -10.0
endloop
endfacet
facet normal 0.0 -0.0 1.0
outer loop
vertex -15.0 -35.0 -10.0
vertex -10.0 -35.0 -10.0
vertex -15.0 -30.0 -10.0
endloop
endfacet
facet normal -0.0 0.0 1.0
outer loop
vertex -15.0 -30.0 -10.0
vertex -10.0 -35.0 -10.0
vertex -10.0 -30.0 -10.0
endloop
endfacet
facet normal 0.0 -0.0 1.0
outer loop
vertex -15.0 -30.0 -10.0
vertex -10.0 -30.0 -10.0
vertex -15.0 -25.0 -10.0
endloop
endfacet
facet normal -0.0 0.0 1.0
outer loop
vertex -15.0 -25.0 -10.0
vertex -10.0 -30.0 -10.0
vertex -10.0 -25.0 -10.0
endloop
endfacet
facet normal 0.0 -0.0 1.0
outer loop
vertex -15.0 -25.0 -10.0
vertex -10.0 -25.0 -10.0
vertex -15.0 -20.0 -10.0
endloop
endfacet
facet normal -0.0 0.0 1.0
outer loop
vertex -15.0 -20.0 -10.0
vertex -10.0 -25.0 -10.0
vertex -10.0 -20.0 -10.0
endloop
endfacet
facet normal 0.0 -0.0 1.0
outer loop
vertex -15.0 -20.0 -10.0
vertex -10.0 -20.0 -10.0
vertex -15.0 -15.0 -10.0
endloop
endfacet
facet normal -0.0 0.0 1.0
outer loop
vertex -15.0 -15.0 -10.0
vertex -10.0 -20.0 -10.0
vertex -10.0 -15.0 -10.0
endloop
endfacet
facet normal 0.0 -0.0 1.0
outer loop
vertex -15.0 -15.0 -10.0
vertex -10.0 -15.0 -10.0
vertex -15.0 -10.0 -10.0
endloop
endfacet
facet normal -0.0 0.0 1.0
outer loop
vertex -15.0 -10.0 -10.0
vertex -10.0 -15.0 -10.0
vertex -10.0 -10.0 -10.0
endloop
endfacet
facet normal 0.0 -0.0 1.0
outer loop
vertex -15.0 -10.0 -10.0
vertex -10.0 -10.0 -10.0
vertex -15.0 -5.0 -10.0
endloop
endfacet
facet normal -0.0 0.0 1.0
outer loop
vertex -15.0 -5.0 -10.0
vertex -10.0 -10.0 -10.0
vertex -10.0 -5.0 -10.0
endloop
endfacet
facet normal 0.0 -0.0 1.0
outer loop
vertex -15.0 -5.0 -10.0
vertex -10.0 -5.0 -10.0
vertex -15.0 0.0 -10.0
endloop
endfacet
facet normal -0.0 0.0 1.0
outer loop
vertex -15.0 0.0 -10.0
vertex -10.0 -5.0 -10.0
vertex -10.0 0.0 -10.0
endloop
endfacet
facet normal 0.0 -0.0 1.0
outer loop
vertex -15.0 0.0 -10.0
vertex -10.0 0.0 -10.0
vertex -15.0 5.0 -10.0
endloop
endfacet
facet normal -0.0 0.0 1.0
outer loop
vertex -15.0 5.0 -10.0
vertex -10.0 0.0 -10.0
vertex -10.0 5.0 -10.0
endloop
endfacet
facet normal 0.0 -0.0 1.0
outer loop
vertex -15.0 5.0 -10.0
vertex -10.0 5.0 -10.0
vertex -15.0 10.0 -10.0
endloop
endfacet
facet normal -0.0 0.0 1.0
outer loop
vertex -15.0 10.0 -10.0
vertex -10.0 5.0 -10.0
vertex -10.0 10.0 -10.0
endloop
endfacet
facet normal 0.0 -0.0 1.0
outer loop
vertex -15.0 10.0 -10.0
vertex -10.0 10.0 -10.0
vertex -15.0 15.0 -10.0
endloop
endfacet
facet normal -0.0 0.0 1.0
outer loop
vertex -15.0 15.0 -10.0
vertex -10.0 10.0 -10.0
vertex -10.0 15.0 -10.0
endloop
endfacet
facet normal 0.0 -0.0 1.0
outer loop
vertex -15.0 15.0 -10.0
vertex -10.0 15.0 -10.0
vertex -15.0 20.0 -10.0
endloop
endfacet
facet normal -0.0 0.0 1.0
outer loop
vertex -15.0 20.0 -10.0
vertex -10.0 15.0 -10.0
vertex -10.0 20.0 -10.0
endloop
endfacet
facet normal 0.0 -0.0 1.0
outer loop
vertex -15.0 20.0 -10.0
vertex -10.0 20.0 -10.0
vertex -15.0 25.0 -10.0
endloop
endfacet
facet normal -0.0 0.0 1.0
outer loop
vertex -15.0 25.0 -10.0
vertex -10.0 20.0 -10.0
vertex -10.0 25.0 -10.0
endloop
endfacet
facet normal 0.0 -0.0 1.0
outer loop
vertex -15.0 25.0 -10.0
vertex -10.0 25.0 -10.0
vertex -15.0 30.0 -10.0
endloop
endfacet
facet normal -0.0 0.0 1.0
outer loop
vertex -15.0 30.0 -10.0
vertex -10.0 25.0 -10.0
vertex -10.0 30.0 -10.0
endloop
endfacet
facet normal 0.0 -0.0 1.0
outer loop
vertex -15.0 30.0 -10.0
vertex -10.0 30.0 -10.0
vertex -15.0 35.0 -10.0
endloop
endfacet
facet normal -0.0 0.0 1.0
outer loop
vertex -15.0 35.0 -10.0
vertex -10.0 30.0 -10.0
vertex -10.0 35.0 -10.0
endloop
endfacet
facet normal 0.0 -0.0 1.0
outer loop
vertex -15.0 35.0 -10.0
vertex -10.0 35.0 -10.0
vertex -15.0 40.0 -10.0
endloop
endfacet
facet normal -0.0 0.0 1.0
outer loop
vertex -15.0 40.0 -10.0
vertex -10.0 35.0 -10.0
vertex -10.0 40.0 -10.0
endloop
endfacet
facet normal 0.0 -0.0 1.0
outer loop
vertex -15.0 40.0 -10.0
vertex -10.0 40.0 -10.0
vertex -15.0 45.0 -10.0
endloop
endfacet
facet normal -0.0 0.0 1.0
outer loop
vertex -15.0 45.0 -10.0
vertex -10.0 40.0 -10.0
vertex -10.0 45.0 -10.0
endloop
endfacet
facet normal 0.0 -0.0 1.0
outer loop
vertex -15.0 45.0 -10.0
vertex -10.0 45.0 -10.0
vertex -15.0 50.0 -10.0
endloop
endfacet
facet normal -0.0 0.0 1.0
outer loop
vertex -15.0 50.0 -10.0
vertex -10.0 45.0 -10.0
vertex -10.0 50.0 -10.0
endloop
endfacet
facet normal 0.0 -0.0 1.0
outer loop
vertex -10.0 -50.0 -10.0
vertex -5.0 -50.0 -10.0
vertex -10.0 -45.0 -10.0
endloop
endfacet
facet normal -0.0 0.0 1.0
outer loop
vertex -10.0 -45.0 -10.0
vertex -5.0 -50.0 -10.0
vertex -5.0 -45.0 -10.0
endloop
endfacet
facet normal 0.0 -0.0 1.0
outer loop
vertex -10.0 -45.0 -10.0
vertex -5.0 -45.0 -10.0
vertex -10.0 -40.0 -10.0
endloop
endfacet
facet normal -0.0 0.0 1.0
outer loop
vertex -10.0 -40.0 -10.0
vertex -5.0 -45.0 -10.0
vertex -5.0 -40.0 -10.0
endloop
endfacet
facet normal 0.0 -0.0 1.0
outer loop
vertex -10.0 -40.0 -10.0
vertex -5.0 -40.0 -10.0
vertex -10.0 -35.0 -10.0
endloop
endfacet
facet normal -0.0 0.0 1.0
outer loop
vertex -10.0 -35.0 -10.0
vertex -5.0 -40.0 -10.0
vertex -5.0 -35.0 -10.0
endloop
endfacet
facet normal 0.0 -0.0 1.0
outer loop
vertex -10.0 -35.0 -10.0
vertex -5.0 -35.0 -10.0
vertex -10.0 -30.0 -10.0
endloop
endfacet
facet normal -0.0 0.0 1.0
outer loop
vertex -10.0 -30.0 -10.0
vertex -5.0 -35.0 -10.0
vertex -5.0 -30.0 -10.0
endloop
endfacet
facet normal 0.0 -0.0 1.0
outer loop
vertex -10.0 -30.0 -10.0
vertex -5.0 -30.0 -10.0
vertex -10.0 -25.0 -10.0
endloop
endfacet
facet normal -0.0 0.0 1.0
outer loop
vertex -10.0 -25.0 -10.0
vertex -5.0 -30.0 -10.0
vertex -5.0 -25.0 -10.0
endloop
endfacet
facet normal 0.0 -0.0 1.0
outer loop
vertex -10.0 -25.0 -10.0
vertex -5.0 -25.0 -10.0
vertex -10.0 -20.0 -10.0
endloop
endfacet
facet normal -0.0 0.0 1.0
outer loop
vertex -10.0 -20.0 -10.0
vertex -5.0 -25.0 -10.0
vertex -5.0 -20.0 -10.0
endloop
endfacet
facet normal 0.0 -0.0 1.0
outer loop
vertex -10.0 -20.0 -10.0
vertex -5.0 -20.0 -10.0
vertex -10.0 -15.0 -10.0
endloop
endfacet
facet normal -0.0 0.0 1.0
outer loop
vertex -10.0 -15.0 -10.0
vertex -5.0 -20.0 -10.0
vertex -5.0 -15.0 -10.0
endloop
endfacet
facet normal 0.0 -0.0 1.0
outer loop
vertex -10.0 -15.0 -10.0
vertex -5.0 -15.0 -10.0
vertex -10.0 -10.0 -10.0
endloop
endfacet
facet normal -0.0 0.0 1.0
outer loop
vertex -10.0 -10.0 -10.0
vertex -5.0 -15.0 -10.0
vertex -5.0 -10.0 -10.0
endloop
endfacet
facet normal 0.0 -0.0 1.0
outer loop
vertex -10.0 -10.0 -10.0
vertex -5.0 -10.0 -10.0
vertex -10.0 -5.0 -10.0
endloop
endfacet
facet normal -0.0 0.0 1.0
outer loop
vertex -10.0 -5.0 -10.0
vertex -5.0 -10.0 -10.0
vertex -5.0 -5.0 -10.0
endloop
endfacet
facet normal 0.0 -0.0 1.0
outer loop
vertex -10.0 -5.0 -10.0
vertex -5.0 -5.0 -10.0
vertex -10.0 0.0 -10.0
endloop
endfacet
facet normal -0.0 0.0 1.0
outer loop
vertex -10.0 0.0 -10.0
vertex -5.0 -5.0 -10.0
vertex -5.0 0.0 -10.0
endloop
endfacet
facet normal 0.0 -0.0 1.0
outer loop
vertex -10.0 0.0 -10.0
vertex -5.0 0.0 -10.0
vertex -10.0 5.0 -10.0
endloop
endfacet
facet normal -0.0 0.0 1.0
outer loop
vertex -10.0 5.0 -10.0
vertex -5.0 0.0 -10.0
vertex -5.0 5.0 -10.0
endloop
endfacet
facet normal 0.0 -0.0 1.0
outer loop
vertex -10.0 5.0 -10.0
vertex -5.0 5.0 -10.0
vertex -10.0 10.0 -10.0
endloop
endfacet
facet normal -0.0 0.0 1.0
outer loop
vertex -10.0 10.0 -10.0
vertex -5.0 5.0 -10.0
vertex -5.0 10.0 -10.0
endloop
endfacet
facet normal 0.0 -0.0 1.0
outer loop
vertex -10.0 10.0 -10.0
vertex -5.0 10.0 -10.0
vertex -10.0 15.0 -10.0
endloop
endfacet
facet normal -0.0 0.0 1.0
outer loop
vertex -10.0 15.0 -10.0
vertex -5.0 10.0 -10.0
vertex -5.0 15.0 -10.0
endloop
endfacet
facet normal 0.0 -0.0 1.0
outer loop
vertex -10.0 15.0 -10.0
vertex -5.0 15.0 -10.0
vertex -10.0 20.0 -10.0
endloop
endfacet
facet normal -0.0 0.0 1.0
outer loop
vertex -10.0 20.0 -10.0
vertex -5.0 15.0 -10.0
vertex -5.0 20.0 -10.0
endloop
endfacet
facet normal 0.0 -0.0 1.0
outer loop
vertex -10.0 20.0 -10.0
vertex -5.0 20.0 -10.0
vertex -10.0 25.0 -10.0
endloop
endfacet
facet normal -0.0 0.0 1.0
outer loop
vertex -10.0 25.0 -10.0
vertex -5.0 20.0 -10.0
vertex -5.0 25.0 -10.0
endloop
endfacet
facet normal 0.0 -0.0 1.0
outer loop
vertex -10.0 25.0 -10.0
vertex -5.0 25.0 -10.0
vertex -10.0 30.0 -10.0
endloop
endfacet
facet normal -0.0 0.0 1.0
outer loop
vertex -10.0 30.0 -10.0
vertex -5.0 25.0 -10.0
vertex -5.0 30.0 -10.0
endloop
endfacet
facet normal 0.0 -0.0 1.0
outer loop
vertex -10.0 30.0 -10.0
vertex -5.0 30.0 -10.0
vertex -10.0 35.0 -10.0
endloop
endfacet
facet normal -0.0 0.0 1.0
outer loop
vertex -10.0 35.0 -10.0
vertex -5.0 30.0 -10.0
vertex -5.0 35.0 -10.0
endloop
endfacet
facet normal 0.0 -0.0 1.0
outer loop
vertex -10.0 35.0 -10.0
vertex -5.0 35.0 -10.0
vertex -10.0 40.0 -10.0
endloop
endfacet
facet normal -0.0 0.0 1.0
outer loop
vertex -10.0 40.0 -10.0
vertex -5.0 35.0 -10.0
vertex -5.0 40.0 -10.0
endloop
endfacet
facet normal 0.0 -0.0 1.0
outer loop
vertex -10.0 40.0 -10.0
vertex -5.0 40.0 -10.0
vertex -10.0 45.0 -10.0
endloop
endfacet
facet normal -0.0 0.0 1.0
outer loop
vertex -10.0 45.0 -10.0
vertex -5.0 40.0 -10.0
vertex -5.0 45.0 -10.0
endloop
endfacet
facet normal 0.0 -0.0 1.0
outer loop
vertex -10.0 45.0 -10.0
vertex -5.0 45.0 -10.0
vertex -10.0 50.0 -10.0
endloop
endfacet
facet normal -0.0 0.0 1.0
outer loop
vertex -10.0 50.0 -10.0
vertex -5.0 45.0 -10.0
vertex -5.0 50.0 -10.0
endloop
endfacet
facet normal 0.0 -0.0 1.0
outer loop
vertex -5.0 -50.0 -10.0
vertex 0.0 -50.0 -10.0
vertex -5.0 -45.0 -10.0
endloop
endfacet
facet normal -0.0 0.0 1.0
outer loop
vertex -5.0 -45.0 -10.0
vertex 0.0 -50.0 -10.0
vertex 0.0 -45.0 -10.0
endloop
endfacet
facet normal 0.0 -0.0 1.0
outer loop
vertex -5.0 -45.0 -10.0
vertex 0.0 -45.0 -10.0
vertex -5.0 -40.0 -10.0
endloop
endfacet
facet normal -0.0 0.0 1.0
outer loop
vertex -5.0 -40.0 -10.0
vertex 0.0 -45.0 -10.0
vertex 0.0 -40.0 -10.0
endloop
endfacet
facet normal 0.0 -0.0 1.0
outer loop
vertex -5.0 -40.0 -10.0
vertex 0.0 -40.0 -10.0
vertex -5.0 -35.0 -10.0
endloop
endfacet
facet normal -0.0 0.0 1.0
outer loop
vertex -5.0 -35.0 -10.0
vertex 0.0 -40.0 -10.0
vertex 0.0 -35.0 -10.0
endloop
endfacet
facet normal 0.0 -0.0 1.0
outer loop
vertex -5.0 -35.0 -10.0
vertex 0.0 -35.0 -10.0
vertex -5.0 -30.0 -10.0
endloop
endfacet
facet normal -0.0 0.0 1.0
outer loop
vertex -5.0 -30.0 -10.0
vertex 0.0 -35.0 -10.0
vertex 0.0 -30.0 -10.0
endloop
endfacet
facet normal 0.0 -0.0 1.0
outer loop
vertex -5.0 -30.0 -10.0
vertex 0.0 -30.0 -10.0
vertex -5.0 -25.0 -10.0
endloop
endfacet
facet normal -0.0 0.0 1.0
outer loop
vertex -5.0 -25.0 -10.0
vertex 0.0 -30.0 -10.0
vertex 0.0 -25.0 -10.0
endloop
endfacet
facet normal 0.0 -0.0 1.0
outer loop
vertex -5.0 -25.0 -10.0
vertex 0.0 -25.0 -10.0
vertex -5.0 -20.0 -10.0
endloop
endfacet
facet normal -0.0 0.0 1.0
outer loop
vertex -5.0 -20.0 -10.0
vertex 0.0 -25.0 -10.0
vertex 0.0 -20.0 -10.0
endloop
endfacet
facet normal 0.0 -0.0 1.0
outer loop
vertex -5.0 -20.0 -10.0
vertex 0.0 -20.0 -10.0
vertex -5.0 -15.0 -10.0
endloop
endfacet
facet normal -0.0 0.0 1.0
outer loop
vertex -5.0 -15.0 -10.0
vertex 0.0 -20.0 -10.0
vertex 0.0 -15.0 -10.0
endloop
endfacet
facet normal 0.0 -0.0 1.0
outer loop
vertex -5.0 -15.0 -10.0
vertex 0.0 -15.0 -10.0
vertex -5.0 -10.0 -10.0
endloop
endfacet
facet normal -0.0 0.0 1.0
outer loop
vertex -5.0 -10.0 -10.0
vertex 0.0 -15.0 -10.0
vertex 0.0 -10.0 -10.0
endloop
endfacet
facet normal 0.0 -0.0 1.0
outer loop
vertex -5.0 -10.0 -10.0
vertex 0.0 -10.0 -10.0
vertex -5.0 -5.0 -10.0
endloop
endfacet
facet normal -0.0 0.0 1.0
outer loop
vertex -5.0 -5.0 -10.0
vertex 0.0 -10.0 -10.0
vertex 0.0 -5.0 -10.0
endloop
endfacet
facet normal 0.0 -0.0 1.0
outer loop
vertex -5.0 -5.0 -10.0
vertex 0.0 -5.0 -10.0
vertex -5.0 0.0 -10.0
endloop
endfacet
facet normal -0.0 0.0 1.0
outer loop
vertex -5.0 0.0 -10.0
vertex 0.0 -5.0 -10.0
vertex 0.0 0.0 -10.0
endloop
endfacet
facet normal 0.0 -0.0 1.0
outer loop
vertex -5.0 0.0 -10.0
vertex 0.0 0.0 -10.0
vertex -5.0 5.0 -10.0
endloop
endfacet
facet normal -0.0 0.0 1.0
outer loop
vertex -5.0 5.0 -10.0
vertex 0.0 0.0 -10.0
vertex 0.0 5.0 -10.0
endloop
endfacet
facet normal 0.0 -0.0 1.0
outer loop
vertex -5.0 5.0 -10.0
vertex 0.0 5.0 -10.0
vertex -5.0 10.0 -10.0
endloop
endfacet
facet normal -0.0 0.0 1.0
outer loop
vertex -5.0 10.0 -10.0
vertex 0.0 5.0 -10.0
vertex 0.0 10.0 -10.0
endloop
endfacet
facet normal 0.0 -0.0 1.0
outer loop
vertex -5.0 10.0 -10.0
vertex 0.0 10.0 -10.0
vertex -5.0 15.0 -10.0
endloop
endfacet
facet normal -0.0 0.0 1.0
outer loop
vertex -5.0 15.0 -10.0
vertex 0.0 10.0 -10.0
vertex 0.0 15.0 -10.0
endloop
endfacet
facet normal 0.0 -0.0 1.0
outer loop
vertex -5.0 15.0 -10.0
vertex 0.0 15.0 -10.0
vertex -5.0 20.0 -10.0
endloop
endfacet
facet normal -0.0 0.0 1.0
outer loop
vertex -5.0 20.0 -10.0
vertex 0.0 15.0 -10.0
vertex 0.0 20.0 -10.0
endloop
endfacet
facet normal 0.0 -0.0 1.0
outer loop
vertex -5.0 20.0 -10.0
vertex 0.0 20.0 -10.0
vertex -5.0 25.0 -10.0
endloop
endfacet
facet normal -0.0 0.0 1.0
outer loop
vertex -5.0 25.0 -10.0
vertex 0.0 20.0 -10.0
vertex 0.0 25.0 -10.0
endloop
endfacet
facet normal 0.0 -0.0 1.0
outer loop
vertex -5.0 25.0 -10.0
vertex 0.0 25.0 -10.0
vertex -5.0 30.0 -10.0
endloop
endfacet
facet normal -0.0 0.0 1.0
outer loop
vertex -5.0 30.0 -10.0
vertex 0.0 25.0 -10.0
vertex 0.0 30.0 -10.0
endloop
endfacet
facet normal 0.0 -0.0 1.0
outer loop
vertex -5.0 30.0 -10.0
vertex 0.0 30.0 -10.0
vertex -5.0 35.0 -10.0
endloop
endfacet
facet normal -0.0 0.0 1.0
outer loop
vertex -5.0 35.0 -10.0
vertex 0.0 30.0 -10.0
vertex 0.0 35.0 -10.0
endloop
endfacet
facet normal 0.0 -0.0 1.0
outer loop
vertex -5.0 35.0 -10.0
vertex 0.0 35.0 -10.0
vertex -5.0 40.0 -10.0
endloop
endfacet
facet normal -0.0 0.0 1.0
outer loop
vertex -5.0 40.0 -10.0
vertex 0.0 35.0 -10.0
vertex 0.0 40.0 -10.0
endloop
endfacet
facet normal 0.0 -0.0 1.0
outer loop
vertex -5.0 40.0 -10.0
vertex 0.0 40.0 -10.0
vertex -5.0 45.0 -10.0
endloop
endfacet
facet normal -0.0 0.0 1.0
outer loop
vertex -5.0 45.0 -10.0
vertex 0.0 40.0 -10.0
vertex 0.0 45.0 -10.0
endloop
endfacet
facet normal 0.0 -0.0 1.0
outer loop
vertex -5.0 45.0 -10.0
vertex 0.0 45.0 -10.0
vertex -5.0 50.0 -10.0
endloop
endfacet
facet normal -0.0 0.0 1.0
outer loop
vertex -5.0 50.0 -10.0
vertex 0.0 45.0 -10.0
vertex 0.0 50.0 -10.0
endloop
endfacet
facet normal 0.0 -0.0 1.0
outer loop
vertex 0.0 -50.0 -10.0
vertex 5.0 -50.0 -10.0
vertex 0.0 -45.0 -10.0
endloop
endfacet
facet normal -0.0 0.0 1.0
outer loop
vertex 0.0 -45.0 -10.0
vertex 5.0 -50.0 -10.0
vertex 5.0 -45.0 -10.0
endloop
endfacet
facet normal 0.0 -0.0 1.0
outer loop
vertex 0.0 -45.0 -10.0
vertex 5.0 -45.0 -10.0
vertex 0.0 -40.0 -10.0
endloop
endfacet
facet normal -0.0 0.0 1.0
outer loop
vertex 0.0 -40.0 -10.0
vertex 5.0 -45.0 -10.0
vertex 5.0 -40.0 -10.0
endloop
endfacet
facet normal 0.0 -0.0 1.0
outer loop
vertex 0.0 -40.0 -10.0
vertex 5.0 -40.0 -10.0
vertex 0.0 -35.0 -10.0
endloop
endfacet
facet normal -0.0 0.0 1.0
outer loop
vertex 0.0 -35.0 -10.0
vertex 5.0 -40.0 -10.0
vertex 5.0 -35.0 -10.0
endloop
endfacet
facet normal 0.0 -0.0 1.0
outer loop
vertex 0.0 -35.0 -10.0
vertex 5.0 -35.0 -10.0
vertex 0.0 -30.0 -10.0
endloop
endfacet
facet normal -0.0 0.0 1.0
outer loop
vertex 0.0 -30.0 -10.0
vertex 5.0 -35.0 -10.0
vertex 5.0 -30.0 -10.0
endloop
endfacet
facet normal 0.0 -0.0 1.0
outer loop
vertex 0.0 -30.0 -10.0
vertex 5.0 -30.0 -10.0
vertex 0.0 -25.0 -10.0
endloop
endfacet
facet normal -0.0 0.0 1.0
outer loop
vertex 0.0 -25.0 -10.0
vertex 5.0 -30.0 -10.0
vertex 5.0 -25.0 -10.0
endloop
endfacet
facet normal 0.0 -0.0 1.0
outer loop
vertex 0.0 -25.0 -10.0
vertex 5.0 -25.0 -10.0
vertex 0.0 -20.0 -10.0
endloop
endfacet
facet normal -0.0 0.0 1.0
outer loop
vertex 0.0 -20.0 -10.0
vertex 5.0 -25.0 -10.0
vertex 5.0 -20.0 -10.0
endloop
endfacet
facet normal 0.0 -0.0 1.0
outer loop
vertex 0.0 -20.0 -10.0
vertex 5.0 -20.0 -10.0
vertex 0.0 -15.0 -10.0
endloop
endfacet
facet normal -0.0 0.0 1.0
outer loop
vertex 0.0 -15.0 -10.0
vertex 5.0 -20.0 -10.0
vertex 5.0 -15.0 -10.0
endloop
endfacet
facet normal 0.0 -0.0 1.0
outer loop
vertex 0.0 -15.0 -10.0
vertex 5.0 -15.0 -10.0
vertex 0.0 -10.0 -10.0
endloop
endfacet
facet normal -0.0 0.0 1.0
outer loop
vertex 0.0 -10.0 -10.0
vertex 5.0 -15.0 -10.0
vertex 5.0 -10.0 -10.0
endloop
endfacet
facet normal 0.0 -0.0 1.0
outer loop
vertex 0.0 -10.0 -10.0
vertex 5.0 -10.0 -10.0
vertex 0.0 -5.0 -10.0
endloop
endfacet
facet normal -0.0 0.0 1.0
outer loop
vertex 0.0 -5.0 -10.0
vertex 5.0 -10.0 -10.0
vertex 5.0 -5.0 -10.0
endloop
endfacet
facet normal 0.0 -0.0 1.0
outer loop
vertex 0.0 -5.0 -10.0
vertex 5.0 -5.0 -10.0
vertex 0.0 0.0 -10.0
endloop
endfacet
facet normal -0.0 0.0 1.0
outer loop
vertex 0.0 0.0 -10.0
vertex 5.0 -5.0 -10.0
vertex 5.0 0.0 -10.0
endloop
endfacet
facet normal 0.0 -0.0 1.0
outer loop
vertex 0.0 0.0 -10.0
vertex 5.0 0.0 -10.0
vertex 0.0 5.0 -10.0
endloop
endfacet
facet normal -0.0 0.0 1.0
outer loop
vertex 0.0 5.0 -10.0
vertex 5.0 0.0 -10.0
vertex 5.0 5.0 -10.0
endloop
endfacet
facet normal 0.0 -0.0 1.0
outer loop
vertex 0.0 5.0 -10.0
vertex 5.0 5.0 -10.0
vertex 0.0 10.0 -10.0
endloop
endfacet
facet normal -0.0 0.0 1.0
outer loop
vertex 0.0 10.0 -10.0
vertex 5.0 5.0 -10.0
vertex 5.0 10.0 -10.0
endloop
endfacet
facet normal 0.0 -0.0 1.0
outer loop
vertex 0.0 10.0 -10.0
vertex 5.0 10.0 -10.0
vertex 0.0 15.0 -10.0
endloop
endfacet
facet normal -0.0 0.0 1.0
outer loop
vertex 0.0 15.0 -10.0
vertex 5.0 10.0 -10.0
vertex 5.0 15.0 -10.0
endloop
endfacet
facet normal 0.0 -0.0 1.0
outer loop
vertex 0.0 15.0 -10.0
vertex 5.0 15.0 -10.0
vertex 0.0 20.0 -10.0
endloop
endfacet
facet normal -0.0 0.0 1.0
outer loop
vertex 0.0 20.0 -10.0
vertex 5.0 15.0 -10.0
vertex 5.0 20.0 -10.0
endloop
endfacet
facet normal 0.0 -0.0 1.0
outer loop
vertex 0.0 20.0 -10.0
vertex 5.0 20.0 -10.0
vertex 0.0 25.0 -10.0
endloop
endfacet
facet normal -0.0 0.0 1.0
outer loop
vertex 0.0 25.0 -10.0
vertex 5.0 20.0 -10.0
vertex 5.0 25.0 -10.0
endloop
endfacet
facet normal 0.0 -0.0 1.0
outer loop
vertex 0.0 25.0 -10.0
vertex 5.0 25.0 -10.0
vertex 0.0 30.0 -10.0
endloop
endfacet
facet normal -0.0 0.0 1.0
outer loop
vertex 0.0 30.0 -10.0
vertex 5.0 25.0 -10.0
vertex 5.0 30.0 -10.0
endloop
endfacet
facet normal 0.0 -0.0 1.0
outer loop
vertex 0.0 30.0 -10.0
vertex 5.0 30.0 -10.0
vertex 0.0 35.0 -10.0
endloop
endfacet
facet normal -0.0 0.0 1.0
outer loop
vertex 0.0 35.0 -10.0
vertex 5.0 30.0 -10.0
vertex 5.0 35.0 -10.0
endloop
endfacet
facet normal 0.0 -0.0 1.0
outer loop
vertex 0.0 35.0 -10.0
vertex 5.0 35.0 -10.0
vertex 0.0 40.0 -10.0
endloop
endfacet
facet normal -0.0 0.0 1.0
outer loop
vertex 0.0 40.0 -10.0
vertex 5.0 35.0 -10.0
vertex 5.0 40.0 -10.0
endloop
endfacet
facet normal 0.0 -0.0 1.0
outer loop
vertex 0.0 40.0 -10.0
vertex 5.0 40.0 -10.0
vertex 0.0 45.0 -10.0
endloop
endfacet
facet normal -0.0 0.0 1.0
outer loop
vertex 0.0 45.0 -10.0
vertex 5.0 40.0 -10.0
vertex 5.0 45.0 -10.0
endloop
endfacet
facet normal 0.0 -0.0 1.0
outer loop
vertex 0.0 45.0 -10.0
vertex 5.0 45.0 -10.0
vertex 0.0 50.0 -10.0
endloop
endfacet
facet normal -0.0 0.0 1.0
outer loop
vertex 0.0 50.0 -10.0
vertex 5.0 45.0 -10.0
vertex 5.0 50.0 -10.0
endloop
endfacet
facet normal 0.0 -0.0 1.0
outer loop
vertex 5.0 -50.0 -10.0
vertex 10.0 -50.0 -10.0
vertex 5.0 -45.0 -10.0
endloop
endfacet
facet normal -0.0 0.0 1.0
outer loop
vertex 5.0 -45.0 -10.0
vertex 10.0 -50.0 -10.0
vertex 10.0 -45.0 -10.0
endloop
endfacet
facet normal 0.0 -0.0 1.0
outer loop
vertex 5.0 -45.0 -10.0
vertex 10.0 -45.0 -10.0
vertex 5.0 -40.0 -10.0
endloop
endfacet
facet normal -0.0 0.0 1.0
outer loop
vertex 5.0 -40.0 -10.0
vertex 10.0 -45.0 -10.0
vertex 10.0 -40.0 -10.0
endloop
endfacet
facet normal 0.0 -0.0 1.0
outer loop
vertex 5.0 -40.0 -10.0
vertex 10.0 -40.0 -10.0
vertex 5.0 -35.0 -10.0
endloop
endfacet
facet normal -0.0 0.0 1.0
outer loop
vertex 5.0 -35.0 -10.0
vertex 10.0 -40.0 -10.0
vertex 10.0 -35.0 -10.0
endloop
endfacet
facet normal 0.0 -0.0 1.0
outer loop
vertex 5.0 -35.0 -10.0
vertex 10.0 -35.0 -10.0
vertex 5.0 -30.0 -10.0
endloop
endfacet
facet normal -0.0 0.0 1.0
outer loop
vertex 5.0 -30.0 -10.0
vertex 10.0 -35.0 -10.0
vertex 10.0 -30.0 -10.0
endloop
endfacet
facet normal 0.0 -0.0 1.0
outer loop
vertex 5.0 -30.0 -10.0
vertex 10.0 -30.0 -10.0
vertex 5.0 -25.0 -10.0
endloop
endfacet
facet normal -0.0 0.0 1.0
outer loop
vertex 5.0 -25.0 -10.0
vertex 10.0 -30.0 -10.0
vertex 10.0 -25.0 -10.0
endloop
endfacet
facet normal 0.0 -0.0 1.0
outer loop
vertex 5.0 -25.0 -10.0
vertex 10.0 -25.0 -10.0
vertex 5.0 -20.0 -10.0
endloop
endfacet
facet normal -0.0 0.0 1.0
outer loop
vertex 5.0 -20.0 -10.0
vertex 10.0 -25.0 -10.0
vertex 10.0 -20.0 -10.0
endloop
endfacet
facet normal 0.0 -0.0 1.0
outer loop
vertex 5.0 -20.0 -10.0
vertex 10.0 -20.0 -10.0
vertex 5.0 -15.0 -10.0
endloop
endfacet
facet normal -0.0 0.0 1.0
outer loop
vertex 5.0 -15.0 -10.0
vertex 10.0 -20.0 -10.0
vertex 10.0 -15.0 -10.0
endloop
endfacet
facet normal 0.0 -0.0 1.0
outer loop
vertex 5.0 -15.0 -10.0
vertex 10.0 -15.0 -10.0
vertex 5.0 -10.0 -10.0
endloop
endfacet
facet normal -0.0 0.0 1.0
outer loop
vertex 5.0 -10.0 -10.0
vertex 10.0 -15.0 -10.0
vertex 10.0 -10.0 -10.0
endloop
endfacet
facet normal 0.0 -0.0 1.0
outer loop
vertex 5.0 -10.0 -10.0
vertex 10.0 -10.0 -10.0
vertex 5.0 -5.0 -10.0
endloop
endfacet
facet normal -0.0 0.0 1.0
outer loop
vertex 5.0 -5.0 -10.0
vertex 10.0 -10.0 -10.0
vertex 10.0 -5.0 -10.0
endloop
endfacet
facet normal 0.0 -0.0 1.0
outer loop
vertex 5.0 -5.0 -10.0
vertex 10.0 -5.0 -10.0
vertex 5.0 0.0 -10.0
endloop
endfacet
facet normal -0.0 0.0 1.0
outer loop
vertex 5.0 0.0 -10.0
vertex 10.0 -5.0 -10.0
vertex 10.0 0.0 -10.0
endloop
endfacet
facet normal 0.0 -0.0 1.0
outer loop
vertex 5.0 0.0 -10.0
vertex 10.0 0.0 -10.0
vertex 5.0 5.0 -10.0
endloop
endfacet
facet normal -0.0 0.0 1.0
outer loop
vertex 5.0 5.0 -10.0
vertex 10.0 0.0 -10.0
vertex 10.0 5.0 -10.0
endloop
endfacet
facet normal 0.0 -0.0 1.0
outer loop
vertex 5.0 5.0 -10.0
vertex 10.0 5.0 -10.0
vertex 5.0 10.0 -10.0
endloop
endfacet
facet normal -0.0 0.0 1.0
outer loop
vertex 5.0 10.0 -10.0
vertex 10.0 5.0 -10.0
vertex 10.0 10.0 -10.0
endloop
endfacet
facet normal 0.0 -0.0 1.0
outer loop
vertex 5.0 10.0 -10.0
vertex 10.0 10.0 -10.0
vertex 5.0 15.0 -10.0
endloop
endfacet
facet normal -0.0 0.0 1.0
outer loop
vertex 5.0 15.0 -10.0
vertex 10.0 10.0 -10.0
vertex 10.0 15.0 -10.0
endloop
endfacet
facet normal 0.0 -0.0 1.0
outer loop
vertex 5.0 15.0 -10.0
vertex 10.0 15.0 -10.0
vertex 5.0 20.0 -10.0
endloop
endfacet
facet normal -0.0 0.0 1.0
outer loop
vertex 5.0 20.0 -10.0
vertex 10.0 15.0 -10.0
vertex 10.0 20.0 -10.0
endloop
endfacet
facet normal 0.0 -0.0 1.0
outer loop
vertex 5.0 20.0 -10.0
vertex 10.0 20.0 -10.0
vertex 5.0 25.0 -10.0
endloop
endfacet
facet normal -0.0 0.0 1.0
outer loop
vertex 5.0 25.0 -10.0
vertex 10.0 20.0 -10.0
vertex 10.0 25.0 -10.0
endloop
endfacet
facet normal 0.0 -0.0 1.0
outer loop
vertex 5.0 25.0 -10.0
vertex 10.0 25.0 -10.0
vertex 5.0 30.0 -10.0
endloop
endfacet
facet normal -0.0 0.0 1.0
outer loop
vertex 5.0 30.0 -10.0
vertex 10.0 25.0 -10.0
vertex 10.0 30.0 -10.0
endloop
endfacet
facet normal 0.0 -0.0 1.0
outer loop
vertex 5.0 30.0 -10.0
vertex 10.0 30.0 -10.0
vertex 5.0 35.0 -10.0
endloop
endfacet
facet normal -0.0 0.0 1.0
outer loop
vertex 5.0 35.0 -10.0
vertex 10.0 30.0 -10.0
vertex 10.0 35.0 -10.0
endloop
endfacet
facet normal 0.0 -0.0 1.0
outer loop
vertex 5.0 35.0 -10.0
vertex 10.0 35.0 -10.0
vertex 5.0 40.0 -10.0
endloop
endfacet
facet normal -0.0 0.0 1.0
outer loop
vertex 5.0 40.0 -10.0
vertex 10.0 35.0 -10.0
vertex 10.0 40.0 -10.0
endloop
endfacet
facet normal 0.0 -0.0 1.0
outer loop
vertex 5.0 40.0 -10.0
vertex 10.0 40.0 -10.0
vertex 5.0 45.0 -10.0
endloop
endfacet
facet normal -0.0 0.0 1.0
outer loop
vertex 5.0 45.0 -10.0
vertex 10.0 40.0 -10.0
vertex 10.0 45.0 -10.0
endloop
endfacet
facet normal 0.0 -0.0 1.0
outer loop
vertex 5.0 45.0 -10.0
vertex 10.0 45.0 -10.0
vertex 5.0 50.0 -10.0
endloop
endfacet
facet normal -0.0 0.0 1.0
outer loop
vertex 5.0 50.0 -10.0
vertex 10.0 45.0 -10.0
vertex 10.0 50.0 -10.0
endloop
endfacet
facet normal 0.0 -0.0 1.0
outer loop
vertex 10.0 -50.0 -10.0
vertex 15.0 -50.0 -10.0
vertex 10.0 -45.0 -10.0
endloop
endfacet
facet normal -0.0 0.0 1.0
outer loop
vertex 10.0 -45.0 -10.0
vertex 15.0 -50.0 -10.0
vertex 15.0 -45.0 -10.0
endloop
endfacet
facet normal 0.0 -0.0 1.0
outer loop
vertex 10.0 -45.0 -10.0
vertex 15.0 -45.0 -10.0
vertex 10.0 -40.0 -10.0
endloop
endfacet
facet normal -0.0 0.0 1.0
outer loop
vertex 10.0 -40.0 -10.0
vertex 15.0 -45.0 -10.0
vertex 15.0 -40.0 -10.0
endloop
endfacet
facet normal 0.0 -0.0 1.0
outer loop
vertex 10.0 -40.0 -10.0
vertex 15.0 -40.0 -10.0
vertex 10.0 -35.0 -10.0
endloop
endfacet
facet normal -0.0 0.0 1.0
outer loop
vertex 10.0 -35.0 -10.0
vertex 15.0 -40.0 -10.0
vertex 15.0 -35.0 -10.0
endloop
endfacet
facet normal 0.0 -0.0 1.0
outer loop
vertex 10.0 -35.0 -10.0
vertex 15.0 -35.0 -10.0
vertex 10.0 -30.0 -10.0
endloop
endfacet
facet normal -0.0 0.0 1.0
outer loop
vertex 10.0 -30.0 -10.0
vertex 15.0 -35.0 -10.0
vertex 15.0 -30.0 -10.0
endloop
endfacet
facet normal 0.0 -0.0 1.0
outer loop
vertex 10.0 -30.0 -10.0
vertex 15.0 -30.0 -10.0
vertex 10.0 -25.0 -10.0
endloop
endfacet
facet normal -0.0 0.0 1.0
outer loop
vertex 10.0 -25.0 -10.0
vertex 15.0 -30.0 -10.0
vertex 15.0 -25.0 -10.0
endloop
endfacet
facet normal 0.0 -0.0 1.0
outer loop
vertex 10.0 -25.0 -10.0
vertex 15.0 -25.0 -10.0
vertex 10.0 -20.0 -10.0
endloop
endfacet
facet normal -0.0 0.0 1.0
outer loop
vertex 10.0 -20.0 -10.0
vertex 15.0 -25.0 -10.0
vertex 15.0 -20.0 -10.0
endloop
endfacet
facet normal 0.0 -0.0 1.0
outer loop
vertex 10.0 -20.0 -10.0
vertex 15.0 -20.0 -10.0
vertex 10.0 -15.0 -10.0
endloop
endfacet
facet normal -0.0 0.0 1.0
outer loop
vertex 10.0 -15.0 -10.0
vertex 15.0 -20.0 -10.0
vertex 15.0 -15.0 -10.0
endloop
endfacet
facet normal 0.0 -0.0 1.0
outer loop
vertex 10.0 -15.0 -10.0
vertex 15.0 -15.0 -10.0
vertex 10.0 -10.0 -10.0
endloop
endfacet
facet normal -0.0 0.0 1.0
outer loop
vertex 10.0 -10.0 -10.0
vertex 15.0 -15.0 -10.0
vertex 15.0 -10.0 -10.0
endloop
endfacet
facet normal 0.0 -0.0 1.0
outer loop
vertex 10.0 -10.0 -10.0
vertex 15.0 -10.0 -10.0
vertex 10.0 -5.0 -10.0
endloop
endfacet
facet normal -0.0 0.0 1.0
outer loop
vertex 10.0 -5.0 -10.0
vertex 15.0 -10.0 -10.0
vertex 15.0 -5.0 -10.0
endloop
endfacet
facet normal 0.0 -0.0 1.0
outer loop
vertex 10.0 -5.0 -10.0
vertex 15.0 -5.0 -10.0
vertex 10.0 0.0 -10.0
endloop
endfacet
facet normal -0.0 0.0 1.0
outer loop
vertex 10.0 0.0 -10.0
vertex 15.0 -5.0 -10.0
vertex 15.0 0.0 -10.0
endloop
endfacet
facet normal 0.0 -0.0 1.0
outer loop
vertex 10.0 0.0 -10.0
vertex 15.0 0.0 -10.0
vertex 10.0 5.0 -10.0
endloop
endfacet
facet normal -0.0 0.0 1.0
outer loop
vertex 10.0 5.0 -10.0
vertex 15.0 0.0 -10.0
vertex 15.0 5.0 -10.0
endloop
endfacet
facet normal 0.0 -0.0 1.0
outer loop
vertex 10.0 5.0 -10.0
vertex 15.0 5.0 -10.0
vertex 10.0 10.0 -10.0
endloop
endfacet
facet normal -0.0 0.0 1.0
outer loop
vertex 10.0 10.0 -10.0
vertex 15.0 5.0 -10.0
vertex 15.0 10.0 -10.0
endloop
endfacet
facet normal 0.0 -0.0 1.0
outer loop
vertex 10.0 10.0 -10.0
vertex 15.0 10.0 -10.0
vertex 10.0 15.0 -10.0
endloop
endfacet
facet normal -0.0 0.0 1.0
outer loop
vertex 10.0 15.0 -10.0
vertex 15.0 10.0 -10.0
vertex 15.0 15.0 -10.0
endloop
endfacet
facet normal 0.0 -0.0 1.0
outer loop
vertex 10.0 15.0 -10.0
vertex 15.0 15.0 -10.0
vertex 10.0 20.0 -10.0
endloop
endfacet
facet normal -0.0 0.0 1.0
outer loop
vertex 10.0 20.0 -10.0
vertex 15.0 15.0 -10.0
vertex 15.0 20.0 -10.0
endloop
endfacet
facet normal 0.0 -0.0 1.0
outer loop
vertex 10.0 20.0 -10.0
vertex 15.0 20.0 -10.0
vertex 10.0 25.0 -10.0
endloop
endfacet
facet normal -0.0 0.0 1.0
outer loop
vertex 10.0 25.0 -10.0
vertex 15.0 20.0 -10.0
vertex 15.0 25.0 -10.0
endloop
endfacet
facet normal 0.0 -0.0 1.0
outer loop
vertex 10.0 25.0 -10.0
vertex 15.0 25.0 -10.0
vertex 10.0 30.0 -10.0
endloop
endfacet
facet normal -0.0 0.0 1.0
outer loop
vertex 10.0 30.0 -10.0
vertex 15.0 25.0 -10.0
vertex 15.0 30.0 -10.0
endloop
endfacet
facet normal 0.0 -0.0 1.0
outer loop
vertex 10.0 30.0 -10.0
vertex 15.0 30.0 -10.0
vertex 10.0 35.0 -10.0
endloop
endfacet
facet normal -0.0 0.0 1.0
outer loop
vertex 10.0 35.0 -10.0
vertex 15.0 30.0 -10.0
vertex 15.0 35.0 -10.0
endloop
endfacet
facet normal 0.0 -0.0 1.0
outer loop
vertex 10.0 35.0 -10.0
vertex 15.0 35.0 -10.0
vertex 10.0 40.0 -10.0
endloop
endfacet
facet normal -0.0 0.0 1.0
outer loop
vertex 10.0 40.0 -10.0
vertex 15.0 35.0 -10.0
vertex 15.0 40.0 -10.0
endloop
endfacet
facet normal 0.0 -0.0 1.0
outer loop
vertex 10.0 40.0 -10.0
vertex 15.0 40.0 -10.0
vertex 10.0 45.0 -10.0
endloop
endfacet
facet normal -0.0 0.0 1.0
outer loop
vertex 10.0 45.0 -10.0
vertex 15.0 40.0 -10.0
vertex 15.0 45.0 -10.0
endloop
endfacet
facet normal 0.0 -0.0 1.0
outer loop
vertex 10.0 45.0 -10.0
vertex 15.0 45.0 -10.0
vertex 10.0 50.0 -10.0
endloop
endfacet
facet normal -0.0 0.0 1.0
outer loop
vertex 10.0 50.0 -10.0
vertex 15.0 45.0 -10.0
vertex 15.0 50.0 -10.0
endloop
endfacet
facet normal 0.0 -0.0 1.0
outer loop
vertex 15.0 -50.0 -10.0
vertex 20.0 -50.0 -10.0
vertex 15.0 -45.0 -10.0
endloop
endfacet
facet normal -0.0 0.0 1.0
outer loop
vertex 15.0 -45.0 -10.0
vertex 20.0 -50.0 -10.0
vertex 20.0 -45.0 -10.0
endloop
endfacet
facet normal 0.0 -0.0 1.0
outer loop
vertex 15.0 -45.0 -10.0
vertex 20.0 -45.0 -10.0
vertex 15.0 -40.0 -10.0
endloop
endfacet
facet normal -0.0 0.0 1.0
outer loop
vertex 15.0 -40.0 -10.0
vertex 20.0 -45.0 -10.0
vertex 20.0 -40.0 -10.0
endloop
endfacet
facet normal 0.0 -0.0 1.0
outer loop
vertex 15.0 -40.0 -10.0
vertex 20.0 -40.0 -10.0
vertex 15.0 -35.0 -10.0
endloop
endfacet
facet normal -0.0 0.0 1.0
outer loop
vertex 15.0 -35.0 -10.0
vertex 20.0 -40.0 -10.0
vertex 20.0 -35.0 -10.0
endloop
endfacet
facet normal 0.0 -0.0 1.0
outer loop
vertex 15.0 -35.0 -10.0
vertex 20.0 -35.0 -10.0
vertex 15.0 -30.0 -10.0
endloop
endfacet
facet normal -0.0 0.0 1.0
outer loop
vertex 15.0 -30.0 -10.0
vertex 20.0 -35.0 -10.0
vertex 20.0 -30.0 -10.0
endloop
endfacet
facet normal 0.0 -0.0 1.0
outer loop
vertex 15.0 -30.0 -10.0
vertex 20.0 -30.0 -10.0
vertex 15.0 -25.0 -10.0
endloop
endfacet
facet normal -0.0 0.0 1.0
outer loop
vertex 15.0 -25.0 -10.0
vertex 20.0 -30.0 -10.0
vertex 20.0 -25.0 -10.0
endloop
endfacet
facet normal 0.0 -0.0 1.0
outer loop
vertex 15.0 -25.0 -10.0
vertex 20.0 -25.0 -10.0
vertex 15.0 -20.0 -10.0
endloop
endfacet
facet normal -0.0 0.0 1.0
outer loop
vertex 15.0 -20.0 -10.0
vertex 20.0 -25.0 -10.0
vertex 20.0 -20.0 -10.0
endloop
endfacet
facet normal 0.0 -0.0 1.0
outer loop
vertex 15.0 -20.0 -10.0
vertex 20.0 -20.0 -10.0
vertex 15.0 -15.0 -10.0
endloop
endfacet
facet normal -0.0 0.0 1.0
outer loop
vertex 15.0 -15.0 -10.0
vertex 20.0 -20.0 -10.0
vertex 20.0 -15.0 -10.0
endloop
endfacet
facet normal 0.0 -0.0 1.0
outer loop
vertex 15.0 -15.0 -10.0
vertex 20.0 -15.0 -10.0
vertex 15.0 -10.0 -10.0
endloop
endfacet
facet normal -0.0 0.0 1.0
outer loop
vertex 15.0 -10.0 -10.0
vertex 20.0 -15.0 -10.0
vertex 20.0 -10.0 -10.0
endloop
endfacet
facet normal 0.0 -0.0 1.0
outer loop
vertex 15.0 -10.0 -10.0
vertex 20.0 -10.0 -10.0
vertex 15.0 -5.0 -10.0
endloop
endfacet
facet normal -0.0 0.0 1.0
outer loop
vertex 15.0 -5.0 -10.0
vertex 20.0 -10.0 -10.0
vertex 20.0 -5.0 -10.0
endloop
endfacet
facet normal 0.0 -0.0 1.0
outer loop
vertex 15.0 -5.0 -10.0
vertex 20.0 -5.0 -10.0
vertex 15.0 0.0 -10.0
endloop
endfacet
facet normal -0.0 0.0 1.0
outer loop
vertex 15.0 0.0 -10.0
vertex 20.0 -5.0 -10.0
vertex 20.0 0.0 -10.0
endloop
endfacet
facet normal 0.0 -0.0 1.0
outer loop
vertex 15.0 0.0 -10.0
vertex 20.0 0.0 -10.0
vertex 15.0 5.0 -10.0
endloop
endfacet
facet normal -0.0 0.0 1.0
outer loop
vertex 15.0 5.0 -10.0
vertex 20.0 0.0 -10.0
vertex 20.0 5.0 -10.0
endloop
endfacet
facet normal 0.0 -0.0 1.0
outer loop
vertex 15.0 5.0 -10.0
vertex 20.0 5.0 -10.0
vertex 15.0 10.0 -10.0
endloop
endfacet
facet normal -0.0 0.0 1.0
outer loop
vertex 15.0 10.0 -10.0
vertex 20.0 5.0 -10.0
vertex 20.0 10.0 -10.0
endloop
endfacet
facet normal 0.0 -0.0 1.0
outer loop
vertex 15.0 10.0 -10.0
vertex 20.0 10.0 -10.0
vertex 15.0 15.0 -10.0
endloop
endfacet
facet normal -0.0 0.0 1.0
outer loop
vertex 15.0 15.0 -10.0
vertex 20.0 10.0 -10.0
vertex 20.0 15.0 -10.0
endloop
endfacet
facet normal 0.0 -0.0 1.0
outer loop
vertex 15.0 15.0 -10.0
vertex 20.0 15.0 -10.0
vertex 15.0 20.0 -10.0
endloop
endfacet
facet normal -0.0 0.0 1.0
outer loop
vertex 15.0 20.0 -10.0
vertex 20.0 15.0 -10.0
vertex 20.0 20.0 -10.0
endloop
endfacet
facet normal 0.0 -0.0 1.0
outer loop
vertex 15.0 20.0 -10.0
vertex 20.0 20.0 -10.0
vertex 15.0 25.0 -10.0
endloop
endfacet
facet normal -0.0 0.0 1.0
outer loop
vertex 15.0 25.0 -10.0
vertex 20.0 20.0 -10.0
vertex 20.0 25.0 -10.0
endloop
endfacet
facet normal 0.0 -0.0 1.0
outer loop
vertex 15.0 25.0 -10.0
vertex 20.0 25.0 -10.0
vertex 15.0 30.0 -10.0
endloop
endfacet
facet normal -0.0 0.0 1.0
outer loop
vertex 15.0 30.0 -10.0
vertex 20.0 25.0 -10.0
vertex 20.0 30.0 -10.0
endloop
endfacet
facet normal 0.0 -0.0 1.0
outer loop
vertex 15.0 30.0 -10.0
vertex 20.0 30.0 -10.0
vertex 15.0 35.0 -10.0
endloop
endfacet
facet normal -0.0 0.0 1.0
outer loop
vertex 15.0 35.0 -10.0
vertex 20.0 30.0 -10.0
vertex 20.0 35.0 -10.0
endloop
endfacet
facet normal 0.0 -0.0 1.0
outer loop
vertex 15.0 35.0 -10.0
vertex 20.0 35.0 -10.0
vertex 15.0 40.0 -10.0
endloop
endfacet
facet normal -0.0 0.0 1.0
outer loop
vertex 15.0 40.0 -10.0
vertex 20.0 35.0 -10.0
vertex 20.0 40.0 -10.0
endloop
endfacet
facet normal 0.0 -0.0 1.0
outer loop
vertex 15.0 40.0 -10.0
vertex 20.0 40.0 -10.0
vertex 15.0 45.0 -10.0
endloop
endfacet
facet normal -0.0 0.0 1.0
outer loop
vertex 15.0 45.0 -10.0
vertex 20.0 40.0 -10.0
vertex 20.0 45.0 -10.0
endloop
endfacet
facet normal 0.0 -0.0 1.0
outer loop
vertex 15.0 45.0 -10.0
vertex 20.0 45.0 -10.0
vertex 15.0 50.0 -10.0
endloop
endfacet
facet normal -0.0 0.0 1.0
outer loop
vertex 15.0 50.0 -10.0
vertex 20.0 45.0 -10.0
vertex 20.0 50.0 -10.0
endloop
endfacet
facet normal 0.0 -0.0 1.0
outer loop
vertex 20.0 -50.0 -10.0
vertex 25.0 -50.0 -10.0
vertex 20.0 -45.0 -10.0
endloop
endfacet
facet normal -0.0 0.0 1.0
outer loop
vertex 20.0 -45.0 -10.0
vertex 25.0 -50.0 -10.0
vertex 25.0 -45.0 -10.0
endloop
endfacet
facet normal 0.0 -0.0 1.0
outer loop
vertex 20.0 -45.0 -10.0
vertex 25.0 -45.0 -10.0
vertex 20.0 -40.0 -10.0
endloop
endfacet
facet normal -0.0 0.0 1.0
outer loop
vertex 20.0 -40.0 -10.0
vertex 25.0 -45.0 -10.0
vertex 25.0 -40.0 -10.0
endloop
endfacet
facet normal 0.0 -0.0 1.0
outer loop
vertex 20.0 -40.0 -10.0
vertex 25.0 -40.0 -10.0
vertex 20.0 -35.0 -10.0
endloop
endfacet
facet normal -0.0 0.0 1.0
outer loop
vertex 20.0 -35.0 -10.0
vertex 25.0 -40.0 -10.0
vertex 25.0 -35.0 -10.0
endloop
endfacet
facet normal 0.0 -0.0 1.0
outer loop
vertex 20.0 -35.0 -10.0
vertex 25.0 -35.0 -10.0
vertex 20.0 -30.0 -10.0
endloop
endfacet
facet normal -0.0 0.0 1.0
outer loop
vertex 20.0 -30.0 -10.0
vertex 25.0 -35.0 -10.0
vertex 25.0 -30.0 -10.0
endloop
endfacet
facet normal 0.0 -0.0 1.0
outer loop
vertex 20.0 -30.0 -10.0
vertex 25.0 -30.0 -10.0
vertex 20.0 -25.0 -10.0
endloop
endfacet
facet normal -0.0 0.0 1.0
outer loop
vertex 20.0 -25.0 -10.0
vertex 25.0 -30.0 -10.0
vertex 25.0 -25.0 -10.0
endloop
endfacet
facet normal 0.0 -0.0 1.0
outer loop
vertex 20.0 -25.0 -10.0
vertex 25.0 -25.0 -10.0
vertex 20.0 -20.0 -10.0
endloop
endfacet
facet normal -0.0 0.0 1.0
outer loop
vertex 20.0 -20.0 -10.0
vertex 25.0 -25.0 -10.0
vertex 25.0 -20.0 -10.0
endloop
endfacet
facet normal 0.0 -0.0 1.0
outer loop
vertex 20.0 -20.0 -10.0
vertex 25.0 -20.0 -10.0
vertex 20.0 -15.0 -10.0
endloop
endfacet
facet normal -0.0 0.0 1.0
outer loop
vertex 20.0 -15.0 -10.0
vertex 25.0 -20.0 -10.0
vertex 25.0 -15.0 -10.0
endloop
endfacet
facet normal 0.0 -0.0 1.0
outer loop
vertex 20.0 -15.0 -10.0
vertex 25.0 -15.0 -10.0
vertex 20.0 -10.0 -10.0
endloop
endfacet
facet normal -0.0 0.0 1.0
outer loop
vertex 20.0 -10.0 -10.0
vertex 25.0 -15.0 -10.0
vertex 25.0 -10.0 -10.0
endloop
endfacet
facet normal 0.0 -0.0 1.0
outer loop
vertex 20.0 -10.0 -10.0
vertex 25.0 -10.0 -10.0
vertex 20.0 -5.0 -10.0
endloop
endfacet
facet normal -0.0 0.0 1.0
outer loop
vertex 20.0 -5.0 -10.0
vertex 25.0 -10.0 -10.0
vertex 25.0 -5.0 -10.0
endloop
endfacet
facet normal 0.0 -0.0 1.0
outer loop
vertex 20.0 -5.0 -10.0
vertex 25.0 -5.0 -10.0
vertex 20.0 0.0 -10.0
endloop
endfacet
facet normal -0.0 0.0 1.0
outer loop
vertex 20.0 0.0 -10.0
vertex 25.0 -5.0 -10.0
vertex 25.0 0.0 -10.0
endloop
endfacet
facet normal 0.0 -0.0 1.0
outer loop
vertex 20.0 0.0 -10.0
vertex 25.0 0.0 -10.0
vertex 20.0 5.0 -10.0
endloop
endfacet
facet normal -0.0 0.0 1.0
outer loop
vertex 20.0 5.0 -10.0
vertex 25.0 0.0 -10.0
vertex 25.0 5.0 -10.0
endloop
endfacet
facet normal 0.0 -0.0 1.0
outer loop
vertex 20.0 5.0 -10.0
vertex 25.0 5.0 -10.0
vertex 20.0 10.0 -10.0
endloop
endfacet
facet normal -0.0 0.0 1.0
outer loop
vertex 20.0 10.0 -10.0
vertex 25.0 5.0 -10.0
vertex 25.0 10.0 -10.0
endloop
endfacet
facet normal 0.0 -0.0 1.0
outer loop
vertex 20.0 10.0 -10.0
vertex 25.0 10.0 -10.0
vertex 20.0 15.0 -10.0
endloop
endfacet
facet normal -0.0 0.0 1.0
outer loop
vertex 20.0 15.0 -10.0
vertex 25.0 10.0 -10.0
vertex 25.0 15.0 -10.0
endloop
endfacet
facet normal 0.0 -0.0 1.0
outer loop
vertex 20.0 15.0 -10.0
vertex 25.0 15.0 -10.0
vertex 20.0 20.0 -10.0
endloop
endfacet
facet normal -0.0 0.0 1.0
outer loop
vertex 20.0 20.0 -10.0
vertex 25.0 15.0 -10.0
vertex 25.0 20.0 -10.0
endloop
endfacet
facet normal 0.0 -0.0 1.0
outer loop
vertex 20.0 20.0 -10.0
vertex 25.0 20.0 -10.0
vertex 20.0 25.0 -10.0
endloop
endfacet
facet normal -0.0 0.0 1.0
outer loop
vertex 20.0 25.0 -10.0
vertex 25.0 20.0 -10.0
vertex 25.0 25.0 -10.0
endloop
endfacet
facet normal 0.0 -0.0 1.0
outer loop
vertex 20.0 25.0 -10.0
vertex 25.0 25.0 -10.0
vertex 20.0 30.0 -10.0
endloop
endfacet
facet normal -0.0 0.0 1.0
outer loop
vertex 20.0 30.0 -10.0
vertex 25.0 25.0 -10.0
vertex 25.0 30.0 -10.0
endloop
endfacet
facet normal 0.0 -0.0 1.0
outer loop
vertex 20.0 30.0 -10.0
vertex 25.0 30.0 -10.0
vertex 20.0 35.0 -10.0
endloop
endfacet
facet normal -0.0 0.0 1.0
outer loop
vertex 20.0 35.0 -10.0
vertex 25.0 30.0 -10.0
vertex 25.0 35.0 -10.0
endloop
endfacet
facet normal 0.0 -0.0 1.0
outer loop
vertex 20.0 35.0 -10.0
vertex 25.0 35.0 -10.0
vertex 20.0 40.0 -10.0
endloop
endfacet
facet normal -0.0 0.0 1.0
outer loop
vertex 20.0 40.0 -10.0
vertex 25.0 35.0 -10.0
vertex 25.0 40.0 -10.0
endloop
endfacet
facet normal 0.0 -0.0 1.0
outer loop
vertex 20.0 40.0 -10.0
vertex 25.0 40.0 -10.0
vertex 20.0 45.0 -10.0
endloop
endfacet
facet normal -0.0 0.0 1.0
outer loop
vertex 20.0 45.0 -10.0
vertex 25.0 40.0 -10.0
vertex 25.0 45.0 -10.0
endloop
endfacet
facet normal 0.0 -0.0 1.0
outer loop
vertex 20.0 45.0 -10.0
vertex 25.0 45.0 -10.0
vertex 20.0 50.0 -10.0
endloop
endfacet
facet normal -0.0 0.0 1.0
outer loop
vertex 20.0 50.0 -10.0
vertex 25.0 45.0 -10.0
vertex 25.0 50.0 -10.0
endloop
endfacet
facet normal 0.0 -0.0 1.0
outer loop
vertex 25.0 -50.0 -10.0
vertex 30.0 -50.0 -10.0
vertex 25.0 -45.0 -10.0
endloop
endfacet
facet normal -0.0 0.0 1.0
outer loop
vertex 25.0 -45.0 -10.0
vertex 30.0 -50.0 -10.0
vertex 30.0 -45.0 -10.0
endloop
endfacet
facet normal 0.0 -0.0 1.0
outer loop
vertex 25.0 -45.0 -10.0
vertex 30.0 -45.0 -10.0
vertex 25.0 -40.0 -10.0
endloop
endfacet
facet normal -0.0 0.0 1.0
outer loop
vertex 25.0 -40.0 -10.0
vertex 30.0 -45.0 -10.0
vertex 30.0 -40.0 -10.0
endloop
endfacet
facet normal 0.0 -0.0 1.0
outer loop
vertex 25.0 -40.0 -10.0
vertex 30.0 -40.0 -10.0
vertex 25.0 -35.0 -10.0
endloop
endfacet
facet normal -0.0 0.0 1.0
outer loop
vertex 25.0 -35.0 -10.0
vertex 30.0 -40.0 -10.0
vertex 30.0 -35.0 -10.0
endloop
endfacet
facet normal 0.0 -0.0 1.0
outer loop
vertex 25.0 -35.0 -10.0
vertex 30.0 -35.0 -10.0
vertex 25.0 -30.0 -10.0
endloop
endfacet
facet normal -0.0 0.0 1.0
outer loop
vertex 25.0 -30.0 -10.0
vertex 30.0 -35.0 -10.0
vertex 30.0 -30.0 -10.0
endloop
endfacet
facet normal 0.0 -0.0 1.0
outer loop
vertex 25.0 -30.0 -10.0
vertex 30.0 -30.0 -10.0
vertex 25.0 -25.0 -10.0
endloop
endfacet
facet normal -0.0 0.0 1.0
outer loop
vertex 25.0 -25.0 -10.0
vertex 30.0 -30.0 -10.0
vertex 30.0 -25.0 -10.0
endloop
endfacet
facet normal 0.0 -0.0 1.0
outer loop
vertex 25.0 -25.0 -10.0
vertex 30.0 -25.0 -10.0
vertex 25.0 -20.0 -10.0
endloop
endfacet
facet normal -0.0 0.0 1.0
outer loop
vertex 25.0 -20.0 -10.0
vertex 30.0 -25.0 -10.0
vertex 30.0 -20.0 -10.0
endloop
endfacet
facet normal 0.0 -0.0 1.0
outer loop
vertex 25.0 -20.0 -10.0
vertex 30.0 -20.0 -10.0
vertex 25.0 -15.0 -10.0
endloop
endfacet
facet normal -0.0 0.0 1.0
outer loop
vertex 25.0 -15.0 -10.0
vertex 30.0 -20.0 -10.0
vertex 30.0 -15.0 -10.0
endloop
endfacet
facet normal 0.0 -0.0 1.0
outer loop
vertex 25.0 -15.0 -10.0
vertex 30.0 -15.0 -10.0
vertex 25.0 -10.0 -10.0
endloop
endfacet
facet normal -0.0 0.0 1.0
outer loop
vertex 25.0 -10.0 -10.0
vertex 30.0 -15.0 -10.0
vertex 30.0 -10.0 -10.0
endloop
endfacet
facet normal 0.0 -0.0 1.0
outer loop
vertex 25.0 -10.0 -10.0
vertex 30.0 -10.0 -10.0
vertex 25.0 -5.0 -10.0
endloop
endfacet
facet normal -0.0 0.0 1.0
outer loop
vertex 25.0 -5.0 -10.0
vertex 30.0 -10.0 -10.0
vertex 30.0 -5.0 -10.0
endloop
endfacet
facet normal 0.0 -0.0 1.0
outer loop
vertex 25.0 -5.0 -10.0
vertex 30.0 -5.0 -10.0
vertex 25.0 0.0 -10.0
endloop
endfacet
facet normal -0.0 0.0 1.0
outer loop
vertex 25.0 0.0 -10.0
vertex 30.0 -5.0 -10.0
vertex 30.0 0.0 -10.0
endloop
endfacet
facet normal 0.0 -0.0 1.0
outer loop
vertex 25.0 0.0 -10.0
vertex 30.0 0.0 -10.0
vertex 25.0 5.0 -10.0
endloop
endfacet
facet normal -0.0 0.0 1.0
outer loop
vertex 25.0 5.0 -10.0
vertex 30.0 0.0 -10.0
vertex 30.0 5.0 -10.0
endloop
endfacet
facet normal 0.0 -0.0 1.0
outer loop
vertex 25.0 5.0 -10.0
vertex 30.0 5.0 -10.0
vertex 25.0 10.0 -10.0
endloop
endfacet
facet normal -0.0 0.0 1.0
outer loop
vertex 25.0 10.0 -10.0
vertex 30.0 5.0 -10.0
vertex 30.0 10.0 -10.0
endloop
endfacet
facet normal 0.0 -0.0 1.0
outer loop
vertex 25.0 10.0 -10.0
vertex 30.0 10.0 -10.0
vertex 25.0 15.0 -10.0
endloop
endfacet
facet normal -0.0 0.0 1.0
outer loop
vertex 25.0 15.0 -10.0
vertex 30.0 10.0 -10.0
vertex 30.0 15.0 -10.0
endloop
endfacet
facet normal 0.0 -0.0 1.0
outer loop
vertex 25.0 15.0 -10.0
vertex 30.0 15.0 -10.0
vertex 25.0 20.0 -10.0
endloop
endfacet
facet normal -0.0 0.0 1.0
outer loop
vertex 25.0 20.0 -10.0
vertex 30.0 15.0 -10.0
vertex 30.0 20.0 -10.0
endloop
endfacet
facet normal 0.0 -0.0 1.0
outer loop
vertex 25.0 20.0 -10.0
vertex 30.0 20.0 -10.0
vertex 25.0 25.0 -10.0
endloop
endfacet
facet normal -0.0 0.0 1.0
outer loop
vertex 25.0 25.0 -10.0
vertex 30.0 20.0 -10.0
vertex 30.0 25.0 -10.0
endloop
endfacet
facet normal 0.0 -0.0 1.0
outer loop
vertex 25.0 25.0 -10.0
vertex 30.0 25.0 -10.0
vertex 25.0 30.0 -10.0
endloop
endfacet
facet normal -0.0 0.0 1.0
outer loop
vertex 25.0 30.0 -10.0
vertex 30.0 25.0 -10.0
vertex 30.0 30.0 -10.0
endloop
endfacet
facet normal 0.0 -0.0 1.0
outer loop
vertex 25.0 30.0 -10.0
vertex 30.0 30.0 -10.0
vertex 25.0 35.0 -10.0
endloop
endfacet
facet normal -0.0 0.0 1.0
outer loop
vertex 25.0 35.0 -10.0
vertex 30.0 30.0 -10.0
vertex 30.0 35.0 -10.0
endloop
endfacet
facet normal 0.0 -0.0 1.0
outer loop
vertex 25.0 35.0 -10.0
vertex 30.0 35.0 -10.0
vertex 25.0 40.0 -10.0
endloop
endfacet
facet normal -0.0 0.0 1.0
outer loop
vertex 25.0 40.0 -10.0
vertex 30.0 35.0 -10.0
vertex 30.0 40.0 -10.0
endloop
endfacet
facet normal 0.0 -0.0 1.0
outer loop
vertex 25.0 40.0 -10.0
vertex 30.0 40.0 -10.0
vertex 25.0 45.0 -10.0
endloop
endfacet
facet normal -0.0 0.0 1.0
outer loop
vertex 25.0 45.0 -10.0
vertex 30.0 40.0 -10.0
vertex 30.0 45.0 -10.0
endloop
endfacet
facet normal 0.0 -0.0 1.0
outer loop
vertex 25.0 45.0 -10.0
vertex 30.0 45.0 -10.0
vertex 25.0 50.0 -10.0
endloop
endfacet
facet normal -0.0 0.0 1.0
outer loop
vertex 25.0 50.0 -10.0
vertex 30.0 45.0 -10.0
vertex 30.0 50.0 -10.0
endloop
endfacet
facet normal 0.0 -0.0 1.0
outer loop
vertex 30.0 -50.0 -10.0
vertex 35.0 -50.0 -10.0
vertex 30.0 -45.0 -10.0
endloop
endfacet
facet normal -0.0 0.0 1.0
outer loop
vertex 30.0 -45.0 -10.0
vertex 35.0 -50.0 -10.0
vertex 35.0 -45.0 -10.0
endloop
endfacet
facet normal 0.0 -0.0 1.0
outer loop
vertex 30.0 -45.0 -10.0
vertex 35.0 -45.0 -10.0
vertex 30.0 -40.0 -10.0
endloop
endfacet
facet normal -0.0 0.0 1.0
outer loop
vertex 30.0 -40.0 -10.0
vertex 35.0 -45.0 -10.0
vertex 35.0 -40.0 -10.0
endloop
endfacet
facet normal 0.0 -0.0 1.0
outer loop
vertex 30.0 -40.0 -10.0
vertex 35.0 -40.0 -10.0
vertex 30.0 -35.0 -10.0
endloop
endfacet
facet normal -0.0 0.0 1.0
outer loop
vertex 30.0 -35.0 -10.0
vertex 35.0 -40.0 -10.0
vertex 35.0 -35.0 -10.0
endloop
endfacet
facet normal 0.0 -0.0 1.0
outer loop
vertex 30.0 -35.0 -10.0
vertex 35.0 -35.0 -10.0
vertex 30.0 -30.0 -10.0
endloop
endfacet
facet normal -0.0 0.0 1.0
outer loop
vertex 30.0 -30.0 -10.0
vertex 35.0 -35.0 -10.0
vertex 35.0 -30.0 -10.0
endloop
endfacet
facet normal 0.0 -0.0 1.0
outer loop
vertex 30.0 -30.0 -10.0
vertex 35.0 -30.0 -10.0
vertex 30.0 -25.0 -10.0
endloop
endfacet
facet normal -0.0 0.0 1.0
outer loop
vertex 30.0 -25.0 -10.0
vertex 35.0 -30.0 -10.0
vertex 35.0 -25.0 -10.0
endloop
endfacet
facet normal 0.0 -0.0 1.0
outer loop
vertex 30.0 -25.0 -10.0
vertex 35.0 -25.0 -10.0
vertex 30.0 -20.0 -10.0
endloop
endfacet
facet normal -0.0 0.0 1.0
outer loop
vertex 30.0 -20.0 -10.0
vertex 35.0 -25.0 -10.0
vertex 35.0 -20.0 -10.0
endloop
endfacet
facet normal 0.0 -0.0 1.0
outer loop
vertex 30.0 -20.0 -10.0
vertex 35.0 -20.0 -10.0
vertex 30.0 -15.0 -10.0
endloop
endfacet
facet normal -0.0 0.0 1.0
outer loop
vertex 30.0 -15.0 -10.0
vertex 35.0 -20.0 -10.0
vertex 35.0 -15.0 -10.0
endloop
endfacet
facet normal 0.0 -0.0 1.0
outer loop
vertex 30.0 -15.0 -10.0
vertex 35.0 -15.0 -10.0
vertex 30.0 -10.0 -10.0
endloop
endfacet
facet normal -0.0 0.0 1.0
outer loop
vertex 30.0 -10.0 -10.0
vertex 35.0 -15.0 -10.0
vertex 35.0 -10.0 -10.0
endloop
endfacet
facet normal 0.0 -0.0 1.0
outer loop
vertex 30.0 -10.0 -10.0
vertex 35.0 -10.0 -10.0
vertex 30.0 -5.0 -10.0
endloop
endfacet
facet normal -0.0 0.0 1.0
outer loop
vertex 30.0 -5.0 -10.0
vertex 35.0 -10.0 -10.0
vertex 35.0 -5.0 -10.0
endloop
endfacet
facet normal 0.0 -0.0 1.0
outer loop
vertex 30.0 -5.0 -10.0
vertex 35.0 -5.0 -10.0
vertex 30.0 0.0 -10.0
endloop
endfacet
facet normal -0.0 0.0 1.0
outer loop
vertex 30.0 0.0 -10.0
vertex 35.0 -5.0 -10.0
vertex 35.0 0.0 -10.0
endloop
endfacet
facet normal 0.0 -0.0 1.0
outer loop
vertex 30.0 0.0 -10.0
vertex 35.0 0.0 -10.0
vertex 30.0 5.0 -10.0
endloop
endfacet
facet normal -0.0 0.0 1.0
outer loop
vertex 30.0 5.0 -10.0
vertex 35.0 0.0 -10.0
vertex 35.0 5.0 -10.0
endloop
endfacet
facet normal 0.0 -0.0 1.0
outer loop
vertex 30.0 5.0 -10.0
vertex 35.0 5.0 -10.0
vertex 30.0 10.0 -10.0
endloop
endfacet
facet normal -0.0 0.0 1.0
outer loop
vertex 30.0 10.0 -10.0
vertex 35.0 5.0 -10.0
vertex 35.0 10.0 -10.0
endloop
endfacet
facet normal 0.0 -0.0 1.0
outer loop
vertex 30.0 10.0 -10.0
vertex 35.0 10.0 -10.0
vertex 30.0 15.0 -10.0
endloop
endfacet
facet normal -0.0 0.0 1.0
outer loop
vertex 30.0 15.0 -10.0
vertex 35.0 10.0 -10.0
vertex 35.0 15.0 -10.0
endloop
endfacet
facet normal 0.0 -0.0 1.0
outer loop
vertex 30.0 15.0 -10.0
vertex 35.0 15.0 -10.0
vertex 30.0 20.0 -10.0
endloop
endfacet
facet normal -0.0 0.0 1.0
outer loop
vertex 30.0 20.0 -10.0
vertex 35.0 15.0 -10.0
vertex 35.0 20.0 -10.0
endloop
endfacet
facet normal 0.0 -0.0 1.0
outer loop
vertex 30.0 20.0 -10.0
vertex 35.0 20.0 -10.0
vertex 30.0 25.0 -10.0
endloop
endfacet
facet normal -0.0 0.0 1.0
outer loop
vertex 30.0 25.0 -10.0
vertex 35.0 20.0 -10.0
vertex 35.0 25.0 -10.0
endloop
endfacet
facet normal 0.0 -0.0 1.0
outer loop
vertex 30.0 25.0 -10.0
vertex 35.0 25.0 -10.0
vertex 30.0 30.0 -10.0
endloop
endfacet
facet normal -0.0 0.0 1.0
outer loop
vertex 30.0 30.0 -10.0
vertex 35.0 25.0 -10.0
vertex 35.0 30.0 -10.0
endloop
endfacet
facet normal 0.0 -0.0 1.0
outer loop
vertex 30.0 30.0 -10.0
vertex 35.0 30.0 -10.0
vertex 30.0 35.0 -10.0
endloop
endfacet
facet normal -0.0 0.0 1.0
outer loop
vertex 30.0 35.0 -10.0
vertex 35.0 30.0 -10.0
vertex 35.0 35.0 -10.0
endloop
endfacet
facet normal 0.0 -0.0 1.0
outer loop
vertex 30.0 35.0 -10.0
vertex 35.0 35.0 -10.0
vertex 30.0 40.0 -10.0
endloop
endfacet
facet normal -0.0 0.0 1.0
outer loop
vertex 30.0 40.0 -10.0
vertex 35.0 35.0 -10.0
vertex 35.0 40.0 -10.0
endloop
endfacet
facet normal 0.0 -0.0 1.0
outer loop
vertex 30.0 40.0 -10.0
vertex 35.0 40.0 -10.0
vertex 30.0 45.0 -10.0
endloop
endfacet
facet normal -0.0 0.0 1.0
outer loop
vertex 30.0 45.0 -10.0
vertex 35.0 40.0 -10.0
vertex 35.0 45.0 -10.0
endloop
endfacet
facet normal 0.0 -0.0 1.0
outer loop
vertex 30.0 45.0 -10.0
vertex 35.0 45.0 -10.0
vertex 30.0 50.0 -10.0
endloop
endfacet
facet normal -0.0 0.0 1.0
outer loop
vertex 30.0 50.0 -10.0
vertex 35.0 45.0 -10.0
vertex 35.0 50.0 -10.0
endloop
endfacet
facet normal 0.0 -0.0 1.0
outer loop
vertex 35.0 -50.0 -10.0
vertex 40.0 -50.0 -10.0
vertex 35.0 -45.0 -10.0
endloop
endfacet
facet normal -0.0 0.0 1.0
outer loop
vertex 35.0 -45.0 -10.0
vertex 40.0 -50.0 -10.0
vertex 40.0 -45.0 -10.0
endloop
endfacet
facet normal 0.0 -0.0 1.0
outer loop
vertex 35.0 -45.0 -10.0
vertex 40.0 -45.0 -10.0
vertex 35.0 -40.0 -10.0
endloop
endfacet
facet normal -0.0 0.0 1.0
outer loop
vertex 35.0 -40.0 -10.0
vertex 40.0 -45.0 -10.0
vertex 40.0 -40.0 -10.0
endloop
endfacet
facet normal 0.0 -0.0 1.0
outer loop
vertex 35.0 -40.0 -10.0
vertex 40.0 -40.0 -10.0
vertex 35.0 -35.0 -10.0
endloop
endfacet
facet normal -0.0 0.0 1.0
outer loop
vertex 35.0 -35.0 -10.0
vertex 40.0 -40.0 -10.0
vertex 40.0 -35.0 -10.0
endloop
endfacet
facet normal 0.0 -0.0 1.0
outer loop
vertex 35.0 -35.0 -10.0
vertex 40.0 -35.0 -10.0
vertex 35.0 -30.0 -10.0
endloop
endfacet
facet normal -0.0 0.0 1.0
outer loop
vertex 35.0 -30.0 -10.0
vertex 40.0 -35.0 -10.0
vertex 40.0 -30.0 -10.0
endloop
endfacet
facet normal 0.0 -0.0 1.0
outer loop
vertex 35.0 -30.0 -10.0
vertex 40.0 -30.0 -10.0
vertex 35.0 -25.0 -10.0
endloop
endfacet
facet normal -0.0 0.0 1.0
outer loop
vertex 35.0 -25.0 -10.0
vertex 40.0 -30.0 -10.0
vertex 40.0 -25.0 -10.0
endloop
endfacet
facet normal 0.0 -0.0 1.0
outer loop
vertex 35.0 -25.0 -10.0
vertex 40.0 -25.0 -10.0
vertex 35.0 -20.0 -10.0
endloop
endfacet
facet normal -0.0 0.0 1.0
outer loop
vertex 35.0 -20.0 -10.0
vertex 40.0 -25.0 -10.0
vertex 40.0 -20.0 -10.0
endloop
endfacet
facet normal 0.0 -0.0 1.0
outer loop
vertex 35.0 -20.0 -10.0
vertex 40.0 -20.0 -10.0
vertex 35.0 -15.0 -10.0
endloop
endfacet
facet normal -0.0 0.0 1.0
outer loop
vertex 35.0 -15.0 -10.0
vertex 40.0 -20.0 -10.0
vertex 40.0 -15.0 -10.0
endloop
endfacet
facet normal 0.0 -0.0 1.0
outer loop
vertex 35.0 -15.0 -10.0
vertex 40.0 -15.0 -10.0
vertex 35.0 -10.0 -10.0
endloop
endfacet
facet normal -0.0 0.0 1.0
outer loop
vertex 35.0 -10.0 -10.0
vertex 40.0 -15.0 -10.0
vertex 40.0 -10.0 -10.0
endloop
endfacet
facet normal 0.0 -0.0 1.0
outer loop
vertex 35.0 -10.0 -10.0
vertex 40.0 -10.0 -10.0
vertex 35.0 -5.0 -10.0
endloop
endfacet
facet normal -0.0 0.0 1.0
outer loop
vertex 35.0 -5.0 -10.0
vertex 40.0 -10.0 -10.0
vertex 40.0 -5.0 -10.0
endloop
endfacet
facet normal 0.0 -0.0 1.0
outer loop
vertex 35.0 -5.0 -10.0
vertex 40.0 -5.0 -10.0
vertex 35.0 0.0 -10.0
endloop
endfacet
facet normal -0.0 0.0 1.0
outer loop
vertex 35.0 0.0 -10.0
vertex 40.0 -5.0 -10.0
vertex 40.0 0.0 -10.0
endloop
endfacet
facet normal 0.0 -0.0 1.0
outer loop
vertex 35.0 0.0 -10.0
vertex 40.0 0.0 -10.0
vertex 35.0 5.0 -10.0
endloop
endfacet
facet normal -0.0 0.0 1.0
outer loop
vertex 35.0 5.0 -10.0
vertex 40.0 0.0 -10.0
vertex 40.0 5.0 -10.0
endloop
endfacet
facet normal 0.0 -0.0 1.0
outer loop
vertex 35.0 5.0 -10.0
vertex 40.0 5.0 -10.0
vertex 35.0 10.0 -10.0
endloop
endfacet
facet normal -0.0 0.0 1.0
outer loop
vertex 35.0 10.0 -10.0
vertex 40.0 5.0 -10.0
vertex 40.0 10.0 -10.0
endloop
endfacet
facet normal 0.0 -0.0 1.0
outer loop
vertex 35.0 10.0 -10.0
vertex 40.0 10.0 -10.0
vertex 35.0 15.0 -10.0
endloop
endfacet
facet normal -0.0 0.0 1.0
outer loop
vertex 35.0 15.0 -10.0
vertex 40.0 10.0 -10.0
vertex 40.0 15.0 -10.0
endloop
endfacet
facet normal 0.0 -0.0 1.0
outer loop
vertex 35.0 15.0 -10.0
vertex 40.0 15.0 -10.0
vertex 35.0 20.0 -10.0
endloop
endfacet
facet normal -0.0 0.0 1.0
outer loop
vertex 35.0 20.0 -10.0
vertex 40.0 15.0 -10.0
vertex 40.0 20.0 -10.0
endloop
endfacet
facet normal 0.0 -0.0 1.0
outer loop
vertex 35.0 20.0 -10.0
vertex 40.0 20.0 -10.0
vertex 35.0 25.0 -10.0
endloop
endfacet
facet normal -0.0 0.0 1.0
outer loop
vertex 35.0 25.0 -10.0
vertex 40.0 20.0 -10.0
vertex 40.0 25.0 -10.0
endloop
endfacet
facet normal 0.0 -0.0 1.0
outer loop
vertex 35.0 25.0 -10.0
vertex 40.0 25.0 -10.0
vertex 35.0 30.0 -10.0
endloop
endfacet
facet normal -0.0 0.0 1.0
outer loop
vertex 35.0 30.0 -10.0
vertex 40.0 25.0 -10.0
vertex 40.0 30.0 -10.0
endloop
endfacet
facet normal 0.0 -0.0 1.0
outer loop
vertex 35.0 30.0 -10.0
vertex 40.0 30.0 -10.0
vertex 35.0 35.0 -10.0
endloop
endfacet
facet normal -0.0 0.0 1.0
outer loop
vertex 35.0 35.0 -10.0
vertex 40.0 30.0 -10.0
vertex 40.0 35.0 -10.0
endloop
endfacet
facet normal 0.0 -0.0 1.0
outer loop
vertex 35.0 35.0 -10.0
vertex 40.0 35.0 -10.0
vertex 35.0 40.0 -10.0
endloop
endfacet
facet normal -0.0 0.0 1.0
outer loop
vertex 35.0 40.0 -10.0
vertex 40.0 35.0 -10.0
vertex 40.0 40.0 -10.0
endloop
endfacet
facet normal 0.0 -0.0 1.0
outer loop
vertex 35.0 40.0 -10.0
vertex 40.0 40.0 -10.0
vertex 35.0 45.0 -10.0
endloop
endfacet
facet normal -0.0 0.0 1.0
outer loop
vertex 35.0 45.0 -10.0
vertex 40.0 40.0 -10.0
vertex 40.0 45.0 -10.0
endloop
endfacet
facet normal 0.0 -0.0 1.0
outer loop
vertex 35.0 45.0 -10.0
vertex 40.0 45.0 -10.0
vertex 35.0 50.0 -10.0
endloop
endfacet
facet normal -0.0 0.0 1.0
outer loop
vertex 35.0 50.0 -10.0
vertex 40.0 45.0 -10.0
vertex 40.0 50.0 -10.0
endloop
endfacet
facet normal 0.0 -0.0 1.0
outer loop
vertex 40.0 -50.0 -10.0
vertex 45.0 -50.0 -10.0
vertex 40.0 -45.0 -10.0
endloop
endfacet
facet normal -0.0 0.0 1.0
outer loop
vertex 40.0 -45.0 -10.0
vertex 45.0 -50.0 -10.0
vertex 45.0 -45.0 -10.0
endloop
endfacet
facet normal 0.0 -0.0 1.0
outer loop
vertex 40.0 -45.0 -10.0
vertex 45.0 -45.0 -10.0
vertex 40.0 -40.0 -10.0
endloop
endfacet
facet normal -0.0 0.0 1.0
outer loop
vertex 40.0 -40.0 -10.0
vertex 45.0 -45.0 -10.0
vertex 45.0 -40.0 -10.0
endloop
endfacet
facet normal 0.0 -0.0 1.0
outer loop
vertex 40.0 -40.0 -10.0
vertex 45.0 -40.0 -10.0
vertex 40.0 -35.0 -10.0
endloop
endfacet
facet normal -0.0 0.0 1.0
outer loop
vertex 40.0 -35.0 -10.0
vertex 45.0 -40.0 -10.0
vertex 45.0 -35.0 -10.0
endloop
endfacet
facet normal 0.0 -0.0 1.0
outer loop
vertex 40.0 -35.0 -10.0
vertex 45.0 -35.0 -10.0
vertex 40.0 -30.0 -10.0
endloop
endfacet
facet normal -0.0 0.0 1.0
outer loop
vertex 40.0 -30.0 -10.0
vertex 45.0 -35.0 -10.0
vertex 45.0 -30.0 -10.0
endloop
endfacet
facet normal 0.0 -0.0 1.0
outer loop
vertex 40.0 -30.0 -10.0
vertex 45.0 -30.0 -10.0
vertex 40.0 -25.0 -10.0
endloop
endfacet
facet normal -0.0 0.0 1.0
outer loop
vertex 40.0 -25.0 -10.0
vertex 45.0 -30.0 -10.0
vertex 45.0 -25.0 -10.0
endloop
endfacet
facet normal 0.0 -0.0 1.0
outer loop
vertex 40.0 -25.0 -10.0
vertex 45.0 -25.0 -10.0
vertex 40.0 -20.0 -10.0
endloop
endfacet
facet normal -0.0 0.0 1.0
outer loop
vertex 40.0 -20.0 -10.0
vertex 45.0 -25.0 -10.0
vertex 45.0 -20.0 -10.0
endloop
endfacet
facet normal 0.0 -0.0 1.0
outer loop
vertex 40.0 -20.0 -10.0
vertex 45.0 -20.0 -10.0
vertex 40.0 -15.0 -10.0
endloop
endfacet
facet normal -0.0 0.0 1.0
outer loop
vertex 40.0 -15.0 -10.0
vertex 45.0 -20.0 -10.0
vertex 45.0 -15.0 -10.0
endloop
endfacet
facet normal 0.0 -0.0 1.0
outer loop
vertex 40.0 -15.0 -10.0
vertex 45.0 -15.0 -10.0
vertex 40.0 -10.0 -10.0
endloop
endfacet
facet normal -0.0 0.0 1.0
outer loop
vertex 40.0 -10.0 -10.0
vertex 45.0 -15.0 -10.0
vertex 45.0 -10.0 -10.0
endloop
endfacet
facet normal 0.0 -0.0 1.0
outer loop
vertex 40.0 -10.0 -10.0
vertex 45.0 -10.0 -10.0
vertex 40.0 -5.0 -10.0
endloop
endfacet
facet normal -0.0 0.0 1.0
outer loop
vertex 40.0 -5.0 -10.0
vertex 45.0 -10.0 -10.0
vertex 45.0 -5.0 -10.0
endloop
endfacet
facet normal 0.0 -0.0 1.0
outer loop
vertex 40.0 -5.0 -10.0
vertex 45.0 -5.0 -10.0
vertex 40.0 0.0 -10.0
endloop
endfacet
facet normal -0.0 0.0 1.0
outer loop
vertex 40.0 0.0 -10.0
vertex 45.0 -5.0 -10.0
vertex 45.0 0.0 -10.0
endloop
endfacet
facet normal 0.0 -0.0 1.0
outer loop
vertex 40.0 0.0 -10.0
vertex 45.0 0.0 -10.0
vertex 40.0 5.0 -10.0
endloop
endfacet
facet normal -0.0 0.0 1.0
outer loop
vertex 40.0 5.0 -10.0
vertex 45.0 0.0 -10.0
vertex 45.0 5.0 -10.0
endloop
endfacet
facet normal 0.0 -0.0 1.0
outer loop
vertex 40.0 5.0 -10.0
vertex 45.0 5.0 -10.0
vertex 40.0 10.0 -10.0
endloop
endfacet
facet normal -0.0 0.0 1.0
outer loop
vertex 40.0 10.0 -10.0
vertex 45.0 5.0 -10.0
vertex 45.0 10.0 -10.0
endloop
endfacet
facet normal 0.0 -0.0 1.0
outer loop
vertex 40.0 10.0 -10.0
vertex 45.0 10.0 -10.0
vertex 40.0 15.0 -10.0
endloop
endfacet
facet normal -0.0 0.0 1.0
outer loop
vertex 40.0 15.0 -10.0
vertex 45.0 10.0 -10.0
vertex 45.0 15.0 -10.0
endloop
endfacet
facet normal 0.0 -0.0 1.0
outer loop
vertex 40.0 15.0 -10.0
vertex 45.0 15.0 -10.0
vertex 40.0 20.0 -10.0
endloop
endfacet
facet normal -0.0 0.0 1.0
outer loop
vertex 40.0 20.0 -10.0
vertex 45.0 15.0 -10.0
vertex 45.0 20.0 -10.0
endloop
endfacet
facet normal 0.0 -0.0 1.0
outer loop
vertex 40.0 20.0 -10.0
vertex 45.0 20.0 -10.0
vertex 40.0 25.0 -10.0
endloop
endfacet
facet normal -0.0 0.0 1.0
outer loop
vertex 40.0 25.0 -10.0
vertex 45.0 20.0 -10.0
vertex 45.0 25.0 -10.0
endloop
endfacet
facet normal 0.0 -0.0 1.0
outer loop
vertex 40.0 25.0 -10.0
vertex 45.0 25.0 -10.0
vertex 40.0 30.0 -10.0
endloop
endfacet
facet normal -0.0 0.0 1.0
outer loop
vertex 40.0 30.0 -10.0
vertex 45.0 25.0 -10.0
vertex 45.0 30.0 -10.0
endloop
endfacet
facet normal 0.0 -0.0 1.0
outer loop
vertex 40.0 30.0 -10.0
vertex 45.0 30.0 -10.0
vertex 40.0 35.0 -10.0
endloop
endfacet
facet normal -0.0 0.0 1.0
outer loop
vertex 40.0 35.0 -10.0
vertex 45.0 30.0 -10.0
vertex 45.0 35.0 -10.0
endloop
endfacet
facet normal 0.0 -0.0 1.0
outer loop
vertex 40.0 35.0 -10.0
vertex 45.0 35.0 -10.0
vertex 40.0 40.0 -10.0
endloop
endfacet
facet normal -0.0 0.0 1.0
outer loop
vertex 40.0 40.0 -10.0
vertex 45.0 35.0 -10.0
vertex 45.0 40.0 -10.0
endloop
endfacet
facet normal 0.0 -0.0 1.0
outer loop
vertex 40.0 40.0 -10.0
vertex 45.0 40.0 -10.0
vertex 40.0 45.0 -10.0
endloop
endfacet
facet normal -0.0 0.0 1.0
outer loop
vertex 40.0 45.0 -10.0
vertex 45.0 40.0 -10.0
vertex 45.0 45.0 -10.0
endloop
endfacet
facet normal 0.0 -0.0 1.0
outer loop
vertex 40.0 45.0 -10.0
vertex 45.0 45.0 -10.0
vertex 40.0 50.0 -10.0
endloop
endfacet
facet normal -0.0 0.0 1.0
outer loop
vertex 40.0 50.0 -10.0
vertex 45.0 45.0 -10.0
vertex 45.0 50.0 -10.0
endloop
endfacet
facet normal 0.0 -0.0 1.0
outer loop
vertex 45.0 -50.0 -10.0
vertex 50.0 -50.0 -10.0
vertex 45.0 -45.0 -10.0
endloop
endfacet
facet normal -0.0 0.0 1.0
outer loop
vertex 45.0 -45.0 -10.0
vertex 50.0 -50.0 -10.0
vertex 50.0 -45.0 -10.0
endloop
endfacet
facet normal 0.0 -0.0 1.0
outer loop
vertex 45.0 -45.0 -10.0
vertex 50.0 -45.0 -10.0
vertex 45.0 -40.0 -10.0
endloop
endfacet
facet normal -0.0 0.0 1.0
outer loop
vertex 45.0 -40.0 -10.0
vertex 50.0 -45.0 -10.0
vertex 50.0 -40.0 -10.0
endloop
endfacet
facet normal 0.0 -0.0 1.0
outer loop
vertex 45.0 -40.0 -10.0
vertex 50.0 -40.0 -10.0
vertex 45.0 -35.0 -10.0
endloop
endfacet
facet normal -0.0 0.0 1.0
outer loop
vertex 45.0 -35.0 -10.0
vertex 50.0 -40.0 -10.0
vertex 50.0 -35.0 -10.0
endloop
endfacet
facet normal 0.0 -0.0 1.0
outer loop
vertex 45.0 -35.0 -10.0
vertex 50.0 -35.0 -10.0
vertex 45.0 -30.0 -10.0
endloop
endfacet
facet normal -0.0 0.0 1.0
outer loop
vertex 45.0 -30.0 -10.0
vertex 50.0 -35.0 -10.0
vertex 50.0 -30.0 -10.0
endloop
endfacet
facet normal 0.0 -0.0 1.0
outer loop
vertex 45.0 -30.0 -10.0
vertex 50.0 -30.0 -10.0
vertex 45.0 -25.0 -10.0
endloop
endfacet
facet normal -0.0 0.0 1.0
outer loop
vertex 45.0 -25.0 -10.0
vertex 50.0 -30.0 -10.0
vertex 50.0 -25.0 -10.0
endloop
endfacet
facet normal 0.0 -0.0 1.0
outer loop
vertex 45.0 -25.0 -10.0
vertex 50.0 -25.0 -10.0
vertex 45.0 -20.0 -10.0
endloop
endfacet
facet normal -0.0 0.0 1.0
outer loop
vertex 45.0 -20.0 -10.0
vertex 50.0 -25.0 -10.0
vertex 50.0 -20.0 -10.0
endloop
endfacet
facet normal 0.0 -0.0 1.0
outer loop
vertex 45.0 -20.0 -10.0
vertex 50.0 -20.0 -10.0
vertex 45.0 -15.0 -10.0
endloop
endfacet
facet normal -0.0 0.0 1.0
outer loop
vertex 45.0 -15.0 -10.0
vertex 50.0 -20.0 -10.0
vertex 50.0 -15.0 -10.0
endloop
endfacet
facet normal 0.0 -0.0 1.0
outer loop
vertex 45.0 -15.0 -10.0
vertex 50.0 -15.0 -10.0
vertex 45.0 -10.0 -10.0
endloop
endfacet
facet normal -0.0 0.0 1.0
outer loop
vertex 45.0 -10.0 -10.0
vertex 50.0 -15.0 -10.0
vertex 50.0 -10.0 -10.0
endloop
endfacet
facet normal 0.0 -0.0 1.0
outer loop
vertex 45.0 -10.0 -10.0
vertex 50.0 -10.0 -10.0
vertex 45.0 -5.0 -10.0
endloop
endfacet
facet normal -0.0 0.0 1.0
outer loop
vertex 45.0 -5.0 -10.0
vertex 50.0 -10.0 -10.0
vertex 50.0 -5.0 -10.0
endloop
endfacet
facet normal 0.0 -0.0 1.0
outer loop
vertex 45.0 -5.0 -10.0
vertex 50.0 -5.0 -10.0
vertex 45.0 0.0 -10.0
endloop
endfacet
facet normal -0.0 0.0 1.0
outer loop
vertex 45.0 0.0 -10.0
vertex 50.0 -5.0 -10.0
vertex 50.0 0.0 -10.0
endloop
endfacet
facet normal 0.0 -0.0 1.0
outer loop
vertex 45.0 0.0 -10.0
vertex 50.0 0.0 -10.0
vertex 45.0 5.0 -10.0
endloop
endfacet
facet normal -0.0 0.0 1.0
outer loop
vertex 45.0 5.0 -10.0
vertex 50.0 0.0 -10.0
vertex 50.0 5.0 -10.0
endloop
endfacet
facet normal 0.0 -0.0 1.0
outer loop
vertex 45.0 5.0 -10.0
vertex 50.0 5.0 -10.0
vertex 45.0 10.0 -10.0
endloop
endfacet
facet normal -0.0 0.0 1.0
outer loop
vertex 45.0 10.0 -10.0
vertex 50.0 5.0 -10.0
vertex 50.0 10.0 -10.0
endloop
endfacet
facet normal 0.0 -0.0 1.0
outer loop
vertex 45.0 10.0 -10.0
vertex 50.0 10.0 -10.0
vertex 45.0 15.0 -10.0
endloop
endfacet
facet normal -0.0 0.0 1.0
outer loop
vertex 45.0 15.0 -10.0
vertex 50.0 10.0 -10.0
vertex 50.0 15.0 -10.0
endloop
endfacet
facet normal 0.0 -0.0 1.0
outer loop
vertex 45.0 15.0 -10.0
vertex 50.0 15.0 -10.0
vertex 45.0 20.0 -10.0
endloop
endfacet
facet normal -0.0 0.0 1.0
outer loop
vertex 45.0 20.0 -10.0
vertex 50.0 15.0 -10.0
vertex 50.0 20.0 -10.0
endloop
endfacet
facet normal 0.0 -0.0 1.0
outer loop
vertex 45.0 20.0 -10.0
vertex 50.0 20.0 -10.0
vertex 45.0 25.0 -10.0
endloop
endfacet
facet normal -0.0 0.0 1.0
outer loop
vertex 45.0 25.0 -10.0
vertex 50.0 20.0 -10.0
vertex 50.0 25.0 -10.0
endloop
endfacet
facet normal 0.0 -0.0 1.0
outer loop
vertex 45.0 25.0 -10.0
vertex 50.0 25.0 -10.0
vertex 45.0 30.0 -10.0
endloop
endfacet
facet normal -0.0 0.0 1.0
outer loop
vertex 45.0 30.0 -10.0
vertex 50.0 25.0 -10.0
vertex 50.0 30.0 -10.0
endloop
endfacet
facet normal 0.0 -0.0 1.0
outer loop
vertex 45.0 30.0 -10.0
vertex 50.0 30.0 -10.0
vertex 45.0 35.0 -10.0
endloop
endfacet
facet normal -0.0 0.0 1.0
outer loop
vertex 45.0 35.0 -10.0
vertex 50.0 30.0 -10.0
vertex 50.0 35.0 -10.0
endloop
endfacet
facet normal 0.0 -0.0 1.0
outer loop
vertex 45.0 35.0 -10.0
vertex 50.0 35.0 -10.0
vertex 45.0 40.0 -10.0
endloop
endfacet
facet normal -0.0 0.0 1.0
outer loop
vertex 45.0 40.0 -10.0
vertex 50.0 35.0 -10.0
vertex 50.0 40.0 -10.0
endloop
endfacet
facet normal 0.0 -0.0 1.0
outer loop
vertex 45.0 40.0 -10.0
vertex 50.0 40.0 -10.0
vertex 45.0 45.0 -10.0
endloop
endfacet
facet normal -0.0 0.0 1.0
outer loop
vertex 45.0 45.0 -10.0
vertex 50.0 40.0 -10.0
vertex 50.0 45.0 -10.0
endloop
endfacet
facet normal 0.0 -0.0 1.0
outer loop
vertex 45.0 45.0 -10.0
vertex 50.0 45.0 -10.0
vertex 45.0 50.0 -10.0
endloop
endfacet
facet normal -0.0 0.0 1.0
outer loop
vertex 45.0 50.0 -10.0
vertex 50.0 45.0 -10.0
vertex 50.0 50.0 -10.0
endloop
endfacet
facet normal -1.0 0.0 0.0
outer loop
vertex -50.0 -50.0 -10.0
vertex -50.0 -50.0 -5.0
vertex -50.0 -45.0 -10.0
endloop
endfacet
facet normal -1.0 0.0 0.0
outer loop
vertex -50.0 -45.0 -10.0
vertex -50.0 -50.0 -5.0
vertex -50.0 -45.0 -5.0
endloop
endfacet
facet normal -1.0 0.0 0.0
outer loop
vertex -50.0 -45.0 -10.0
vertex -50.0 -45.0 -5.0
vertex -50.0 -40.0 -10.0
endloop
endfacet
facet normal -1.0 0.0 0.0
outer loop
vertex -50.0 -40.0 -10.0
vertex -50.0 -45.0 -5.0
vertex -50.0 -40.0 -5.0
endloop
endfacet
facet normal -1.0 0.0 0.0
outer loop
vertex -50.0 -40.0 -10.0
vertex -50.0 -40.0 -5.0
vertex -50.0 -35.0 -10.0
endloop
endfacet
facet normal -1.0 0.0 0.0
outer loop
vertex -50.0 -35.0 -10.0
vertex -50.0 -40.0 -5.0
vertex -50.0 -35.0 -5.0
endloop
endfacet
facet normal -1.0 0.0 0.0
outer loop
vertex -50.0 -35.0 -10.0
vertex -50.0 -35.0 -5.0
vertex -50.0 -30.0 -10.0
endloop
endfacet
facet normal -1.0 0.0 0.0
outer loop
vertex -50.0 -30.0 -10.0
vertex -50.0 -35.0 -5.0
vertex -50.0 -30.0 -5.0
endloop
endfacet
facet normal -1.0 0.0 0.0
outer loop
vertex -50.0 -30.0 -10.0
vertex -50.0 -30.0 -5.0
vertex -50.0 -25.0 -10.0
endloop
endfacet
facet normal -1.0 0.0 0.0
outer loop
vertex -50.0 -25.0 -10.0
vertex -50.0 -30.0 -5.0
vertex -50.0 -25.0 -5.0
endloop
endfacet
facet normal -1.0 0.0 0.0
outer loop
vertex -50.0 -25.0 -10.0
vertex -50.0 -25.0 -5.0
vertex -50.0 -20.0 -10.0
endloop
endfacet
facet normal -1.0 0.0 0.0
outer loop
vertex -50.0 -20.0 -10.0
vertex -50.0 -25.0 -5.0
vertex -50.0 -20.0 -5.0
endloop
endfacet
facet normal -1.0 0.0 0.0
outer loop
vertex -50.0 -20.0 -10.0
vertex -50.0 -20.0 -5.0
vertex -50.0 -15.0 -10.0
endloop
endfacet
facet normal -1.0 0.0 0.0
outer loop
vertex -50.0 -15.0 -10.0
vertex -50.0 -20.0 -5.0
vertex -50.0 -15.0 -5.0
endloop
endfacet
facet normal -1.0 0.0 0.0
outer loop
vertex -50.0 -15.0 -10.0
vertex -50.0 -15.0 -5.0
vertex -50.0 -10.0 -10.0
endloop
endfacet
facet normal -1.0 0.0 0.0
outer loop
vertex -50.0 -10.0 -10.0
vertex -50.0 -15.0 -5.0
vertex -50.0 -10.0 -5.0
endloop
endfacet
facet normal -1.0 0.0 0.0
outer loop
vertex -50.0 -10.0 -10.0
vertex -50.0 -10.0 -5.0
vertex -50.0 -5.0 -10.0
endloop
endfacet
facet normal -1.0 0.0 0.0
outer loop
vertex -50.0 -5.0 -10.0
vertex -50.0 -10.0 -5.0
vertex -50.0 -5.0 -5.0
endloop
endfacet
facet normal -1.0 0.0 0.0
outer loop
vertex -50.0 -5.0 -10.0
vertex -50.0 -5.0 -5.0
vertex -50.0 0.0 -10.0
endloop
endfacet
facet normal -1.0 0.0 0.0
outer loop
vertex -50.0 0.0 -10.0
vertex -50.0 -5.0 -5.0
vertex -50.0 0.0 -5.0
endloop
endfacet
facet normal -1.0 0.0 0.0
outer loop
vertex -50.0 0.0 -10.0
vertex -50.0 0.0 -5.0
vertex -50.0 5.0 -10.0
endloop
endfacet
facet normal -1.0 0.0 0.0
outer loop
vertex -50.0 5.0 -10.0
vertex -50.0 0.0 -5.0
vertex -50.0 5.0 -5.0
endloop
endfacet
facet normal -1.0 0.0 0.0
outer loop
vertex -50.0 5.0 -10.0
vertex -50.0 5.0 -5.0
vertex -50.0 10.0 -10.0
endloop
endfacet
facet normal -1.0 0.0 0.0
outer loop
vertex -50.0 10.0 -10.0
vertex -50.0 5.0 -5.0
vertex -50.0 10.0 -5.0
endloop
endfacet
facet normal -1.0 0.0 0.0
outer loop
vertex -50.0 10.0 -10.0
vertex -50.0 10.0 -5.0
vertex -50.0 15.0 -10.0
endloop
endfacet
facet normal -1.0 0.0 0.0
outer loop
vertex -50.0 15.0 -10.0
vertex -50.0 10.0 -5.0
vertex -50.0 15.0 -5.0
endloop
endfacet
facet normal -1.0 0.0 0.0
outer loop
vertex -50.0 15.0 -10.0
vertex -50.0 15.0 -5.0
vertex -50.0 20.0 -10.0
endloop
endfacet
facet normal -1.0 0.0 0.0
outer loop
vertex -50.0 20.0 -10.0
vertex -50.0 15.0 -5.0
vertex -50.0 20.0 -5.0
endloop
endfacet
facet normal -1.0 0.0 0.0
outer loop
vertex -50.0 20.0 -10.0
vertex -50.0 20.0 -5.0
vertex -50.0 25.0 -10.0
endloop
endfacet
facet normal -1.0 0.0 0.0
outer loop
vertex -50.0 25.0 -10.0
vertex -50.0 20.0 -5.0
vertex -50.0 25.0 -5.0
endloop
endfacet
facet normal -1.0 0.0 0.0
outer loop
vertex -50.0 25.0 -10.0
vertex -50.0 25.0 -5.0
vertex -50.0 30.0 -10.0
endloop
endfacet
facet normal -1.0 0.0 0.0
outer loop
vertex -50.0 30.0 -10.0
vertex -50.0 25.0 -5.0
vertex -50.0 30.0 -5.0
endloop
endfacet
facet normal -1.0 0.0 0.0
outer loop
vertex -50.0 30.0 -10.0
vertex -50.0 30.0 -5.0
vertex -50.0 35.0 -10.0
endloop
endfacet
facet normal -1.0 0.0 0.0
outer loop
vertex -50.0 35.0 -10.0
vertex -50.0 30.0 -5.0
vertex -50.0 35.0 -5.0
endloop
endfacet
facet normal -1.0 0.0 0.0
outer loop
vertex -50.0 35.0 -10.0
vertex -50.0 35.0 -5.0
vertex -50.0 40.0 -10.0
endloop
endfacet
facet normal -1.0 0.0 0.0
outer loop
vertex -50.0 40.0 -10.0
vertex -50.0 35.0 -5.0
vertex -50.0 40.0 -5.0
endloop
endfacet
facet normal -1.0 0.0 0.0
outer loop
vertex -50.0 40.0 -10.0
vertex -50.0 40.0 -5.0
vertex -50.0 45.0 -10.0
endloop
endfacet
facet normal -1.0 0.0 0.0
outer loop
vertex -50.0 45.0 -10.0
vertex -50.0 40.0 -5.0
vertex -50.0 45.0 -5.0
endloop
endfacet
facet normal -1.0 0.0 0.0
outer loop
vertex -50.0 45.0 -10.0
vertex -50.0 45.0 -5.0
vertex -50.0 50.0 -10.0
endloop
endfacet
facet normal -1.0 0.0 0.0
outer loop
vertex -50.0 50.0 -10.0
vertex -50.0 45.0 -5.0
vertex -50.0 50.0 -5.0
endloop
endfacet
facet normal -1.0 0.0 0.0
outer loop
vertex -50.0 -50.0 -5.0
vertex -50.0 -50.0 0.0
vertex -50.0 -45.0 -5.0
endloop
endfacet
facet normal -1.0 0.0 0.0
outer loop
vertex -50.0 -45.0 -5.0
vertex -50.0 -50.0 0.0
vertex -50.0 -45.0 0.0
endloop
endfacet
facet normal -1.0 0.0 0.0
outer loop
vertex -50.0 -45.0 -5.0
vertex -50.0 -45.0 0.0
vertex -50.0 -40.0 -5.0
endloop
endfacet
facet normal -1.0 0.0 0.0
outer loop
vertex -50.0 -40.0 -5.0
vertex -50.0 -45.0 0.0
vertex -50.0 -40.0 0.0
endloop
endfacet
facet normal -1.0 0.0 0.0
outer loop
vertex -50.0 -40.0 -5.0
vertex -50.0 -40.0 0.0
vertex -50.0 -35.0 -5.0
endloop
endfacet
facet normal -1.0 0.0 0.0
outer loop
vertex -50.0 -35.0 -5.0
vertex -50.0 -40.0 0.0
vertex -50.0 -35.0 0.0
endloop
endfacet
facet normal -1.0 0.0 0.0
outer loop
vertex -50.0 -35.0 -5.0
vertex -50.0 -35.0 0.0
vertex -50.0 -30.0 -5.0
endloop
endfacet
facet normal -1.0 0.0 0.0
outer loop
vertex -50.0 -30.0 -5.0
vertex -50.0 -35.0 0.0
vertex -50.0 -30.0 0.0
endloop
endfacet
facet normal -1.0 0.0 0.0
outer loop
vertex -50.0 -30.0 -5.0
vertex -50.0 -30.0 0.0
vertex -50.0 -25.0 -5.0
endloop
endfacet
facet normal -1.0 0.0 0.0
outer loop
vertex -50.0 -25.0 -5.0
vertex -50.0 -30.0 0.0
vertex -50.0 -25.0 0.0
endloop
endfacet
facet normal -1.0 0.0 0.0
outer loop
vertex -50.0 -25.0 -5.0
vertex -50.0 -25.0 0.0
vertex -50.0 -20.0 -5.0
endloop
endfacet
facet normal -1.0 0.0 0.0
outer loop
vertex -50.0 -20.0 -5.0
vertex -50.0 -25.0 0.0
vertex -50.0 -20.0 0.0
endloop
endfacet
facet normal -1.0 0.0 0.0
outer loop
vertex -50.0 -20.0 -5.0
vertex -50.0 -20.0 0.0
vertex -50.0 -15.0 -5.0
endloop
endfacet
facet normal -1.0 0.0 0.0
outer loop
vertex -50.0 -15.0 -5.0
vertex -50.0 -20.0 0.0
vertex -50.0 -15.0 0.0
endloop
endfacet
facet normal -1.0 0.0 0.0
outer loop
vertex -50.0 -15.0 -5.0
vertex -50.0 -15.0 0.0
vertex -50.0 -10.0 -5.0
endloop
endfacet
facet normal -1.0 0.0 0.0
outer loop
vertex -50.0 -10.0 -5.0
vertex -50.0 -15.0 0.0
vertex -50.0 -10.0 0.0
endloop
endfacet
facet normal -1.0 0.0 0.0
outer loop
vertex -50.0 -10.0 -5.0
vertex -50.0 -10.0 0.0
vertex -50.0 -5.0 -5.0
endloop
endfacet
facet normal -1.0 0.0 0.0
outer loop
vertex -50.0 -5.0 -5.0
vertex -50.0 -10.0 0.0
vertex -50.0 -5.0 0.0
endloop
endfacet
facet normal -1.0 0.0 0.0
outer loop
vertex -50.0 -5.0 -5.0
vertex -50.0 -5.0 0.0
vertex -50.0 0.0 -5.0
endloop
endfacet
facet normal -1.0 0.0 0.0
outer loop
vertex -50.0 0.0 -5.0
vertex -50.0 -5.0 0.0
vertex -50.0 0.0 0.0
endloop
endfacet
facet normal -1.0 0.0 0.0
outer loop
vertex -50.0 0.0 -5.0
vertex -50.0 0.0 0.0
vertex -50.0 5.0 -5.0
endloop
endfacet
facet normal -1.0 0.0 0.0
outer loop
vertex -50.0 5.0 -5.0
vertex -50.0 0.0 0.0
vertex -50.0 5.0 0.0
endloop
endfacet
facet normal -1.0 0.0 0.0
outer loop
vertex -50.0 5.0 -5.0
vertex -50.0 5.0 0.0
vertex -50.0 10.0 -5.0
endloop
endfacet
facet normal -1.0 0.0 0.0
outer loop
vertex -50.0 10.0 -5.0
vertex -50.0 5.0 0.0
vertex -50.0 10.0 0.0
endloop
endfacet
facet normal -1.0 0.0 0.0
outer loop
vertex -50.0 10.0 -5.0
vertex -50.0 10.0 0.0
vertex -50.0 15.0 -5.0
endloop
endfacet
facet normal -1.0 0.0 0.0
outer loop
vertex -50.0 15.0 -5.0
vertex -50.0 10.0 0.0
vertex -50.0 15.0 0.0
endloop
endfacet
facet normal -1.0 0.0 0.0
outer loop
vertex -50.0 15.0 -5.0
vertex -50.0 15.0 0.0
vertex -50.0 20.0 -5.0
endloop
endfacet
facet normal -1.0 0.0 0.0
outer loop
vertex -50.0 20.0 -5.0
vertex -50.0 15.0 0.0
vertex -50.0 20.0 0.0
endloop
endfacet
facet normal -1.0 0.0 0.0
outer loop
vertex -50.0 20.0 -5.0
vertex -50.0 20.0 0.0
vertex -50.0 25.0 -5.0
endloop
endfacet
facet normal -1.0 0.0 0.0
outer loop
vertex -50.0 25.0 -5.0
vertex -50.0 20.0 0.0
vertex -50.0 25.0 0.0
endloop
endfacet
facet normal -1.0 0.0 0.0
outer loop
vertex -50.0 25.0 -5.0
vertex -50.0 25.0 0.0
vertex -50.0 30.0 -5.0
endloop
endfacet
facet normal -1.0 0.0 0.0
outer loop
vertex -50.0 30.0 -5.0
vertex -50.0 25.0 0.0
vertex -50.0 30.0 0.0
endloop
endfacet
facet normal -1.0 0.0 0.0
outer loop
vertex -50.0 30.0 -5.0
vertex -50.0 30.0 0.0
vertex -50.0 35.0 -5.0
endloop
endfacet
facet normal -1.0 0.0 0.0
outer loop
vertex -50.0 35.0 -5.0
vertex -50.0 30.0 0.0
vertex -50.0 35.0 0.0
endloop
endfacet
facet normal -1.0 0.0 0.0
outer loop
vertex -50.0 35.0 -5.0
vertex -50.0 35.0 0.0
vertex -50.0 40.0 -5.0
endloop
endfacet
facet normal -1.0 0.0 0.0
outer loop
vertex -50.0 40.0 -5.0
vertex -50.0 35.0 0.0
vertex -50.0 40.0 0.0
endloop
endfacet
facet normal -1.0 0.0 0.0
outer loop
vertex -50.0 40.0 -5.0
vertex -50.0 40.0 0.0
vertex -50.0 45.0 -5.0
endloop
endfacet
facet normal -1.0 0.0 0.0
outer loop
vertex -50.0 45.0 -5.0
vertex -50.0 40.0 0.0
vertex -50.0 45.0 0.0
endloop
endfacet
facet normal -1.0 0.0 0.0
outer loop
vertex -50.0 45.0 -5.0
vertex -50.0 45.0 0.0
vertex -50.0 50.0 -5.0
endloop
endfacet
facet normal -1.0 0.0 0.0
outer loop
vertex -50.0 50.0 -5.0
vertex -50.0 45.0 0.0
vertex -50.0 50.0 0.0
endloop
endfacet
facet normal 1.0 0.0 -0.0
outer loop
vertex 50.0 -50.0 -10.0
vertex 50.0 -45.0 -10.0
vertex 50.0 -50.0 -5.0
endloop
endfacet
facet normal 1.0 0.0 -0.0
outer loop
vertex 50.0 -45.0 -10.0
vertex 50.0 -45.0 -5.0
vertex 50.0 -50.0 -5.0
endloop
endfacet
facet normal 1.0 0.0 -0.0
outer loop
vertex 50.0 -45.0 -10.0
vertex 50.0 -40.0 -10.0
vertex 50.0 -45.0 -5.0
endloop
endfacet
facet normal 1.0 0.0 -0.0
outer loop
vertex 50.0 -40.0 -10.0
vertex 50.0 -40.0 -5.0
vertex 50.0 -45.0 -5.0
endloop
endfacet
facet normal 1.0 0.0 -0.0
outer loop
vertex 50.0 -40.0 -10.0
vertex 50.0 -35.0 -10.0
vertex 50.0 -40.0 -5.0
endloop
endfacet
facet normal 1.0 0.0 -0.0
outer loop
vertex 50.0 -35.0 -10.0
vertex 50.0 -35.0 -5.0
vertex 50.0 -40.0 -5.0
endloop
endfacet
facet normal 1.0 0.0 -0.0
outer loop
vertex 50.0 -35.0 -10.0
vertex 50.0 -30.0 -10.0
vertex 50.0 -35.0 -5.0
endloop
endfacet
facet normal 1.0 0.0 -0.0
outer loop
vertex 50.0 -30.0 -10.0
vertex 50.0 -30.0 -5.0
vertex 50.0 -35.0 -5.0
endloop
endfacet
facet normal 1.0 0.0 -0.0
outer loop
vertex 50.0 -30.0 -10.0
vertex 50.0 -25.0 -10.0
vertex 50.0 -30.0 -5.0
endloop
endfacet
facet normal 1.0 0.0 -0.0
outer loop
vertex 50.0 -25.0 -10.0
vertex 50.0 -25.0 -5.0
vertex 50.0 -30.0 -5.0
endloop
endfacet
facet normal 1.0 0.0 -0.0
outer loop
vertex 50.0 -25.0 -10.0
vertex 50.0 -20.0 -10.0
vertex 50.0 -25.0 -5.0
endloop
endfacet
facet normal 1.0 0.0 -0.0
outer loop
vertex 50.0 -20.0 -10.0
vertex 50.0 -20.0 -5.0
vertex 50.0 -25.0 -5.0
endloop
endfacet
facet normal 1.0 0.0 -0.0
outer loop
vertex 50.0 -20.0 -10.0
vertex 50.0 -15.0 -10.0
vertex 50.0 -20.0 -5.0
endloop
endfacet
facet normal 1.0 0.0 -0.0
outer loop
vertex 50.0 -15.0 -10.0
vertex 50.0 -15.0 -5.0
vertex 50.0 -20.0 -5.0
endloop
endfacet
facet normal 1.0 0.0 -0.0
outer loop
vertex 50.0 -15.0 -10.0
vertex 50.0 -10.0 -10.0
vertex 50.0 -15.0 -5.0
endloop
endfacet
facet normal 1.0 0.0 -0.0
outer loop
vertex 50.0 -10.0 -10.0
vertex 50.0 -10.0 -5.0
vertex 50.0 -15.0 -5.0
endloop
endfacet
facet normal 1.0 0.0 -0.0
outer loop
vertex 50.0 -10.0 -10.0
vertex 50.0 -5.0 -10.0
vertex 50.0 -10.0 -5.0
endloop
endfacet
facet normal 1.0 0.0 -0.0
outer loop
vertex 50.0 -5.0 -10.0
vertex 50.0 -5.0 -5.0
vertex 50.0 -10.0 -5.0
endloop
endfacet
facet normal 1.0 0.0 -0.0
outer loop
vertex 50.0 -5.0 -10.0
vertex 50.0 0.0 -10.0
vertex 50.0 -5.0 -5.0
endloop
endfacet
facet normal 1.0 0.0 -0.0
outer loop
vertex 50.0 0.0 -10.0
vertex 50.0 0.0 -5.0
vertex 50.0 -5.0 -5.0
endloop
endfacet
facet normal 1.0 0.0 -0.0
outer loop
vertex 50.0 0.0 -10.0
vertex 50.0 5.0 -10.0
vertex 50.0 0.0 -5.0
endloop
endfacet
facet normal 1.0 0.0 -0.0
outer loop
vertex 50.0 5.0 -10.0
vertex 50.0 5.0 -5.0
vertex 50.0 0.0 -5.0
endloop
endfacet
facet normal 1.0 0.0 -0.0
outer loop
vertex 50.0 5.0 -10.0
vertex 50.0 10.0 -10.0
vertex 50.0 5.0 -5.0
endloop
endfacet
facet normal 1.0 0.0 -0.0
outer loop
vertex 50.0 10.0 -10.0
vertex 50.0 10.0 -5.0
vertex 50.0 5.0 -5.0
endloop
endfacet
facet normal 1.0 0.0 -0.0
outer loop
vertex 50.0 10.0 -10.0
vertex 50.0 15.0 -10.0
vertex 50.0 10.0 -5.0
endloop
endfacet
facet normal 1.0 0.0 -0.0
outer loop
vertex 50.0 15.0 -10.0
vertex 50.0 15.0 -5.0
vertex 50.0 10.0 -5.0
endloop
endfacet
facet normal 1.0 0.0 -0.0
outer loop
vertex 50.0 15.0 -10.0
vertex 50.0 20.0 -10.0
vertex 50.0 15.0 -5.0
endloop
endfacet
facet normal 1.0 0.0 -0.0
outer loop
vertex 50.0 20.0 -10.0
vertex 50.0 20.0 -5.0
vertex 50.0 15.0 -5.0
endloop
endfacet
facet normal 1.0 0.0 -0.0
outer loop
vertex 50.0 20.0 -10.0
vertex 50.0 25.0 -10.0
vertex 50.0 20.0 -5.0
endloop
endfacet
facet normal 1.0 0.0 -0.0
outer loop
vertex 50.0 25.0 -10.0
vertex 50.0 25.0 -5.0
vertex 50.0 20.0 -5.0
endloop
endfacet
facet normal 1.0 0.0 -0.0
outer loop
vertex 50.0 25.0 -10.0
vertex 50.0 30.0 -10.0
vertex 50.0 25.0 -5.0
endloop
endfacet
facet normal 1.0 0.0 -0.0
outer loop
vertex 50.0 30.0 -10.0
vertex 50.0 30.0 -5.0
vertex 50.0 25.0 -5.0
endloop
endfacet
facet normal 1.0 0.0 -0.0
outer loop
vertex 50.0 30.0 -10.0
vertex 50.0 35.0 -10.0
vertex 50.0 30.0 -5.0
endloop
endfacet
facet normal 1.0 0.0 -0.0
outer loop
vertex 50.0 35.0 -10.0
vertex 50.0 35.0 -5.0
vertex 50.0 30.0 -5.0
endloop
endfacet
facet normal 1.0 0.0 -0.0
outer loop
vertex 50.0 35.0 -10.0
vertex 50.0 40.0 -10.0
vertex 50.0 35.0 -5.0
endloop
endfacet
facet normal 1.0 0.0 -0.0
outer loop
vertex 50.0 40.0 -10.0
vertex 50.0 40.0 -5.0
vertex 50.0 35.0 -5.0
endloop
endfacet
facet normal 1.0 0.0 -0.0
outer loop
vertex 50.0 40.0 -10.0
vertex 50.0 45.0 -10.0
vertex 50.0 40.0 -5.0
endloop
endfacet
facet normal 1.0 0.0 -0.0
outer loop
vertex 50.0 45.0 -10.0
vertex 50.0 45.0 -5.0
vertex 50.0 40.0 -5.0
endloop
endfacet
facet normal 1.0 0.0 -0.0
outer loop
vertex 50.0 45.0 -10.0
vertex 50.0 50.0 -10.0
vertex 50.0 45.0 -5.0
endloop
endfacet
facet normal 1.0 0.0 -0.0
outer loop
vertex 50.0 50.0 -10.0
vertex 50.0 50.0 -5.0
vertex 50.0 45.0 -5.0
endloop
endfacet
facet normal 1.0 0.0 -0.0
outer loop
vertex 50.0 -50.0 -5.0
vertex 50.0 -45.0 -5.0
vertex 50.0 -50.0 0.0
endloop
endfacet
facet normal 1.0 0.0 -0.0
outer loop
vertex 50.0 -45.0 -5.0
vertex 50.0 -45.0 0.0
vertex 50.0 -50.0 0.0
endloop
endfacet
facet normal 1.0 0.0 -0.0
outer loop
vertex 50.0 -45.0 -5.0
vertex 50.0 -40.0 -5.0
vertex 50.0 -45.0 0.0
endloop
endfacet
facet normal 1.0 0.0 -0.0
outer loop
vertex 50.0 -40.0 -5.0
vertex 50.0 -40.0 0.0
vertex 50.0 -45.0 0.0
endloop
endfacet
facet normal 1.0 0.0 -0.0
outer loop
vertex 50.0 -40.0 -5.0
vertex 50.0 -35.0 -5.0
vertex 50.0 -40.0 0.0
endloop
endfacet
facet normal 1.0 0.0 -0.0
outer loop
vertex 50.0 -35.0 -5.0
vertex 50.0 -35.0 0.0
vertex 50.0 -40.0 0.0
endloop
endfacet
facet normal 1.0 0.0 -0.0
outer loop
vertex 50.0 -35.0 -5.0
vertex 50.0 -30.0 -5.0
vertex 50.0 -35.0 0.0
endloop
endfacet
facet normal 1.0 0.0 -0.0
outer loop
vertex 50.0 -30.0 -5.0
vertex 50.0 -30.0 0.0
vertex 50.0 -35.0 0.0
endloop
endfacet
facet normal 1.0 0.0 -0.0
outer loop
vertex 50.0 -30.0 -5.0
vertex 50.0 -25.0 -5.0
vertex 50.0 -30.0 0.0
endloop
endfacet
facet normal 1.0 0.0 -0.0
outer loop
vertex 50.0 -25.0 -5.0
vertex 50.0 -25.0 0.0
vertex 50.0 -30.0 0.0
endloop
endfacet
facet normal 1.0 0.0 -0.0
outer loop
vertex 50.0 -25.0 -5.0
vertex 50.0 -20.0 -5.0
vertex 50.0 -25.0 0.0
endloop
endfacet
facet normal 1.0 0.0 -0.0
outer loop
vertex 50.0 -20.0 -5.0
vertex 50.0 -20.0 0.0
vertex 50.0 -25.0 0.0
endloop
endfacet
facet normal 1.0 0.0 -0.0
outer loop
vertex 50.0 -20.0 -5.0
vertex 50.0 -15.0 -5.0
vertex 50.0 -20.0 0.0
endloop
endfacet
facet normal 1.0 0.0 -0.0
outer loop
vertex 50.0 -15.0 -5.0
vertex 50.0 -15.0 0.0
vertex 50.0 -20.0 0.0
endloop
endfacet
facet normal 1.0 0.0 -0.0
outer loop
vertex 50.0 -15.0 -5.0
vertex 50.0 -10.0 -5.0
vertex 50.0 -15.0 0.0
endloop
endfacet
facet normal 1.0 0.0 -0.0
outer loop
vertex 50.0 -10.0 -5.0
vertex 50.0 -10.0 0.0
vertex 50.0 -15.0 0.0
endloop
endfacet
facet normal 1.0 0.0 -0.0
outer loop
vertex 50.0 -10.0 -5.0
vertex 50.0 -5.0 -5.0
vertex 50.0 -10.0 0.0
endloop
endfacet
facet normal 1.0 0.0 -0.0
outer loop
vertex 50.0 -5.0 -5.0
vertex 50.0 -5.0 0.0
vertex 50.0 -10.0 0.0
endloop
endfacet
facet normal 1.0 0.0 -0.0
outer loop
vertex 50.0 -5.0 -5.0
vertex 50.0 0.0 -5.0
vertex 50.0 -5.0 0.0
endloop
endfacet
facet normal 1.0 0.0 -0.0
outer loop
vertex 50.0 0.0 -5.0
vertex 50.0 0.0 0.0
vertex 50.0 -5.0 0.0
endloop
endfacet
facet normal 1.0 0.0 -0.0
outer loop
vertex 50.0 0.0 -5.0
vertex 50.0 5.0 -5.0
vertex 50.0 0.0 0.0
endloop
endfacet
facet normal 1.0 0.0 -0.0
outer loop
vertex 50.0 5.0 -5.0
vertex 50.0 5.0 0.0
vertex 50.0 0.0 0.0
endloop
endfacet
facet normal 1.0 0.0 -0.0
outer loop
vertex 50.0 5.0 -5.0
vertex 50.0 10.0 -5.0
vertex 50.0 5.0 0.0
endloop
endfacet
facet normal 1.0 0.0 -0.0
outer loop
vertex 50.0 10.0 -5.0
vertex 50.0 10.0 0.0
vertex 50.0 5.0 0.0
endloop
endfacet
facet normal 1.0 0.0 -0.0
outer loop
vertex 50.0 10.0 -5.0
vertex 50.0 15.0 -5.0
vertex 50.0 10.0 0.0
endloop
endfacet
facet normal 1.0 0.0 -0.0
outer loop
vertex 50.0 15.0 -5.0
vertex 50.0 15.0 0.0
vertex 50.0 10.0 0.0
endloop
endfacet
facet normal 1.0 0.0 -0.0
outer loop
vertex 50.0 15.0 -5.0
vertex 50.0 20.0 -5.0
vertex 50.0 15.0 0.0
endloop
endfacet
facet normal 1.0 0.0 -0.0
outer loop
vertex 50.0 20.0 -5.0
vertex 50.0 20.0 0.0
vertex 50.0 15.0 0.0
endloop
endfacet
facet normal 1.0 0.0 -0.0
outer loop
vertex 50.0 20.0 -5.0
vertex 50.0 25.0 -5.0
vertex 50.0 20.0 0.0
endloop
endfacet
facet normal 1.0 0.0 -0.0
outer loop
vertex 50.0 25.0 -5.0
vertex 50.0 25.0 0.0
vertex 50.0 20.0 0.0
endloop
endfacet
facet normal 1.0 0.0 -0.0
outer loop
vertex 50.0 25.0 -5.0
vertex 50.0 30.0 -5.0
vertex 50.0 25.0 0.0
endloop
endfacet
facet normal 1.0 0.0 -0.0
outer loop
vertex 50.0 30.0 -5.0
vertex 50.0 30.0 0.0
vertex 50.0 25.0 0.0
endloop
endfacet
facet normal 1.0 0.0 -0.0
outer loop
vertex 50.0 30.0 -5.0
vertex 50.0 35.0 -5.0
vertex 50.0 30.0 0.0
endloop
endfacet
facet normal 1.0 0.0 -0.0
outer loop
vertex 50.0 35.0 -5.0
vertex 50.0 35.0 0.0
vertex 50.0 30.0 0.0
endloop
endfacet
facet normal 1.0 0.0 -0.0
outer loop
vertex 50.0 35.0 -5.0
vertex 50.0 40.0 -5.0
vertex 50.0 35.0 0.0
endloop
endfacet
facet normal 1.0 0.0 -0.0
outer loop
vertex 50.0 40.0 -5.0
vertex 50.0 40.0 0.0
vertex 50.0 35.0 0.0
endloop
endfacet
facet normal 1.0 0.0 -0.0
outer loop
vertex 50.0 40.0 -5.0
vertex 50.0 45.0 -5.0
vertex 50.0 40.0 0.0
endloop
endfacet
facet normal 1.0 0.0 -0.0
outer loop
vertex 50.0 45.0 -5.0
vertex 50.0 45.0 0.0
vertex 50.0 40.0 0.0
endloop
endfacet
facet normal 1.0 0.0 -0.0
outer loop
vertex 50.0 45.0 -5.0
vertex 50.0 50.0 -5.0
vertex 50.0 45.0 0.0
endloop
endfacet
facet normal 1.0 0.0 -0.0
outer loop
vertex 50.0 50.0 -5.0
vertex 50.0 50.0 0.0
vertex 50.0 45.0 0.0
endloop
endfacet
facet normal 0.0 -1.0 0.0
outer loop
vertex -50.0 -50.0 -10.0
vertex -45.0 -50.0 -10.0
vertex -50.0 -50.0 -5.0
endloop
endfacet
facet normal 0.0 -1.0 0.0
outer loop
vertex -45.0 -50.0 -10.0
vertex -45.0 -50.0 -5.0
vertex -50.0 -50.0 -5.0
endloop
endfacet
facet normal 0.0 -1.0 0.0
outer loop
vertex -45.0 -50.0 -10.0
vertex -40.0 -50.0 -10.0
vertex -45.0 -50.0 -5.0
endloop
endfacet
facet normal 0.0 -1.0 0.0
outer loop
vertex -40.0 -50.0 -10.0
vertex -40.0 -50.0 -5.0
vertex -45.0 -50.0 -5.0
endloop
endfacet
facet normal 0.0 -1.0 0.0
outer loop
vertex -40.0 -50.0 -10.0
vertex -35.0 -50.0 -10.0
vertex -40.0 -50.0 -5.0
endloop
endfacet
facet normal 0.0 -1.0 0.0
outer loop
vertex -35.0 -50.0 -10.0
vertex -35.0 -50.0 -5.0
vertex -40.0 -50.0 -5.0
endloop
endfacet
facet normal 0.0 -1.0 0.0
outer loop
vertex -35.0 -50.0 -10.0
vertex -30.0 -50.0 -10.0
vertex -35.0 -50.0 -5.0
endloop
endfacet
facet normal 0.0 -1.0 0.0
outer loop
vertex -30.0 -50.0 -10.0
vertex -30.0 -50.0 -5.0
vertex -35.0 -50.0 -5.0
endloop
endfacet
facet normal 0.0 -1.0 0.0
outer loop
vertex -30.0 -50.0 -10.0
vertex -25.0 -50.0 -10.0
vertex -30.0 -50.0 -5.0
endloop
endfacet
facet normal 0.0 -1.0 0.0
outer loop
vertex -25.0 -50.0 -10.0
vertex -25.0 -50.0 -5.0
vertex -30.0 -50.0 -5.0
endloop
endfacet
facet normal 0.0 -1.0 0.0
outer loop
vertex -25.0 -50.0 -10.0
vertex -20.0 -50.0 -10.0
vertex -25.0 -50.0 -5.0
endloop
endfacet
facet normal 0.0 -1.0 0.0
outer loop
vertex -20.0 -50.0 -10.0
vertex -20.0 -50.0 -5.0
vertex -25.0 -50.0 -5.0
endloop
endfacet
facet normal 0.0 -1.0 0.0
outer loop
vertex -20.0 -50.0 -10.0
vertex -15.0 -50.0 -10.0
vertex -20.0 -50.0 -5.0
endloop
endfacet
facet normal 0.0 -1.0 0.0
outer loop
vertex -15.0 -50.0 -10.0
vertex -15.0 -50.0 -5.0
vertex -20.0 -50.0 -5.0
endloop
endfacet
facet normal 0.0 -1.0 0.0
outer loop
vertex -15.0 -50.0 -10.0
vertex -10.0 -50.0 -10.0
vertex -15.0 -50.0 -5.0
endloop
endfacet
facet normal 0.0 -1.0 0.0
outer loop
vertex -10.0 -50.0 -10.0
vertex -10.0 -50.0 -5.0
vertex -15.0 -50.0 -5.0
endloop
endfacet
facet normal 0.0 -1.0 0.0
outer loop
vertex -10.0 -50.0 -10.0
vertex -5.0 -50.0 -10.0
vertex -10.0 -50.0 -5.0
endloop
endfacet
facet normal 0.0 -1.0 0.0
outer loop
vertex -5.0 -50.0 -10.0
vertex -5.0 -50.0 -5.0
vertex -10.0 -50.0 -5.0
endloop
endfacet
facet normal 0.0 -1.0 0.0
outer loop
vertex -5.0 -50.0 -10.0
vertex 0.0 -50.0 -10.0
vertex -5.0 -50.0 -5.0
endloop
endfacet
facet normal 0.0 -1.0 0.0
outer loop
vertex 0.0 -50.0 -10.0
vertex 0.0 -50.0 -5.0
vertex -5.0 -50.0 -5.0
endloop
endfacet
facet normal 0.0 -1.0 0.0
outer loop
vertex 0.0 -50.0 -10.0
vertex 5.0 -50.0 -10.0
vertex 0.0 -50.0 -5.0
endloop
endfacet
facet normal 0.0 -1.0 0.0
outer loop
vertex 5.0 -50.0 -10.0
vertex 5.0 -50.0 -5.0
vertex 0.0 -50.0 -5.0
endloop
endfacet
facet normal 0.0 -1.0 0.0
outer loop
vertex 5.0 -50.0 -10.0
vertex 10.0 -50.0 -10.0
vertex 5.0 -50.0 -5.0
endloop
endfacet
facet normal 0.0 -1.0 0.0
outer loop
vertex 10.0 -50.0 -10.0
vertex 10.0 -50.0 -5.0
vertex 5.0 -50.0 -5.0
endloop
endfacet
facet normal 0.0 -1.0 0.0
outer loop
vertex 10.0 -50.0 -10.0
vertex 15.0 -50.0 -10.0
vertex 10.0 -50.0 -5.0
endloop
endfacet
facet normal 0.0 -1.0 0.0
outer loop
vertex 15.0 -50.0 -10.0
vertex 15.0 -50.0 -5.0
vertex 10.0 -50.0 -5.0
endloop
endfacet
facet normal 0.0 -1.0 0.0
outer loop
vertex 15.0 -50.0 -10.0
vertex 20.0 -50.0 -10.0
vertex 15.0 -50.0 -5.0
endloop
endfacet
facet normal 0.0 -1.0 0.0
outer loop
vertex 20.0 -50.0 -10.0
vertex 20.0 -50.0 -5.0
vertex 15.0 -50.0 -5.0
endloop
endfacet
facet normal 0.0 -1.0 0.0
outer loop
vertex 20.0 -50.0 -10.0
vertex 25.0 -50.0 -10.0
vertex 20.0 -50.0 -5.0
endloop
endfacet
facet normal 0.0 -1.0 0.0
outer loop
vertex 25.0 -50.0 -10.0
vertex 25.0 -50.0 -5.0
vertex 20.0 -50.0 -5.0
endloop
endfacet
facet normal 0.0 -1.0 0.0
outer loop
vertex 25.0 -50.0 -10.0
vertex 30.0 -50.0 -10.0
vertex 25.0 -50.0 -5.0
endloop
endfacet
facet normal 0.0 -1.0 0.0
outer loop
vertex 30.0 -50.0 -10.0
vertex 30.0 -50.0 -5.0
vertex 25.0 -50.0 -5.0
endloop
endfacet
facet normal 0.0 -1.0 0.0
outer loop
vertex 30.0 -50.0 -10.0
vertex 35.0 -50.0 -10.0
vertex 30.0 -50.0 -5.0
endloop
endfacet
facet normal 0.0 -1.0 0.0
outer loop
vertex 35.0 -50.0 -10.0
vertex 35.0 -50.0 -5.0
vertex 30.0 -50.0 -5.0
endloop
endfacet
facet normal 0.0 -1.0 0.0
outer loop
vertex 35.0 -50.0 -10.0
vertex 40.0 -50.0 -10.0
vertex 35.0 -50.0 -5.0
endloop
endfacet
facet normal 0.0 -1.0 0.0
outer loop
vertex 40.0 -50.0 -10.0
vertex 40.0 -50.0 -5.0
vertex 35.0 -50.0 -5.0
endloop
endfacet
facet normal 0.0 -1.0 0.0
outer loop
vertex 40.0 -50.0 -10.0
vertex 45.0 -50.0 -10.0
vertex 40.0 -50.0 -5.0
endloop
endfacet
facet normal 0.0 -1.0 0.0
outer loop
vertex 45.0 -50.0 -10.0
vertex 45.0 -50.0 -5.0
vertex 40.0 -50.0 -5.0
endloop
endfacet
facet normal 0.0 -1.0 0.0
outer loop
vertex 45.0 -50.0 -10.0
vertex 50.0 -50.0 -10.0
vertex 45.0 -50.0 -5.0
endloop
endfacet
facet normal 0.0 -1.0 0.0
outer loop
vertex 50.0 -50.0 -10.0
vertex 50.0 -50.0 -5.0
vertex 45.0 -50.0 -5.0
endloop
endfacet
facet normal 0.0 -1.0 0.0
outer loop
vertex -50.0 -50.0 -5.0
vertex -45.0 -50.0 -5.0
vertex -50.0 -50.0 0.0
endloop
endfacet
facet normal 0.0 -1.0 0.0
outer loop
vertex -45.0 -50.0 -5.0
vertex -45.0 -50.0 0.0
vertex -50.0 -50.0 0.0
endloop
endfacet
facet normal 0.0 -1.0 0.0
outer loop
vertex -45.0 -50.0 -5.0
vertex -40.0 -50.0 -5.0
vertex -45.0 -50.0 0.0
endloop
endfacet
facet normal 0.0 -1.0 0.0
outer loop
vertex -40.0 -50.0 -5.0
vertex -40.0 -50.0 0.0
vertex -45.0 -50.0 0.0
endloop
endfacet
facet normal 0.0 -1.0 0.0
outer loop
vertex -40.0 -50.0 -5.0
vertex -35.0 -50.0 -5.0
vertex -40.0 -50.0 0.0
endloop
endfacet
facet normal 0.0 -1.0 0.0
outer loop
vertex -35.0 -50.0 -5.0
vertex -35.0 -50.0 0.0
vertex -40.0 -50.0 0.0
endloop
endfacet
facet normal 0.0 -1.0 0.0
outer loop
vertex -35.0 -50.0 -5.0
vertex -30.0 -50.0 -5.0
vertex -35.0 -50.0 0.0
endloop
endfacet
facet normal 0.0 -1.0 0.0
outer loop
vertex -30.0 -50.0 -5.0
vertex -30.0 -50.0 0.0
vertex -35.0 -50.0 0.0
endloop
endfacet
facet normal 0.0 -1.0 0.0
outer loop
vertex -30.0 -50.0 -5.0
vertex -25.0 -50.0 -5.0
vertex -30.0 -50.0 0.0
endloop
endfacet
facet normal 0.0 -1.0 0.0
outer loop
vertex -25.0 -50.0 -5.0
vertex -25.0 -50.0 0.0
vertex -30.0 -50.0 0.0
endloop
endfacet
facet normal 0.0 -1.0 0.0
outer loop
vertex -25.0 -50.0 -5.0
vertex -20.0 -50.0 -5.0
vertex -25.0 -50.0 0.0
endloop
endfacet
facet normal 0.0 -1.0 0.0
outer loop
vertex -20.0 -50.0 -5.0
vertex -20.0 -50.0 0.0
vertex -25.0 -50.0 0.0
endloop
endfacet
facet normal 0.0 -1.0 0.0
outer loop
vertex -20.0 -50.0 -5.0
vertex -15.0 -50.0 -5.0
vertex -20.0 -50.0 0.0
endloop
endfacet
facet normal 0.0 -1.0 0.0
outer loop
vertex -15.0 -50.0 -5.0
vertex -15.0 -50.0 0.0
vertex -20.0 -50.0 0.0
endloop
endfacet
facet normal 0.0 -1.0 0.0
outer loop
vertex -15.0 -50.0 -5.0
vertex -10.0 -50.0 -5.0
vertex -15.0 -50.0 0.0
endloop
endfacet
facet normal 0.0 -1.0 0.0
outer loop
vertex -10.0 -50.0 -5.0
vertex -10.0 -50.0 0.0
vertex -15.0 -50.0 0.0
endloop
endfacet
facet normal 0.0 -1.0 0.0
outer loop
vertex -10.0 -50.0 -5.0
vertex -5.0 -50.0 -5.0
vertex -10.0 -50.0 0.0
endloop
endfacet
facet normal 0.0 -1.0 0.0
outer loop
vertex -5.0 -50.0 -5.0
vertex -5.0 -50.0 0.0
vertex -10.0 -50.0 0.0
endloop
endfacet
facet normal 0.0 -1.0 0.0
outer loop
vertex -5.0 -50.0 -5.0
vertex 0.0 -50.0 -5.0
vertex -5.0 -50.0 0.0
endloop
endfacet
facet normal 0.0 -1.0 0.0
outer loop
vertex 0.0 -50.0 -5.0
vertex 0.0 -50.0 0.0
vertex -5.0 -50.0 0.0
endloop
endfacet
facet normal 0.0 -1.0 0.0
outer loop
vertex 0.0 -50.0 -5.0
vertex 5.0 -50.0 -5.0
vertex 0.0 -50.0 0.0
endloop
endfacet
facet normal 0.0 -1.0 0.0
outer loop
vertex 5.0 -50.0 -5.0
vertex 5.0 -50.0 0.0
vertex 0.0 -50.0 0.0
endloop
endfacet
facet normal 0.0 -1.0 0.0
outer loop
vertex 5.0 -50.0 -5.0
vertex 10.0 -50.0 -5.0
vertex 5.0 -50.0 0.0
endloop
endfacet
facet normal 0.0 -1.0 0.0
outer loop
vertex 10.0 -50.0 -5.0
vertex 10.0 -50.0 0.0
vertex 5.0 -50.0 0.0
endloop
endfacet
facet normal 0.0 -1.0 0.0
outer loop
vertex 10.0 -50.0 -5.0
vertex 15.0 -50.0 -5.0
vertex 10.0 -50.0 0.0
endloop
endfacet
facet normal 0.0 -1.0 0.0
outer loop
vertex 15.0 -50.0 -5.0
vertex 15.0 -50.0 0.0
vertex 10.0 -50.0 0.0
endloop
endfacet
facet normal 0.0 -1.0 0.0
outer loop
vertex 15.0 -50.0 -5.0
vertex 20.0 -50.0 -5.0
vertex 15.0 -50.0 0.0
endloop
endfacet
facet normal 0.0 -1.0 0.0
outer loop
vertex 20.0 -50.0 -5.0
vertex 20.0 -50.0 0.0
vertex 15.0 -50.0 0.0
endloop
endfacet
facet normal 0.0 -1.0 0.0
outer loop
vertex 20.0 -50.0 -5.0
vertex 25.0 -50.0 -5.0
vertex 20.0 -50.0 0.0
endloop
endfacet
facet normal 0.0 -1.0 0.0
outer loop
vertex 25.0 -50.0 -5.0
vertex 25.0 -50.0 0.0
vertex 20.0 -50.0 0.0
endloop
endfacet
facet normal 0.0 -1.0 0.0
outer loop
vertex 25.0 -50.0 -5.0
vertex 30.0 -50.0 -5.0
vertex 25.0 -50.0 0.0
endloop
endfacet
facet normal 0.0 -1.0 0.0
outer loop
vertex 30.0 -50.0 -5.0
vertex 30.0 -50.0 0.0
vertex 25.0 -50.0 0.0
endloop
endfacet
facet normal 0.0 -1.0 0.0
outer loop
vertex 30.0 -50.0 -5.0
vertex 35.0 -50.0 -5.0
vertex 30.0 -50.0 0.0
endloop
endfacet
facet normal 0.0 -1.0 0.0
outer loop
vertex 35.0 -50.0 -5.0
vertex 35.0 -50.0 0.0
vertex 30.0 -50.0 0.0
endloop
endfacet
facet normal 0.0 -1.0 0.0
outer loop
vertex 35.0 -50.0 -5.0
vertex 40.0 -50.0 -5.0
vertex 35.0 -50.0 0.0
endloop
endfacet
facet normal 0.0 -1.0 0.0
outer loop
vertex 40.0 -50.0 -5.0
vertex 40.0 -50.0 0.0
vertex 35.0 -50.0 0.0
endloop
endfacet
facet normal 0.0 -1.0 0.0
outer loop
vertex 40.0 -50.0 -5.0
vertex 45.0 -50.0 -5.0
vertex 40.0 -50.0 0.0
endloop
endfacet
facet normal 0.0 -1.0 0.0
outer loop
vertex 45.0 -50.0 -5.0
vertex 45.0 -50.0 0.0
vertex 40.0 -50.0 0.0
endloop
endfacet
facet normal 0.0 -1.0 0.0
outer loop
vertex 45.0 -50.0 -5.0
vertex 50.0 -50.0 -5.0
vertex 45.0 -50.0 0.0
endloop
endfacet
facet normal 0.0 -1.0 0.0
outer loop
vertex 50.0 -50.0 -5.0
vertex 50.0 -50.0 0.0
vertex 45.0 -50.0 0.0
endloop
endfacet
facet normal -0.0 1.0 0.0
outer loop
vertex -50.0 50.0 -10.0
vertex -50.0 50.0 -5.0
vertex -45.0 50.0 -10.0
endloop
endfacet
facet normal 0.0 1.0 -0.0
outer loop
vertex -45.0 50.0 -10.0
vertex -50.0 50.0 -5.0
vertex -45.0 50.0 -5.0
endloop
endfacet
facet normal -0.0 1.0 0.0
outer loop
vertex -45.0 50.0 -10.0
vertex -45.0 50.0 -5.0
vertex -40.0 50.0 -10.0
endloop
endfacet
facet normal 0.0 1.0 -0.0
outer loop
vertex -40.0 50.0 -10.0
vertex -45.0 50.0 -5.0
vertex -40.0 50.0 -5.0
endloop
endfacet
facet normal -0.0 1.0 0.0
outer loop
vertex -40.0 50.0 -10.0
vertex -40.0 50.0 -5.0
vertex -35.0 50.0 -10.0
endloop
endfacet
facet normal 0.0 1.0 -0.0
outer loop
vertex -35.0 50.0 -10.0
vertex -40.0 50.0 -5.0
vertex -35.0 50.0 -5.0
endloop
endfacet
facet normal -0.0 1.0 0.0
outer loop
vertex -35.0 50.0 -10.0
vertex -35.0 50.0 -5.0
vertex -30.0 50.0 -10.0
endloop
endfacet
facet normal 0.0 1.0 -0.0
outer loop
vertex -30.0 50.0 -10.0
vertex -35.0 50.0 -5.0
vertex -30.0 50.0 -5.0
endloop
endfacet
facet normal -0.0 1.0 0.0
outer loop
vertex -30.0 50.0 -10.0
vertex -30.0 50.0 -5.0
vertex -25.0 50.0 -10.0
endloop
endfacet
facet normal 0.0 1.0 -0.0
outer loop
vertex -25.0 50.0 -10.0
vertex -30.0 50.0 -5.0
vertex -25.0 50.0 -5.0
endloop
endfacet
facet normal -0.0 1.0 0.0
outer loop
vertex -25.0 50.0 -10.0
vertex -25.0 50.0 -5.0
vertex -20.0 50.0 -10.0
endloop
endfacet
facet normal 0.0 1.0 -0.0
outer loop
vertex -20.0 50.0 -10.0
vertex -25.0 50.0 -5.0
vertex -20.0 50.0 -5.0
endloop
endfacet
facet normal -0.0 1.0 0.0
outer loop
vertex -20.0 50.0 -10.0
vertex -20.0 50.0 -5.0
vertex -15.0 50.0 -10.0
endloop
endfacet
facet normal 0.0 1.0 -0.0
outer loop
vertex -15.0 50.0 -10.0
vertex -20.0 50.0 -5.0
vertex -15.0 50.0 -5.0
endloop
endfacet
facet normal -0.0 1.0 0.0
outer loop
vertex -15.0 50.0 -10.0
vertex -15.0 50.0 -5.0
vertex -10.0 50.0 -10.0
endloop
endfacet
facet normal 0.0 1.0 -0.0
outer loop
vertex -10.0 50.0 -10.0
vertex -15.0 50.0 -5.0
vertex -10.0 50.0 -5.0
endloop
endfacet
facet normal -0.0 1.0 0.0
outer loop
vertex -10.0 50.0 -10.0
vertex -10.0 50.0 -5.0
vertex -5.0 50.0 -10.0
endloop
endfacet
facet normal 0.0 1.0 -0.0
outer loop
vertex -5.0 50.0 -10.0
vertex -10.0 50.0 -5.0
vertex -5.0 50.0 -5.0
endloop
endfacet
facet normal -0.0 1.0 0.0
outer loop
vertex -5.0 50.0 -10.0
vertex -5.0 50.0 -5.0
vertex 0.0 50.0 -10.0
endloop
endfacet
facet normal 0.0 1.0 -0.0
outer loop
vertex 0.0 50.0 -10.0
vertex -5.0 50.0 -5.0
vertex 0.0 50.0 -5.0
endloop
endfacet
facet normal -0.0 1.0 0.0
outer loop
vertex 0.0 50.0 -10.0
vertex 0.0 50.0 -5.0
vertex 5.0 50.0 -10.0
endloop
endfacet
facet normal 0.0 1.0 -0.0
outer loop
vertex 5.0 50.0 -10.0
vertex 0.0 50.0 -5.0
vertex 5.0 50.0 -5.0
endloop
endfacet
facet normal -0.0 1.0 0.0
outer loop
vertex 5.0 50.0 -10.0
vertex 5.0 50.0 -5.0
vertex 10.0 50.0 -10.0
endloop
endfacet
facet normal 0.0 1.0 -0.0
outer loop
vertex 10.0 50.0 -10.0
vertex 5.0 50.0 -5.0
vertex 10.0 50.0 -5.0
endloop
endfacet
facet normal -0.0 1.0 0.0
outer loop
vertex 10.0 50.0 -10.0
vertex 10.0 50.0 -5.0
vertex 15.0 50.0 -10.0
endloop
endfacet
facet normal 0.0 1.0 -0.0
outer loop
vertex 15.0 50.0 -10.0
vertex 10.0 50.0 -5.0
vertex 15.0 50.0 -5.0
endloop
endfacet
facet normal -0.0 1.0 0.0
outer loop
vertex 15.0 50.0 -10.0
vertex 15.0 50.0 -5.0
vertex 20.0 50.0 -10.0
endloop
endfacet
facet normal 0.0 1.0 -0.0
outer loop
vertex 20.0 50.0 -10.0
vertex 15.0 50.0 -5.0
vertex 20.0 50.0 -5.0
endloop
endfacet
facet normal -0.0 1.0 0.0
outer loop
vertex 20.0 50.0 -10.0
vertex 20.0 50.0 -5.0
vertex 25.0 50.0 -10.0
endloop
endfacet
facet normal 0.0 1.0 -0.0
outer loop
vertex 25.0 50.0 -10.0
vertex 20.0 50.0 -5.0
vertex 25.0 50.0 -5.0
endloop
endfacet
facet normal -0.0 1.0 0.0
outer loop
vertex 25.0 50.0 -10.0
vertex 25.0 50.0 -5.0
vertex 30.0 50.0 -10.0
endloop
endfacet
facet normal 0.0 1.0 -0.0
outer loop
vertex 30.0 50.0 -10.0
vertex 25.0 50.0 -5.0
vertex 30.0 50.0 -5.0
endloop
endfacet
facet normal -0.0 1.0 0.0
outer loop
vertex 30.0 50.0 -10.0
vertex 30.0 50.0 -5.0
vertex 35.0 50.0 -10.0
endloop
endfacet
facet normal 0.0 1.0 -0.0
outer loop
vertex 35.0 50.0 -10.0
vertex 30.0 50.0 -5.0
vertex 35.0 50.0 -5.0
endloop
endfacet
facet normal -0.0 1.0 0.0
outer loop
vertex 35.0 50.0 -10.0
vertex 35.0 50.0 -5.0
vertex 40.0 50.0 -10.0
endloop
endfacet
facet normal 0.0 1.0 -0.0
outer loop
vertex 40.0 50.0 -10.0
vertex 35.0 50.0 -5.0
vertex 40.0 50.0 -5.0
endloop
endfacet
facet normal -0.0 1.0 0.0
outer loop
vertex 40.0 50.0 -10.0
vertex 40.0 50.0 -5.0
vertex 45.0 50.0 -10.0
endloop
endfacet
facet normal 0.0 1.0 -0.0
outer loop
vertex 45.0 50.0 -10.0
vertex 40.0 50.0 -5.0
vertex 45.0 50.0 -5.0
endloop
endfacet
facet normal -0.0 1.0 0.0
outer loop
vertex 45.0 50.0 -10.0
vertex 45.0 50.0 -5.0
vertex 50.0 50.0 -10.0
endloop
endfacet
facet normal 0.0 1.0 -0.0
outer loop
vertex 50.0 50.0 -10.0
vertex 45.0 50.0 -5.0
vertex 50.0 50.0 -5.0
endloop
endfacet
facet normal -0.0 1.0 0.0
outer loop
vertex -50.0 50.0 -5.0
vertex -50.0 50.0 0.0
vertex -45.0 50.0 -5.0
endloop
endfacet
facet normal 0.0 1.0 -0.0
outer loop
vertex -45.0 50.0 -5.0
vertex -50.0 50.0 0.0
vertex -45.0 50.0 0.0
endloop
endfacet
facet normal -0.0 1.0 0.0
outer loop
vertex -45.0 50.0 -5.0
vertex -45.0 50.0 0.0
vertex -40.0 50.0 -5.0
endloop
endfacet
facet normal 0.0 1.0 -0.0
outer loop
vertex -40.0 50.0 -5.0
vertex -45.0 50.0 0.0
vertex -40.0 50.0 0.0
endloop
endfacet
facet normal -0.0 1.0 0.0
outer loop
vertex -40.0 50.0 -5.0
vertex -40.0 50.0 0.0
vertex -35.0 50.0 -5.0
endloop
endfacet
facet normal 0.0 1.0 -0.0
outer loop
vertex -35.0 50.0 -5.0
vertex -40.0 50.0 0.0
vertex -35.0 50.0 0.0
endloop
endfacet
facet normal -0.0 1.0 0.0
outer loop
vertex -35.0 50.0 -5.0
vertex -35.0 50.0 0.0
vertex -30.0 50.0 -5.0
endloop
endfacet
facet normal 0.0 1.0 -0.0
outer loop
vertex -30.0 50.0 -5.0
vertex -35.0 50.0 0.0
vertex -30.0 50.0 0.0
endloop
endfacet
facet normal -0.0 1.0 0.0
outer loop
vertex -30.0 50.0 -5.0
vertex -30.0 50.0 0.0
vertex -25.0 50.0 -5.0
endloop
endfacet
facet normal 0.0 1.0 -0.0
outer loop
vertex -25.0 50.0 -5.0
vertex -30.0 50.0 0.0
vertex -25.0 50.0 0.0
endloop
endfacet
facet normal -0.0 1.0 0.0
outer loop
vertex -25.0 50.0 -5.0
vertex -25.0 50.0 0.0
vertex -20.0 50.0 -5.0
endloop
endfacet
facet normal 0.0 1.0 -0.0
outer loop
vertex -20.0 50.0 -5.0
vertex -25.0 50.0 0.0
vertex -20.0 50.0 0.0
endloop
endfacet
facet normal -0.0 1.0 0.0
outer loop
vertex -20.0 50.0 -5.0
vertex -20.0 50.0 0.0
vertex -15.0 50.0 -5.0
endloop
endfacet
facet normal 0.0 1.0 -0.0
outer loop
vertex -15.0 50.0 -5.0
vertex -20.0 50.0 0.0
vertex -15.0 50.0 0.0
endloop
endfacet
facet normal -0.0 1.0 0.0
outer loop
vertex -15.0 50.0 -5.0
vertex -15.0 50.0 0.0
vertex -10.0 50.0 -5.0
endloop
endfacet
facet normal 0.0 1.0 -0.0
outer loop
vertex -10.0 50.0 -5.0
vertex -15.0 50.0 0.0
vertex -10.0 50.0 0.0
endloop
endfacet
facet normal -0.0 1.0 0.0
outer loop
vertex -10.0 50.0 -5.0
vertex -10.0 50.0 0.0
vertex -5.0 50.0 -5.0
endloop
endfacet
facet normal 0.0 1.0 -0.0
outer loop
vertex -5.0 50.0 -5.0
vertex -10.0 50.0 0.0
vertex -5.0 50.0 0.0
endloop
endfacet
facet normal -0.0 1.0 0.0
outer loop
vertex -5.0 50.0 -5.0
vertex -5.0 50.0 0.0
vertex 0.0 50.0 -5.0
endloop
endfacet
facet normal 0.0 1.0 -0.0
outer loop
vertex 0.0 50.0 -5.0
vertex -5.0 50.0 0.0
vertex 0.0 50.0 0.0
endloop
endfacet
facet normal -0.0 1.0 0.0
outer loop
vertex 0.0 50.0 -5.0
vertex 0.0 50.0 0.0
vertex 5.0 50.0 -5.0
endloop
endfacet
facet normal 0.0 1.0 -0.0
outer loop
vertex 5.0 50.0 -5.0
vertex 0.0 50.0 0.0
vertex 5.0 50.0 0.0
endloop
endfacet
facet normal -0.0 1.0 0.0
outer loop
vertex 5.0 50.0 -5.0
vertex 5.0 50.0 0.0
vertex 10.0 50.0 -5.0
endloop
endfacet
facet normal 0.0 1.0 -0.0
outer loop
vertex 10.0 50.0 -5.0
vertex 5.0 50.0 0.0
vertex 10.0 50.0 0.0
endloop
endfacet
facet normal -0.0 1.0 0.0
outer loop
vertex 10.0 50.0 -5.0
vertex 10.0 50.0 0.0
vertex 15.0 50.0 -5.0
endloop
endfacet
facet normal 0.0 1.0 -0.0
outer loop
vertex 15.0 50.0 -5.0
vertex 10.0 50.0 0.0
vertex 15.0 50.0 0.0
endloop
endfacet
facet normal -0.0 1.0 0.0
outer loop
vertex 15.0 50.0 -5.0
vertex 15.0 50.0 0.0
vertex 20.0 50.0 -5.0
endloop
endfacet
facet normal 0.0 1.0 -0.0
outer loop
vertex 20.0 50.0 -5.0
vertex 15.0 50.0 0.0
vertex 20.0 50.0 0.0
endloop
endfacet
facet normal -0.0 1.0 0.0
outer loop
vertex 20.0 50.0 -5.0
vertex 20.0 50.0 0.0
vertex 25.0 50.0 -5.0
endloop
endfacet
facet normal 0.0 1.0 -0.0
outer loop
vertex 25.0 50.0 -5.0
vertex 20.0 50.0 0.0
vertex 25.0 50.0 0.0
endloop
endfacet
facet normal -0.0 1.0 0.0
outer loop
vertex 25.0 50.0 -5.0
vertex 25.0 50.0 0.0
vertex 30.0 50.0 -5.0
endloop
endfacet
facet normal 0.0 1.0 -0.0
outer loop
vertex 30.0 50.0 -5.0
vertex 25.0 50.0 0.0
vertex 30.0 50.0 0.0
endloop
endfacet
facet normal -0.0 1.0 0.0
outer loop
vertex 30.0 50.0 -5.0
vertex 30.0 50.0 0.0
vertex 35.0 50.0 -5.0
endloop
endfacet
facet normal 0.0 1.0 -0.0
outer loop
vertex 35.0 50.0 -5.0
vertex 30.0 50.0 0.0
vertex 35.0 50.0 0.0
endloop
endfacet
facet normal -0.0 1.0 0.0
outer loop
vertex 35.0 50.0 -5.0
vertex 35.0 50.0 0.0
vertex 40.0 50.0 -5.0
endloop
endfacet
facet normal 0.0 1.0 -0.0
outer loop
vertex 40.0 50.0 -5.0
vertex 35.0 50.0 0.0
vertex 40.0 50.0 0.0
endloop
endfacet
facet normal -0.0 1.0 0.0
outer loop
vertex 40.0 50.0 -5.0
vertex 40.0 50.0 0.0
vertex 45.0 50.0 -5.0
endloop
endfacet
facet normal 0.0 1.0 -0.0
outer loop
vertex 45.0 50.0 -5.0
vertex 40.0 50.0 0.0
vertex 45.0 50.0 0.0
endloop
endfacet
facet normal -0.0 1.0 0.0
outer loop
vertex 45.0 50.0 -5.0
vertex 45.0 50.0 0.0
vertex 50.0 50.0 -5.0
endloop
endfacet
facet normal 0.0 1.0 -0.0
outer loop
vertex 50.0 50.0 -5.0
vertex 45.0 50.0 0.0
vertex 50.0 50.0 0.0
endloop
endfacet

endsolid
